2026-02-15 15:06:21 [INFO] download_channel: ============================================================
2026-02-15 15:06:21 [INFO] download_channel: Active Inference Channel Downloader
2026-02-15 15:06:21 [INFO] download_channel: ============================================================
2026-02-15 15:06:21 [INFO] download_channel: Loading channel manifest from data/output/channel_videos.json
2026-02-15 15:06:21 [INFO] journal_utilities.channel: Loading channel manifest from data/output/channel_videos.json
2026-02-15 15:06:21 [INFO] journal_utilities.channel: Loaded manifest with 694 videos
2026-02-15 15:06:21 [INFO] download_channel: Channel manifest: 694 videos
2026-02-15 15:06:21 [INFO] download_channel: Starting downloads: 694 videos | transcripts=False audio=True video=False
2026-02-15 15:06:21 [INFO] download_channel: [1/694] Processing 5uTr029Vzkg — 5th Applied Active Inference Symposium (Part 2, Nov 13, 2025) ~ (Full reupload)
2026-02-15 15:06:21 [INFO] journal_utilities.downloader: Audio already exists for 5uTr029Vzkg, skipping
2026-02-15 15:06:21 [INFO] journal_utilities.downloader: Audio for 5uTr029Vzkg: skipped
2026-02-15 15:06:22 [INFO] download_channel: [2/694] Processing qUJK1IDxKzg — Generalized Coordinates in RxInfer.jl
2026-02-15 15:06:22 [INFO] journal_utilities.downloader: Audio already exists for qUJK1IDxKzg, skipping
2026-02-15 15:06:22 [INFO] journal_utilities.downloader: Audio for qUJK1IDxKzg: skipped
2026-02-15 15:06:23 [INFO] download_channel: [3/694] Processing tmsY1ep8ZF4 — ActInf Textbook Group ~ Cohort 7 ~ Session 25 (Chapter 10) ~ 4/24/2025
2026-02-15 15:06:23 [INFO] journal_utilities.downloader: Audio already exists for tmsY1ep8ZF4, skipping
2026-02-15 15:06:23 [INFO] journal_utilities.downloader: Audio for tmsY1ep8ZF4: skipped
2026-02-15 15:06:24 [INFO] download_channel: [4/694] Processing tg1LkHTy0h0 — ActInf Textbook Group ~ Cohort 7 ~ Session 4 (Chapter 2, part 2) ~ 8/12/2024
2026-02-15 15:06:24 [INFO] journal_utilities.downloader: Audio already exists for tg1LkHTy0h0, skipping
2026-02-15 15:06:24 [INFO] journal_utilities.downloader: Audio for tg1LkHTy0h0: skipped
2026-02-15 15:06:25 [INFO] download_channel: [5/694] Processing rblchIvoEIY — ActInf Textbook Group ~ Cohort 7 ~ Session 3 (Modeling & General Discussion) ~ 7/29/2024
2026-02-15 15:06:25 [INFO] journal_utilities.downloader: Audio already exists for rblchIvoEIY, skipping
2026-02-15 15:06:25 [INFO] journal_utilities.downloader: Audio for rblchIvoEIY: skipped
2026-02-15 15:06:26 [INFO] download_channel: [6/694] Processing oDneqzXQNJo — ActInf Textbook Group ~ Cohort 7 ~ Session 5 (Chapter 2 +++ Open Discussion) ~ 8/12/2024
2026-02-15 15:06:26 [INFO] journal_utilities.downloader: Audio already exists for oDneqzXQNJo, skipping
2026-02-15 15:06:26 [INFO] journal_utilities.downloader: Audio for oDneqzXQNJo: skipped
2026-02-15 15:06:27 [INFO] download_channel: [7/694] Processing hHhIUocRkts — ActInf Textbook Group ~ Cohort 7 ~ Session 24 (Chapter 10) ~ 4/17/2025
2026-02-15 15:06:27 [INFO] journal_utilities.downloader: Audio already exists for hHhIUocRkts, skipping
2026-02-15 15:06:27 [INFO] journal_utilities.downloader: Audio for hHhIUocRkts: skipped
2026-02-15 15:06:28 [INFO] download_channel: [8/694] Processing h-TSZspHRvE — ActInf Textbook Group ~ Cohort 7 ~ Session 23 (Chapter 9) ~ 4/10/2025
2026-02-15 15:06:28 [INFO] journal_utilities.downloader: Audio already exists for h-TSZspHRvE, skipping
2026-02-15 15:06:28 [INFO] journal_utilities.downloader: Audio for h-TSZspHRvE: skipped
2026-02-15 15:06:29 [INFO] download_channel: [9/694] Processing fJTlecxnGD4 — ActInf Textbook Group ~ Cohort 7 ~ Session 20 (Chapter 8) ~ 3/20/2025
2026-02-15 15:06:29 [INFO] journal_utilities.downloader: Audio already exists for fJTlecxnGD4, skipping
2026-02-15 15:06:29 [INFO] journal_utilities.downloader: Audio for fJTlecxnGD4: skipped
2026-02-15 15:06:30 [INFO] download_channel: [10/694] Processing ee7P_RFYOFI — ActInf Textbook Group ~ Cohort 7 ~ Session 11 (Chapter 4) ~ 9/23/2024
2026-02-15 15:06:30 [INFO] journal_utilities.downloader: Audio already exists for ee7P_RFYOFI, skipping
2026-02-15 15:06:30 [INFO] journal_utilities.downloader: Audio for ee7P_RFYOFI: skipped
2026-02-15 15:06:31 [INFO] download_channel: [11/694] Processing c0oEqJhXSts — ActInf Textbook Group ~ Cohort 7 ~ Session 16 (Chapter 6) ~ 2/20/2025
2026-02-15 15:06:31 [INFO] journal_utilities.downloader: Audio already exists for c0oEqJhXSts, skipping
2026-02-15 15:06:31 [INFO] journal_utilities.downloader: Audio for c0oEqJhXSts: skipped
2026-02-15 15:06:32 [INFO] download_channel: [12/694] Processing YyKoz1yeEPQ — ActInf Textbook Group ~ Cohort 7 ~ Session 4 (Chapter 2, part 1) ~ 8/5/2024
2026-02-15 15:06:32 [INFO] journal_utilities.downloader: Audio already exists for YyKoz1yeEPQ, skipping
2026-02-15 15:06:32 [INFO] journal_utilities.downloader: Audio for YyKoz1yeEPQ: skipped
2026-02-15 15:06:33 [INFO] download_channel: [13/694] Processing Vp07CwdeD5o — ActInf Textbook Group ~ Cohort 7 ~ Session 1 (Chapter 1, Part 1) ~ 7/15/2024
2026-02-15 15:06:33 [INFO] journal_utilities.downloader: Audio already exists for Vp07CwdeD5o, skipping
2026-02-15 15:06:33 [INFO] journal_utilities.downloader: Audio for Vp07CwdeD5o: skipped
2026-02-15 15:06:34 [INFO] download_channel: [14/694] Processing P0uVOg81qE8 — ActInf Textbook Group ~ Cohort 7 ~ Session 21 (Chapter 8) ~ 3/27/2025
2026-02-15 15:06:34 [INFO] journal_utilities.downloader: Audio already exists for P0uVOg81qE8, skipping
2026-02-15 15:06:34 [INFO] journal_utilities.downloader: Audio for P0uVOg81qE8: skipped
2026-02-15 15:06:35 [INFO] download_channel: [15/694] Processing M3r2AMBFZBo — ActInf Textbook Group ~ Cohort 7 ~ Session 6 (Chapter 3) ~ 8/26/2024
2026-02-15 15:06:36 [INFO] journal_utilities.downloader: Audio already exists for M3r2AMBFZBo, skipping
2026-02-15 15:06:36 [INFO] journal_utilities.downloader: Audio for M3r2AMBFZBo: skipped
2026-02-15 15:06:37 [INFO] download_channel: [16/694] Processing KrzDtSB9KWw — ActInf Textbook Group ~ Cohort 7 ~ Session 22 (Chapter 9) ~ 4/3/2025
2026-02-15 15:06:37 [INFO] journal_utilities.downloader: Audio already exists for KrzDtSB9KWw, skipping
2026-02-15 15:06:37 [INFO] journal_utilities.downloader: Audio for KrzDtSB9KWw: skipped
2026-02-15 15:06:38 [INFO] download_channel: [17/694] Processing G2BaTneyOLA — ActInf Textbook Group ~ Cohort 8 ~ Session 7 (Chapter 4) ~ 4/3/2025
2026-02-15 15:06:38 [INFO] journal_utilities.downloader: Audio already exists for G2BaTneyOLA, skipping
2026-02-15 15:06:38 [INFO] journal_utilities.downloader: Audio for G2BaTneyOLA: skipped
2026-02-15 15:06:39 [INFO] download_channel: [18/694] Processing CV7fsxhgVe0 — ActInf Textbook Group ~ Cohort 7 ~ Session 17 (Chapter 6) ~ 2/27/2025
2026-02-15 15:06:39 [INFO] journal_utilities.downloader: Audio already exists for CV7fsxhgVe0, skipping
2026-02-15 15:06:39 [INFO] journal_utilities.downloader: Audio for CV7fsxhgVe0: skipped
2026-02-15 15:06:40 [INFO] download_channel: [19/694] Processing 4ufIGiX0BWw — ActInf Textbook Group ~ Cohort 7 ~ Session 19 (Chapter 7) ~ 3/13/2025
2026-02-15 15:06:40 [INFO] journal_utilities.downloader: Audio already exists for 4ufIGiX0BWw, skipping
2026-02-15 15:06:40 [INFO] journal_utilities.downloader: Audio for 4ufIGiX0BWw: skipped
2026-02-15 15:06:41 [INFO] download_channel: [20/694] Processing 3zdTINcxZC0 — ActInf Textbook Group ~ Cohort 7 ~ Session 18 (Chapter 7) ~ 3/6/2025
2026-02-15 15:06:41 [INFO] journal_utilities.downloader: Audio already exists for 3zdTINcxZC0, skipping
2026-02-15 15:06:41 [INFO] journal_utilities.downloader: Audio for 3zdTINcxZC0: skipped
2026-02-15 15:06:42 [INFO] download_channel: [21/694] Processing 0FNa9vMVZ5I — ActInf Textbook Group ~ Cohort 7 ~ Session 2 (Chapter 1, Part 2) ~ 7/22/2024
2026-02-15 15:06:42 [INFO] journal_utilities.downloader: Audio already exists for 0FNa9vMVZ5I, skipping
2026-02-15 15:06:43 [INFO] journal_utilities.downloader: Audio for 0FNa9vMVZ5I: skipped
2026-02-15 15:06:44 [INFO] download_channel: [22/694] Processing -7YZ8olj7Wo — ActInf Textbook Group ~ Cohort 7 ~ Session 7 (Chapter 4) ~ 9/16/2024
2026-02-15 15:06:44 [INFO] journal_utilities.downloader: Audio already exists for -7YZ8olj7Wo, skipping
2026-02-15 15:06:44 [INFO] journal_utilities.downloader: Audio for -7YZ8olj7Wo: skipped
2026-02-15 15:06:45 [INFO] download_channel: [23/694] Processing TaFwI2zr_lE — Audio-Visual Production project at the Institute seeks participants for 2025!
2026-02-15 15:06:45 [INFO] journal_utilities.downloader: Audio already exists for TaFwI2zr_lE, skipping
2026-02-15 15:06:45 [INFO] journal_utilities.downloader: Audio for TaFwI2zr_lE: skipped
2026-02-15 15:06:46 [INFO] download_channel: [24/694] Processing UYD8CR_Xorg — Bert Berkers: "Towards Autonomous Urban Digital Twins"
2026-02-15 15:06:46 [INFO] journal_utilities.downloader: Audio already exists for UYD8CR_Xorg, skipping
2026-02-15 15:06:46 [INFO] journal_utilities.downloader: Audio for UYD8CR_Xorg: skipped
2026-02-15 15:06:47 [INFO] download_channel: [25/694] Processing ynekj8F4zeY — William Gebhardt: “An Introduction to NGC-Learn: A Computational Neuroscience Library“
2026-02-15 15:06:47 [INFO] journal_utilities.downloader: Audio already exists for ynekj8F4zeY, skipping
2026-02-15 15:06:47 [INFO] journal_utilities.downloader: Audio for ynekj8F4zeY: skipped
2026-02-15 15:06:48 [INFO] download_channel: [26/694] Processing q5ZKdxc2tZI — John H Clippinger “Workshop part 1: Introduction to Applying Active Inference“
2026-02-15 15:06:48 [INFO] journal_utilities.downloader: Audio already exists for q5ZKdxc2tZI, skipping
2026-02-15 15:06:48 [INFO] journal_utilities.downloader: Audio for q5ZKdxc2tZI: skipped
2026-02-15 15:06:49 [INFO] download_channel: [27/694] Processing p77yZJ0Bf38 — Octopus: “Cognitive Bifurcations and Mathematical Explorations“
2026-02-15 15:06:49 [INFO] journal_utilities.downloader: Audio already exists for p77yZJ0Bf38, skipping
2026-02-15 15:06:49 [INFO] journal_utilities.downloader: Audio for p77yZJ0Bf38: skipped
2026-02-15 15:06:50 [INFO] download_channel: [28/694] Processing olybbchPgEY — John Boik: “CogNarr Ecosystem: Facilitating Group Cognition at Scale“
2026-02-15 15:06:50 [INFO] journal_utilities.downloader: Audio already exists for olybbchPgEY, skipping
2026-02-15 15:06:50 [INFO] journal_utilities.downloader: Audio for olybbchPgEY: skipped
2026-02-15 15:06:51 [INFO] download_channel: [29/694] Processing jnavry7c11A — Michael Lennon : “Co-inferencing Organizational Symbiosis“
2026-02-15 15:06:52 [INFO] journal_utilities.downloader: Audio already exists for jnavry7c11A, skipping
2026-02-15 15:06:52 [INFO] journal_utilities.downloader: Audio for jnavry7c11A: skipped
2026-02-15 15:06:53 [INFO] download_channel: [30/694] Processing geITY8aJJEA — Dmitry Bagaev: “RxInfer.jl updates and development“
2026-02-15 15:06:53 [INFO] journal_utilities.downloader: Audio already exists for geITY8aJJEA, skipping
2026-02-15 15:06:53 [INFO] journal_utilities.downloader: Audio for geITY8aJJEA: skipped
2026-02-15 15:06:54 [INFO] download_channel: [31/694] Processing gEmvzUQjQVI — Steffen Bollman & Bradly Alicea: “Open Strategies Interest Group“
2026-02-15 15:06:54 [INFO] journal_utilities.downloader: Audio already exists for gEmvzUQjQVI, skipping
2026-02-15 15:06:54 [INFO] journal_utilities.downloader: Audio for gEmvzUQjQVI: skipped
2026-02-15 15:06:55 [INFO] download_channel: [32/694] Processing fbz2VUi-MOo — Livestream 058.2: "From pixels to planning: scale free active inference"
2026-02-15 15:06:55 [INFO] journal_utilities.downloader: Audio already exists for fbz2VUi-MOo, skipping
2026-02-15 15:06:55 [INFO] journal_utilities.downloader: Audio for fbz2VUi-MOo: skipped
2026-02-15 15:06:56 [INFO] download_channel: [33/694] Processing bPJMnFeaoOc — Alex Kiefer: “Resilience from an active inference perspective“
2026-02-15 15:06:56 [INFO] journal_utilities.downloader: Audio already exists for bPJMnFeaoOc, skipping
2026-02-15 15:06:56 [INFO] journal_utilities.downloader: Audio for bPJMnFeaoOc: skipped
2026-02-15 15:06:57 [INFO] download_channel: [34/694] Processing _gjGH0Y_Cgo — Denise Holt: “The Potential Impact of Decentralized AI through Active Inference and Spatial Web“
2026-02-15 15:06:57 [INFO] journal_utilities.downloader: Audio already exists for _gjGH0Y_Cgo, skipping
2026-02-15 15:06:57 [INFO] journal_utilities.downloader: Audio for _gjGH0Y_Cgo: skipped
2026-02-15 15:06:58 [INFO] download_channel: [35/694] Processing _D3uUU1N0bw — "Accounting for Multi scalar and Conscious Psychobiological Phenomena via Quantum Entanglement"
2026-02-15 15:06:58 [INFO] journal_utilities.downloader: Audio already exists for _D3uUU1N0bw, skipping
2026-02-15 15:06:58 [INFO] journal_utilities.downloader: Audio for _D3uUU1N0bw: skipped
2026-02-15 15:06:59 [INFO] download_channel: [36/694] Processing WxTOeCnQNmY — Karl Friston & Alexander Ororbia: “First Day ~ Symposium Roundtable Discussion“
2026-02-15 15:06:59 [INFO] journal_utilities.downloader: Audio already exists for WxTOeCnQNmY, skipping
2026-02-15 15:06:59 [INFO] journal_utilities.downloader: Audio for WxTOeCnQNmY: skipped
2026-02-15 15:07:00 [INFO] download_channel: [37/694] Processing TsQQX3ZdEmA — Anna Pereira: “Research Fellow Update“
2026-02-15 15:07:00 [INFO] journal_utilities.downloader: Audio already exists for TsQQX3ZdEmA, skipping
2026-02-15 15:07:00 [INFO] journal_utilities.downloader: Audio for TsQQX3ZdEmA: skipped
2026-02-15 15:07:01 [INFO] download_channel: [38/694] Processing P3h51-J4g8M — Matthew Brown: “Real-Time Active Inference for Adaptive Robotic Control“
2026-02-15 15:07:01 [INFO] journal_utilities.downloader: Audio already exists for P3h51-J4g8M, skipping
2026-02-15 15:07:01 [INFO] journal_utilities.downloader: Audio for P3h51-J4g8M: skipped
2026-02-15 15:07:02 [INFO] download_channel: [39/694] Processing OCCIDeeKOMA — Bridging Biology and Al Active Inference for Biologically Plausible Decision Making Models
2026-02-15 15:07:02 [INFO] journal_utilities.downloader: Audio already exists for OCCIDeeKOMA, skipping
2026-02-15 15:07:02 [INFO] journal_utilities.downloader: Audio for OCCIDeeKOMA: skipped
2026-02-15 15:07:03 [INFO] download_channel: [40/694] Processing MRTULbP1ZKs — Introducing Activelnference jl, a julia package for simulating active inference models and fitting t
2026-02-15 15:07:03 [INFO] journal_utilities.downloader: Audio already exists for MRTULbP1ZKs, skipping
2026-02-15 15:07:03 [INFO] journal_utilities.downloader: Audio for MRTULbP1ZKs: skipped
2026-02-15 15:07:05 [INFO] download_channel: [41/694] Processing LI_ZIXys1xU — A convergence of TAME (Levin 2022) and Active Inference FEP perspectives on dissociative experiences
2026-02-15 15:07:05 [INFO] journal_utilities.downloader: Audio already exists for LI_ZIXys1xU, skipping
2026-02-15 15:07:05 [INFO] journal_utilities.downloader: Audio for LI_ZIXys1xU: skipped
2026-02-15 15:07:06 [INFO] download_channel: [42/694] Processing KR9KCKQ-KJo — Viet Dung Nguyen "Dynamic Prior Preference Learning for Scalable, Robust Deep Active Inference"
2026-02-15 15:07:06 [INFO] journal_utilities.downloader: Audio already exists for KR9KCKQ-KJo, skipping
2026-02-15 15:07:06 [INFO] journal_utilities.downloader: Audio for KR9KCKQ-KJo: skipped
2026-02-15 15:07:07 [INFO] download_channel: [43/694] Processing G_Jksni5o8I — Giacomo Rossettini: “Placebo, nocebo and contextual effects: the missed link in clinical practice“
2026-02-15 15:07:07 [INFO] journal_utilities.downloader: Audio already exists for G_Jksni5o8I, skipping
2026-02-15 15:07:07 [INFO] journal_utilities.downloader: Audio for G_Jksni5o8I: skipped
2026-02-15 15:07:08 [INFO] download_channel: [44/694] Processing FlZa_odQymU — Bradly Alicea: “An Overview of Open Source and Open Science“
2026-02-15 15:07:08 [INFO] journal_utilities.downloader: Audio already exists for FlZa_odQymU, skipping
2026-02-15 15:07:08 [INFO] journal_utilities.downloader: Audio for FlZa_odQymU: skipped
2026-02-15 15:07:09 [INFO] download_channel: [45/694] Processing EkYlOX-f9sk — "Bridging Cognitive Processing and Social Dynamics New perspectives on Power and Active Ignorance"
2026-02-15 15:07:09 [INFO] journal_utilities.downloader: Audio already exists for EkYlOX-f9sk, skipping
2026-02-15 15:07:09 [INFO] journal_utilities.downloader: Audio for EkYlOX-f9sk: skipped
2026-02-15 15:07:10 [INFO] download_channel: [46/694] Processing E3xAZAs7YeA — John H Clippinger & Andrew Pashea: “BioFirm Workshop part 2"
2026-02-15 15:07:10 [INFO] journal_utilities.downloader: Audio already exists for E3xAZAs7YeA, skipping
2026-02-15 15:07:10 [INFO] journal_utilities.downloader: Audio for E3xAZAs7YeA: skipped
2026-02-15 15:07:11 [INFO] download_channel: [47/694] Processing C1Uqxg7mDCo — Purposefully Nonstandard Cybernetics an alternative to purpose driven control
2026-02-15 15:07:11 [INFO] journal_utilities.downloader: Audio already exists for C1Uqxg7mDCo, skipping
2026-02-15 15:07:11 [INFO] journal_utilities.downloader: Audio for C1Uqxg7mDCo: skipped
2026-02-15 15:07:12 [INFO] download_channel: [48/694] Processing 9v22c92LWHQ — Shagor Rahman: “Humanity’s Story: A Search for Moral Clarity“
2026-02-15 15:07:12 [INFO] journal_utilities.downloader: Audio already exists for 9v22c92LWHQ, skipping
2026-02-15 15:07:12 [INFO] journal_utilities.downloader: Audio for 9v22c92LWHQ: skipped
2026-02-15 15:07:13 [INFO] download_channel: [49/694] Processing 8X9K_gZWhqs — Mahault Albarracin: “Sustainability Under Active Inference“
2026-02-15 15:07:13 [INFO] journal_utilities.downloader: Audio already exists for 8X9K_gZWhqs, skipping
2026-02-15 15:07:13 [INFO] journal_utilities.downloader: Audio for 8X9K_gZWhqs: skipped
2026-02-15 15:07:14 [INFO] download_channel: [50/694] Processing 7FuojyQMabw — Jean-François Cloutier: “An experiment in artificial agency“
2026-02-15 15:07:14 [INFO] journal_utilities.downloader: Audio already exists for 7FuojyQMabw, skipping
2026-02-15 15:07:14 [INFO] journal_utilities.downloader: Audio for 7FuojyQMabw: skipped
2026-02-15 15:07:15 [INFO] download_channel: [51/694] Processing 1ZJBJGzOn0g — MLDawn "Brain in the Dark Design Principles for Neuromimetic Inference under Free Energy Principle"
2026-02-15 15:07:15 [INFO] journal_utilities.downloader: Audio already exists for 1ZJBJGzOn0g, skipping
2026-02-15 15:07:15 [INFO] journal_utilities.downloader: Audio for 1ZJBJGzOn0g: skipped
2026-02-15 15:07:17 [INFO] download_channel: [52/694] Processing 0A36OXIDLhQ — Ines Hipolito: “Dysfunctional Markov Blankets: From Stuck States to Adaptive Perturbations“
2026-02-15 15:07:17 [INFO] journal_utilities.downloader: Audio already exists for 0A36OXIDLhQ, skipping
2026-02-15 15:07:17 [INFO] journal_utilities.downloader: Audio for 0A36OXIDLhQ: skipped
2026-02-15 15:07:18 [INFO] download_channel: [53/694] Processing -39CESDAfLM — "Danceability as an Approximate Measure of Groove Collective Synchrony Through Music"
2026-02-15 15:07:18 [INFO] journal_utilities.downloader: Audio already exists for -39CESDAfLM, skipping
2026-02-15 15:07:18 [INFO] journal_utilities.downloader: Audio for -39CESDAfLM: skipped
2026-02-15 15:07:19 [INFO] download_channel: [54/694] Processing nCZZBuk_wmU — 4th Applied Active Inference Symposium (Part 2, Nov 14, 2024) ~ Full Upload
2026-02-15 15:07:19 [INFO] journal_utilities.downloader: Audio already exists for nCZZBuk_wmU, skipping
2026-02-15 15:07:19 [INFO] journal_utilities.downloader: Audio for nCZZBuk_wmU: skipped
2026-02-15 15:07:20 [INFO] download_channel: [55/694] Processing cIBIecj7UZE — 4th Applied Active Inference Symposium (Part 1, Nov 13, 2024) ~ Full Upload
2026-02-15 15:07:20 [INFO] journal_utilities.downloader: Audio already exists for cIBIecj7UZE, skipping
2026-02-15 15:07:20 [INFO] journal_utilities.downloader: Audio for cIBIecj7UZE: skipped
2026-02-15 15:07:21 [INFO] download_channel: [56/694] Processing s3iUvrVuckc — ActInf Textbook Group ~ Cohort 6 ~ Session 5 (Chapter 2, Part 2) ~ 2/26/2024
2026-02-15 15:07:21 [INFO] journal_utilities.downloader: Audio already exists for s3iUvrVuckc, skipping
2026-02-15 15:07:21 [INFO] journal_utilities.downloader: Audio for s3iUvrVuckc: skipped
2026-02-15 15:07:22 [INFO] download_channel: [57/694] Processing qYImZ0Gk298 — ActInf Textbook Group ~ Cohort 6 ~ Session 3 (Chapter 1, Part 2) ~ 2/12/2024
2026-02-15 15:07:22 [INFO] journal_utilities.downloader: Audio already exists for qYImZ0Gk298, skipping
2026-02-15 15:07:22 [INFO] journal_utilities.downloader: Audio for qYImZ0Gk298: skipped
2026-02-15 15:07:23 [INFO] download_channel: [58/694] Processing meHNspbSYto — ActInf Textbook Group ~ Cohort 6 ~ Session 19 (Chapter 8, Part 1) 8/26/2024
2026-02-15 15:07:23 [INFO] journal_utilities.downloader: Audio already exists for meHNspbSYto, skipping
2026-02-15 15:07:23 [INFO] journal_utilities.downloader: Audio for meHNspbSYto: skipped
2026-02-15 15:07:24 [INFO] download_channel: [59/694] Processing imqNCmLJMts — ActInf Textbook Group ~ Cohort 6 ~ Session 2 (Chapter 1, Part 1) ~ 2/5/2024
2026-02-15 15:07:24 [INFO] journal_utilities.downloader: Audio already exists for imqNCmLJMts, skipping
2026-02-15 15:07:24 [INFO] journal_utilities.downloader: Audio for imqNCmLJMts: skipped
2026-02-15 15:07:25 [INFO] download_channel: [60/694] Processing Yp8LSoHiMlk — ActInf Textbook Group ~ Cohort 6 ~ Session 16 (Chapter 7, Part 1) 8/5/2024
2026-02-15 15:07:25 [INFO] journal_utilities.downloader: Audio already exists for Yp8LSoHiMlk, skipping
2026-02-15 15:07:25 [INFO] journal_utilities.downloader: Audio for Yp8LSoHiMlk: skipped
2026-02-15 15:07:26 [INFO] download_channel: [61/694] Processing TZKflAT3JmY — ActInf Textbook Group ~ Cohort 6 ~ Session 21 (Applying Active Inference & Ontology) 9/9/2024
2026-02-15 15:07:26 [INFO] journal_utilities.downloader: Audio already exists for TZKflAT3JmY, skipping
2026-02-15 15:07:26 [INFO] journal_utilities.downloader: Audio for TZKflAT3JmY: skipped
2026-02-15 15:07:27 [INFO] download_channel: [62/694] Processing T1mQYCLkQo8 — ActInf Textbook Group ~ Cohort 6 ~ Session 22 (Chapter 9) 9/16/2024
2026-02-15 15:07:27 [INFO] journal_utilities.downloader: Audio already exists for T1mQYCLkQo8, skipping
2026-02-15 15:07:27 [INFO] journal_utilities.downloader: Audio for T1mQYCLkQo8: skipped
2026-02-15 15:07:28 [INFO] download_channel: [63/694] Processing nFHQ_Bjub3o — ActInf Textbook Group ~ Cohort 6 ~ Session 18 (Chapter 7, Part 3 / Applying ActInf) 8/12/2024
2026-02-15 15:07:28 [INFO] journal_utilities.downloader: Audio already exists for nFHQ_Bjub3o, skipping
2026-02-15 15:07:28 [INFO] journal_utilities.downloader: Audio for nFHQ_Bjub3o: skipped
2026-02-15 15:07:29 [INFO] download_channel: [64/694] Processing L6FW9v3m-JA — ActInf Textbook Group ~ Cohort 6 ~ Session 6 (Chapter 4, Part 2) ~ 3/25/2024
2026-02-15 15:07:29 [INFO] journal_utilities.downloader: Audio already exists for L6FW9v3m-JA, skipping
2026-02-15 15:07:29 [INFO] journal_utilities.downloader: Audio for L6FW9v3m-JA: skipped
2026-02-15 15:07:30 [INFO] download_channel: [65/694] Processing Ke0x0TrBROk — ActInf Textbook Group ~ Cohort 6 ~ Session 7 (Chapter 5, Part 1) ~ 4/1/2024
2026-02-15 15:07:30 [INFO] journal_utilities.downloader: Audio already exists for Ke0x0TrBROk, skipping
2026-02-15 15:07:30 [INFO] journal_utilities.downloader: Audio for Ke0x0TrBROk: skipped
2026-02-15 15:07:31 [INFO] download_channel: [66/694] Processing HEGhyTjMJOo — ActInf Textbook Group ~ Cohort 6 ~ Session 8 (Chapter 5, Part 2) ~ 4/8/2024
2026-02-15 15:07:31 [INFO] journal_utilities.downloader: Audio already exists for HEGhyTjMJOo, skipping
2026-02-15 15:07:31 [INFO] journal_utilities.downloader: Audio for HEGhyTjMJOo: skipped
2026-02-15 15:07:32 [INFO] download_channel: [67/694] Processing H-_iRin1vfI — ActInf Textbook Group ~ Cohort 6 ~ Session 13 (Chapter 6, Part 1) ~ 7/15/2024
2026-02-15 15:07:32 [INFO] journal_utilities.downloader: Audio already exists for H-_iRin1vfI, skipping
2026-02-15 15:07:32 [INFO] journal_utilities.downloader: Audio for H-_iRin1vfI: skipped
2026-02-15 15:07:33 [INFO] download_channel: [68/694] Processing Gt5vADpuw_g — ActInf Textbook Group ~ Cohort 6 ~ Session 6 (Chapter 4, Part 1) ~ 3/18/2024
2026-02-15 15:07:33 [INFO] journal_utilities.downloader: Audio already exists for Gt5vADpuw_g, skipping
2026-02-15 15:07:33 [INFO] journal_utilities.downloader: Audio for Gt5vADpuw_g: skipped
2026-02-15 15:07:34 [INFO] download_channel: [69/694] Processing ExQZpv43sSo — ActInf Textbook Group ~ Cohort 6 ~ Session 6 (Chapter 3, Part 2) ~ 3/11/2024
2026-02-15 15:07:34 [INFO] journal_utilities.downloader: Audio already exists for ExQZpv43sSo, skipping
2026-02-15 15:07:34 [INFO] journal_utilities.downloader: Audio for ExQZpv43sSo: skipped
2026-02-15 15:07:35 [INFO] download_channel: [70/694] Processing CEL1TfYypAk — ActInf Textbook Group ~ Cohort 6 ~ Session 17 (Chapter 7, Part 2) 8/12/2024
2026-02-15 15:07:35 [INFO] journal_utilities.downloader: Audio already exists for CEL1TfYypAk, skipping
2026-02-15 15:07:35 [INFO] journal_utilities.downloader: Audio for CEL1TfYypAk: skipped
2026-02-15 15:07:36 [INFO] download_channel: [71/694] Processing AJ245K2DC44 — ActInf Textbook Group ~ Cohort 6 ~ Session 4 (Chapter 2, Part 1) ~ 2/19/2024
2026-02-15 15:07:36 [INFO] journal_utilities.downloader: Audio already exists for AJ245K2DC44, skipping
2026-02-15 15:07:36 [INFO] journal_utilities.downloader: Audio for AJ245K2DC44: skipped
2026-02-15 15:07:37 [INFO] download_channel: [72/694] Processing 7Ru_taOprEA — ActInf Textbook Group ~ Cohort 6 ~ Session 5 (Chapter 3, Part 1) ~ 2/26/2024
2026-02-15 15:07:37 [INFO] journal_utilities.downloader: Audio already exists for 7Ru_taOprEA, skipping
2026-02-15 15:07:37 [INFO] journal_utilities.downloader: Audio for 7Ru_taOprEA: skipped
2026-02-15 15:07:38 [INFO] download_channel: [73/694] Processing 0rQWh-pBXSQ — ActInf Textbook Group ~ Cohort 6 ~ Session 15 (Applying Active Inference, Social Science) 7/22/2024
2026-02-15 15:07:38 [INFO] journal_utilities.downloader: Audio already exists for 0rQWh-pBXSQ, skipping
2026-02-15 15:07:38 [INFO] journal_utilities.downloader: Audio for 0rQWh-pBXSQ: skipped
2026-02-15 15:07:39 [INFO] download_channel: [74/694] Processing -DQ6B7cagQ0 — ActInf Textbook Group ~ Cohort 6 ~ Session 14 (Chapter 6, Part 2) ~ 7/22/2024
2026-02-15 15:07:39 [INFO] journal_utilities.downloader: Audio already exists for -DQ6B7cagQ0, skipping
2026-02-15 15:07:39 [INFO] journal_utilities.downloader: Audio for -DQ6B7cagQ0: skipped
2026-02-15 15:07:40 [INFO] download_channel: [75/694] Processing U6Edc13EQ_k — Google Video Vids Generative AI ~ Active Inference & Free Energy Principle EXPLAINED
2026-02-15 15:07:40 [INFO] journal_utilities.downloader: Audio already exists for U6Edc13EQ_k, skipping
2026-02-15 15:07:40 [INFO] journal_utilities.downloader: Audio for U6Edc13EQ_k: skipped
2026-02-15 15:07:41 [INFO] download_channel: [76/694] Processing sKVZykutOD0 — Iain McGilchrist ~ Active Inference Insights 023 ~ Hemispheric Lateralisation, Relationality, Being
2026-02-15 15:07:41 [INFO] journal_utilities.downloader: Audio already exists for sKVZykutOD0, skipping
2026-02-15 15:07:41 [INFO] journal_utilities.downloader: Audio for sKVZykutOD0: skipped
2026-02-15 15:07:42 [INFO] download_channel: [77/694] Processing ygmAhA18mkQ — ActInf ModelStream 010.2 ~ RxEnvironments.jl with Wouter Nuijten
2026-02-15 15:07:42 [INFO] journal_utilities.downloader: Audio already exists for ygmAhA18mkQ, skipping
2026-02-15 15:07:42 [INFO] journal_utilities.downloader: Audio for ygmAhA18mkQ: skipped
2026-02-15 15:07:43 [INFO] download_channel: [78/694] Processing TvZcxUuosh0 — Krys Dolega ~ Active Inference Insights 022 ~ Emperor’s New Markov Blankets, Attention, Dan Dennett
2026-02-15 15:07:43 [INFO] journal_utilities.downloader: Audio already exists for TvZcxUuosh0, skipping
2026-02-15 15:07:43 [INFO] journal_utilities.downloader: Audio for TvZcxUuosh0: skipped
2026-02-15 15:07:44 [INFO] download_channel: [79/694] Processing B64lXpQAOus — Announcing two new programs: Research Fellows & Partnerships
2026-02-15 15:07:44 [INFO] journal_utilities.downloader: Audio already exists for B64lXpQAOus, skipping
2026-02-15 15:07:44 [INFO] journal_utilities.downloader: Audio for B64lXpQAOus: skipped
2026-02-15 15:07:45 [INFO] download_channel: [80/694] Processing IjWBAyJeCsc — Thomas Metzinger ~ Active Inference Insights 021 ~ Pure Awareness, Self-Models, Transparency
2026-02-15 15:07:45 [INFO] journal_utilities.downloader: Audio already exists for IjWBAyJeCsc, skipping
2026-02-15 15:07:45 [INFO] journal_utilities.downloader: Audio for IjWBAyJeCsc: skipped
2026-02-15 15:07:46 [INFO] download_channel: [81/694] Processing 2hLeKUdOUrg — Kathryn Nave  ~ Active Inference Insights 020 ~ Agency, Vision, Life
2026-02-15 15:07:46 [INFO] journal_utilities.downloader: Audio already exists for 2hLeKUdOUrg, skipping
2026-02-15 15:07:46 [INFO] journal_utilities.downloader: Audio for 2hLeKUdOUrg: skipped
2026-02-15 15:07:47 [INFO] download_channel: [82/694] Processing nf57wi3qLjk — Conor Heins  ~ Active Inference Insights 019 ~ Collective Behaviour,  Attention, Intelligence
2026-02-15 15:07:47 [INFO] journal_utilities.downloader: Audio already exists for nf57wi3qLjk, skipping
2026-02-15 15:07:47 [INFO] journal_utilities.downloader: Audio for nf57wi3qLjk: skipped
2026-02-15 15:07:48 [INFO] download_channel: [83/694] Processing wFZSLtbhDLE — ActInf Textbook Group ~ Cohort 5 ~ Session 8 (Chapter 4, Part 1) ~ 11/7/2023
2026-02-15 15:07:48 [INFO] journal_utilities.downloader: Audio already exists for wFZSLtbhDLE, skipping
2026-02-15 15:07:48 [INFO] journal_utilities.downloader: Audio for wFZSLtbhDLE: skipped
2026-02-15 15:07:49 [INFO] download_channel: [84/694] Processing ceTIEXxzfGM — ActInf Textbook Group ~ Cohort 5 ~ Session 22 (Chapter 10, Part 2) ~ 4/8/2024
2026-02-15 15:07:49 [INFO] journal_utilities.downloader: Audio already exists for ceTIEXxzfGM, skipping
2026-02-15 15:07:49 [INFO] journal_utilities.downloader: Audio for ceTIEXxzfGM: skipped
2026-02-15 15:07:50 [INFO] download_channel: [85/694] Processing v8DiGoR29z8 — ActInf Textbook Group ~ Cohort 5 ~ Session 6 (Chapter 3, Part 1) ~ 10/24/2023
2026-02-15 15:07:50 [INFO] journal_utilities.downloader: Audio already exists for v8DiGoR29z8, skipping
2026-02-15 15:07:50 [INFO] journal_utilities.downloader: Audio for v8DiGoR29z8: skipped
2026-02-15 15:07:51 [INFO] download_channel: [86/694] Processing snOZwtTgX3Q — ActInf Textbook Group ~ Cohort 5 ~ Session 5 (Chapter 2, Part 2) ~ 10/17/2023
2026-02-15 15:07:51 [INFO] journal_utilities.downloader: Audio already exists for snOZwtTgX3Q, skipping
2026-02-15 15:07:51 [INFO] journal_utilities.downloader: Audio for snOZwtTgX3Q: skipped
2026-02-15 15:07:52 [INFO] download_channel: [87/694] Processing mqB1ZW3wVHc — ActInf Textbook Group ~ Cohort 5 ~ Session 16 (Chapter 7, Part 1) ~ 2/19/2024
2026-02-15 15:07:52 [INFO] journal_utilities.downloader: Audio already exists for mqB1ZW3wVHc, skipping
2026-02-15 15:07:52 [INFO] journal_utilities.downloader: Audio for mqB1ZW3wVHc: skipped
2026-02-15 15:07:53 [INFO] download_channel: [88/694] Processing jhAy18rnFEM — ActInf Textbook Group ~ Cohort 5 ~ Session 19 (Chapter 8, Part 2) ~ 3/11/2024
2026-02-15 15:07:53 [INFO] journal_utilities.downloader: Audio already exists for jhAy18rnFEM, skipping
2026-02-15 15:07:53 [INFO] journal_utilities.downloader: Audio for jhAy18rnFEM: skipped
2026-02-15 15:07:54 [INFO] download_channel: [89/694] Processing hf7V9oJAK6I — ActInf Textbook Group ~ Cohort 5 ~ Session 18 (Chapter 8, Part 1) ~ 3/4/2024
2026-02-15 15:07:54 [INFO] journal_utilities.downloader: Audio already exists for hf7V9oJAK6I, skipping
2026-02-15 15:07:54 [INFO] journal_utilities.downloader: Audio for hf7V9oJAK6I: skipped
2026-02-15 15:07:55 [INFO] download_channel: [90/694] Processing hREkvTcNNRo — ActInf Textbook Group ~ Cohort 5 ~ Session 7 (Chapter 3, Part 2) ~ 10/31/2023
2026-02-15 15:07:55 [INFO] journal_utilities.downloader: Audio already exists for hREkvTcNNRo, skipping
2026-02-15 15:07:55 [INFO] journal_utilities.downloader: Audio for hREkvTcNNRo: skipped
2026-02-15 15:07:56 [INFO] download_channel: [91/694] Processing gjqHdcZFXUE — ActInf Textbook Group ~ Cohort 5 ~ Session 11 (Chapter 5, Part 2) ~ 11/28/2023
2026-02-15 15:07:56 [INFO] journal_utilities.downloader: Audio already exists for gjqHdcZFXUE, skipping
2026-02-15 15:07:56 [INFO] journal_utilities.downloader: Audio for gjqHdcZFXUE: skipped
2026-02-15 15:07:57 [INFO] download_channel: [92/694] Processing Wbl_xK_-ldM — ActInf Textbook Group ~ Cohort 5 ~ Session 4 (Chapter 2, Part 1) ~ 10/10/2023
2026-02-15 15:07:57 [INFO] journal_utilities.downloader: Audio already exists for Wbl_xK_-ldM, skipping
2026-02-15 15:07:57 [INFO] journal_utilities.downloader: Audio for Wbl_xK_-ldM: skipped
2026-02-15 15:07:58 [INFO] download_channel: [93/694] Processing 0pd6BtofNkY — ActInf Textbook Group ~ Cohort 5 ~ Session 17 (Chapter 7, Part 2) ~ 2/26/2024
2026-02-15 15:07:58 [INFO] journal_utilities.downloader: Audio already exists for 0pd6BtofNkY, skipping
2026-02-15 15:07:58 [INFO] journal_utilities.downloader: Audio for 0pd6BtofNkY: skipped
2026-02-15 15:07:59 [INFO] download_channel: [94/694] Processing 1w2JUt-xHH4 — ActInf Textbook Group ~ Cohort 5 ~ Session 3 (Chapter 1, Part 2) ~ 10/3/2023
2026-02-15 15:07:59 [INFO] journal_utilities.downloader: Audio already exists for 1w2JUt-xHH4, skipping
2026-02-15 15:07:59 [INFO] journal_utilities.downloader: Audio for 1w2JUt-xHH4: skipped
2026-02-15 15:08:00 [INFO] download_channel: [95/694] Processing Da6PnLlK9oc — ActInf Textbook Group ~ Cohort 5 ~ Session 15 (Chapter 6, Part 2) ~ 2/12/2024
2026-02-15 15:08:00 [INFO] journal_utilities.downloader: Audio already exists for Da6PnLlK9oc, skipping
2026-02-15 15:08:00 [INFO] journal_utilities.downloader: Audio for Da6PnLlK9oc: skipped
2026-02-15 15:08:01 [INFO] download_channel: [96/694] Processing WZ_rsHiwXRk — ActInf Textbook Group ~ Cohort 5 ~ Session 14 (Chapter 6, Part 1) ~ 2/5/2024
2026-02-15 15:08:01 [INFO] journal_utilities.downloader: Audio already exists for WZ_rsHiwXRk, skipping
2026-02-15 15:08:01 [INFO] journal_utilities.downloader: Audio for WZ_rsHiwXRk: skipped
2026-02-15 15:08:02 [INFO] download_channel: [97/694] Processing MMOsuWNoPSo — ActInf Textbook Group ~ Cohort 5 ~ Session 10 (Chapter 5, Part 1) ~ 11/21/2023
2026-02-15 15:08:02 [INFO] journal_utilities.downloader: Audio already exists for MMOsuWNoPSo, skipping
2026-02-15 15:08:02 [INFO] journal_utilities.downloader: Audio for MMOsuWNoPSo: skipped
2026-02-15 15:08:03 [INFO] download_channel: [98/694] Processing DgppOdct0JE — ActInf Textbook Group ~ Cohort 5 ~ Session 20 (Chapter 9, Part 1) ~ 3/18/2024
2026-02-15 15:08:03 [INFO] journal_utilities.downloader: Audio already exists for DgppOdct0JE, skipping
2026-02-15 15:08:03 [INFO] journal_utilities.downloader: Audio for DgppOdct0JE: skipped
2026-02-15 15:08:04 [INFO] download_channel: [99/694] Processing D0eSAByd_Ak — ActInf Textbook Group ~ Cohort 5 ~ Session 9 (Chapter 4, Part 2) ~ 11/14/2023
2026-02-15 15:08:04 [INFO] journal_utilities.downloader: Audio already exists for D0eSAByd_Ak, skipping
2026-02-15 15:08:04 [INFO] journal_utilities.downloader: Audio for D0eSAByd_Ak: skipped
2026-02-15 15:08:05 [INFO] download_channel: [100/694] Processing 85HzeHfna08 — ActInf Textbook Group ~ Cohort 5 ~ Session 2 (Chapter 1, Part 1) ~ 9/26/2023
2026-02-15 15:08:05 [INFO] journal_utilities.downloader: Audio already exists for 85HzeHfna08, skipping
2026-02-15 15:08:05 [INFO] journal_utilities.downloader: Audio for 85HzeHfna08: skipped
2026-02-15 15:08:06 [INFO] download_channel: [101/694] Processing 3CQmexsuF64 — ActInf Textbook Group ~ Cohort 5 ~ Session 1 (Onboarding) ~ 9/19/2023
2026-02-15 15:08:06 [INFO] journal_utilities.downloader: Audio already exists for 3CQmexsuF64, skipping
2026-02-15 15:08:06 [INFO] journal_utilities.downloader: Audio for 3CQmexsuF64: skipped
2026-02-15 15:08:07 [INFO] download_channel: [102/694] Processing 0sS-Qf60Uaw — ActInf Textbook Group ~ Cohort 5 ~ Session 21 (Chapter 9, Part 2) ~ 3/25/2024
2026-02-15 15:08:07 [INFO] journal_utilities.downloader: Audio already exists for 0sS-Qf60Uaw, skipping
2026-02-15 15:08:07 [INFO] journal_utilities.downloader: Audio for 0sS-Qf60Uaw: skipped
2026-02-15 15:08:08 [INFO] download_channel: [103/694] Processing RDDfKm4yQIo — Active Inference in Rust.... For Ants? (4-4-2024 Active InferAnts bundle of updates)
2026-02-15 15:08:08 [INFO] journal_utilities.downloader: Audio already exists for RDDfKm4yQIo, skipping
2026-02-15 15:08:08 [INFO] journal_utilities.downloader: Audio for RDDfKm4yQIo: skipped
2026-02-15 15:08:09 [INFO] download_channel: [104/694] Processing sAwPXw-WNg4 — Sanjeev Namjoshi ~ Active Inference Insights 018 ~ Education, Expectation-Maximisation, Evolution
2026-02-15 15:08:09 [INFO] journal_utilities.downloader: Audio already exists for sAwPXw-WNg4, skipping
2026-02-15 15:08:09 [INFO] journal_utilities.downloader: Audio for sAwPXw-WNg4: skipped
2026-02-15 15:08:10 [INFO] download_channel: [105/694] Processing gpUuttKJoDM — Mark Solms ~ Active Inference Insights 017 ~ Affect, Consciousness, Dreams
2026-02-15 15:08:10 [INFO] journal_utilities.downloader: Audio already exists for gpUuttKJoDM, skipping
2026-02-15 15:08:10 [INFO] journal_utilities.downloader: Audio for gpUuttKJoDM: skipped
2026-02-15 15:08:11 [INFO] download_channel: [106/694] Processing uO1QgxI9B3g — Wanja Wiese ~ Active Inference Insights 016 ~ Consciousness, Information Geometry, Ethical AI
2026-02-15 15:08:11 [INFO] journal_utilities.downloader: Audio already exists for uO1QgxI9B3g, skipping
2026-02-15 15:08:11 [INFO] journal_utilities.downloader: Audio for uO1QgxI9B3g: skipped
2026-02-15 15:08:12 [INFO] download_channel: [107/694] Processing v6ddfMkuSpo — Michael Levin & Franz Kuchling ~ Active Inference Insights 015 ~ Morphogenesis, Selfhood, Teleonomy
2026-02-15 15:08:12 [INFO] journal_utilities.downloader: Audio already exists for v6ddfMkuSpo, skipping
2026-02-15 15:08:12 [INFO] journal_utilities.downloader: Audio for v6ddfMkuSpo: skipped
2026-02-15 15:08:13 [INFO] download_channel: [108/694] Processing HIvGyLlZx4I — Alex Kiefer ~ Active Inference Insights 014 ~ Representations, Predictive Coding, Teleology
2026-02-15 15:08:13 [INFO] journal_utilities.downloader: Audio already exists for HIvGyLlZx4I, skipping
2026-02-15 15:08:13 [INFO] journal_utilities.downloader: Audio for HIvGyLlZx4I: skipped
2026-02-15 15:08:14 [INFO] download_channel: [109/694] Processing T5nG_5UZ_yk — ActInf MorphStream 003.1 ~ Anand Subramoney "Principles of scalability and biological inspirations"
2026-02-15 15:08:14 [INFO] journal_utilities.downloader: Audio already exists for T5nG_5UZ_yk, skipping
2026-02-15 15:08:14 [INFO] journal_utilities.downloader: Audio for T5nG_5UZ_yk: skipped
2026-02-15 15:08:15 [INFO] download_channel: [110/694] Processing bQAJKi5ewDI — Ryan Smith ~ Active Inference Insights 013 ~ Wellbeing, Modelling, Precision
2026-02-15 15:08:15 [INFO] journal_utilities.downloader: Audio already exists for bQAJKi5ewDI, skipping
2026-02-15 15:08:15 [INFO] journal_utilities.downloader: Audio for bQAJKi5ewDI: skipped
2026-02-15 15:08:16 [INFO] download_channel: [111/694] Processing Ei8LHRlmbzI — Welcome to the Active Inference Institute (2024, version 1)
2026-02-15 15:08:16 [INFO] journal_utilities.downloader: Audio already exists for Ei8LHRlmbzI, skipping
2026-02-15 15:08:16 [INFO] journal_utilities.downloader: Audio for Ei8LHRlmbzI: skipped
2026-02-15 15:08:17 [INFO] download_channel: [112/694] Processing kNel8V3TFZs — Ronald Sladky ~ Active Inference Insights 012 ~ Amygdala, Priors, fMRI
2026-02-15 15:08:17 [INFO] journal_utilities.downloader: Audio already exists for kNel8V3TFZs, skipping
2026-02-15 15:08:17 [INFO] journal_utilities.downloader: Audio for kNel8V3TFZs: skipped
2026-02-15 15:08:18 [INFO] download_channel: [113/694] Processing 5OSdKU3Viu0 — Julian Kiverstein ~ Active Inference Insights 011 ~ Affordances, Enaction, Phenomenology
2026-02-15 15:08:18 [INFO] journal_utilities.downloader: Audio already exists for 5OSdKU3Viu0, skipping
2026-02-15 15:08:18 [INFO] journal_utilities.downloader: Audio for 5OSdKU3Viu0: skipped
2026-02-15 15:08:19 [INFO] download_channel: [114/694] Processing ZeIM4mK9UuY — Projects & Measurements ~ February 8, 2024
2026-02-15 15:08:19 [INFO] journal_utilities.downloader: Audio already exists for ZeIM4mK9UuY, skipping
2026-02-15 15:08:19 [INFO] journal_utilities.downloader: Audio for ZeIM4mK9UuY: skipped
2026-02-15 15:08:20 [INFO] download_channel: [115/694] Processing kLLMB91DMPA — Lance Da Costa ~ Active Inference Insights 010 ~ Mathematics, Time, Selfhood
2026-02-15 15:08:20 [INFO] journal_utilities.downloader: Audio already exists for kLLMB91DMPA, skipping
2026-02-15 15:08:20 [INFO] journal_utilities.downloader: Audio for kLLMB91DMPA: skipped
2026-02-15 15:08:21 [INFO] download_channel: [116/694] Processing 23XMBqlFi78 — Chris Frith ~ Active Inference Insights 009 ~ Mentalizing, Schizophrenia, Consciousness
2026-02-15 15:08:21 [INFO] journal_utilities.downloader: Audio already exists for 23XMBqlFi78, skipping
2026-02-15 15:08:21 [INFO] journal_utilities.downloader: Audio for 23XMBqlFi78: skipped
2026-02-15 15:08:22 [INFO] download_channel: [117/694] Processing YxrIbWTjSp4 — Active Inference Textbook Group in early 2024 ~ Cohort 6 begins & Cohort 5 continues
2026-02-15 15:08:22 [INFO] journal_utilities.downloader: Audio already exists for YxrIbWTjSp4, skipping
2026-02-15 15:08:22 [INFO] journal_utilities.downloader: Audio for YxrIbWTjSp4: skipped
2026-02-15 15:08:23 [INFO] download_channel: [118/694] Processing oJZSGW2kCYY — Alexander Ororbia ~ Active Inference Insights 008 ~ Mortal Computation, Cybernetics, AI
2026-02-15 15:08:23 [INFO] journal_utilities.downloader: Audio already exists for oJZSGW2kCYY, skipping
2026-02-15 15:08:23 [INFO] journal_utilities.downloader: Audio for oJZSGW2kCYY: skipped
2026-02-15 15:08:24 [INFO] download_channel: [119/694] Processing 1wxxhVjSo6w — Vicente Raja & Jeff Beck  ~ Active Inference Insights 007 ~ The Markov Blanket Trick Debate
2026-02-15 15:08:24 [INFO] journal_utilities.downloader: Audio already exists for 1wxxhVjSo6w, skipping
2026-02-15 15:08:24 [INFO] journal_utilities.downloader: Audio for 1wxxhVjSo6w: skipped
2026-02-15 15:08:25 [INFO] download_channel: [120/694] Processing 7GGGBMFuRXE — Adam Safron ~ Active Inference Insights 006 ~ Psychedelics, Emotions, The Body
2026-02-15 15:08:25 [INFO] journal_utilities.downloader: Audio already exists for 7GGGBMFuRXE, skipping
2026-02-15 15:08:25 [INFO] journal_utilities.downloader: Audio for 7GGGBMFuRXE: skipped
2026-02-15 15:08:26 [INFO] download_channel: [121/694] Processing mEP-E9Q92Es — Project Preparation/Measurement at Active Inference Institute in 2024 ~ Forms open
2026-02-15 15:08:26 [INFO] journal_utilities.downloader: Audio already exists for mEP-E9Q92Es, skipping
2026-02-15 15:08:26 [INFO] journal_utilities.downloader: Audio for mEP-E9Q92Es: skipped
2026-02-15 15:08:27 [INFO] download_channel: [122/694] Processing Jutffqjgy18 — Marilyn Stendera ~ Active Inference Insights 005 ~ Autopoiesis, Heidegger, Futurity
2026-02-15 15:08:27 [INFO] journal_utilities.downloader: Audio already exists for Jutffqjgy18, skipping
2026-02-15 15:08:27 [INFO] journal_utilities.downloader: Audio for Jutffqjgy18: skipped
2026-02-15 15:08:28 [INFO] download_channel: [123/694] Processing Wp7OebX_k70 — ActInf MorphStream 002.1 ~ Alon Loeffler "From Neuromorphic Nanowire Networks to Neurons"
2026-02-15 15:08:28 [INFO] journal_utilities.downloader: Audio already exists for Wp7OebX_k70, skipping
2026-02-15 15:08:28 [INFO] journal_utilities.downloader: Audio for Wp7OebX_k70: skipped
2026-02-15 15:08:29 [INFO] download_channel: [124/694] Processing cKZIJQLhudk — Inês Hipólito ~ Active Inference Insights 004 ~ Markov Blankets, Modularity, Enactivism
2026-02-15 15:08:29 [INFO] journal_utilities.downloader: Audio already exists for cKZIJQLhudk, skipping
2026-02-15 15:08:29 [INFO] journal_utilities.downloader: Audio for cKZIJQLhudk: skipped
2026-02-15 15:08:30 [INFO] download_channel: [125/694] Processing aC8GC15sqME — John Vervaeke ~ Active Inference Insights 003 ~ Relevance Realisation, Predictive Processing, Flow
2026-02-15 15:08:30 [INFO] journal_utilities.downloader: Audio already exists for aC8GC15sqME, skipping
2026-02-15 15:08:30 [INFO] journal_utilities.downloader: Audio for aC8GC15sqME: skipped
2026-02-15 15:08:31 [INFO] download_channel: [126/694] Processing njbpi3YTMPY — Mahault Albarracin ~ Active Inference Insights 002 ~ Epistemic Communities, Social Scripts, AI
2026-02-15 15:08:31 [INFO] journal_utilities.downloader: Audio already exists for njbpi3YTMPY, skipping
2026-02-15 15:08:31 [INFO] journal_utilities.downloader: Audio for njbpi3YTMPY: skipped
2026-02-15 15:08:32 [INFO] download_channel: [127/694] Processing rOchZu64b3A — ActInf Textbook Group ~ Cohort 4 ~ Meeting 20 (Chapter 9 part 2)
2026-02-15 15:08:32 [INFO] journal_utilities.downloader: Audio already exists for rOchZu64b3A, skipping
2026-02-15 15:08:32 [INFO] journal_utilities.downloader: Audio for rOchZu64b3A: skipped
2026-02-15 15:08:33 [INFO] download_channel: [128/694] Processing k7nySEbMQDI — ActInf Textbook Group ~ Cohort 4 ~ Meeting 5 (Chapter 2 part 1)
2026-02-15 15:08:33 [INFO] journal_utilities.downloader: Audio already exists for k7nySEbMQDI, skipping
2026-02-15 15:08:33 [INFO] journal_utilities.downloader: Audio for k7nySEbMQDI: skipped
2026-02-15 15:08:34 [INFO] download_channel: [129/694] Processing yICyXcr2idI — ActInf Textbook Group ~ Cohort 4 ~ Meeting 21 (Chapter 10 part 1)
2026-02-15 15:08:34 [INFO] journal_utilities.downloader: Audio already exists for yICyXcr2idI, skipping
2026-02-15 15:08:34 [INFO] journal_utilities.downloader: Audio for yICyXcr2idI: skipped
2026-02-15 15:08:35 [INFO] download_channel: [130/694] Processing q5nQWvYZDrE — ActInf Textbook Group ~ Cohort 4 ~ Meeting 11 (Chapter 5 part 1)
2026-02-15 15:08:35 [INFO] journal_utilities.downloader: Audio already exists for q5nQWvYZDrE, skipping
2026-02-15 15:08:35 [INFO] journal_utilities.downloader: Audio for q5nQWvYZDrE: skipped
2026-02-15 15:08:36 [INFO] download_channel: [131/694] Processing nsi6IAmt4Zc — ActInf Textbook Group ~ Cohort 4 ~ Meeting 10 (Chapter 4 part 2)
2026-02-15 15:08:36 [INFO] journal_utilities.downloader: Audio already exists for nsi6IAmt4Zc, skipping
2026-02-15 15:08:36 [INFO] journal_utilities.downloader: Audio for nsi6IAmt4Zc: skipped
2026-02-15 15:08:37 [INFO] download_channel: [132/694] Processing gEL56jY7CY0 — ActInf Textbook Group ~ Cohort 4 ~ Meeting 16 (Chapter 7 part 1)
2026-02-15 15:08:37 [INFO] journal_utilities.downloader: Audio already exists for gEL56jY7CY0, skipping
2026-02-15 15:08:37 [INFO] journal_utilities.downloader: Audio for gEL56jY7CY0: skipped
2026-02-15 15:08:38 [INFO] download_channel: [133/694] Processing dlZk_iF9EqM — ActInf Textbook Group ~ Cohort 4 ~ Meeting 13 (Chapter 6 part 1)
2026-02-15 15:08:38 [INFO] journal_utilities.downloader: Audio already exists for dlZk_iF9EqM, skipping
2026-02-15 15:08:38 [INFO] journal_utilities.downloader: Audio for dlZk_iF9EqM: skipped
2026-02-15 15:08:39 [INFO] download_channel: [134/694] Processing ceHICB7bm_c — ActInf Textbook Group ~ Cohort 4 ~ Meeting 4 (Chapter 1 part 2)
2026-02-15 15:08:39 [INFO] journal_utilities.downloader: Audio already exists for ceHICB7bm_c, skipping
2026-02-15 15:08:39 [INFO] journal_utilities.downloader: Audio for ceHICB7bm_c: skipped
2026-02-15 15:08:40 [INFO] download_channel: [135/694] Processing Z8hWG4Qf92w — ActInf Textbook Group ~ Cohort 4 ~ Meeting 17 (Chapter 8 part 1)
2026-02-15 15:08:40 [INFO] journal_utilities.downloader: Audio already exists for Z8hWG4Qf92w, skipping
2026-02-15 15:08:40 [INFO] journal_utilities.downloader: Audio for Z8hWG4Qf92w: skipped
2026-02-15 15:08:41 [INFO] download_channel: [136/694] Processing QdyHzs1Slec — ActInf Textbook Group ~ Cohort 4 ~ Meeting 6 (Chapter 2 part 2)
2026-02-15 15:08:41 [INFO] journal_utilities.downloader: Audio already exists for QdyHzs1Slec, skipping
2026-02-15 15:08:41 [INFO] journal_utilities.downloader: Audio for QdyHzs1Slec: skipped
2026-02-15 15:08:42 [INFO] download_channel: [137/694] Processing MIcDVLoElk8 — ActInf Textbook Group ~ Cohort 4 ~ Meeting 7 (Chapter 3 part 1)
2026-02-15 15:08:42 [INFO] journal_utilities.downloader: Audio already exists for MIcDVLoElk8, skipping
2026-02-15 15:08:42 [INFO] journal_utilities.downloader: Audio for MIcDVLoElk8: skipped
2026-02-15 15:08:43 [INFO] download_channel: [138/694] Processing Gz0yDB6VOSI — ActInf Textbook Group ~ Cohort 4 ~ Meeting 18 (Chapter 8 part 2)
2026-02-15 15:08:43 [INFO] journal_utilities.downloader: Audio already exists for Gz0yDB6VOSI, skipping
2026-02-15 15:08:43 [INFO] journal_utilities.downloader: Audio for Gz0yDB6VOSI: skipped
2026-02-15 15:08:44 [INFO] download_channel: [139/694] Processing F6-0JpsrzFA — ActInf Textbook Group ~ Cohort 4 ~ Meeting 3 (Chapter 1 part 1)
2026-02-15 15:08:44 [INFO] journal_utilities.downloader: Audio already exists for F6-0JpsrzFA, skipping
2026-02-15 15:08:44 [INFO] journal_utilities.downloader: Audio for F6-0JpsrzFA: skipped
2026-02-15 15:08:45 [INFO] download_channel: [140/694] Processing BKgKVl_soZA — ActInf Textbook Group ~ Cohort 4 ~ Meeting 8 (Chapter 3 part 2)
2026-02-15 15:08:45 [INFO] journal_utilities.downloader: Audio already exists for BKgKVl_soZA, skipping
2026-02-15 15:08:45 [INFO] journal_utilities.downloader: Audio for BKgKVl_soZA: skipped
2026-02-15 15:08:46 [INFO] download_channel: [141/694] Processing 82jRowV0oqA — ActInf Textbook Group ~ Cohort 4 ~ Meeting 22 (Chapter 10 part 2)
2026-02-15 15:08:46 [INFO] journal_utilities.downloader: Audio already exists for 82jRowV0oqA, skipping
2026-02-15 15:08:46 [INFO] journal_utilities.downloader: Audio for 82jRowV0oqA: skipped
2026-02-15 15:08:47 [INFO] download_channel: [142/694] Processing 5a8zJ25BLYU — ActInf Textbook Group ~ Cohort 4 ~ Meeting 19 (Chapter 9 part 1)
2026-02-15 15:08:47 [INFO] journal_utilities.downloader: Audio already exists for 5a8zJ25BLYU, skipping
2026-02-15 15:08:47 [INFO] journal_utilities.downloader: Audio for 5a8zJ25BLYU: skipped
2026-02-15 15:08:48 [INFO] download_channel: [143/694] Processing -j5JXt79H3w — ActInf Textbook Group ~ Cohort 4 ~ Meeting 14 (Chapter 6 part 2)
2026-02-15 15:08:48 [INFO] journal_utilities.downloader: Audio already exists for -j5JXt79H3w, skipping
2026-02-15 15:08:48 [INFO] journal_utilities.downloader: Audio for -j5JXt79H3w: skipped
2026-02-15 15:08:49 [INFO] download_channel: [144/694] Processing 3U8AXcIaUFI — ActInf Textbook Group ~ Cohort 4 ~ Meeting 1 (Onboarding)
2026-02-15 15:08:49 [INFO] journal_utilities.downloader: Audio already exists for 3U8AXcIaUFI, skipping
2026-02-15 15:08:49 [INFO] journal_utilities.downloader: Audio for 3U8AXcIaUFI: skipped
2026-02-15 15:08:50 [INFO] download_channel: [145/694] Processing 1Ooz_N1HJ58 — ActInf Textbook Group ~ Cohort 4 ~ Meeting 12 (Chapter 5 part 2)
2026-02-15 15:08:50 [INFO] journal_utilities.downloader: Audio already exists for 1Ooz_N1HJ58, skipping
2026-02-15 15:08:50 [INFO] journal_utilities.downloader: Audio for 1Ooz_N1HJ58: skipped
2026-02-15 15:08:51 [INFO] download_channel: [146/694] Processing N5H5I6cvcrQ — Karl Friston ~ Active Inference Insights 001 ~ Free Energy, Time, Consciousness
2026-02-15 15:08:51 [INFO] journal_utilities.downloader: Audio already exists for N5H5I6cvcrQ, skipping
2026-02-15 15:08:51 [INFO] journal_utilities.downloader: Audio for N5H5I6cvcrQ: skipped
2026-02-15 15:08:52 [INFO] download_channel: [147/694] Processing hZBkiePQtvc — Scientific Advisory Board (SAB) at Active Inference Institute ~ Application open for 2024
2026-02-15 15:08:52 [INFO] journal_utilities.downloader: Audio already exists for hZBkiePQtvc, skipping
2026-02-15 15:08:52 [INFO] journal_utilities.downloader: Audio for hZBkiePQtvc: skipped
2026-02-15 15:08:53 [INFO] download_channel: [148/694] Processing yRhEbr4bpB0 — Using ResearchGPT for learning Active Inference and doing Ant research
2026-02-15 15:08:53 [INFO] journal_utilities.downloader: Audio already exists for yRhEbr4bpB0, skipping
2026-02-15 15:08:53 [INFO] journal_utilities.downloader: Audio for yRhEbr4bpB0: skipped
2026-02-15 15:08:54 [INFO] download_channel: [149/694] Processing wNCZmPM0V44 — Introduction to recording & livestreaming with OBS
2026-02-15 15:08:54 [INFO] journal_utilities.downloader: Audio already exists for wNCZmPM0V44, skipping
2026-02-15 15:08:54 [INFO] journal_utilities.downloader: Audio for wNCZmPM0V44: skipped
2026-02-15 15:08:55 [INFO] download_channel: [150/694] Processing znerIJTcqME — Active Inference ~ Parr, Pezzulo, Friston ~ Chapter 10 ~ BookStream #002.03
2026-02-15 15:08:55 [INFO] journal_utilities.downloader: Audio already exists for znerIJTcqME, skipping
2026-02-15 15:08:55 [INFO] journal_utilities.downloader: Audio for znerIJTcqME: skipped
2026-02-15 15:08:56 [INFO] download_channel: [151/694] Processing GCfJupUKc0Y — Active Inference ~ Parr, Pezzulo, Friston ~ Chapter 9 ~ BookStream #002.03
2026-02-15 15:08:56 [INFO] journal_utilities.downloader: Audio already exists for GCfJupUKc0Y, skipping
2026-02-15 15:08:56 [INFO] journal_utilities.downloader: Audio for GCfJupUKc0Y: skipped
2026-02-15 15:08:57 [INFO] download_channel: [152/694] Processing XcoPRGZRO28 — ActInf Textbook Group ~ Cohort 5 ~ Onboarding & Overview (September 2023)
2026-02-15 15:08:57 [INFO] journal_utilities.downloader: Audio already exists for XcoPRGZRO28, skipping
2026-02-15 15:08:57 [INFO] journal_utilities.downloader: Audio for XcoPRGZRO28: skipped
2026-02-15 15:08:58 [INFO] download_channel: [153/694] Processing wFjXz896pKU — ActInf Textbook Group ~ Cohort 3 ~ Meeting 4 (Chapter 2, part 1)
2026-02-15 15:08:58 [INFO] journal_utilities.downloader: Audio already exists for wFjXz896pKU, skipping
2026-02-15 15:08:58 [INFO] journal_utilities.downloader: Audio for wFjXz896pKU: skipped
2026-02-15 15:08:59 [INFO] download_channel: [154/694] Processing Q5G-5FgTCFQ — ActInf Textbook Group ~ Cohort 3 ~ Meeting 17 (Chapter 7, part 2)
2026-02-15 15:08:59 [INFO] journal_utilities.downloader: Audio already exists for Q5G-5FgTCFQ, skipping
2026-02-15 15:08:59 [INFO] journal_utilities.downloader: Audio for Q5G-5FgTCFQ: skipped
2026-02-15 15:09:00 [INFO] download_channel: [155/694] Processing MJXyGtYuK1U — ActInf Textbook Group ~ Cohort 3 ~ Meeting 5 (Chapter 2, part 2)
2026-02-15 15:09:00 [INFO] journal_utilities.downloader: Audio already exists for MJXyGtYuK1U, skipping
2026-02-15 15:09:00 [INFO] journal_utilities.downloader: Audio for MJXyGtYuK1U: skipped
2026-02-15 15:09:01 [INFO] download_channel: [156/694] Processing 6w-2IBLM6KU — ActInf Textbook Group ~ Cohort 3 ~ Meeting 19 (Chapter 8, part 2)
2026-02-15 15:09:01 [INFO] journal_utilities.downloader: Audio already exists for 6w-2IBLM6KU, skipping
2026-02-15 15:09:01 [INFO] journal_utilities.downloader: Audio for 6w-2IBLM6KU: skipped
2026-02-15 15:09:02 [INFO] download_channel: [157/694] Processing 5F8kbj05KHU — ActInf Textbook Group ~ Cohort 3 ~ Meeting 15 (Chapter 6, part 2)
2026-02-15 15:09:02 [INFO] journal_utilities.downloader: Audio already exists for 5F8kbj05KHU, skipping
2026-02-15 15:09:02 [INFO] journal_utilities.downloader: Audio for 5F8kbj05KHU: skipped
2026-02-15 15:09:03 [INFO] download_channel: [158/694] Processing 4ZffpVN-Pe4 — ActInf Textbook Group ~ Cohort 3 ~ Meeting 18 (Chapter 8, part 1)
2026-02-15 15:09:03 [INFO] journal_utilities.downloader: Audio already exists for 4ZffpVN-Pe4, skipping
2026-02-15 15:09:03 [INFO] journal_utilities.downloader: Audio for 4ZffpVN-Pe4: skipped
2026-02-15 15:09:04 [INFO] download_channel: [159/694] Processing 2UBBVXykuTM — ActInf Textbook Group ~ Cohort 3 ~ Meeting 22 (Chapter 10, part 1)
2026-02-15 15:09:04 [INFO] journal_utilities.downloader: Audio already exists for 2UBBVXykuTM, skipping
2026-02-15 15:09:04 [INFO] journal_utilities.downloader: Audio for 2UBBVXykuTM: skipped
2026-02-15 15:09:05 [INFO] download_channel: [160/694] Processing ych0eX3C3YY — ActInf Textbook Group ~ Cohort 3 ~ Meeting 16 (Chapter 7, part 1)
2026-02-15 15:09:05 [INFO] journal_utilities.downloader: Audio already exists for ych0eX3C3YY, skipping
2026-02-15 15:09:05 [INFO] journal_utilities.downloader: Audio for ych0eX3C3YY: skipped
2026-02-15 15:09:06 [INFO] download_channel: [161/694] Processing wI9O5B2m3xM — ActInf Textbook Group ~ Cohort 3 ~ Meeting 14 (Chapter 6, part 1)
2026-02-15 15:09:06 [INFO] journal_utilities.downloader: Audio already exists for wI9O5B2m3xM, skipping
2026-02-15 15:09:06 [INFO] journal_utilities.downloader: Audio for wI9O5B2m3xM: skipped
2026-02-15 15:09:07 [INFO] download_channel: [162/694] Processing lMsOOXaM2-E — ActInf Textbook Group ~ Cohort 3 ~ Meeting 6 (Chapter 3, part 1)
2026-02-15 15:09:07 [INFO] journal_utilities.downloader: Audio already exists for lMsOOXaM2-E, skipping
2026-02-15 15:09:07 [INFO] journal_utilities.downloader: Audio for lMsOOXaM2-E: skipped
2026-02-15 15:09:08 [INFO] download_channel: [163/694] Processing l6aGBYmFGCc — ActInf Textbook Group ~ Cohort 3 ~ Meeting 10 (Chapter 5, part 1)
2026-02-15 15:09:08 [INFO] journal_utilities.downloader: Audio already exists for l6aGBYmFGCc, skipping
2026-02-15 15:09:08 [INFO] journal_utilities.downloader: Audio for l6aGBYmFGCc: skipped
2026-02-15 15:09:09 [INFO] download_channel: [164/694] Processing awqzJPntNz4 — ActInf Textbook Group ~ Cohort 3 ~ Meeting 3 (Chapter 1, part 2)
2026-02-15 15:09:09 [INFO] journal_utilities.downloader: Audio already exists for awqzJPntNz4, skipping
2026-02-15 15:09:09 [INFO] journal_utilities.downloader: Audio for awqzJPntNz4: skipped
2026-02-15 15:09:10 [INFO] download_channel: [165/694] Processing Ui8SwfQDhmA — ActInf Textbook Group ~ Cohort 3 ~ Meeting 11 (Chapter 5, part 2)
2026-02-15 15:09:10 [INFO] journal_utilities.downloader: Audio already exists for Ui8SwfQDhmA, skipping
2026-02-15 15:09:10 [INFO] journal_utilities.downloader: Audio for Ui8SwfQDhmA: skipped
2026-02-15 15:09:11 [INFO] download_channel: [166/694] Processing QBEOnqGqeRY — ActInf Textbook Group ~ Cohort 3 ~ Meeting 21 (Chapter 9, part 2)
2026-02-15 15:09:11 [INFO] journal_utilities.downloader: Audio already exists for QBEOnqGqeRY, skipping
2026-02-15 15:09:11 [INFO] journal_utilities.downloader: Audio for QBEOnqGqeRY: skipped
2026-02-15 15:09:12 [INFO] download_channel: [167/694] Processing Nak508NmYYA — ActInf Textbook Group ~ Cohort 3 ~ Meeting 9 (Chapter 4, part 2)
2026-02-15 15:09:12 [INFO] journal_utilities.downloader: Audio already exists for Nak508NmYYA, skipping
2026-02-15 15:09:12 [INFO] journal_utilities.downloader: Audio for Nak508NmYYA: skipped
2026-02-15 15:09:13 [INFO] download_channel: [168/694] Processing JEz3du5S1os — ActInf Textbook Group ~ Cohort 3 ~ Meeting 8 (Chapter 4, part 1)
2026-02-15 15:09:13 [INFO] journal_utilities.downloader: Audio already exists for JEz3du5S1os, skipping
2026-02-15 15:09:13 [INFO] journal_utilities.downloader: Audio for JEz3du5S1os: skipped
2026-02-15 15:09:14 [INFO] download_channel: [169/694] Processing HyKS1A0Ga8s — ActInf Textbook Group ~ Cohort 3 ~ Meeting 2 (Chapter 1, part 1)
2026-02-15 15:09:14 [INFO] journal_utilities.downloader: Audio already exists for HyKS1A0Ga8s, skipping
2026-02-15 15:09:14 [INFO] journal_utilities.downloader: Audio for HyKS1A0Ga8s: skipped
2026-02-15 15:09:15 [INFO] download_channel: [170/694] Processing G9GfOMjF4g0 — ActInf Textbook Group ~ Cohort 3 ~ Meeting 1 (Welcome and Onboarding)
2026-02-15 15:09:15 [INFO] journal_utilities.downloader: Audio already exists for G9GfOMjF4g0, skipping
2026-02-15 15:09:15 [INFO] journal_utilities.downloader: Audio for G9GfOMjF4g0: skipped
2026-02-15 15:09:16 [INFO] download_channel: [171/694] Processing F-kYst2mxTQ — ActInf Textbook Group ~ Cohort 3 ~ Meeting 20 (Chapter 9, part 1)
2026-02-15 15:09:16 [INFO] journal_utilities.downloader: Audio already exists for F-kYst2mxTQ, skipping
2026-02-15 15:09:16 [INFO] journal_utilities.downloader: Audio for F-kYst2mxTQ: skipped
2026-02-15 15:09:17 [INFO] download_channel: [172/694] Processing 0zUYswqn8aI — ActInf Textbook Group ~ Cohort 3 ~ Meeting 7 (Chapter 3, part 2)
2026-02-15 15:09:17 [INFO] journal_utilities.downloader: Audio already exists for 0zUYswqn8aI, skipping
2026-02-15 15:09:17 [INFO] journal_utilities.downloader: Audio for 0zUYswqn8aI: skipped
2026-02-15 15:09:18 [INFO] download_channel: [173/694] Processing 0x3TIoZal9Q — ActInf Textbook Group ~ Cohort 3 ~ Meeting 23 (Chapter 10, part 2)
2026-02-15 15:09:18 [INFO] journal_utilities.downloader: Audio already exists for 0x3TIoZal9Q, skipping
2026-02-15 15:09:18 [INFO] journal_utilities.downloader: Audio for 0x3TIoZal9Q: skipped
2026-02-15 15:09:19 [INFO] download_channel: [174/694] Processing PKyPg32Lq9A — ActInf Textbook Group ~ Cohort 4 ~ Meeting 9 (Chapter 4 part 1)
2026-02-15 15:09:19 [INFO] journal_utilities.downloader: Audio already exists for PKyPg32Lq9A, skipping
2026-02-15 15:09:19 [INFO] journal_utilities.downloader: Audio for PKyPg32Lq9A: skipped
2026-02-15 15:09:20 [INFO] download_channel: [175/694] Processing rs6EjQM6EdI — PerplexityAI ~ Learning and applying Active Inference & Reading the 2022 Textbook ~ July 31, 2023
2026-02-15 15:09:20 [INFO] journal_utilities.downloader: Audio already exists for rs6EjQM6EdI, skipping
2026-02-15 15:09:20 [INFO] journal_utilities.downloader: Audio for rs6EjQM6EdI: skipped
2026-02-15 15:09:21 [INFO] download_channel: [176/694] Processing kP9sKFnWBA8 — Active Inference ~ Parr, Pezzulo, Friston ~ Chapter 8 ~ BookStream #002.02
2026-02-15 15:09:21 [INFO] journal_utilities.downloader: Audio already exists for kP9sKFnWBA8, skipping
2026-02-15 15:09:21 [INFO] journal_utilities.downloader: Audio for kP9sKFnWBA8: skipped
2026-02-15 15:09:22 [INFO] download_channel: [177/694] Processing OmjS3Rhy7KY — Active Inference ~ Parr, Pezzulo, Friston ~ Chapter 7 ~ BookStream #002.02
2026-02-15 15:09:22 [INFO] journal_utilities.downloader: Audio already exists for OmjS3Rhy7KY, skipping
2026-02-15 15:09:22 [INFO] journal_utilities.downloader: Audio for OmjS3Rhy7KY: skipped
2026-02-15 15:09:23 [INFO] download_channel: [178/694] Processing o8Ykugqn730 — Active Inference ~ Parr, Pezzulo, Friston ~ Chapter 5 ~ BookStream #002.02
2026-02-15 15:09:23 [INFO] journal_utilities.downloader: Audio already exists for o8Ykugqn730, skipping
2026-02-15 15:09:23 [INFO] journal_utilities.downloader: Audio for o8Ykugqn730: skipped
2026-02-15 15:09:24 [INFO] download_channel: [179/694] Processing Tn_gJC1Z-xQ — Active Inference ~ Parr, Pezzulo, Friston ~ Chapter 4 ~ BookStream #002.02
2026-02-15 15:09:24 [INFO] journal_utilities.downloader: Audio already exists for Tn_gJC1Z-xQ, skipping
2026-02-15 15:09:24 [INFO] journal_utilities.downloader: Audio for Tn_gJC1Z-xQ: skipped
2026-02-15 15:09:25 [INFO] download_channel: [180/694] Processing IpstHOA0o3I — ChatGPT Code Interpreter: Visualizations & Dissertations ~ Active Inference Journal ~ July 10, 2023
2026-02-15 15:09:25 [INFO] journal_utilities.downloader: Audio already exists for IpstHOA0o3I, skipping
2026-02-15 15:09:25 [INFO] journal_utilities.downloader: Audio for IpstHOA0o3I: skipped
2026-02-15 15:09:26 [INFO] download_channel: [181/694] Processing Z-giW2yeZ7A — Active Inference Ontology ~ Update and call for participation (June 8, 2023)
2026-02-15 15:09:26 [INFO] journal_utilities.downloader: Audio already exists for Z-giW2yeZ7A, skipping
2026-02-15 15:09:26 [INFO] journal_utilities.downloader: Audio for Z-giW2yeZ7A: skipped
2026-02-15 15:09:27 [INFO] download_channel: [182/694] Processing kVH6fvz784g — AI x Crypto ~ Active Entity Ontology for Science & Active Blockference ~ Active Inference Institute
2026-02-15 15:09:27 [INFO] journal_utilities.downloader: Audio already exists for kVH6fvz784g, skipping
2026-02-15 15:09:27 [INFO] journal_utilities.downloader: Audio for kVH6fvz784g: skipped
2026-02-15 15:09:28 [INFO] download_channel: [183/694] Processing U0rdFwflr4M — Active Inference ~ Parr, Pezzulo, Friston ~ Chapter 2 ~ BookStream #002.01
2026-02-15 15:09:28 [INFO] journal_utilities.downloader: Audio already exists for U0rdFwflr4M, skipping
2026-02-15 15:09:28 [INFO] journal_utilities.downloader: Audio for U0rdFwflr4M: skipped
2026-02-15 15:09:29 [INFO] download_channel: [184/694] Processing rJXyQzwUFJE — Active Inference ~ Parr, Pezzulo, Friston ~ Chapter 6 ~ BookStream #002.01
2026-02-15 15:09:29 [INFO] journal_utilities.downloader: Audio already exists for rJXyQzwUFJE, skipping
2026-02-15 15:09:29 [INFO] journal_utilities.downloader: Audio for rJXyQzwUFJE: skipped
2026-02-15 15:09:30 [INFO] download_channel: [185/694] Processing PHfgUApaWgk — Active Inference ~ Parr, Pezzulo, Friston ~ Chapter 3 ~ BookStream #002.01
2026-02-15 15:09:30 [INFO] journal_utilities.downloader: Audio already exists for PHfgUApaWgk, skipping
2026-02-15 15:09:30 [INFO] journal_utilities.downloader: Audio for PHfgUApaWgk: skipped
2026-02-15 15:09:31 [INFO] download_channel: [186/694] Processing spYhr_SdqOw — Active Inference ~ Parr, Pezzulo, Friston ~ Chapter 1 ~ BookStream #002.01
2026-02-15 15:09:31 [INFO] journal_utilities.downloader: Audio already exists for spYhr_SdqOw, skipping
2026-02-15 15:09:31 [INFO] journal_utilities.downloader: Audio for spYhr_SdqOw: skipped
2026-02-15 15:09:32 [INFO] download_channel: [187/694] Processing cxJuA012HvM — 5/22/2023 Update ~ "Physics as Information Processing" at Active Inference Journal
2026-02-15 15:09:32 [INFO] journal_utilities.downloader: Audio already exists for cxJuA012HvM, skipping
2026-02-15 15:09:32 [INFO] journal_utilities.downloader: Audio for cxJuA012HvM: skipped
2026-02-15 15:09:33 [INFO] download_channel: [188/694] Processing SV0glS6stuA — “Physics as Information Processing” by Chris Fields ~ Course overview
2026-02-15 15:09:33 [INFO] journal_utilities.downloader: Audio already exists for SV0glS6stuA, skipping
2026-02-15 15:09:33 [INFO] journal_utilities.downloader: Audio for SV0glS6stuA: skipped
2026-02-15 15:09:34 [INFO] download_channel: [189/694] Processing sOo0Ti6-U54 — ActInf Textbook Group ~ Cohort 2 ~ Meeting 14 (Chapter 6, part 1)
2026-02-15 15:09:34 [INFO] journal_utilities.downloader: Audio already exists for sOo0Ti6-U54, skipping
2026-02-15 15:09:34 [INFO] journal_utilities.downloader: Audio for sOo0Ti6-U54: skipped
2026-02-15 15:09:35 [INFO] download_channel: [190/694] Processing r9Oa35eVI8c — ActInf Textbook Group ~ Cohort 2 ~ Meeting 3 (Chapter 1, part 2)
2026-02-15 15:09:35 [INFO] journal_utilities.downloader: Audio already exists for r9Oa35eVI8c, skipping
2026-02-15 15:09:35 [INFO] journal_utilities.downloader: Audio for r9Oa35eVI8c: skipped
2026-02-15 15:09:36 [INFO] download_channel: [191/694] Processing _cmYWZ8X4J4 — ActInf Textbook Group ~ Cohort 2 ~ Meeting 9 (Chapter 4, part 2)
2026-02-15 15:09:36 [INFO] journal_utilities.downloader: Audio already exists for _cmYWZ8X4J4, skipping
2026-02-15 15:09:36 [INFO] journal_utilities.downloader: Audio for _cmYWZ8X4J4: skipped
2026-02-15 15:09:37 [INFO] download_channel: [192/694] Processing Jwu2UJi5xNA — ActInf Textbook Group ~ Cohort 2 ~ Meeting 15 (Chapter 6, part 2)
2026-02-15 15:09:37 [INFO] journal_utilities.downloader: Audio already exists for Jwu2UJi5xNA, skipping
2026-02-15 15:09:37 [INFO] journal_utilities.downloader: Audio for Jwu2UJi5xNA: skipped
2026-02-15 15:09:38 [INFO] download_channel: [193/694] Processing 7bKXo3caFH8 — ActInf Textbook Group ~ Cohort 2 ~ Meeting 10 (Chapter 5, part 1)
2026-02-15 15:09:38 [INFO] journal_utilities.downloader: Audio already exists for 7bKXo3caFH8, skipping
2026-02-15 15:09:38 [INFO] journal_utilities.downloader: Audio for 7bKXo3caFH8: skipped
2026-02-15 15:09:39 [INFO] download_channel: [194/694] Processing zE3ESd6vy9I — ActInf Textbook Group ~ Cohort 2 ~ Meeting 11 (Chapter 5, part 2)
2026-02-15 15:09:39 [INFO] journal_utilities.downloader: Audio already exists for zE3ESd6vy9I, skipping
2026-02-15 15:09:39 [INFO] journal_utilities.downloader: Audio for zE3ESd6vy9I: skipped
2026-02-15 15:09:40 [INFO] download_channel: [195/694] Processing tIjKJ8RAPfA — ActInf Textbook Group ~ Cohort 2 ~ Meeting 2 (Chapter 1)
2026-02-15 15:09:40 [INFO] journal_utilities.downloader: Audio already exists for tIjKJ8RAPfA, skipping
2026-02-15 15:09:40 [INFO] journal_utilities.downloader: Audio for tIjKJ8RAPfA: skipped
2026-02-15 15:09:41 [INFO] download_channel: [196/694] Processing s8gjDh7sin4 — ActInf Textbook Group ~ Cohort 2 ~ Meeting 8 (Chapter 4, part 1)
2026-02-15 15:09:41 [INFO] journal_utilities.downloader: Audio already exists for s8gjDh7sin4, skipping
2026-02-15 15:09:41 [INFO] journal_utilities.downloader: Audio for s8gjDh7sin4: skipped
2026-02-15 15:09:42 [INFO] download_channel: [197/694] Processing mNw1JOM71Os — ActInf Textbook Group ~ Cohort 2 ~ Meeting 18 (Chapter 8, part 1)
2026-02-15 15:09:42 [INFO] journal_utilities.downloader: Audio already exists for mNw1JOM71Os, skipping
2026-02-15 15:09:42 [INFO] journal_utilities.downloader: Audio for mNw1JOM71Os: skipped
2026-02-15 15:09:43 [INFO] download_channel: [198/694] Processing mGlgngiIH40 — ActInf Textbook Group ~ Cohort 2 ~ Meeting 5 (Chapter 2, part 2)
2026-02-15 15:09:43 [INFO] journal_utilities.downloader: Audio already exists for mGlgngiIH40, skipping
2026-02-15 15:09:43 [INFO] journal_utilities.downloader: Audio for mGlgngiIH40: skipped
2026-02-15 15:09:44 [INFO] download_channel: [199/694] Processing e9Yoha7yhk8 — ActInf Textbook Group ~ Cohort 2 ~ Meeting 21 (Chapter 9, part 2)
2026-02-15 15:09:44 [INFO] journal_utilities.downloader: Audio already exists for e9Yoha7yhk8, skipping
2026-02-15 15:09:44 [INFO] journal_utilities.downloader: Audio for e9Yoha7yhk8: skipped
2026-02-15 15:09:45 [INFO] download_channel: [200/694] Processing cULb4SvpD34 — ActInf Textbook Group ~ Cohort 2 ~ Meeting 6 (Chapter 3, part 1)
2026-02-15 15:09:45 [INFO] journal_utilities.downloader: Audio already exists for cULb4SvpD34, skipping
2026-02-15 15:09:45 [INFO] journal_utilities.downloader: Audio for cULb4SvpD34: skipped
2026-02-15 15:09:46 [INFO] download_channel: [201/694] Processing YQ1galAHOIw — ActInf Textbook Group ~ Cohort 2 ~ Meeting 22 (Chapter 10, part 1)
2026-02-15 15:09:46 [INFO] journal_utilities.downloader: Audio already exists for YQ1galAHOIw, skipping
2026-02-15 15:09:46 [INFO] journal_utilities.downloader: Audio for YQ1galAHOIw: skipped
2026-02-15 15:09:47 [INFO] download_channel: [202/694] Processing WPYR76Pfzuc — ActInf Textbook Group ~ Cohort 2 ~ Meeting 4 (Chapter 2, part 1)
2026-02-15 15:09:47 [INFO] journal_utilities.downloader: Audio already exists for WPYR76Pfzuc, skipping
2026-02-15 15:09:47 [INFO] journal_utilities.downloader: Audio for WPYR76Pfzuc: skipped
2026-02-15 15:09:48 [INFO] download_channel: [203/694] Processing W4lIy05RycM — ActInf Textbook Group ~ Cohort 2 ~ Meeting 17 (Chapter 7, part 2)
2026-02-15 15:09:48 [INFO] journal_utilities.downloader: Audio already exists for W4lIy05RycM, skipping
2026-02-15 15:09:48 [INFO] journal_utilities.downloader: Audio for W4lIy05RycM: skipped
2026-02-15 15:09:49 [INFO] download_channel: [204/694] Processing QjGcN1l6NXg — ActInf Textbook Group ~ Cohort 2 ~ Meeting 20 (Chapter 9, part 1)
2026-02-15 15:09:49 [INFO] journal_utilities.downloader: Audio already exists for QjGcN1l6NXg, skipping
2026-02-15 15:09:49 [INFO] journal_utilities.downloader: Audio for QjGcN1l6NXg: skipped
2026-02-15 15:09:50 [INFO] download_channel: [205/694] Processing On8-Ngn8pIE — ActInf Textbook Group ~ Cohort 2 ~ Meeting 23 (Chapter 10, part 2)
2026-02-15 15:09:50 [INFO] journal_utilities.downloader: Audio already exists for On8-Ngn8pIE, skipping
2026-02-15 15:09:50 [INFO] journal_utilities.downloader: Audio for On8-Ngn8pIE: skipped
2026-02-15 15:09:51 [INFO] download_channel: [206/694] Processing GhUTj0OVEU8 — ActInf Textbook Group ~ Cohort 2 ~ Meeting 16 (Chapter 7, part 1)
2026-02-15 15:09:51 [INFO] journal_utilities.downloader: Audio already exists for GhUTj0OVEU8, skipping
2026-02-15 15:09:51 [INFO] journal_utilities.downloader: Audio for GhUTj0OVEU8: skipped
2026-02-15 15:09:52 [INFO] download_channel: [207/694] Processing Fg3NqmI2R1g — ActInf Textbook Group ~ Cohort 2 ~ Meeting 1 (Welcome back, Coda & Learning Practices overview)
2026-02-15 15:09:52 [INFO] journal_utilities.downloader: Audio already exists for Fg3NqmI2R1g, skipping
2026-02-15 15:09:52 [INFO] journal_utilities.downloader: Audio for Fg3NqmI2R1g: skipped
2026-02-15 15:09:53 [INFO] download_channel: [208/694] Processing 3GJS1uVnQo4 — ActInf Textbook Group ~ Cohort 2 ~ Meeting 19 (Chapter 8, part 2)
2026-02-15 15:09:53 [INFO] journal_utilities.downloader: Audio already exists for 3GJS1uVnQo4, skipping
2026-02-15 15:09:53 [INFO] journal_utilities.downloader: Audio for 3GJS1uVnQo4: skipped
2026-02-15 15:09:54 [INFO] download_channel: [209/694] Processing 1-2-DNekZdM — ActInf Textbook Group ~ Cohort 2 ~ Meeting 13 (Welcome back to part 2)
2026-02-15 15:09:54 [INFO] journal_utilities.downloader: Audio already exists for 1-2-DNekZdM, skipping
2026-02-15 15:09:54 [INFO] journal_utilities.downloader: Audio for 1-2-DNekZdM: skipped
2026-02-15 15:09:55 [INFO] download_channel: [210/694] Processing Z7Z29pu6NnY — ActInf Textbook Group ~ Cohort 1 ~ Meeting 4 (Chapter 2 pt. 1)
2026-02-15 15:09:55 [INFO] journal_utilities.downloader: Audio already exists for Z7Z29pu6NnY, skipping
2026-02-15 15:09:55 [INFO] journal_utilities.downloader: Audio for Z7Z29pu6NnY: skipped
2026-02-15 15:09:56 [INFO] download_channel: [211/694] Processing 8OT2EC-l0N4 — ActInf Textbook Group ~ Cohort 1 ~ Meeting 3 (Appendix A + Appendix B + 2nd hour discussion)
2026-02-15 15:09:56 [INFO] journal_utilities.downloader: Audio already exists for 8OT2EC-l0N4, skipping
2026-02-15 15:09:56 [INFO] journal_utilities.downloader: Audio for 8OT2EC-l0N4: skipped
2026-02-15 15:09:57 [INFO] download_channel: [212/694] Processing 7Ti-r8f15So — ActInf Textbook Group ~ Cohort 1 ~ Meeting 23 (Chapter 10, part 1)
2026-02-15 15:09:57 [INFO] journal_utilities.downloader: Audio already exists for 7Ti-r8f15So, skipping
2026-02-15 15:09:57 [INFO] journal_utilities.downloader: Audio for 7Ti-r8f15So: skipped
2026-02-15 15:09:58 [INFO] download_channel: [213/694] Processing JJaQ0F81Ucs — ActInf Textbook Group ~ Cohort 1 ~ Meeting 5 (Chapter 2 pt. 2)
2026-02-15 15:09:58 [INFO] journal_utilities.downloader: Audio already exists for JJaQ0F81Ucs, skipping
2026-02-15 15:09:58 [INFO] journal_utilities.downloader: Audio for JJaQ0F81Ucs: skipped
2026-02-15 15:09:59 [INFO] download_channel: [214/694] Processing dLWepm5noE8 — ActInf Textbook Group ~ Cohort 1 ~ Meeting 19  (Chapter 8, part 1)
2026-02-15 15:09:59 [INFO] journal_utilities.downloader: Audio already exists for dLWepm5noE8, skipping
2026-02-15 15:09:59 [INFO] journal_utilities.downloader: Audio for dLWepm5noE8: skipped
2026-02-15 15:10:00 [INFO] download_channel: [215/694] Processing wNrcVOKwpOY — ActInf Textbook Group ~ Cohort 1 ~ Meeting 18  (Chapter 7, part 2)
2026-02-15 15:10:00 [INFO] journal_utilities.downloader: Audio already exists for wNrcVOKwpOY, skipping
2026-02-15 15:10:00 [INFO] journal_utilities.downloader: Audio for wNrcVOKwpOY: skipped
2026-02-15 15:10:01 [INFO] download_channel: [216/694] Processing rvwMeZpA91U — ActInf Textbook Group ~ Cohort 1 ~ Meeting 9 (Chapter 4 pt. 2)
2026-02-15 15:10:01 [INFO] journal_utilities.downloader: Audio already exists for rvwMeZpA91U, skipping
2026-02-15 15:10:01 [INFO] journal_utilities.downloader: Audio for rvwMeZpA91U: skipped
2026-02-15 15:10:02 [INFO] download_channel: [217/694] Processing pJy1M1RnirA — ActInf Textbook Group ~ Cohort 1 ~ Meeting 2 (Chapter 1)
2026-02-15 15:10:02 [INFO] journal_utilities.downloader: Audio already exists for pJy1M1RnirA, skipping
2026-02-15 15:10:02 [INFO] journal_utilities.downloader: Audio for pJy1M1RnirA: skipped
2026-02-15 15:10:03 [INFO] download_channel: [218/694] Processing ogvzkg-0qjY — ActInf Textbook Group ~ Cohort 1 ~ Meeting 14 (Welcome back, starting of Chapters 6-10)
2026-02-15 15:10:03 [INFO] journal_utilities.downloader: Audio already exists for ogvzkg-0qjY, skipping
2026-02-15 15:10:03 [INFO] journal_utilities.downloader: Audio for ogvzkg-0qjY: skipped
2026-02-15 15:10:04 [INFO] download_channel: [219/694] Processing ogV63M3uTlQ — ActInf Textbook Group ~ Cohort 1 ~ Meeting 1 (Onboarding)
2026-02-15 15:10:04 [INFO] journal_utilities.downloader: Audio already exists for ogV63M3uTlQ, skipping
2026-02-15 15:10:04 [INFO] journal_utilities.downloader: Audio for ogV63M3uTlQ: skipped
2026-02-15 15:10:05 [INFO] download_channel: [220/694] Processing kpBrzN8X1ZA — ActInf Textbook Group ~ Cohort 1 ~ Meeting 12 (Review, Questions, Feedback)
2026-02-15 15:10:05 [INFO] journal_utilities.downloader: Audio already exists for kpBrzN8X1ZA, skipping
2026-02-15 15:10:05 [INFO] journal_utilities.downloader: Audio for kpBrzN8X1ZA: skipped
2026-02-15 15:10:06 [INFO] download_channel: [221/694] Processing ZATda5W08qY — ActInf Textbook Group ~ Cohort 1 ~ Meeting 11 (Chapter 5 pt. 2)
2026-02-15 15:10:06 [INFO] journal_utilities.downloader: Audio already exists for ZATda5W08qY, skipping
2026-02-15 15:10:06 [INFO] journal_utilities.downloader: Audio for ZATda5W08qY: skipped
2026-02-15 15:10:07 [INFO] download_channel: [222/694] Processing QvAApEfYBmk — ActInf Textbook Group ~ Cohort 1 ~ Meeting 20 (Chapter 8, part 2)
2026-02-15 15:10:07 [INFO] journal_utilities.downloader: Audio already exists for QvAApEfYBmk, skipping
2026-02-15 15:10:07 [INFO] journal_utilities.downloader: Audio for QvAApEfYBmk: skipped
2026-02-15 15:10:08 [INFO] download_channel: [223/694] Processing NT30pJ_sb6A — ActInf Textbook Group ~ Cohort 1 ~ Meeting 10 (Chapter 5 pt. 1)
2026-02-15 15:10:08 [INFO] journal_utilities.downloader: Audio already exists for NT30pJ_sb6A, skipping
2026-02-15 15:10:08 [INFO] journal_utilities.downloader: Audio for NT30pJ_sb6A: skipped
2026-02-15 15:10:09 [INFO] download_channel: [224/694] Processing MXbknE8EZp0 — ActInf Textbook Group ~ Cohort 1 ~ Meeting 6 (Chapter 3 pt. 1)
2026-02-15 15:10:09 [INFO] journal_utilities.downloader: Audio already exists for MXbknE8EZp0, skipping
2026-02-15 15:10:09 [INFO] journal_utilities.downloader: Audio for MXbknE8EZp0: skipped
2026-02-15 15:10:10 [INFO] download_channel: [225/694] Processing HCuGxvefPOE — ActInf Textbook Group ~ Cohort 1 ~ Meeting 21 (Chapter 9, part 1)
2026-02-15 15:10:10 [INFO] journal_utilities.downloader: Audio already exists for HCuGxvefPOE, skipping
2026-02-15 15:10:10 [INFO] journal_utilities.downloader: Audio for HCuGxvefPOE: skipped
2026-02-15 15:10:11 [INFO] download_channel: [226/694] Processing GYBF_c-ajgI — ActInf Textbook Group ~ Cohort 1 ~ Meeting 22 (Chapter 9, part 2)
2026-02-15 15:10:11 [INFO] journal_utilities.downloader: Audio already exists for GYBF_c-ajgI, skipping
2026-02-15 15:10:11 [INFO] journal_utilities.downloader: Audio for GYBF_c-ajgI: skipped
2026-02-15 15:10:12 [INFO] download_channel: [227/694] Processing DrNJfmf_IdA — ActInf Textbook Group ~ Cohort 1 ~ Meeting 24 (Chapter 10, part 2)
2026-02-15 15:10:12 [INFO] journal_utilities.downloader: Audio already exists for DrNJfmf_IdA, skipping
2026-02-15 15:10:12 [INFO] journal_utilities.downloader: Audio for DrNJfmf_IdA: skipped
2026-02-15 15:10:13 [INFO] download_channel: [228/694] Processing Cd6rz0HzOe8 — ActInf Textbook Group ~ Cohort 1 ~ Meeting 13 (Feedback, Next steps, Projects)
2026-02-15 15:10:13 [INFO] journal_utilities.downloader: Audio already exists for Cd6rz0HzOe8, skipping
2026-02-15 15:10:13 [INFO] journal_utilities.downloader: Audio for Cd6rz0HzOe8: skipped
2026-02-15 15:10:14 [INFO] download_channel: [229/694] Processing 8HKcr0bOLG4 — ActInf Textbook Group ~ Cohort 1 ~ Meeting 17 (Chapter 7, part 1)
2026-02-15 15:10:14 [INFO] journal_utilities.downloader: Audio already exists for 8HKcr0bOLG4, skipping
2026-02-15 15:10:14 [INFO] journal_utilities.downloader: Audio for 8HKcr0bOLG4: skipped
2026-02-15 15:10:15 [INFO] download_channel: [230/694] Processing 8DlXH6Wk_h8 — ActInf Textbook Group ~ Cohort 1 ~ Meeting 16 (Chapter 6, part 2)
2026-02-15 15:10:15 [INFO] journal_utilities.downloader: Audio already exists for 8DlXH6Wk_h8, skipping
2026-02-15 15:10:15 [INFO] journal_utilities.downloader: Audio for 8DlXH6Wk_h8: skipped
2026-02-15 15:10:16 [INFO] download_channel: [231/694] Processing 4q-UYQMMrDg — ActInf Textbook Group ~ Cohort 1 ~ Meeting 15 (Chapter 6, part 1)
2026-02-15 15:10:16 [INFO] journal_utilities.downloader: Audio already exists for 4q-UYQMMrDg, skipping
2026-02-15 15:10:16 [INFO] journal_utilities.downloader: Audio for 4q-UYQMMrDg: skipped
2026-02-15 15:10:17 [INFO] download_channel: [232/694] Processing 08iZGLAqI8E — ActInf Textbook Group ~ Cohort 1 ~ Meeting 8 (Chapter 4 pt. 1)
2026-02-15 15:10:17 [INFO] journal_utilities.downloader: Audio already exists for 08iZGLAqI8E, skipping
2026-02-15 15:10:17 [INFO] journal_utilities.downloader: Audio for 08iZGLAqI8E: skipped
2026-02-15 15:10:18 [INFO] download_channel: [233/694] Processing AKeKLERgmQA — ActInf Textbook Group ~ Cohort 1 ~ Meeting 7 (Chapter 3 pt. 2)
2026-02-15 15:10:18 [INFO] journal_utilities.downloader: Audio already exists for AKeKLERgmQA, skipping
2026-02-15 15:10:18 [INFO] journal_utilities.downloader: Audio for AKeKLERgmQA: skipped
2026-02-15 15:10:19 [INFO] download_channel: [234/694] Processing W0637hJm_D4 — Active Inference Institute ~ 2022 Quarterly Roundtable #4
2026-02-15 15:10:19 [INFO] journal_utilities.downloader: Audio already exists for W0637hJm_D4, skipping
2026-02-15 15:10:19 [INFO] journal_utilities.downloader: Audio for W0637hJm_D4: skipped
2026-02-15 15:10:20 [INFO] download_channel: [235/694] Processing tOFA7FODn8w — ActInf GuestStream #024.1 ~ Stephen Grossberg, "Explainable and Reliable AI"
2026-02-15 15:10:20 [INFO] journal_utilities.downloader: Audio already exists for tOFA7FODn8w, skipping
2026-02-15 15:10:20 [INFO] journal_utilities.downloader: Audio for tOFA7FODn8w: skipped
2026-02-15 15:10:21 [INFO] download_channel: [236/694] Processing XSYxOt8CRDI — ActInf Livestream #025.2  ~ "The Computational Boundary of a Self"
2026-02-15 15:10:21 [INFO] journal_utilities.downloader: Audio already exists for XSYxOt8CRDI, skipping
2026-02-15 15:10:21 [INFO] journal_utilities.downloader: Audio for XSYxOt8CRDI: skipped
2026-02-15 15:10:22 [INFO] download_channel: [237/694] Processing hW9IiOujS1E — Prof. Karl Friston ~ Applied Active Inference Symposium pt. 3 (Tools)
2026-02-15 15:10:22 [INFO] journal_utilities.downloader: Audio already exists for hW9IiOujS1E, skipping
2026-02-15 15:10:22 [INFO] journal_utilities.downloader: Audio for hW9IiOujS1E: skipped
2026-02-15 15:10:23 [INFO] download_channel: [238/694] Processing X2GwqUVLlcs — Prof. Karl Friston ~ Applied Active Inference Symposium pt. 2 (Communication)
2026-02-15 15:10:23 [INFO] journal_utilities.downloader: Audio already exists for X2GwqUVLlcs, skipping
2026-02-15 15:10:23 [INFO] journal_utilities.downloader: Audio for X2GwqUVLlcs: skipped
2026-02-15 15:10:24 [INFO] download_channel: [239/694] Processing INRaCBikpso — Prof. Karl Friston ~ Applied Active Inference Symposium pt. 1 (Education)
2026-02-15 15:10:24 [INFO] journal_utilities.downloader: Audio already exists for INRaCBikpso, skipping
2026-02-15 15:10:24 [INFO] journal_utilities.downloader: Audio for INRaCBikpso: skipped
2026-02-15 15:10:25 [INFO] download_channel: [240/694] Processing szCSh8pVEa4 — ActInf Livestream #020.1 ~ The Emperor’s New Markov Blankets (full upload)
2026-02-15 15:10:25 [INFO] journal_utilities.downloader: Audio already exists for szCSh8pVEa4, skipping
2026-02-15 15:10:25 [INFO] journal_utilities.downloader: Audio for szCSh8pVEa4: skipped
2026-02-15 15:10:26 [INFO] download_channel: [241/694] Processing MlvyehPDQXg — ActInf Livestream #021.02 ~ John Boik
2026-02-15 15:10:26 [INFO] journal_utilities.downloader: Audio already exists for MlvyehPDQXg, skipping
2026-02-15 15:10:26 [INFO] journal_utilities.downloader: Audio for MlvyehPDQXg: skipped
2026-02-15 15:10:27 [INFO] download_channel: [242/694] Processing y4tljwMAWho — ActInf Livestream #006.2: "A tale of two densities" (2020) REUPLOAD
2026-02-15 15:10:27 [INFO] journal_utilities.downloader: Audio already exists for y4tljwMAWho, skipping
2026-02-15 15:10:27 [INFO] journal_utilities.downloader: Audio for y4tljwMAWho: skipped
2026-02-15 15:10:28 [INFO] download_channel: [243/694] Processing ijuxHfPDd3U — ActInf Livestream #003.2  "A World Unto Itself: Human Communication as Active Inference"
2026-02-15 15:10:28 [INFO] journal_utilities.downloader: Audio already exists for ijuxHfPDd3U, skipping
2026-02-15 15:10:28 [INFO] journal_utilities.downloader: Audio for ijuxHfPDd3U: skipped
2026-02-15 15:10:29 [INFO] download_channel: [244/694] Processing QmVuId8SY8k — Karl Friston "Active inference and deep temporal models" 23.09.19
2026-02-15 15:10:29 [INFO] journal_utilities.downloader: Audio already exists for QmVuId8SY8k, skipping
2026-02-15 15:10:29 [INFO] journal_utilities.downloader: Audio for QmVuId8SY8k: skipped
2026-02-15 15:10:30 [INFO] download_channel: [245/694] Processing 2NB7hTsp_F0 — ActInf ModelStream 021.1: Melih Kandemir: "Distributional Active Inference"
2026-02-15 15:10:30 [DEBUG] journal_utilities.downloader: yt-dlp audio cmd: yt-dlp --remote-components ejs:github --no-warnings --cookies-from-browser safari -x --audio-format mp3 --audio-quality 0 -o data/output/audio/%(id)s.%(ext)s https://www.youtube.com/watch?v=2NB7hTsp_F0
2026-02-15 15:10:31 [ERROR] journal_utilities.downloader: Audio download failed for 2NB7hTsp_F0: 
Usage: yt-dlp [OPTIONS] URL [URL...]

yt-dlp: error: no such option: --remote-components

2026-02-15 15:10:31 [INFO] journal_utilities.downloader: Audio for 2NB7hTsp_F0: failed (
Usage: yt-dlp [OPTIONS] URL [URL...]

yt-dlp: error: no such option: --remote-components
)
2026-02-15 15:10:32 [INFO] download_channel: [246/694] Processing dTcuDE6nUpg — ActInf GuestStream 015.4 Bobby Azarian: A Strange Loop Solution to the Hard Problem of Consciousness
2026-02-15 15:10:32 [DEBUG] journal_utilities.downloader: yt-dlp audio cmd: yt-dlp --remote-components ejs:github --no-warnings --cookies-from-browser safari -x --audio-format mp3 --audio-quality 0 -o data/output/audio/%(id)s.%(ext)s https://www.youtube.com/watch?v=dTcuDE6nUpg
2026-02-15 15:10:32 [ERROR] journal_utilities.downloader: Audio download failed for dTcuDE6nUpg: 
Usage: yt-dlp [OPTIONS] URL [URL...]

yt-dlp: error: no such option: --remote-components

2026-02-15 15:10:32 [INFO] journal_utilities.downloader: Audio for dTcuDE6nUpg: failed (
Usage: yt-dlp [OPTIONS] URL [URL...]

yt-dlp: error: no such option: --remote-components
)
2026-02-15 15:10:33 [INFO] download_channel: [247/694] Processing GngvdY7-w10 — Active InferAnt Stream 017.1 ~ "Of Course I Can": Active Inference Courses for All
2026-02-15 15:10:33 [INFO] journal_utilities.downloader: Audio already exists for GngvdY7-w10, skipping
2026-02-15 15:10:33 [INFO] journal_utilities.downloader: Audio for GngvdY7-w10: skipped
2026-02-15 15:10:34 [INFO] download_channel: [248/694] Processing CFqMSSJ1X5g — ActInf ModelStream 020.1: Kenric Nelson: "Learning extreme models with the Coupled Free Energy"
2026-02-15 15:10:34 [INFO] journal_utilities.downloader: Audio already exists for CFqMSSJ1X5g, skipping
2026-02-15 15:10:34 [INFO] journal_utilities.downloader: Audio for CFqMSSJ1X5g: skipped
2026-02-15 15:10:35 [INFO] download_channel: [249/694] Processing jm70DuWHUI0 — ActInf GuestStream 126.1 ~ Distributed Information and Computation in Generic Quantum Systems
2026-02-15 15:10:35 [INFO] journal_utilities.downloader: Audio already exists for jm70DuWHUI0, skipping
2026-02-15 15:10:35 [INFO] journal_utilities.downloader: Audio for jm70DuWHUI0: skipped
2026-02-15 15:10:36 [INFO] download_channel: [250/694] Processing q6Z-4aXO36U — ActInf ModelStream 019.1: Active Inference in Discrete State Spaces from First Principles (P. Kenny)
2026-02-15 15:10:36 [INFO] journal_utilities.downloader: Audio already exists for q6Z-4aXO36U, skipping
2026-02-15 15:10:36 [INFO] journal_utilities.downloader: Audio for q6Z-4aXO36U: skipped
2026-02-15 15:10:37 [INFO] download_channel: [251/694] Processing 09FfbL1YYOI — Active Inference Institute ~ 2025 Quarterly Roundtable #4
2026-02-15 15:10:37 [INFO] journal_utilities.downloader: Audio already exists for 09FfbL1YYOI, skipping
2026-02-15 15:10:37 [INFO] journal_utilities.downloader: Audio for 09FfbL1YYOI: skipped
2026-02-15 15:10:38 [INFO] download_channel: [252/694] Processing gS-qhMNFm84 — 2025 ReviewStream
2026-02-15 15:10:38 [INFO] journal_utilities.downloader: Audio already exists for gS-qhMNFm84, skipping
2026-02-15 15:10:38 [INFO] journal_utilities.downloader: Audio for gS-qhMNFm84: skipped
2026-02-15 15:10:39 [INFO] download_channel: [253/694] Processing LmgPFAlNHNQ — ActInf GuestStream 125.1 ~ From Charles Darwin’s “Root Brain” to Nikola Tesla’s “6G World Brain”...
2026-02-15 15:10:39 [INFO] journal_utilities.downloader: Audio already exists for LmgPFAlNHNQ, skipping
2026-02-15 15:10:39 [INFO] journal_utilities.downloader: Audio for LmgPFAlNHNQ: skipped
2026-02-15 15:10:40 [INFO] download_channel: [254/694] Processing vUraSyZnsDo — Active InferAnt Stream 016.2 ~ Generative Education: What Will We Do With Our Faculties?
2026-02-15 15:10:40 [DEBUG] journal_utilities.downloader: yt-dlp audio cmd: yt-dlp --remote-components ejs:github --no-warnings --cookies-from-browser safari -x --audio-format mp3 --audio-quality 0 -o data/output/audio/%(id)s.%(ext)s https://www.youtube.com/watch?v=vUraSyZnsDo
2026-02-15 15:10:40 [ERROR] journal_utilities.downloader: Audio download failed for vUraSyZnsDo: 
Usage: yt-dlp [OPTIONS] URL [URL...]

yt-dlp: error: no such option: --remote-components

2026-02-15 15:10:40 [INFO] journal_utilities.downloader: Audio for vUraSyZnsDo: failed (
Usage: yt-dlp [OPTIONS] URL [URL...]

yt-dlp: error: no such option: --remote-components
)
2026-02-15 15:10:41 [INFO] download_channel: [255/694] Processing AKyK7kKgI28 — ActInf GuestStream 124.1 ~ Ty Roachford: "PCT vs. FEP: A Comparison"
2026-02-15 15:10:41 [DEBUG] journal_utilities.downloader: yt-dlp audio cmd: yt-dlp --remote-components ejs:github --no-warnings --cookies-from-browser safari -x --audio-format mp3 --audio-quality 0 -o data/output/audio/%(id)s.%(ext)s https://www.youtube.com/watch?v=AKyK7kKgI28
2026-02-15 15:10:41 [ERROR] journal_utilities.downloader: Audio download failed for AKyK7kKgI28: 
Usage: yt-dlp [OPTIONS] URL [URL...]

yt-dlp: error: no such option: --remote-components

2026-02-15 15:10:41 [INFO] journal_utilities.downloader: Audio for AKyK7kKgI28: failed (
Usage: yt-dlp [OPTIONS] URL [URL...]

yt-dlp: error: no such option: --remote-components
)
2026-02-15 15:10:42 [INFO] download_channel: [256/694] Processing GNAoP8T9WW4 — Active InferAnt Stream 016.1 ~ Actionable Template-driven Research: Operational Meta-Science
2026-02-15 15:10:42 [DEBUG] journal_utilities.downloader: yt-dlp audio cmd: yt-dlp --remote-components ejs:github --no-warnings --cookies-from-browser safari -x --audio-format mp3 --audio-quality 0 -o data/output/audio/%(id)s.%(ext)s https://www.youtube.com/watch?v=GNAoP8T9WW4
2026-02-15 15:10:42 [ERROR] journal_utilities.downloader: Audio download failed for GNAoP8T9WW4: 
Usage: yt-dlp [OPTIONS] URL [URL...]

yt-dlp: error: no such option: --remote-components

2026-02-15 15:10:42 [INFO] journal_utilities.downloader: Audio for GNAoP8T9WW4: failed (
Usage: yt-dlp [OPTIONS] URL [URL...]

yt-dlp: error: no such option: --remote-components
)
2026-02-15 15:10:43 [INFO] download_channel: [257/694] Processing v7aSUMX1nfs — 5th Applied Active Inference Symposium (Part 3, Nov 14, 2025) ~ LIVE
2026-02-15 15:10:43 [DEBUG] journal_utilities.downloader: yt-dlp audio cmd: yt-dlp --remote-components ejs:github --no-warnings --cookies-from-browser safari -x --audio-format mp3 --audio-quality 0 -o data/output/audio/%(id)s.%(ext)s https://www.youtube.com/watch?v=v7aSUMX1nfs
2026-02-15 15:10:43 [ERROR] journal_utilities.downloader: Audio download failed for v7aSUMX1nfs: 
Usage: yt-dlp [OPTIONS] URL [URL...]

yt-dlp: error: no such option: --remote-components

2026-02-15 15:10:43 [INFO] journal_utilities.downloader: Audio for v7aSUMX1nfs: failed (
Usage: yt-dlp [OPTIONS] URL [URL...]

yt-dlp: error: no such option: --remote-components
)
2026-02-15 15:10:44 [INFO] download_channel: [258/694] Processing VTivWre-8Kk — 5th Applied Active Inference Symposium (Part 1, Nov 12, 2025) ~ LIVE
2026-02-15 15:10:44 [DEBUG] journal_utilities.downloader: yt-dlp audio cmd: yt-dlp --remote-components ejs:github --no-warnings --cookies-from-browser safari -x --audio-format mp3 --audio-quality 0 -o data/output/audio/%(id)s.%(ext)s https://www.youtube.com/watch?v=VTivWre-8Kk
2026-02-15 15:10:45 [ERROR] journal_utilities.downloader: Audio download failed for VTivWre-8Kk: 
Usage: yt-dlp [OPTIONS] URL [URL...]

yt-dlp: error: no such option: --remote-components

2026-02-15 15:10:45 [INFO] journal_utilities.downloader: Audio for VTivWre-8Kk: failed (
Usage: yt-dlp [OPTIONS] URL [URL...]

yt-dlp: error: no such option: --remote-components
)
2026-02-15 15:10:46 [INFO] download_channel: [259/694] Processing hCIxFkdu_-Y — Applied Active Inference Symposium tomorrow (Nov 11, 2025 update)
2026-02-15 15:10:46 [DEBUG] journal_utilities.downloader: yt-dlp audio cmd: yt-dlp --remote-components ejs:github --no-warnings --cookies-from-browser safari -x --audio-format mp3 --audio-quality 0 -o data/output/audio/%(id)s.%(ext)s https://www.youtube.com/watch?v=hCIxFkdu_-Y
2026-02-15 15:10:46 [ERROR] journal_utilities.downloader: Audio download failed for hCIxFkdu_-Y: 
Usage: yt-dlp [OPTIONS] URL [URL...]

yt-dlp: error: no such option: --remote-components

2026-02-15 15:10:46 [INFO] journal_utilities.downloader: Audio for hCIxFkdu_-Y: failed (
Usage: yt-dlp [OPTIONS] URL [URL...]

yt-dlp: error: no such option: --remote-components
)
2026-02-15 15:10:47 [INFO] download_channel: [260/694] Processing No0GIVMujik — ActInf GuestStream 123.1 ~ Marcelo Guzman: "Learning in Physical Systems"
2026-02-15 15:10:47 [DEBUG] journal_utilities.downloader: yt-dlp audio cmd: yt-dlp --remote-components ejs:github --no-warnings --cookies-from-browser safari -x --audio-format mp3 --audio-quality 0 -o data/output/audio/%(id)s.%(ext)s https://www.youtube.com/watch?v=No0GIVMujik
2026-02-15 15:10:47 [ERROR] journal_utilities.downloader: Audio download failed for No0GIVMujik: 
Usage: yt-dlp [OPTIONS] URL [URL...]

yt-dlp: error: no such option: --remote-components

2026-02-15 15:10:47 [INFO] journal_utilities.downloader: Audio for No0GIVMujik: failed (
Usage: yt-dlp [OPTIONS] URL [URL...]

yt-dlp: error: no such option: --remote-components
)
2026-02-15 15:10:48 [INFO] download_channel: [261/694] Processing nFnZSIqoFv4 — ActInf GuestStream 082.7 ~ Robert Worden "Language and Human Nature"
2026-02-15 15:10:48 [DEBUG] journal_utilities.downloader: yt-dlp audio cmd: yt-dlp --remote-components ejs:github --no-warnings --cookies-from-browser safari -x --audio-format mp3 --audio-quality 0 -o data/output/audio/%(id)s.%(ext)s https://www.youtube.com/watch?v=nFnZSIqoFv4
2026-02-15 15:10:48 [ERROR] journal_utilities.downloader: Audio download failed for nFnZSIqoFv4: 
Usage: yt-dlp [OPTIONS] URL [URL...]

yt-dlp: error: no such option: --remote-components

2026-02-15 15:10:48 [INFO] journal_utilities.downloader: Audio for nFnZSIqoFv4: failed (
Usage: yt-dlp [OPTIONS] URL [URL...]

yt-dlp: error: no such option: --remote-components
)
2026-02-15 15:10:49 [INFO] download_channel: [262/694] Processing iaKDs6TQj0Q — ActInf GuestStream 122.1 ~ Radical Relation, Scaling without Hierarchies, Models without the Meat
2026-02-15 15:10:49 [DEBUG] journal_utilities.downloader: yt-dlp audio cmd: yt-dlp --remote-components ejs:github --no-warnings --cookies-from-browser safari -x --audio-format mp3 --audio-quality 0 -o data/output/audio/%(id)s.%(ext)s https://www.youtube.com/watch?v=iaKDs6TQj0Q
2026-02-15 15:10:49 [ERROR] journal_utilities.downloader: Audio download failed for iaKDs6TQj0Q: 
Usage: yt-dlp [OPTIONS] URL [URL...]

yt-dlp: error: no such option: --remote-components

2026-02-15 15:10:49 [INFO] journal_utilities.downloader: Audio for iaKDs6TQj0Q: failed (
Usage: yt-dlp [OPTIONS] URL [URL...]

yt-dlp: error: no such option: --remote-components
)
2026-02-15 15:10:50 [INFO] download_channel: [263/694] Processing vUO6t1pD0Hg — ActInf GuestStream 082.6 ~ Robert Worden "A Unified Theory of Language"
2026-02-15 15:10:50 [DEBUG] journal_utilities.downloader: yt-dlp audio cmd: yt-dlp --remote-components ejs:github --no-warnings --cookies-from-browser safari -x --audio-format mp3 --audio-quality 0 -o data/output/audio/%(id)s.%(ext)s https://www.youtube.com/watch?v=vUO6t1pD0Hg
2026-02-15 15:10:50 [ERROR] journal_utilities.downloader: Audio download failed for vUO6t1pD0Hg: 
Usage: yt-dlp [OPTIONS] URL [URL...]

yt-dlp: error: no such option: --remote-components

2026-02-15 15:10:50 [INFO] journal_utilities.downloader: Audio for vUO6t1pD0Hg: failed (
Usage: yt-dlp [OPTIONS] URL [URL...]

yt-dlp: error: no such option: --remote-components
)
2026-02-15 15:10:51 [INFO] download_channel: [264/694] Processing PPKFlARc7gY — Active Inference Institute ~ 2025 Quarterly Roundtable #3
2026-02-15 15:10:51 [DEBUG] journal_utilities.downloader: yt-dlp audio cmd: yt-dlp --remote-components ejs:github --no-warnings --cookies-from-browser safari -x --audio-format mp3 --audio-quality 0 -o data/output/audio/%(id)s.%(ext)s https://www.youtube.com/watch?v=PPKFlARc7gY
2026-02-15 15:10:51 [ERROR] journal_utilities.downloader: Audio download failed for PPKFlARc7gY: 
Usage: yt-dlp [OPTIONS] URL [URL...]

yt-dlp: error: no such option: --remote-components

2026-02-15 15:10:51 [INFO] journal_utilities.downloader: Audio for PPKFlARc7gY: failed (
Usage: yt-dlp [OPTIONS] URL [URL...]

yt-dlp: error: no such option: --remote-components
)
2026-02-15 15:10:52 [INFO] download_channel: [265/694] Processing FeD_L8oOhIk — ActInf GuestStream 121.1 ~ Conscious active inference (Wiest and Puniani)
2026-02-15 15:10:52 [DEBUG] journal_utilities.downloader: yt-dlp audio cmd: yt-dlp --remote-components ejs:github --no-warnings --cookies-from-browser safari -x --audio-format mp3 --audio-quality 0 -o data/output/audio/%(id)s.%(ext)s https://www.youtube.com/watch?v=FeD_L8oOhIk
2026-02-15 15:10:53 [ERROR] journal_utilities.downloader: Audio download failed for FeD_L8oOhIk: 
Usage: yt-dlp [OPTIONS] URL [URL...]

yt-dlp: error: no such option: --remote-components

2026-02-15 15:10:53 [INFO] journal_utilities.downloader: Audio for FeD_L8oOhIk: failed (
Usage: yt-dlp [OPTIONS] URL [URL...]

yt-dlp: error: no such option: --remote-components
)
2026-02-15 15:10:54 [INFO] download_channel: [266/694] Processing vwppypTticY — ActInf GuestStream 120.1 ~ Temporal Cognition and the Emergent Properties of Consciousness
2026-02-15 15:10:54 [DEBUG] journal_utilities.downloader: yt-dlp audio cmd: yt-dlp --remote-components ejs:github --no-warnings --cookies-from-browser safari -x --audio-format mp3 --audio-quality 0 -o data/output/audio/%(id)s.%(ext)s https://www.youtube.com/watch?v=vwppypTticY
2026-02-15 15:10:54 [ERROR] journal_utilities.downloader: Audio download failed for vwppypTticY: 
Usage: yt-dlp [OPTIONS] URL [URL...]

yt-dlp: error: no such option: --remote-components

2026-02-15 15:10:54 [INFO] journal_utilities.downloader: Audio for vwppypTticY: failed (
Usage: yt-dlp [OPTIONS] URL [URL...]

yt-dlp: error: no such option: --remote-components
)
2026-02-15 15:10:55 [INFO] download_channel: [267/694] Processing O4JkF40yvqU — ActInf GuestStream 119.1 Thermal Macroeconomics: An axiomatic theory of aggregate economic phenomena
2026-02-15 15:10:55 [DEBUG] journal_utilities.downloader: yt-dlp audio cmd: yt-dlp --remote-components ejs:github --no-warnings --cookies-from-browser safari -x --audio-format mp3 --audio-quality 0 -o data/output/audio/%(id)s.%(ext)s https://www.youtube.com/watch?v=O4JkF40yvqU
2026-02-15 15:10:55 [ERROR] journal_utilities.downloader: Audio download failed for O4JkF40yvqU: 
Usage: yt-dlp [OPTIONS] URL [URL...]

yt-dlp: error: no such option: --remote-components

2026-02-15 15:10:55 [INFO] journal_utilities.downloader: Audio for O4JkF40yvqU: failed (
Usage: yt-dlp [OPTIONS] URL [URL...]

yt-dlp: error: no such option: --remote-components
)
2026-02-15 15:10:56 [INFO] download_channel: [268/694] Processing 0cOV7-St2Ws — Active InferAnt Stream 015.1 ~ START/HERE: A Map & What Might Happen Next
2026-02-15 15:10:56 [DEBUG] journal_utilities.downloader: yt-dlp audio cmd: yt-dlp --remote-components ejs:github --no-warnings --cookies-from-browser safari -x --audio-format mp3 --audio-quality 0 -o data/output/audio/%(id)s.%(ext)s https://www.youtube.com/watch?v=0cOV7-St2Ws
2026-02-15 15:10:56 [ERROR] journal_utilities.downloader: Audio download failed for 0cOV7-St2Ws: 
Usage: yt-dlp [OPTIONS] URL [URL...]

yt-dlp: error: no such option: --remote-components

2026-02-15 15:10:56 [INFO] journal_utilities.downloader: Audio for 0cOV7-St2Ws: failed (
Usage: yt-dlp [OPTIONS] URL [URL...]

yt-dlp: error: no such option: --remote-components
)
2026-02-15 15:10:57 [INFO] download_channel: [269/694] Processing 0t14D4epcuw — ActInf GuestStream 118.1 ~ Tadahiro Taniguchi "Co-Creative Learning via Metropolis-Hastings..."
2026-02-15 15:10:57 [DEBUG] journal_utilities.downloader: yt-dlp audio cmd: yt-dlp --remote-components ejs:github --no-warnings --cookies-from-browser safari -x --audio-format mp3 --audio-quality 0 -o data/output/audio/%(id)s.%(ext)s https://www.youtube.com/watch?v=0t14D4epcuw
2026-02-15 15:10:57 [ERROR] journal_utilities.downloader: Audio download failed for 0t14D4epcuw: 
Usage: yt-dlp [OPTIONS] URL [URL...]

yt-dlp: error: no such option: --remote-components

2026-02-15 15:10:57 [INFO] journal_utilities.downloader: Audio for 0t14D4epcuw: failed (
Usage: yt-dlp [OPTIONS] URL [URL...]

yt-dlp: error: no such option: --remote-components
)
2026-02-15 15:10:58 [INFO] download_channel: [270/694] Processing rj3iBEnZvGU — ActInf GuestStream 117.1 ~ Robert Stamps: Active Inference and Artificial Spin Ice
2026-02-15 15:10:58 [DEBUG] journal_utilities.downloader: yt-dlp audio cmd: yt-dlp --remote-components ejs:github --no-warnings --cookies-from-browser safari -x --audio-format mp3 --audio-quality 0 -o data/output/audio/%(id)s.%(ext)s https://www.youtube.com/watch?v=rj3iBEnZvGU
2026-02-15 15:10:58 [ERROR] journal_utilities.downloader: Audio download failed for rj3iBEnZvGU: 
Usage: yt-dlp [OPTIONS] URL [URL...]

yt-dlp: error: no such option: --remote-components

2026-02-15 15:10:58 [INFO] journal_utilities.downloader: Audio for rj3iBEnZvGU: failed (
Usage: yt-dlp [OPTIONS] URL [URL...]

yt-dlp: error: no such option: --remote-components
)
2026-02-15 15:10:59 [INFO] download_channel: [271/694] Processing 0h_mf5usgvg — ActInf GuestStream 116.1 ~ Max Aifer: "Solving the compute crisis with physics-based ASICs"
2026-02-15 15:10:59 [DEBUG] journal_utilities.downloader: yt-dlp audio cmd: yt-dlp --remote-components ejs:github --no-warnings --cookies-from-browser safari -x --audio-format mp3 --audio-quality 0 -o data/output/audio/%(id)s.%(ext)s https://www.youtube.com/watch?v=0h_mf5usgvg
2026-02-15 15:11:00 [ERROR] journal_utilities.downloader: Audio download failed for 0h_mf5usgvg: 
Usage: yt-dlp [OPTIONS] URL [URL...]

yt-dlp: error: no such option: --remote-components

2026-02-15 15:11:00 [INFO] journal_utilities.downloader: Audio for 0h_mf5usgvg: failed (
Usage: yt-dlp [OPTIONS] URL [URL...]

yt-dlp: error: no such option: --remote-components
)
2026-02-15 15:11:01 [INFO] download_channel: [272/694] Processing 85ob-jrG7xQ — ActInf GuestStream 115.1 ~ Energy-Based Transformers and the Future of Scaling
2026-02-15 15:11:01 [DEBUG] journal_utilities.downloader: yt-dlp audio cmd: yt-dlp --remote-components ejs:github --no-warnings --cookies-from-browser safari -x --audio-format mp3 --audio-quality 0 -o data/output/audio/%(id)s.%(ext)s https://www.youtube.com/watch?v=85ob-jrG7xQ
2026-02-15 15:11:01 [ERROR] journal_utilities.downloader: Audio download failed for 85ob-jrG7xQ: 
Usage: yt-dlp [OPTIONS] URL [URL...]

yt-dlp: error: no such option: --remote-components

2026-02-15 15:11:01 [INFO] journal_utilities.downloader: Audio for 85ob-jrG7xQ: failed (
Usage: yt-dlp [OPTIONS] URL [URL...]

yt-dlp: error: no such option: --remote-components
)
2026-02-15 15:11:02 [INFO] download_channel: [273/694] Processing C1NxyfMDP4U — ActInf GuestStream 114.1 ~ How do inner screens enable imaginative experience?
2026-02-15 15:11:02 [DEBUG] journal_utilities.downloader: yt-dlp audio cmd: yt-dlp --remote-components ejs:github --no-warnings --cookies-from-browser safari -x --audio-format mp3 --audio-quality 0 -o data/output/audio/%(id)s.%(ext)s https://www.youtube.com/watch?v=C1NxyfMDP4U
2026-02-15 15:11:02 [ERROR] journal_utilities.downloader: Audio download failed for C1NxyfMDP4U: 
Usage: yt-dlp [OPTIONS] URL [URL...]

yt-dlp: error: no such option: --remote-components

2026-02-15 15:11:02 [INFO] journal_utilities.downloader: Audio for C1NxyfMDP4U: failed (
Usage: yt-dlp [OPTIONS] URL [URL...]

yt-dlp: error: no such option: --remote-components
)
2026-02-15 15:11:03 [INFO] download_channel: [274/694] Processing -cKpXSZLvMQ — Active Inference Institute ~ 2025 Quarterly Roundtable #2
2026-02-15 15:11:03 [DEBUG] journal_utilities.downloader: yt-dlp audio cmd: yt-dlp --remote-components ejs:github --no-warnings --cookies-from-browser safari -x --audio-format mp3 --audio-quality 0 -o data/output/audio/%(id)s.%(ext)s https://www.youtube.com/watch?v=-cKpXSZLvMQ
2026-02-15 15:11:03 [ERROR] journal_utilities.downloader: Audio download failed for -cKpXSZLvMQ: 
Usage: yt-dlp [OPTIONS] URL [URL...]

yt-dlp: error: no such option: --remote-components

2026-02-15 15:11:03 [INFO] journal_utilities.downloader: Audio for -cKpXSZLvMQ: failed (
Usage: yt-dlp [OPTIONS] URL [URL...]

yt-dlp: error: no such option: --remote-components
)
2026-02-15 15:11:04 [INFO] download_channel: [275/694] Processing vgSYGS9l8nI — ActInf GuestStream 113.1 ~ Bayesian Mechanics of Economic Choice (Ernesto Moya-Albor et al.)
2026-02-15 15:11:04 [DEBUG] journal_utilities.downloader: yt-dlp audio cmd: yt-dlp --remote-components ejs:github --no-warnings --cookies-from-browser safari -x --audio-format mp3 --audio-quality 0 -o data/output/audio/%(id)s.%(ext)s https://www.youtube.com/watch?v=vgSYGS9l8nI
2026-02-15 15:11:04 [ERROR] journal_utilities.downloader: Audio download failed for vgSYGS9l8nI: 
Usage: yt-dlp [OPTIONS] URL [URL...]

yt-dlp: error: no such option: --remote-components

2026-02-15 15:11:04 [INFO] journal_utilities.downloader: Audio for vgSYGS9l8nI: failed (
Usage: yt-dlp [OPTIONS] URL [URL...]

yt-dlp: error: no such option: --remote-components
)
2026-02-15 15:11:05 [INFO] download_channel: [276/694] Processing fTg-S81Ymto — ActInf GuestStream 112.1 ~ Brain-like variational inference (Hadi Vafaii)
2026-02-15 15:11:05 [DEBUG] journal_utilities.downloader: yt-dlp audio cmd: yt-dlp --remote-components ejs:github --no-warnings --cookies-from-browser safari -x --audio-format mp3 --audio-quality 0 -o data/output/audio/%(id)s.%(ext)s https://www.youtube.com/watch?v=fTg-S81Ymto
2026-02-15 15:11:05 [ERROR] journal_utilities.downloader: Audio download failed for fTg-S81Ymto: 
Usage: yt-dlp [OPTIONS] URL [URL...]

yt-dlp: error: no such option: --remote-components

2026-02-15 15:11:05 [INFO] journal_utilities.downloader: Audio for fTg-S81Ymto: failed (
Usage: yt-dlp [OPTIONS] URL [URL...]

yt-dlp: error: no such option: --remote-components
)
2026-02-15 15:11:06 [INFO] download_channel: [277/694] Processing L0kFneuINsg — Active InferAnt Stream 014.3 ~ The Sound of Uncertainty: Auditory Rendering of Generative Models
2026-02-15 15:11:06 [DEBUG] journal_utilities.downloader: yt-dlp audio cmd: yt-dlp --remote-components ejs:github --no-warnings --cookies-from-browser safari -x --audio-format mp3 --audio-quality 0 -o data/output/audio/%(id)s.%(ext)s https://www.youtube.com/watch?v=L0kFneuINsg
2026-02-15 15:11:07 [ERROR] journal_utilities.downloader: Audio download failed for L0kFneuINsg: 
Usage: yt-dlp [OPTIONS] URL [URL...]

yt-dlp: error: no such option: --remote-components

2026-02-15 15:11:07 [INFO] journal_utilities.downloader: Audio for L0kFneuINsg: failed (
Usage: yt-dlp [OPTIONS] URL [URL...]

yt-dlp: error: no such option: --remote-components
)
2026-02-15 15:11:08 [INFO] download_channel: [278/694] Processing q3kUt1xR_fo — ActInf OrgStream 009.1 ~ The Value of Open Source Software (Hoffmann, Nagle, Zhou)
2026-02-15 15:11:08 [DEBUG] journal_utilities.downloader: yt-dlp audio cmd: yt-dlp --remote-components ejs:github --no-warnings --cookies-from-browser safari -x --audio-format mp3 --audio-quality 0 -o data/output/audio/%(id)s.%(ext)s https://www.youtube.com/watch?v=q3kUt1xR_fo
2026-02-15 15:11:08 [ERROR] journal_utilities.downloader: Audio download failed for q3kUt1xR_fo: 
Usage: yt-dlp [OPTIONS] URL [URL...]

yt-dlp: error: no such option: --remote-components

2026-02-15 15:11:08 [INFO] journal_utilities.downloader: Audio for q3kUt1xR_fo: failed (
Usage: yt-dlp [OPTIONS] URL [URL...]

yt-dlp: error: no such option: --remote-components
)
2026-02-15 15:11:09 [INFO] download_channel: [279/694] Processing sSStRTOxuWk — ActInf GuestStream 111.1 ~ Modeling and Predicting Self-Organization in Dynamic Systems (G Georgiev)
2026-02-15 15:11:09 [DEBUG] journal_utilities.downloader: yt-dlp audio cmd: yt-dlp --remote-components ejs:github --no-warnings --cookies-from-browser safari -x --audio-format mp3 --audio-quality 0 -o data/output/audio/%(id)s.%(ext)s https://www.youtube.com/watch?v=sSStRTOxuWk
2026-02-15 15:11:09 [ERROR] journal_utilities.downloader: Audio download failed for sSStRTOxuWk: 
Usage: yt-dlp [OPTIONS] URL [URL...]

yt-dlp: error: no such option: --remote-components

2026-02-15 15:11:09 [INFO] journal_utilities.downloader: Audio for sSStRTOxuWk: failed (
Usage: yt-dlp [OPTIONS] URL [URL...]

yt-dlp: error: no such option: --remote-components
)
2026-02-15 15:11:10 [INFO] download_channel: [280/694] Processing Y3-FMoaEZYE — Active InferAnt Stream 014.2 ~ Generalized Notation Notation for Generative Model Supply Chains
2026-02-15 15:11:10 [DEBUG] journal_utilities.downloader: yt-dlp audio cmd: yt-dlp --remote-components ejs:github --no-warnings --cookies-from-browser safari -x --audio-format mp3 --audio-quality 0 -o data/output/audio/%(id)s.%(ext)s https://www.youtube.com/watch?v=Y3-FMoaEZYE
2026-02-15 15:11:10 [ERROR] journal_utilities.downloader: Audio download failed for Y3-FMoaEZYE: 
Usage: yt-dlp [OPTIONS] URL [URL...]

yt-dlp: error: no such option: --remote-components

2026-02-15 15:11:10 [INFO] journal_utilities.downloader: Audio for Y3-FMoaEZYE: failed (
Usage: yt-dlp [OPTIONS] URL [URL...]

yt-dlp: error: no such option: --remote-components
)
2026-02-15 15:11:11 [INFO] download_channel: [281/694] Processing gS_WocoCJvI — ActInf GuestStream 110.1 ~ Triple equivalence for the emergence of biological intelligence (Isomura)
2026-02-15 15:11:11 [DEBUG] journal_utilities.downloader: yt-dlp audio cmd: yt-dlp --remote-components ejs:github --no-warnings --cookies-from-browser safari -x --audio-format mp3 --audio-quality 0 -o data/output/audio/%(id)s.%(ext)s https://www.youtube.com/watch?v=gS_WocoCJvI
2026-02-15 15:11:11 [ERROR] journal_utilities.downloader: Audio download failed for gS_WocoCJvI: 
Usage: yt-dlp [OPTIONS] URL [URL...]

yt-dlp: error: no such option: --remote-components

2026-02-15 15:11:11 [INFO] journal_utilities.downloader: Audio for gS_WocoCJvI: failed (
Usage: yt-dlp [OPTIONS] URL [URL...]

yt-dlp: error: no such option: --remote-components
)
2026-02-15 15:11:12 [INFO] download_channel: [282/694] Processing kDLBmwMikfk — ActInf MathStream 014.1 ~ Jesse van Oostrum: A concise mathematical description of active inference
2026-02-15 15:11:12 [DEBUG] journal_utilities.downloader: yt-dlp audio cmd: yt-dlp --remote-components ejs:github --no-warnings --cookies-from-browser safari -x --audio-format mp3 --audio-quality 0 -o data/output/audio/%(id)s.%(ext)s https://www.youtube.com/watch?v=kDLBmwMikfk
2026-02-15 15:11:12 [ERROR] journal_utilities.downloader: Audio download failed for kDLBmwMikfk: 
Usage: yt-dlp [OPTIONS] URL [URL...]

yt-dlp: error: no such option: --remote-components

2026-02-15 15:11:12 [INFO] journal_utilities.downloader: Audio for kDLBmwMikfk: failed (
Usage: yt-dlp [OPTIONS] URL [URL...]

yt-dlp: error: no such option: --remote-components
)
2026-02-15 15:11:13 [INFO] download_channel: [283/694] Processing aRT9n16N4J8 — ActInf GuestStream 109.1 ~ Hemming: "Free Energy, Attentional Narrowing, and Cognitive Rigidity"
2026-02-15 15:11:13 [DEBUG] journal_utilities.downloader: yt-dlp audio cmd: yt-dlp --remote-components ejs:github --no-warnings --cookies-from-browser safari -x --audio-format mp3 --audio-quality 0 -o data/output/audio/%(id)s.%(ext)s https://www.youtube.com/watch?v=aRT9n16N4J8
2026-02-15 15:11:14 [ERROR] journal_utilities.downloader: Audio download failed for aRT9n16N4J8: 
Usage: yt-dlp [OPTIONS] URL [URL...]

yt-dlp: error: no such option: --remote-components

2026-02-15 15:11:14 [INFO] journal_utilities.downloader: Audio for aRT9n16N4J8: failed (
Usage: yt-dlp [OPTIONS] URL [URL...]

yt-dlp: error: no such option: --remote-components
)
2026-02-15 15:11:15 [INFO] download_channel: [284/694] Processing _YRRB5basok — ActInf GuestStream 108.1 ~ Next-Generation AI for Emergent Semantic Communications (Christo Thomas)
2026-02-15 15:11:15 [DEBUG] journal_utilities.downloader: yt-dlp audio cmd: yt-dlp --remote-components ejs:github --no-warnings --cookies-from-browser safari -x --audio-format mp3 --audio-quality 0 -o data/output/audio/%(id)s.%(ext)s https://www.youtube.com/watch?v=_YRRB5basok
2026-02-15 15:11:15 [ERROR] journal_utilities.downloader: Audio download failed for _YRRB5basok: 
Usage: yt-dlp [OPTIONS] URL [URL...]

yt-dlp: error: no such option: --remote-components

2026-02-15 15:11:15 [INFO] journal_utilities.downloader: Audio for _YRRB5basok: failed (
Usage: yt-dlp [OPTIONS] URL [URL...]

yt-dlp: error: no such option: --remote-components
)
2026-02-15 15:11:16 [INFO] download_channel: [285/694] Processing 3a01ltP-p9I — ActInf GuestStream 107.1 ~ David Benrimoh "The Role of Affective States in Computational Psychiatry"
2026-02-15 15:11:16 [DEBUG] journal_utilities.downloader: yt-dlp audio cmd: yt-dlp --remote-components ejs:github --no-warnings --cookies-from-browser safari -x --audio-format mp3 --audio-quality 0 -o data/output/audio/%(id)s.%(ext)s https://www.youtube.com/watch?v=3a01ltP-p9I
2026-02-15 15:11:16 [ERROR] journal_utilities.downloader: Audio download failed for 3a01ltP-p9I: 
Usage: yt-dlp [OPTIONS] URL [URL...]

yt-dlp: error: no such option: --remote-components

2026-02-15 15:11:16 [INFO] journal_utilities.downloader: Audio for 3a01ltP-p9I: failed (
Usage: yt-dlp [OPTIONS] URL [URL...]

yt-dlp: error: no such option: --remote-components
)
2026-02-15 15:11:17 [INFO] download_channel: [286/694] Processing _8xNPQEqnKE — ActInf MathStream 013.1 ~ Alexis Toumi: "DisCoPy: Monoidal Categories for Active Inference"
2026-02-15 15:11:17 [DEBUG] journal_utilities.downloader: yt-dlp audio cmd: yt-dlp --remote-components ejs:github --no-warnings --cookies-from-browser safari -x --audio-format mp3 --audio-quality 0 -o data/output/audio/%(id)s.%(ext)s https://www.youtube.com/watch?v=_8xNPQEqnKE
2026-02-15 15:11:17 [ERROR] journal_utilities.downloader: Audio download failed for _8xNPQEqnKE: 
Usage: yt-dlp [OPTIONS] URL [URL...]

yt-dlp: error: no such option: --remote-components

2026-02-15 15:11:17 [INFO] journal_utilities.downloader: Audio for _8xNPQEqnKE: failed (
Usage: yt-dlp [OPTIONS] URL [URL...]

yt-dlp: error: no such option: --remote-components
)
2026-02-15 15:11:18 [INFO] download_channel: [287/694] Processing 3tYOBVIOLyU — Active InferAnt Stream 014.1 ~ Generalized Notation Notation: From Plaintext to Triple Play
2026-02-15 15:11:18 [DEBUG] journal_utilities.downloader: yt-dlp audio cmd: yt-dlp --remote-components ejs:github --no-warnings --cookies-from-browser safari -x --audio-format mp3 --audio-quality 0 -o data/output/audio/%(id)s.%(ext)s https://www.youtube.com/watch?v=3tYOBVIOLyU
2026-02-15 15:11:18 [ERROR] journal_utilities.downloader: Audio download failed for 3tYOBVIOLyU: 
Usage: yt-dlp [OPTIONS] URL [URL...]

yt-dlp: error: no such option: --remote-components

2026-02-15 15:11:18 [INFO] journal_utilities.downloader: Audio for 3tYOBVIOLyU: failed (
Usage: yt-dlp [OPTIONS] URL [URL...]

yt-dlp: error: no such option: --remote-components
)
2026-02-15 15:11:19 [INFO] download_channel: [288/694] Processing pqMph8eEUs4 — ActInf GuestStream 106.1 ~  "Advances and Challenges in Foundation Agents" Bang Liu et al.
2026-02-15 15:11:19 [DEBUG] journal_utilities.downloader: yt-dlp audio cmd: yt-dlp --remote-components ejs:github --no-warnings --cookies-from-browser safari -x --audio-format mp3 --audio-quality 0 -o data/output/audio/%(id)s.%(ext)s https://www.youtube.com/watch?v=pqMph8eEUs4
2026-02-15 15:11:19 [ERROR] journal_utilities.downloader: Audio download failed for pqMph8eEUs4: 
Usage: yt-dlp [OPTIONS] URL [URL...]

yt-dlp: error: no such option: --remote-components

2026-02-15 15:11:19 [INFO] journal_utilities.downloader: Audio for pqMph8eEUs4: failed (
Usage: yt-dlp [OPTIONS] URL [URL...]

yt-dlp: error: no such option: --remote-components
)
2026-02-15 15:11:20 [INFO] download_channel: [289/694] Processing TKksAVCOUCU — ActInf GuestStream 105.1 ~ Paola Di Maio: "Systemic Deviation, A Key to Explain Systemic Failures"
2026-02-15 15:11:20 [DEBUG] journal_utilities.downloader: yt-dlp audio cmd: yt-dlp --remote-components ejs:github --no-warnings --cookies-from-browser safari -x --audio-format mp3 --audio-quality 0 -o data/output/audio/%(id)s.%(ext)s https://www.youtube.com/watch?v=TKksAVCOUCU
2026-02-15 15:11:20 [ERROR] journal_utilities.downloader: Audio download failed for TKksAVCOUCU: 
Usage: yt-dlp [OPTIONS] URL [URL...]

yt-dlp: error: no such option: --remote-components

2026-02-15 15:11:20 [INFO] journal_utilities.downloader: Audio for TKksAVCOUCU: failed (
Usage: yt-dlp [OPTIONS] URL [URL...]

yt-dlp: error: no such option: --remote-components
)
2026-02-15 15:11:21 [INFO] download_channel: [290/694] Processing 7vbtSdkDgc8 — ActInf ModelStream 018.1: Robust Decision-Making Via Free Energy Minimization (Russo & Jesawada)
2026-02-15 15:11:21 [DEBUG] journal_utilities.downloader: yt-dlp audio cmd: yt-dlp --remote-components ejs:github --no-warnings --cookies-from-browser safari -x --audio-format mp3 --audio-quality 0 -o data/output/audio/%(id)s.%(ext)s https://www.youtube.com/watch?v=7vbtSdkDgc8
2026-02-15 15:11:22 [ERROR] journal_utilities.downloader: Audio download failed for 7vbtSdkDgc8: 
Usage: yt-dlp [OPTIONS] URL [URL...]

yt-dlp: error: no such option: --remote-components

2026-02-15 15:11:22 [INFO] journal_utilities.downloader: Audio for 7vbtSdkDgc8: failed (
Usage: yt-dlp [OPTIONS] URL [URL...]

yt-dlp: error: no such option: --remote-components
)
2026-02-15 15:11:23 [INFO] download_channel: [291/694] Processing nT11dSbr6QE — Active InferAnt Stream 013.1 ~ NoOrg is a Real Org
2026-02-15 15:11:23 [DEBUG] journal_utilities.downloader: yt-dlp audio cmd: yt-dlp --remote-components ejs:github --no-warnings --cookies-from-browser safari -x --audio-format mp3 --audio-quality 0 -o data/output/audio/%(id)s.%(ext)s https://www.youtube.com/watch?v=nT11dSbr6QE
2026-02-15 15:11:23 [ERROR] journal_utilities.downloader: Audio download failed for nT11dSbr6QE: 
Usage: yt-dlp [OPTIONS] URL [URL...]

yt-dlp: error: no such option: --remote-components

2026-02-15 15:11:23 [INFO] journal_utilities.downloader: Audio for nT11dSbr6QE: failed (
Usage: yt-dlp [OPTIONS] URL [URL...]

yt-dlp: error: no such option: --remote-components
)
2026-02-15 15:11:24 [INFO] download_channel: [292/694] Processing veGQUGE0hLI — ActInf GuestStream 104.1 ~ Tadahiro Taniguchi: Collective Predictive Coding and Active Inference
2026-02-15 15:11:24 [DEBUG] journal_utilities.downloader: yt-dlp audio cmd: yt-dlp --remote-components ejs:github --no-warnings --cookies-from-browser safari -x --audio-format mp3 --audio-quality 0 -o data/output/audio/%(id)s.%(ext)s https://www.youtube.com/watch?v=veGQUGE0hLI
2026-02-15 15:11:24 [ERROR] journal_utilities.downloader: Audio download failed for veGQUGE0hLI: 
Usage: yt-dlp [OPTIONS] URL [URL...]

yt-dlp: error: no such option: --remote-components

2026-02-15 15:11:24 [INFO] journal_utilities.downloader: Audio for veGQUGE0hLI: failed (
Usage: yt-dlp [OPTIONS] URL [URL...]

yt-dlp: error: no such option: --remote-components
)
2026-02-15 15:11:25 [INFO] download_channel: [293/694] Processing ZRNQ8ZzMc_c — ActInf GuestStream 103.1 ~ Tobias Plowman "The Mind in Motion": A Systems Model...
2026-02-15 15:11:25 [DEBUG] journal_utilities.downloader: yt-dlp audio cmd: yt-dlp --remote-components ejs:github --no-warnings --cookies-from-browser safari -x --audio-format mp3 --audio-quality 0 -o data/output/audio/%(id)s.%(ext)s https://www.youtube.com/watch?v=ZRNQ8ZzMc_c
2026-02-15 15:11:25 [ERROR] journal_utilities.downloader: Audio download failed for ZRNQ8ZzMc_c: 
Usage: yt-dlp [OPTIONS] URL [URL...]

yt-dlp: error: no such option: --remote-components

2026-02-15 15:11:25 [INFO] journal_utilities.downloader: Audio for ZRNQ8ZzMc_c: failed (
Usage: yt-dlp [OPTIONS] URL [URL...]

yt-dlp: error: no such option: --remote-components
)
2026-02-15 15:11:26 [INFO] download_channel: [294/694] Processing EIOIMEo8vOY — Active InferAnt Stream 012.2 ~ Case of the Evolving CEREBRUM: The Curious Language of the Incident
2026-02-15 15:11:26 [DEBUG] journal_utilities.downloader: yt-dlp audio cmd: yt-dlp --remote-components ejs:github --no-warnings --cookies-from-browser safari -x --audio-format mp3 --audio-quality 0 -o data/output/audio/%(id)s.%(ext)s https://www.youtube.com/watch?v=EIOIMEo8vOY
2026-02-15 15:11:26 [ERROR] journal_utilities.downloader: Audio download failed for EIOIMEo8vOY: 
Usage: yt-dlp [OPTIONS] URL [URL...]

yt-dlp: error: no such option: --remote-components

2026-02-15 15:11:26 [INFO] journal_utilities.downloader: Audio for EIOIMEo8vOY: failed (
Usage: yt-dlp [OPTIONS] URL [URL...]

yt-dlp: error: no such option: --remote-components
)
2026-02-15 15:11:27 [INFO] download_channel: [295/694] Processing p7iq4AAIwjc — ActInf GuestStream 082.5 ~ Robert Worden "Computers, Meaning and Consciousness"
2026-02-15 15:11:27 [DEBUG] journal_utilities.downloader: yt-dlp audio cmd: yt-dlp --remote-components ejs:github --no-warnings --cookies-from-browser safari -x --audio-format mp3 --audio-quality 0 -o data/output/audio/%(id)s.%(ext)s https://www.youtube.com/watch?v=p7iq4AAIwjc
2026-02-15 15:11:27 [ERROR] journal_utilities.downloader: Audio download failed for p7iq4AAIwjc: 
Usage: yt-dlp [OPTIONS] URL [URL...]

yt-dlp: error: no such option: --remote-components

2026-02-15 15:11:27 [INFO] journal_utilities.downloader: Audio for p7iq4AAIwjc: failed (
Usage: yt-dlp [OPTIONS] URL [URL...]

yt-dlp: error: no such option: --remote-components
)
2026-02-15 15:11:28 [INFO] download_channel: [296/694] Processing h6426dEKaMg — ActInf MathStream 012.1 ~ ELBOing Stein: Variational Bayes with Stein Mixture Inference, Ola Rønning
2026-02-15 15:11:28 [DEBUG] journal_utilities.downloader: yt-dlp audio cmd: yt-dlp --remote-components ejs:github --no-warnings --cookies-from-browser safari -x --audio-format mp3 --audio-quality 0 -o data/output/audio/%(id)s.%(ext)s https://www.youtube.com/watch?v=h6426dEKaMg
2026-02-15 15:11:29 [ERROR] journal_utilities.downloader: Audio download failed for h6426dEKaMg: 
Usage: yt-dlp [OPTIONS] URL [URL...]

yt-dlp: error: no such option: --remote-components

2026-02-15 15:11:29 [INFO] journal_utilities.downloader: Audio for h6426dEKaMg: failed (
Usage: yt-dlp [OPTIONS] URL [URL...]

yt-dlp: error: no such option: --remote-components
)
2026-02-15 15:11:30 [INFO] download_channel: [297/694] Processing gSL8PWN4soc — ActInf GuestStream 102.1 ~ Majid Beni "Scientific Explanation, Causality, and Agency"
2026-02-15 15:11:30 [DEBUG] journal_utilities.downloader: yt-dlp audio cmd: yt-dlp --remote-components ejs:github --no-warnings --cookies-from-browser safari -x --audio-format mp3 --audio-quality 0 -o data/output/audio/%(id)s.%(ext)s https://www.youtube.com/watch?v=gSL8PWN4soc
2026-02-15 15:11:30 [ERROR] journal_utilities.downloader: Audio download failed for gSL8PWN4soc: 
Usage: yt-dlp [OPTIONS] URL [URL...]

yt-dlp: error: no such option: --remote-components

2026-02-15 15:11:30 [INFO] journal_utilities.downloader: Audio for gSL8PWN4soc: failed (
Usage: yt-dlp [OPTIONS] URL [URL...]

yt-dlp: error: no such option: --remote-components
)
2026-02-15 15:11:31 [INFO] download_channel: [298/694] Processing eZPshFv24_g — ActInf GuestStream 101.1 ~ Autonomous Vehicles, Diffusion-Based Motion Prediction, Active Inference
2026-02-15 15:11:31 [DEBUG] journal_utilities.downloader: yt-dlp audio cmd: yt-dlp --remote-components ejs:github --no-warnings --cookies-from-browser safari -x --audio-format mp3 --audio-quality 0 -o data/output/audio/%(id)s.%(ext)s https://www.youtube.com/watch?v=eZPshFv24_g
2026-02-15 15:11:31 [ERROR] journal_utilities.downloader: Audio download failed for eZPshFv24_g: 
Usage: yt-dlp [OPTIONS] URL [URL...]

yt-dlp: error: no such option: --remote-components

2026-02-15 15:11:31 [INFO] journal_utilities.downloader: Audio for eZPshFv24_g: failed (
Usage: yt-dlp [OPTIONS] URL [URL...]

yt-dlp: error: no such option: --remote-components
)
2026-02-15 15:11:32 [INFO] download_channel: [299/694] Processing 8Ohlb8iTW0k — Active InferAnt Stream 012.1 ~ CEREBRUM: Case-Enabled Reasoning Engine with...
2026-02-15 15:11:32 [DEBUG] journal_utilities.downloader: yt-dlp audio cmd: yt-dlp --remote-components ejs:github --no-warnings --cookies-from-browser safari -x --audio-format mp3 --audio-quality 0 -o data/output/audio/%(id)s.%(ext)s https://www.youtube.com/watch?v=8Ohlb8iTW0k
2026-02-15 15:11:32 [ERROR] journal_utilities.downloader: Audio download failed for 8Ohlb8iTW0k: 
Usage: yt-dlp [OPTIONS] URL [URL...]

yt-dlp: error: no such option: --remote-components

2026-02-15 15:11:32 [INFO] journal_utilities.downloader: Audio for 8Ohlb8iTW0k: failed (
Usage: yt-dlp [OPTIONS] URL [URL...]

yt-dlp: error: no such option: --remote-components
)
2026-02-15 15:11:33 [INFO] download_channel: [300/694] Processing 9LKWp5nydnA — Active InferAnt Stream 011.1 ~ April Agents Bring May Simulations: OpenManus, RxInfer.jl, and ...
2026-02-15 15:11:33 [DEBUG] journal_utilities.downloader: yt-dlp audio cmd: yt-dlp --remote-components ejs:github --no-warnings --cookies-from-browser safari -x --audio-format mp3 --audio-quality 0 -o data/output/audio/%(id)s.%(ext)s https://www.youtube.com/watch?v=9LKWp5nydnA
2026-02-15 15:11:33 [ERROR] journal_utilities.downloader: Audio download failed for 9LKWp5nydnA: 
Usage: yt-dlp [OPTIONS] URL [URL...]

yt-dlp: error: no such option: --remote-components

2026-02-15 15:11:33 [INFO] journal_utilities.downloader: Audio for 9LKWp5nydnA: failed (
Usage: yt-dlp [OPTIONS] URL [URL...]

yt-dlp: error: no such option: --remote-components
)
2026-02-15 15:11:34 [INFO] download_channel: [301/694] Processing aEe8y9Ebs10 — Active Inference Institute ~ 2025 Quarterly Roundtable #1
2026-02-15 15:11:34 [DEBUG] journal_utilities.downloader: yt-dlp audio cmd: yt-dlp --remote-components ejs:github --no-warnings --cookies-from-browser safari -x --audio-format mp3 --audio-quality 0 -o data/output/audio/%(id)s.%(ext)s https://www.youtube.com/watch?v=aEe8y9Ebs10
2026-02-15 15:11:34 [ERROR] journal_utilities.downloader: Audio download failed for aEe8y9Ebs10: 
Usage: yt-dlp [OPTIONS] URL [URL...]

yt-dlp: error: no such option: --remote-components

2026-02-15 15:11:34 [INFO] journal_utilities.downloader: Audio for aEe8y9Ebs10: failed (
Usage: yt-dlp [OPTIONS] URL [URL...]

yt-dlp: error: no such option: --remote-components
)
2026-02-15 15:11:35 [INFO] download_channel: [302/694] Processing pwfJQRN6iIc — ActInf ModelStream 017.1 What's Wrong with Active Inference and How Lazy Dynamics Is Set to Solve It
2026-02-15 15:11:35 [DEBUG] journal_utilities.downloader: yt-dlp audio cmd: yt-dlp --remote-components ejs:github --no-warnings --cookies-from-browser safari -x --audio-format mp3 --audio-quality 0 -o data/output/audio/%(id)s.%(ext)s https://www.youtube.com/watch?v=pwfJQRN6iIc
2026-02-15 15:11:36 [ERROR] journal_utilities.downloader: Audio download failed for pwfJQRN6iIc: 
Usage: yt-dlp [OPTIONS] URL [URL...]

yt-dlp: error: no such option: --remote-components

2026-02-15 15:11:36 [INFO] journal_utilities.downloader: Audio for pwfJQRN6iIc: failed (
Usage: yt-dlp [OPTIONS] URL [URL...]

yt-dlp: error: no such option: --remote-components
)
2026-02-15 15:11:37 [INFO] download_channel: [303/694] Processing BN2akPkfNxA — ActInf GuestStream 100.1 ~ Yu Kanazawa: The free energy principle, language learning, and education
2026-02-15 15:11:37 [DEBUG] journal_utilities.downloader: yt-dlp audio cmd: yt-dlp --remote-components ejs:github --no-warnings --cookies-from-browser safari -x --audio-format mp3 --audio-quality 0 -o data/output/audio/%(id)s.%(ext)s https://www.youtube.com/watch?v=BN2akPkfNxA
2026-02-15 15:11:37 [ERROR] journal_utilities.downloader: Audio download failed for BN2akPkfNxA: 
Usage: yt-dlp [OPTIONS] URL [URL...]

yt-dlp: error: no such option: --remote-components

2026-02-15 15:11:37 [INFO] journal_utilities.downloader: Audio for BN2akPkfNxA: failed (
Usage: yt-dlp [OPTIONS] URL [URL...]

yt-dlp: error: no such option: --remote-components
)
2026-02-15 15:11:38 [INFO] download_channel: [304/694] Processing NZnlrI-6mS8 — ActInf GuestStream 099.1 ~ Avel Guénin-Carlut: "From Contextuality to Social Constraints"
2026-02-15 15:11:38 [DEBUG] journal_utilities.downloader: yt-dlp audio cmd: yt-dlp --remote-components ejs:github --no-warnings --cookies-from-browser safari -x --audio-format mp3 --audio-quality 0 -o data/output/audio/%(id)s.%(ext)s https://www.youtube.com/watch?v=NZnlrI-6mS8
2026-02-15 15:11:38 [ERROR] journal_utilities.downloader: Audio download failed for NZnlrI-6mS8: 
Usage: yt-dlp [OPTIONS] URL [URL...]

yt-dlp: error: no such option: --remote-components

2026-02-15 15:11:38 [INFO] journal_utilities.downloader: Audio for NZnlrI-6mS8: failed (
Usage: yt-dlp [OPTIONS] URL [URL...]

yt-dlp: error: no such option: --remote-components
)
2026-02-15 15:11:39 [INFO] download_channel: [305/694] Processing Gl7yd2MRjmk — Active InferAnt Stream 010.2 ~ plain_text too: Learning Paths, Application Guides, and More Things
2026-02-15 15:11:39 [DEBUG] journal_utilities.downloader: yt-dlp audio cmd: yt-dlp --remote-components ejs:github --no-warnings --cookies-from-browser safari -x --audio-format mp3 --audio-quality 0 -o data/output/audio/%(id)s.%(ext)s https://www.youtube.com/watch?v=Gl7yd2MRjmk
2026-02-15 15:11:39 [ERROR] journal_utilities.downloader: Audio download failed for Gl7yd2MRjmk: 
Usage: yt-dlp [OPTIONS] URL [URL...]

yt-dlp: error: no such option: --remote-components

2026-02-15 15:11:39 [INFO] journal_utilities.downloader: Audio for Gl7yd2MRjmk: failed (
Usage: yt-dlp [OPTIONS] URL [URL...]

yt-dlp: error: no such option: --remote-components
)
2026-02-15 15:11:40 [INFO] download_channel: [306/694] Processing E3vyVxMZanA — ActInf GuestStream 090.2 Decoding the ARC: The Evolution of Reason in the Abstract Reasoning Corpus
2026-02-15 15:11:40 [DEBUG] journal_utilities.downloader: yt-dlp audio cmd: yt-dlp --remote-components ejs:github --no-warnings --cookies-from-browser safari -x --audio-format mp3 --audio-quality 0 -o data/output/audio/%(id)s.%(ext)s https://www.youtube.com/watch?v=E3vyVxMZanA
2026-02-15 15:11:40 [ERROR] journal_utilities.downloader: Audio download failed for E3vyVxMZanA: 
Usage: yt-dlp [OPTIONS] URL [URL...]

yt-dlp: error: no such option: --remote-components

2026-02-15 15:11:40 [INFO] journal_utilities.downloader: Audio for E3vyVxMZanA: failed (
Usage: yt-dlp [OPTIONS] URL [URL...]

yt-dlp: error: no such option: --remote-components
)
2026-02-15 15:11:41 [INFO] download_channel: [307/694] Processing tU2PfMNp-OI — ActInf GuestStream 098.1 ~ Active Inference and Human-Computer Interaction
2026-02-15 15:11:41 [DEBUG] journal_utilities.downloader: yt-dlp audio cmd: yt-dlp --remote-components ejs:github --no-warnings --cookies-from-browser safari -x --audio-format mp3 --audio-quality 0 -o data/output/audio/%(id)s.%(ext)s https://www.youtube.com/watch?v=tU2PfMNp-OI
2026-02-15 15:11:41 [ERROR] journal_utilities.downloader: Audio download failed for tU2PfMNp-OI: 
Usage: yt-dlp [OPTIONS] URL [URL...]

yt-dlp: error: no such option: --remote-components

2026-02-15 15:11:41 [INFO] journal_utilities.downloader: Audio for tU2PfMNp-OI: failed (
Usage: yt-dlp [OPTIONS] URL [URL...]

yt-dlp: error: no such option: --remote-components
)
2026-02-15 15:11:42 [INFO] download_channel: [308/694] Processing ed9iSi4cD3o — Active InferAnt Stream 010.1 ~ plain_text for active_inference: Modeling, Learning, and Exploration
2026-02-15 15:11:42 [DEBUG] journal_utilities.downloader: yt-dlp audio cmd: yt-dlp --remote-components ejs:github --no-warnings --cookies-from-browser safari -x --audio-format mp3 --audio-quality 0 -o data/output/audio/%(id)s.%(ext)s https://www.youtube.com/watch?v=ed9iSi4cD3o
2026-02-15 15:11:43 [ERROR] journal_utilities.downloader: Audio download failed for ed9iSi4cD3o: 
Usage: yt-dlp [OPTIONS] URL [URL...]

yt-dlp: error: no such option: --remote-components

2026-02-15 15:11:43 [INFO] journal_utilities.downloader: Audio for ed9iSi4cD3o: failed (
Usage: yt-dlp [OPTIONS] URL [URL...]

yt-dlp: error: no such option: --remote-components
)
2026-02-15 15:11:44 [INFO] download_channel: [309/694] Processing dP5MwxvYSno — MathArtStream 11 ~ Feedback Welcome
2026-02-15 15:11:44 [DEBUG] journal_utilities.downloader: yt-dlp audio cmd: yt-dlp --remote-components ejs:github --no-warnings --cookies-from-browser safari -x --audio-format mp3 --audio-quality 0 -o data/output/audio/%(id)s.%(ext)s https://www.youtube.com/watch?v=dP5MwxvYSno
2026-02-15 15:11:44 [ERROR] journal_utilities.downloader: Audio download failed for dP5MwxvYSno: 
Usage: yt-dlp [OPTIONS] URL [URL...]

yt-dlp: error: no such option: --remote-components

2026-02-15 15:11:44 [INFO] journal_utilities.downloader: Audio for dP5MwxvYSno: failed (
Usage: yt-dlp [OPTIONS] URL [URL...]

yt-dlp: error: no such option: --remote-components
)
2026-02-15 15:11:45 [INFO] download_channel: [310/694] Processing VLTXPOsrg_s — ActInf GuestStream 097.1 ~ Matthew Sims: Slime Mould and Philosophy
2026-02-15 15:11:45 [DEBUG] journal_utilities.downloader: yt-dlp audio cmd: yt-dlp --remote-components ejs:github --no-warnings --cookies-from-browser safari -x --audio-format mp3 --audio-quality 0 -o data/output/audio/%(id)s.%(ext)s https://www.youtube.com/watch?v=VLTXPOsrg_s
2026-02-15 15:11:45 [ERROR] journal_utilities.downloader: Audio download failed for VLTXPOsrg_s: 
Usage: yt-dlp [OPTIONS] URL [URL...]

yt-dlp: error: no such option: --remote-components

2026-02-15 15:11:45 [INFO] journal_utilities.downloader: Audio for VLTXPOsrg_s: failed (
Usage: yt-dlp [OPTIONS] URL [URL...]

yt-dlp: error: no such option: --remote-components
)
2026-02-15 15:11:46 [INFO] download_channel: [311/694] Processing kCmC4i-drEY — ActInf GuestStream: Ron Itelman: Cognitive Experience Design (CXD): Designing AI Systems for Trust
2026-02-15 15:11:46 [DEBUG] journal_utilities.downloader: yt-dlp audio cmd: yt-dlp --remote-components ejs:github --no-warnings --cookies-from-browser safari -x --audio-format mp3 --audio-quality 0 -o data/output/audio/%(id)s.%(ext)s https://www.youtube.com/watch?v=kCmC4i-drEY
2026-02-15 15:11:46 [ERROR] journal_utilities.downloader: Audio download failed for kCmC4i-drEY: 
Usage: yt-dlp [OPTIONS] URL [URL...]

yt-dlp: error: no such option: --remote-components

2026-02-15 15:11:46 [INFO] journal_utilities.downloader: Audio for kCmC4i-drEY: failed (
Usage: yt-dlp [OPTIONS] URL [URL...]

yt-dlp: error: no such option: --remote-components
)
2026-02-15 15:11:47 [INFO] download_channel: [312/694] Processing Y76dco2nAkQ — ActInf GuestStream 095.1 ~ Rithvik Prakki: Active Inference for Self-Organizing Multi-LLM Systems
2026-02-15 15:11:47 [DEBUG] journal_utilities.downloader: yt-dlp audio cmd: yt-dlp --remote-components ejs:github --no-warnings --cookies-from-browser safari -x --audio-format mp3 --audio-quality 0 -o data/output/audio/%(id)s.%(ext)s https://www.youtube.com/watch?v=Y76dco2nAkQ
2026-02-15 15:11:47 [ERROR] journal_utilities.downloader: Audio download failed for Y76dco2nAkQ: 
Usage: yt-dlp [OPTIONS] URL [URL...]

yt-dlp: error: no such option: --remote-components

2026-02-15 15:11:47 [INFO] journal_utilities.downloader: Audio for Y76dco2nAkQ: failed (
Usage: yt-dlp [OPTIONS] URL [URL...]

yt-dlp: error: no such option: --remote-components
)
