warning: The `tool.uv.dev-dependencies` field (used in `pyproject.toml`) is deprecated and will be removed in a future release; use `dependency-groups.dev` instead
Uninstalled 1 package in 52ms
Installed 1 package in 19ms
2026-02-16 13:41:28 [INFO] download_channel: ============================================================
2026-02-16 13:41:28 [INFO] download_channel: Active Inference Channel Downloader
2026-02-16 13:41:28 [INFO] download_channel: ============================================================
2026-02-16 13:41:28 [INFO] download_channel: Enumerating videos for channel UCbPq2w41ZaJSWtpCq4BE6Dg
2026-02-16 13:41:28 [INFO] journal_utilities.channel: Enumerating videos for channel UCbPq2w41ZaJSWtpCq4BE6Dg
2026-02-16 13:41:28 [DEBUG] journal_utilities.channel: Running command: yt-dlp --flat-playlist --dump-json --no-warnings --ignore-errors https://www.youtube.com/channel/UCbPq2w41ZaJSWtpCq4BE6Dg
2026-02-16 13:41:35 [INFO] journal_utilities.channel: yt-dlp enumeration completed in 7.8s (exit code 0)
2026-02-16 13:41:35 [INFO] journal_utilities.channel: Found 694 videos on channel UCbPq2w41ZaJSWtpCq4BE6Dg
2026-02-16 13:41:35 [INFO] journal_utilities.channel: Saved channel manifest to data/output/channel_videos.json (694 videos)
2026-02-16 13:41:35 [INFO] download_channel: Channel manifest: 694 videos
2026-02-16 13:41:35 [INFO] download_channel: Starting downloads: 694 videos | transcripts=False audio=True video=False
2026-02-16 13:41:35 [INFO] download_channel: [1/694] Processing 5uTr029Vzkg — 5th Applied Active Inference Symposium (Part 2, Nov 13, 2025) ~ (Full reupload)
2026-02-16 13:41:35 [INFO] journal_utilities.downloader: Audio already exists for 5uTr029Vzkg, skipping
2026-02-16 13:41:35 [INFO] journal_utilities.downloader: Audio for 5uTr029Vzkg: skipped
2026-02-16 13:41:36 [INFO] download_channel: [2/694] Processing qUJK1IDxKzg — Generalized Coordinates in RxInfer.jl
2026-02-16 13:41:37 [INFO] journal_utilities.downloader: Audio already exists for qUJK1IDxKzg, skipping
2026-02-16 13:41:37 [INFO] journal_utilities.downloader: Audio for qUJK1IDxKzg: skipped
2026-02-16 13:41:38 [INFO] download_channel: [3/694] Processing tmsY1ep8ZF4 — ActInf Textbook Group ~ Cohort 7 ~ Session 25 (Chapter 10) ~ 4/24/2025
2026-02-16 13:41:38 [INFO] journal_utilities.downloader: Audio already exists for tmsY1ep8ZF4, skipping
2026-02-16 13:41:38 [INFO] journal_utilities.downloader: Audio for tmsY1ep8ZF4: skipped
2026-02-16 13:41:39 [INFO] download_channel: [4/694] Processing tg1LkHTy0h0 — ActInf Textbook Group ~ Cohort 7 ~ Session 4 (Chapter 2, part 2) ~ 8/12/2024
2026-02-16 13:41:39 [INFO] journal_utilities.downloader: Audio already exists for tg1LkHTy0h0, skipping
2026-02-16 13:41:39 [INFO] journal_utilities.downloader: Audio for tg1LkHTy0h0: skipped
2026-02-16 13:41:40 [INFO] download_channel: [5/694] Processing rblchIvoEIY — ActInf Textbook Group ~ Cohort 7 ~ Session 3 (Modeling & General Discussion) ~ 7/29/2024
2026-02-16 13:41:40 [INFO] journal_utilities.downloader: Audio already exists for rblchIvoEIY, skipping
2026-02-16 13:41:40 [INFO] journal_utilities.downloader: Audio for rblchIvoEIY: skipped
2026-02-16 13:41:41 [INFO] download_channel: [6/694] Processing oDneqzXQNJo — ActInf Textbook Group ~ Cohort 7 ~ Session 5 (Chapter 2 +++ Open Discussion) ~ 8/12/2024
2026-02-16 13:41:41 [INFO] journal_utilities.downloader: Audio already exists for oDneqzXQNJo, skipping
2026-02-16 13:41:41 [INFO] journal_utilities.downloader: Audio for oDneqzXQNJo: skipped
2026-02-16 13:41:42 [INFO] download_channel: [7/694] Processing hHhIUocRkts — ActInf Textbook Group ~ Cohort 7 ~ Session 24 (Chapter 10) ~ 4/17/2025
2026-02-16 13:41:42 [INFO] journal_utilities.downloader: Audio already exists for hHhIUocRkts, skipping
2026-02-16 13:41:42 [INFO] journal_utilities.downloader: Audio for hHhIUocRkts: skipped
2026-02-16 13:41:43 [INFO] download_channel: [8/694] Processing h-TSZspHRvE — ActInf Textbook Group ~ Cohort 7 ~ Session 23 (Chapter 9) ~ 4/10/2025
2026-02-16 13:41:43 [INFO] journal_utilities.downloader: Audio already exists for h-TSZspHRvE, skipping
2026-02-16 13:41:44 [INFO] journal_utilities.downloader: Audio for h-TSZspHRvE: skipped
2026-02-16 13:41:45 [INFO] download_channel: [9/694] Processing fJTlecxnGD4 — ActInf Textbook Group ~ Cohort 7 ~ Session 20 (Chapter 8) ~ 3/20/2025
2026-02-16 13:41:45 [INFO] journal_utilities.downloader: Audio already exists for fJTlecxnGD4, skipping
2026-02-16 13:41:45 [INFO] journal_utilities.downloader: Audio for fJTlecxnGD4: skipped
2026-02-16 13:41:46 [INFO] download_channel: [10/694] Processing ee7P_RFYOFI — ActInf Textbook Group ~ Cohort 7 ~ Session 11 (Chapter 4) ~ 9/23/2024
2026-02-16 13:41:47 [INFO] journal_utilities.downloader: Audio already exists for ee7P_RFYOFI, skipping
2026-02-16 13:41:47 [INFO] journal_utilities.downloader: Audio for ee7P_RFYOFI: skipped
2026-02-16 13:41:48 [INFO] download_channel: [11/694] Processing c0oEqJhXSts — ActInf Textbook Group ~ Cohort 7 ~ Session 16 (Chapter 6) ~ 2/20/2025
2026-02-16 13:41:48 [INFO] journal_utilities.downloader: Audio already exists for c0oEqJhXSts, skipping
2026-02-16 13:41:48 [INFO] journal_utilities.downloader: Audio for c0oEqJhXSts: skipped
2026-02-16 13:41:49 [INFO] download_channel: [12/694] Processing YyKoz1yeEPQ — ActInf Textbook Group ~ Cohort 7 ~ Session 4 (Chapter 2, part 1) ~ 8/5/2024
2026-02-16 13:41:50 [INFO] journal_utilities.downloader: Audio already exists for YyKoz1yeEPQ, skipping
2026-02-16 13:41:50 [INFO] journal_utilities.downloader: Audio for YyKoz1yeEPQ: skipped
2026-02-16 13:41:51 [INFO] download_channel: [13/694] Processing Vp07CwdeD5o — ActInf Textbook Group ~ Cohort 7 ~ Session 1 (Chapter 1, Part 1) ~ 7/15/2024
2026-02-16 13:41:51 [INFO] journal_utilities.downloader: Audio already exists for Vp07CwdeD5o, skipping
2026-02-16 13:41:54 [INFO] journal_utilities.downloader: Audio for Vp07CwdeD5o: skipped
2026-02-16 13:41:55 [INFO] download_channel: [14/694] Processing P0uVOg81qE8 — ActInf Textbook Group ~ Cohort 7 ~ Session 21 (Chapter 8) ~ 3/27/2025
2026-02-16 13:41:55 [INFO] journal_utilities.downloader: Audio already exists for P0uVOg81qE8, skipping
2026-02-16 13:41:55 [INFO] journal_utilities.downloader: Audio for P0uVOg81qE8: skipped
2026-02-16 13:41:56 [INFO] download_channel: [15/694] Processing M3r2AMBFZBo — ActInf Textbook Group ~ Cohort 7 ~ Session 6 (Chapter 3) ~ 8/26/2024
2026-02-16 13:41:56 [INFO] journal_utilities.downloader: Audio already exists for M3r2AMBFZBo, skipping
2026-02-16 13:41:56 [INFO] journal_utilities.downloader: Audio for M3r2AMBFZBo: skipped
2026-02-16 13:41:57 [INFO] download_channel: [16/694] Processing KrzDtSB9KWw — ActInf Textbook Group ~ Cohort 7 ~ Session 22 (Chapter 9) ~ 4/3/2025
2026-02-16 13:41:57 [INFO] journal_utilities.downloader: Audio already exists for KrzDtSB9KWw, skipping
2026-02-16 13:41:57 [INFO] journal_utilities.downloader: Audio for KrzDtSB9KWw: skipped
2026-02-16 13:41:59 [INFO] download_channel: [17/694] Processing G2BaTneyOLA — ActInf Textbook Group ~ Cohort 8 ~ Session 7 (Chapter 4) ~ 4/3/2025
2026-02-16 13:41:59 [INFO] journal_utilities.downloader: Audio already exists for G2BaTneyOLA, skipping
2026-02-16 13:41:59 [INFO] journal_utilities.downloader: Audio for G2BaTneyOLA: skipped
2026-02-16 13:42:00 [INFO] download_channel: [18/694] Processing CV7fsxhgVe0 — ActInf Textbook Group ~ Cohort 7 ~ Session 17 (Chapter 6) ~ 2/27/2025
2026-02-16 13:42:01 [INFO] journal_utilities.downloader: Audio already exists for CV7fsxhgVe0, skipping
2026-02-16 13:42:01 [INFO] journal_utilities.downloader: Audio for CV7fsxhgVe0: skipped
2026-02-16 13:42:02 [INFO] download_channel: [19/694] Processing 4ufIGiX0BWw — ActInf Textbook Group ~ Cohort 7 ~ Session 19 (Chapter 7) ~ 3/13/2025
2026-02-16 13:42:06 [INFO] journal_utilities.downloader: Audio already exists for 4ufIGiX0BWw, skipping
2026-02-16 13:42:07 [INFO] journal_utilities.downloader: Audio for 4ufIGiX0BWw: skipped
2026-02-16 13:42:09 [INFO] download_channel: [20/694] Processing 3zdTINcxZC0 — ActInf Textbook Group ~ Cohort 7 ~ Session 18 (Chapter 7) ~ 3/6/2025
2026-02-16 13:42:11 [INFO] journal_utilities.downloader: Audio already exists for 3zdTINcxZC0, skipping
2026-02-16 13:42:12 [INFO] journal_utilities.downloader: Audio for 3zdTINcxZC0: skipped
2026-02-16 13:42:14 [INFO] download_channel: [21/694] Processing 0FNa9vMVZ5I — ActInf Textbook Group ~ Cohort 7 ~ Session 2 (Chapter 1, Part 2) ~ 7/22/2024
2026-02-16 13:42:17 [INFO] journal_utilities.downloader: Audio already exists for 0FNa9vMVZ5I, skipping
2026-02-16 13:42:18 [INFO] journal_utilities.downloader: Audio for 0FNa9vMVZ5I: skipped
2026-02-16 13:42:19 [INFO] download_channel: [22/694] Processing -7YZ8olj7Wo — ActInf Textbook Group ~ Cohort 7 ~ Session 7 (Chapter 4) ~ 9/16/2024
2026-02-16 13:42:22 [INFO] journal_utilities.downloader: Audio already exists for -7YZ8olj7Wo, skipping
2026-02-16 13:42:22 [INFO] journal_utilities.downloader: Audio for -7YZ8olj7Wo: skipped
2026-02-16 13:42:23 [INFO] download_channel: [23/694] Processing TaFwI2zr_lE — Audio-Visual Production project at the Institute seeks participants for 2025!
2026-02-16 13:42:23 [INFO] journal_utilities.downloader: Audio already exists for TaFwI2zr_lE, skipping
2026-02-16 13:42:23 [INFO] journal_utilities.downloader: Audio for TaFwI2zr_lE: skipped
2026-02-16 13:42:24 [INFO] download_channel: [24/694] Processing UYD8CR_Xorg — Bert Berkers: "Towards Autonomous Urban Digital Twins"
2026-02-16 13:42:24 [INFO] journal_utilities.downloader: Audio already exists for UYD8CR_Xorg, skipping
2026-02-16 13:42:24 [INFO] journal_utilities.downloader: Audio for UYD8CR_Xorg: skipped
2026-02-16 13:42:25 [INFO] download_channel: [25/694] Processing ynekj8F4zeY — William Gebhardt: “An Introduction to NGC-Learn: A Computational Neuroscience Library“
2026-02-16 13:42:25 [INFO] journal_utilities.downloader: Audio already exists for ynekj8F4zeY, skipping
2026-02-16 13:42:25 [INFO] journal_utilities.downloader: Audio for ynekj8F4zeY: skipped
2026-02-16 13:42:26 [INFO] download_channel: [26/694] Processing q5ZKdxc2tZI — John H Clippinger “Workshop part 1: Introduction to Applying Active Inference“
2026-02-16 13:42:26 [INFO] journal_utilities.downloader: Audio already exists for q5ZKdxc2tZI, skipping
2026-02-16 13:42:26 [INFO] journal_utilities.downloader: Audio for q5ZKdxc2tZI: skipped
2026-02-16 13:42:27 [INFO] download_channel: [27/694] Processing p77yZJ0Bf38 — Octopus: “Cognitive Bifurcations and Mathematical Explorations“
2026-02-16 13:42:27 [INFO] journal_utilities.downloader: Audio already exists for p77yZJ0Bf38, skipping
2026-02-16 13:42:27 [INFO] journal_utilities.downloader: Audio for p77yZJ0Bf38: skipped
2026-02-16 13:42:28 [INFO] download_channel: [28/694] Processing olybbchPgEY — John Boik: “CogNarr Ecosystem: Facilitating Group Cognition at Scale“
2026-02-16 13:42:28 [INFO] journal_utilities.downloader: Audio already exists for olybbchPgEY, skipping
2026-02-16 13:42:28 [INFO] journal_utilities.downloader: Audio for olybbchPgEY: skipped
2026-02-16 13:42:29 [INFO] download_channel: [29/694] Processing jnavry7c11A — Michael Lennon : “Co-inferencing Organizational Symbiosis“
2026-02-16 13:42:29 [INFO] journal_utilities.downloader: Audio already exists for jnavry7c11A, skipping
2026-02-16 13:42:29 [INFO] journal_utilities.downloader: Audio for jnavry7c11A: skipped
2026-02-16 13:42:30 [INFO] download_channel: [30/694] Processing geITY8aJJEA — Dmitry Bagaev: “RxInfer.jl updates and development“
2026-02-16 13:42:30 [INFO] journal_utilities.downloader: Audio already exists for geITY8aJJEA, skipping
2026-02-16 13:42:30 [INFO] journal_utilities.downloader: Audio for geITY8aJJEA: skipped
2026-02-16 13:42:31 [INFO] download_channel: [31/694] Processing gEmvzUQjQVI — Steffen Bollman & Bradly Alicea: “Open Strategies Interest Group“
2026-02-16 13:42:32 [INFO] journal_utilities.downloader: Audio already exists for gEmvzUQjQVI, skipping
2026-02-16 13:42:32 [INFO] journal_utilities.downloader: Audio for gEmvzUQjQVI: skipped
2026-02-16 13:42:33 [INFO] download_channel: [32/694] Processing fbz2VUi-MOo — Livestream 058.2: "From pixels to planning: scale free active inference"
2026-02-16 13:42:33 [INFO] journal_utilities.downloader: Audio already exists for fbz2VUi-MOo, skipping
2026-02-16 13:42:33 [INFO] journal_utilities.downloader: Audio for fbz2VUi-MOo: skipped
2026-02-16 13:42:34 [INFO] download_channel: [33/694] Processing bPJMnFeaoOc — Alex Kiefer: “Resilience from an active inference perspective“
2026-02-16 13:42:34 [INFO] journal_utilities.downloader: Audio already exists for bPJMnFeaoOc, skipping
2026-02-16 13:42:34 [INFO] journal_utilities.downloader: Audio for bPJMnFeaoOc: skipped
2026-02-16 13:42:35 [INFO] download_channel: [34/694] Processing _gjGH0Y_Cgo — Denise Holt: “The Potential Impact of Decentralized AI through Active Inference and Spatial Web“
2026-02-16 13:42:35 [INFO] journal_utilities.downloader: Audio already exists for _gjGH0Y_Cgo, skipping
2026-02-16 13:42:35 [INFO] journal_utilities.downloader: Audio for _gjGH0Y_Cgo: skipped
2026-02-16 13:42:36 [INFO] download_channel: [35/694] Processing _D3uUU1N0bw — "Accounting for Multi scalar and Conscious Psychobiological Phenomena via Quantum Entanglement"
2026-02-16 13:42:36 [INFO] journal_utilities.downloader: Audio already exists for _D3uUU1N0bw, skipping
2026-02-16 13:42:36 [INFO] journal_utilities.downloader: Audio for _D3uUU1N0bw: skipped
2026-02-16 13:42:37 [INFO] download_channel: [36/694] Processing WxTOeCnQNmY — Karl Friston & Alexander Ororbia: “First Day ~ Symposium Roundtable Discussion“
2026-02-16 13:42:37 [INFO] journal_utilities.downloader: Audio already exists for WxTOeCnQNmY, skipping
2026-02-16 13:42:37 [INFO] journal_utilities.downloader: Audio for WxTOeCnQNmY: skipped
2026-02-16 13:42:38 [INFO] download_channel: [37/694] Processing TsQQX3ZdEmA — Anna Pereira: “Research Fellow Update“
2026-02-16 13:42:38 [INFO] journal_utilities.downloader: Audio already exists for TsQQX3ZdEmA, skipping
2026-02-16 13:42:38 [INFO] journal_utilities.downloader: Audio for TsQQX3ZdEmA: skipped
2026-02-16 13:42:39 [INFO] download_channel: [38/694] Processing P3h51-J4g8M — Matthew Brown: “Real-Time Active Inference for Adaptive Robotic Control“
2026-02-16 13:42:39 [INFO] journal_utilities.downloader: Audio already exists for P3h51-J4g8M, skipping
2026-02-16 13:42:39 [INFO] journal_utilities.downloader: Audio for P3h51-J4g8M: skipped
2026-02-16 13:42:40 [INFO] download_channel: [39/694] Processing OCCIDeeKOMA — Bridging Biology and Al Active Inference for Biologically Plausible Decision Making Models
2026-02-16 13:42:40 [INFO] journal_utilities.downloader: Audio already exists for OCCIDeeKOMA, skipping
2026-02-16 13:42:40 [INFO] journal_utilities.downloader: Audio for OCCIDeeKOMA: skipped
2026-02-16 13:42:41 [INFO] download_channel: [40/694] Processing MRTULbP1ZKs — Introducing Activelnference jl, a julia package for simulating active inference models and fitting t
2026-02-16 13:42:41 [INFO] journal_utilities.downloader: Audio already exists for MRTULbP1ZKs, skipping
2026-02-16 13:42:41 [INFO] journal_utilities.downloader: Audio for MRTULbP1ZKs: skipped
2026-02-16 13:42:42 [INFO] download_channel: [41/694] Processing LI_ZIXys1xU — A convergence of TAME (Levin 2022) and Active Inference FEP perspectives on dissociative experiences
2026-02-16 13:42:42 [INFO] journal_utilities.downloader: Audio already exists for LI_ZIXys1xU, skipping
2026-02-16 13:42:42 [INFO] journal_utilities.downloader: Audio for LI_ZIXys1xU: skipped
2026-02-16 13:42:43 [INFO] download_channel: [42/694] Processing KR9KCKQ-KJo — Viet Dung Nguyen "Dynamic Prior Preference Learning for Scalable, Robust Deep Active Inference"
2026-02-16 13:42:43 [INFO] journal_utilities.downloader: Audio already exists for KR9KCKQ-KJo, skipping
2026-02-16 13:42:43 [INFO] journal_utilities.downloader: Audio for KR9KCKQ-KJo: skipped
2026-02-16 13:42:44 [INFO] download_channel: [43/694] Processing G_Jksni5o8I — Giacomo Rossettini: “Placebo, nocebo and contextual effects: the missed link in clinical practice“
2026-02-16 13:42:44 [INFO] journal_utilities.downloader: Audio already exists for G_Jksni5o8I, skipping
2026-02-16 13:42:44 [INFO] journal_utilities.downloader: Audio for G_Jksni5o8I: skipped
2026-02-16 13:42:45 [INFO] download_channel: [44/694] Processing FlZa_odQymU — Bradly Alicea: “An Overview of Open Source and Open Science“
2026-02-16 13:42:45 [INFO] journal_utilities.downloader: Audio already exists for FlZa_odQymU, skipping
2026-02-16 13:42:45 [INFO] journal_utilities.downloader: Audio for FlZa_odQymU: skipped
2026-02-16 13:42:46 [INFO] download_channel: [45/694] Processing EkYlOX-f9sk — "Bridging Cognitive Processing and Social Dynamics New perspectives on Power and Active Ignorance"
2026-02-16 13:42:46 [INFO] journal_utilities.downloader: Audio already exists for EkYlOX-f9sk, skipping
2026-02-16 13:42:46 [INFO] journal_utilities.downloader: Audio for EkYlOX-f9sk: skipped
2026-02-16 13:42:47 [INFO] download_channel: [46/694] Processing E3xAZAs7YeA — John H Clippinger & Andrew Pashea: “BioFirm Workshop part 2"
2026-02-16 13:42:47 [INFO] journal_utilities.downloader: Audio already exists for E3xAZAs7YeA, skipping
2026-02-16 13:42:47 [INFO] journal_utilities.downloader: Audio for E3xAZAs7YeA: skipped
2026-02-16 13:42:48 [INFO] download_channel: [47/694] Processing C1Uqxg7mDCo — Purposefully Nonstandard Cybernetics an alternative to purpose driven control
2026-02-16 13:42:48 [INFO] journal_utilities.downloader: Audio already exists for C1Uqxg7mDCo, skipping
2026-02-16 13:42:48 [INFO] journal_utilities.downloader: Audio for C1Uqxg7mDCo: skipped
2026-02-16 13:42:49 [INFO] download_channel: [48/694] Processing 9v22c92LWHQ — Shagor Rahman: “Humanity’s Story: A Search for Moral Clarity“
2026-02-16 13:42:49 [INFO] journal_utilities.downloader: Audio already exists for 9v22c92LWHQ, skipping
2026-02-16 13:42:49 [INFO] journal_utilities.downloader: Audio for 9v22c92LWHQ: skipped
2026-02-16 13:42:50 [INFO] download_channel: [49/694] Processing 8X9K_gZWhqs — Mahault Albarracin: “Sustainability Under Active Inference“
2026-02-16 13:42:50 [INFO] journal_utilities.downloader: Audio already exists for 8X9K_gZWhqs, skipping
2026-02-16 13:42:50 [INFO] journal_utilities.downloader: Audio for 8X9K_gZWhqs: skipped
2026-02-16 13:42:51 [INFO] download_channel: [50/694] Processing 7FuojyQMabw — Jean-François Cloutier: “An experiment in artificial agency“
2026-02-16 13:42:51 [INFO] journal_utilities.downloader: Audio already exists for 7FuojyQMabw, skipping
2026-02-16 13:42:51 [INFO] journal_utilities.downloader: Audio for 7FuojyQMabw: skipped
2026-02-16 13:42:52 [INFO] download_channel: [51/694] Processing 1ZJBJGzOn0g — MLDawn "Brain in the Dark Design Principles for Neuromimetic Inference under Free Energy Principle"
2026-02-16 13:42:52 [INFO] journal_utilities.downloader: Audio already exists for 1ZJBJGzOn0g, skipping
2026-02-16 13:42:52 [INFO] journal_utilities.downloader: Audio for 1ZJBJGzOn0g: skipped
2026-02-16 13:42:53 [INFO] download_channel: [52/694] Processing 0A36OXIDLhQ — Ines Hipolito: “Dysfunctional Markov Blankets: From Stuck States to Adaptive Perturbations“
2026-02-16 13:42:53 [INFO] journal_utilities.downloader: Audio already exists for 0A36OXIDLhQ, skipping
2026-02-16 13:42:53 [INFO] journal_utilities.downloader: Audio for 0A36OXIDLhQ: skipped
2026-02-16 13:42:55 [INFO] download_channel: [53/694] Processing -39CESDAfLM — "Danceability as an Approximate Measure of Groove Collective Synchrony Through Music"
2026-02-16 13:42:55 [INFO] journal_utilities.downloader: Audio already exists for -39CESDAfLM, skipping
2026-02-16 13:42:55 [INFO] journal_utilities.downloader: Audio for -39CESDAfLM: skipped
2026-02-16 13:42:56 [INFO] download_channel: [54/694] Processing nCZZBuk_wmU — 4th Applied Active Inference Symposium (Part 2, Nov 14, 2024) ~ Full Upload
2026-02-16 13:42:56 [INFO] journal_utilities.downloader: Audio already exists for nCZZBuk_wmU, skipping
2026-02-16 13:42:56 [INFO] journal_utilities.downloader: Audio for nCZZBuk_wmU: skipped
2026-02-16 13:42:57 [INFO] download_channel: [55/694] Processing cIBIecj7UZE — 4th Applied Active Inference Symposium (Part 1, Nov 13, 2024) ~ Full Upload
2026-02-16 13:42:57 [INFO] journal_utilities.downloader: Audio already exists for cIBIecj7UZE, skipping
2026-02-16 13:42:57 [INFO] journal_utilities.downloader: Audio for cIBIecj7UZE: skipped
2026-02-16 13:42:58 [INFO] download_channel: [56/694] Processing s3iUvrVuckc — ActInf Textbook Group ~ Cohort 6 ~ Session 5 (Chapter 2, Part 2) ~ 2/26/2024
2026-02-16 13:42:58 [INFO] journal_utilities.downloader: Audio already exists for s3iUvrVuckc, skipping
2026-02-16 13:42:58 [INFO] journal_utilities.downloader: Audio for s3iUvrVuckc: skipped
2026-02-16 13:42:59 [INFO] download_channel: [57/694] Processing qYImZ0Gk298 — ActInf Textbook Group ~ Cohort 6 ~ Session 3 (Chapter 1, Part 2) ~ 2/12/2024
2026-02-16 13:42:59 [INFO] journal_utilities.downloader: Audio already exists for qYImZ0Gk298, skipping
2026-02-16 13:42:59 [INFO] journal_utilities.downloader: Audio for qYImZ0Gk298: skipped
2026-02-16 13:43:00 [INFO] download_channel: [58/694] Processing meHNspbSYto — ActInf Textbook Group ~ Cohort 6 ~ Session 19 (Chapter 8, Part 1) 8/26/2024
2026-02-16 13:43:00 [INFO] journal_utilities.downloader: Audio already exists for meHNspbSYto, skipping
2026-02-16 13:43:00 [INFO] journal_utilities.downloader: Audio for meHNspbSYto: skipped
2026-02-16 13:43:01 [INFO] download_channel: [59/694] Processing imqNCmLJMts — ActInf Textbook Group ~ Cohort 6 ~ Session 2 (Chapter 1, Part 1) ~ 2/5/2024
2026-02-16 13:43:03 [INFO] journal_utilities.downloader: Audio already exists for imqNCmLJMts, skipping
2026-02-16 13:43:03 [INFO] journal_utilities.downloader: Audio for imqNCmLJMts: skipped
2026-02-16 13:43:04 [INFO] download_channel: [60/694] Processing Yp8LSoHiMlk — ActInf Textbook Group ~ Cohort 6 ~ Session 16 (Chapter 7, Part 1) 8/5/2024
2026-02-16 13:43:04 [INFO] journal_utilities.downloader: Audio already exists for Yp8LSoHiMlk, skipping
2026-02-16 13:43:04 [INFO] journal_utilities.downloader: Audio for Yp8LSoHiMlk: skipped
2026-02-16 13:43:05 [INFO] download_channel: [61/694] Processing TZKflAT3JmY — ActInf Textbook Group ~ Cohort 6 ~ Session 21 (Applying Active Inference & Ontology) 9/9/2024
2026-02-16 13:43:05 [INFO] journal_utilities.downloader: Audio already exists for TZKflAT3JmY, skipping
2026-02-16 13:43:05 [INFO] journal_utilities.downloader: Audio for TZKflAT3JmY: skipped
2026-02-16 13:43:06 [INFO] download_channel: [62/694] Processing T1mQYCLkQo8 — ActInf Textbook Group ~ Cohort 6 ~ Session 22 (Chapter 9) 9/16/2024
2026-02-16 13:43:06 [INFO] journal_utilities.downloader: Audio already exists for T1mQYCLkQo8, skipping
2026-02-16 13:43:06 [INFO] journal_utilities.downloader: Audio for T1mQYCLkQo8: skipped
2026-02-16 13:43:07 [INFO] download_channel: [63/694] Processing nFHQ_Bjub3o — ActInf Textbook Group ~ Cohort 6 ~ Session 18 (Chapter 7, Part 3 / Applying ActInf) 8/12/2024
2026-02-16 13:43:07 [INFO] journal_utilities.downloader: Audio already exists for nFHQ_Bjub3o, skipping
2026-02-16 13:43:07 [INFO] journal_utilities.downloader: Audio for nFHQ_Bjub3o: skipped
2026-02-16 13:43:09 [INFO] download_channel: [64/694] Processing L6FW9v3m-JA — ActInf Textbook Group ~ Cohort 6 ~ Session 6 (Chapter 4, Part 2) ~ 3/25/2024
2026-02-16 13:43:09 [INFO] journal_utilities.downloader: Audio already exists for L6FW9v3m-JA, skipping
2026-02-16 13:43:09 [INFO] journal_utilities.downloader: Audio for L6FW9v3m-JA: skipped
2026-02-16 13:43:11 [INFO] download_channel: [65/694] Processing Ke0x0TrBROk — ActInf Textbook Group ~ Cohort 6 ~ Session 7 (Chapter 5, Part 1) ~ 4/1/2024
2026-02-16 13:43:14 [INFO] journal_utilities.downloader: Audio already exists for Ke0x0TrBROk, skipping
2026-02-16 13:43:14 [INFO] journal_utilities.downloader: Audio for Ke0x0TrBROk: skipped
2026-02-16 13:43:15 [INFO] download_channel: [66/694] Processing HEGhyTjMJOo — ActInf Textbook Group ~ Cohort 6 ~ Session 8 (Chapter 5, Part 2) ~ 4/8/2024
2026-02-16 13:43:15 [INFO] journal_utilities.downloader: Audio already exists for HEGhyTjMJOo, skipping
2026-02-16 13:43:15 [INFO] journal_utilities.downloader: Audio for HEGhyTjMJOo: skipped
2026-02-16 13:43:16 [INFO] download_channel: [67/694] Processing H-_iRin1vfI — ActInf Textbook Group ~ Cohort 6 ~ Session 13 (Chapter 6, Part 1) ~ 7/15/2024
2026-02-16 13:43:17 [INFO] journal_utilities.downloader: Audio already exists for H-_iRin1vfI, skipping
2026-02-16 13:43:17 [INFO] journal_utilities.downloader: Audio for H-_iRin1vfI: skipped
2026-02-16 13:43:18 [INFO] download_channel: [68/694] Processing Gt5vADpuw_g — ActInf Textbook Group ~ Cohort 6 ~ Session 6 (Chapter 4, Part 1) ~ 3/18/2024
2026-02-16 13:43:19 [INFO] journal_utilities.downloader: Audio already exists for Gt5vADpuw_g, skipping
2026-02-16 13:43:19 [INFO] journal_utilities.downloader: Audio for Gt5vADpuw_g: skipped
2026-02-16 13:43:20 [INFO] download_channel: [69/694] Processing ExQZpv43sSo — ActInf Textbook Group ~ Cohort 6 ~ Session 6 (Chapter 3, Part 2) ~ 3/11/2024
2026-02-16 13:43:22 [INFO] journal_utilities.downloader: Audio already exists for ExQZpv43sSo, skipping
2026-02-16 13:43:22 [INFO] journal_utilities.downloader: Audio for ExQZpv43sSo: skipped
2026-02-16 13:43:23 [INFO] download_channel: [70/694] Processing CEL1TfYypAk — ActInf Textbook Group ~ Cohort 6 ~ Session 17 (Chapter 7, Part 2) 8/12/2024
2026-02-16 13:43:23 [INFO] journal_utilities.downloader: Audio already exists for CEL1TfYypAk, skipping
2026-02-16 13:43:23 [INFO] journal_utilities.downloader: Audio for CEL1TfYypAk: skipped
2026-02-16 13:43:24 [INFO] download_channel: [71/694] Processing AJ245K2DC44 — ActInf Textbook Group ~ Cohort 6 ~ Session 4 (Chapter 2, Part 1) ~ 2/19/2024
2026-02-16 13:43:24 [INFO] journal_utilities.downloader: Audio already exists for AJ245K2DC44, skipping
2026-02-16 13:43:24 [INFO] journal_utilities.downloader: Audio for AJ245K2DC44: skipped
2026-02-16 13:43:25 [INFO] download_channel: [72/694] Processing 7Ru_taOprEA — ActInf Textbook Group ~ Cohort 6 ~ Session 5 (Chapter 3, Part 1) ~ 2/26/2024
2026-02-16 13:43:25 [INFO] journal_utilities.downloader: Audio already exists for 7Ru_taOprEA, skipping
2026-02-16 13:43:25 [INFO] journal_utilities.downloader: Audio for 7Ru_taOprEA: skipped
2026-02-16 13:43:26 [INFO] download_channel: [73/694] Processing 0rQWh-pBXSQ — ActInf Textbook Group ~ Cohort 6 ~ Session 15 (Applying Active Inference, Social Science) 7/22/2024
2026-02-16 13:43:26 [INFO] journal_utilities.downloader: Audio already exists for 0rQWh-pBXSQ, skipping
2026-02-16 13:43:26 [INFO] journal_utilities.downloader: Audio for 0rQWh-pBXSQ: skipped
2026-02-16 13:43:28 [INFO] download_channel: [74/694] Processing -DQ6B7cagQ0 — ActInf Textbook Group ~ Cohort 6 ~ Session 14 (Chapter 6, Part 2) ~ 7/22/2024
2026-02-16 13:43:28 [INFO] journal_utilities.downloader: Audio already exists for -DQ6B7cagQ0, skipping
2026-02-16 13:43:28 [INFO] journal_utilities.downloader: Audio for -DQ6B7cagQ0: skipped
2026-02-16 13:43:29 [INFO] download_channel: [75/694] Processing U6Edc13EQ_k — Google Video Vids Generative AI ~ Active Inference & Free Energy Principle EXPLAINED
2026-02-16 13:43:32 [INFO] journal_utilities.downloader: Audio already exists for U6Edc13EQ_k, skipping
2026-02-16 13:43:32 [INFO] journal_utilities.downloader: Audio for U6Edc13EQ_k: skipped
2026-02-16 13:43:33 [INFO] download_channel: [76/694] Processing sKVZykutOD0 — Iain McGilchrist ~ Active Inference Insights 023 ~ Hemispheric Lateralisation, Relationality, Being
2026-02-16 13:43:33 [INFO] journal_utilities.downloader: Audio already exists for sKVZykutOD0, skipping
2026-02-16 13:43:33 [INFO] journal_utilities.downloader: Audio for sKVZykutOD0: skipped
2026-02-16 13:43:34 [INFO] download_channel: [77/694] Processing ygmAhA18mkQ — ActInf ModelStream 010.2 ~ RxEnvironments.jl with Wouter Nuijten
2026-02-16 13:43:34 [INFO] journal_utilities.downloader: Audio already exists for ygmAhA18mkQ, skipping
2026-02-16 13:43:34 [INFO] journal_utilities.downloader: Audio for ygmAhA18mkQ: skipped
2026-02-16 13:43:35 [INFO] download_channel: [78/694] Processing TvZcxUuosh0 — Krys Dolega ~ Active Inference Insights 022 ~ Emperor’s New Markov Blankets, Attention, Dan Dennett
2026-02-16 13:43:35 [INFO] journal_utilities.downloader: Audio already exists for TvZcxUuosh0, skipping
2026-02-16 13:43:35 [INFO] journal_utilities.downloader: Audio for TvZcxUuosh0: skipped
2026-02-16 13:43:36 [INFO] download_channel: [79/694] Processing B64lXpQAOus — Announcing two new programs: Research Fellows & Partnerships
2026-02-16 13:43:37 [INFO] journal_utilities.downloader: Audio already exists for B64lXpQAOus, skipping
2026-02-16 13:43:37 [INFO] journal_utilities.downloader: Audio for B64lXpQAOus: skipped
2026-02-16 13:43:38 [INFO] download_channel: [80/694] Processing IjWBAyJeCsc — Thomas Metzinger ~ Active Inference Insights 021 ~ Pure Awareness, Self-Models, Transparency
2026-02-16 13:43:38 [INFO] journal_utilities.downloader: Audio already exists for IjWBAyJeCsc, skipping
2026-02-16 13:43:38 [INFO] journal_utilities.downloader: Audio for IjWBAyJeCsc: skipped
2026-02-16 13:43:39 [INFO] download_channel: [81/694] Processing 2hLeKUdOUrg — Kathryn Nave  ~ Active Inference Insights 020 ~ Agency, Vision, Life
2026-02-16 13:43:39 [INFO] journal_utilities.downloader: Audio already exists for 2hLeKUdOUrg, skipping
2026-02-16 13:43:39 [INFO] journal_utilities.downloader: Audio for 2hLeKUdOUrg: skipped
2026-02-16 13:43:40 [INFO] download_channel: [82/694] Processing nf57wi3qLjk — Conor Heins  ~ Active Inference Insights 019 ~ Collective Behaviour,  Attention, Intelligence
2026-02-16 13:43:42 [INFO] journal_utilities.downloader: Audio already exists for nf57wi3qLjk, skipping
2026-02-16 13:43:42 [INFO] journal_utilities.downloader: Audio for nf57wi3qLjk: skipped
2026-02-16 13:43:43 [INFO] download_channel: [83/694] Processing wFZSLtbhDLE — ActInf Textbook Group ~ Cohort 5 ~ Session 8 (Chapter 4, Part 1) ~ 11/7/2023
2026-02-16 13:43:43 [INFO] journal_utilities.downloader: Audio already exists for wFZSLtbhDLE, skipping
2026-02-16 13:43:43 [INFO] journal_utilities.downloader: Audio for wFZSLtbhDLE: skipped
2026-02-16 13:43:44 [INFO] download_channel: [84/694] Processing ceTIEXxzfGM — ActInf Textbook Group ~ Cohort 5 ~ Session 22 (Chapter 10, Part 2) ~ 4/8/2024
2026-02-16 13:43:47 [INFO] journal_utilities.downloader: Audio already exists for ceTIEXxzfGM, skipping
2026-02-16 13:43:47 [INFO] journal_utilities.downloader: Audio for ceTIEXxzfGM: skipped
2026-02-16 13:43:48 [INFO] download_channel: [85/694] Processing v8DiGoR29z8 — ActInf Textbook Group ~ Cohort 5 ~ Session 6 (Chapter 3, Part 1) ~ 10/24/2023
2026-02-16 13:43:48 [INFO] journal_utilities.downloader: Audio already exists for v8DiGoR29z8, skipping
2026-02-16 13:43:48 [INFO] journal_utilities.downloader: Audio for v8DiGoR29z8: skipped
2026-02-16 13:43:49 [INFO] download_channel: [86/694] Processing snOZwtTgX3Q — ActInf Textbook Group ~ Cohort 5 ~ Session 5 (Chapter 2, Part 2) ~ 10/17/2023
2026-02-16 13:43:49 [INFO] journal_utilities.downloader: Audio already exists for snOZwtTgX3Q, skipping
2026-02-16 13:43:49 [INFO] journal_utilities.downloader: Audio for snOZwtTgX3Q: skipped
2026-02-16 13:43:50 [INFO] download_channel: [87/694] Processing mqB1ZW3wVHc — ActInf Textbook Group ~ Cohort 5 ~ Session 16 (Chapter 7, Part 1) ~ 2/19/2024
2026-02-16 13:43:50 [INFO] journal_utilities.downloader: Audio already exists for mqB1ZW3wVHc, skipping
2026-02-16 13:43:50 [INFO] journal_utilities.downloader: Audio for mqB1ZW3wVHc: skipped
2026-02-16 13:43:51 [INFO] download_channel: [88/694] Processing jhAy18rnFEM — ActInf Textbook Group ~ Cohort 5 ~ Session 19 (Chapter 8, Part 2) ~ 3/11/2024
2026-02-16 13:43:51 [INFO] journal_utilities.downloader: Audio already exists for jhAy18rnFEM, skipping
2026-02-16 13:43:51 [INFO] journal_utilities.downloader: Audio for jhAy18rnFEM: skipped
2026-02-16 13:43:52 [INFO] download_channel: [89/694] Processing hf7V9oJAK6I — ActInf Textbook Group ~ Cohort 5 ~ Session 18 (Chapter 8, Part 1) ~ 3/4/2024
2026-02-16 13:43:52 [INFO] journal_utilities.downloader: Audio already exists for hf7V9oJAK6I, skipping
2026-02-16 13:43:52 [INFO] journal_utilities.downloader: Audio for hf7V9oJAK6I: skipped
2026-02-16 13:43:53 [INFO] download_channel: [90/694] Processing hREkvTcNNRo — ActInf Textbook Group ~ Cohort 5 ~ Session 7 (Chapter 3, Part 2) ~ 10/31/2023
2026-02-16 13:43:54 [INFO] journal_utilities.downloader: Audio already exists for hREkvTcNNRo, skipping
2026-02-16 13:43:55 [INFO] journal_utilities.downloader: Audio for hREkvTcNNRo: skipped
2026-02-16 13:43:56 [INFO] download_channel: [91/694] Processing gjqHdcZFXUE — ActInf Textbook Group ~ Cohort 5 ~ Session 11 (Chapter 5, Part 2) ~ 11/28/2023
2026-02-16 13:43:56 [INFO] journal_utilities.downloader: Audio already exists for gjqHdcZFXUE, skipping
2026-02-16 13:43:59 [INFO] journal_utilities.downloader: Audio for gjqHdcZFXUE: skipped
2026-02-16 13:44:00 [INFO] download_channel: [92/694] Processing Wbl_xK_-ldM — ActInf Textbook Group ~ Cohort 5 ~ Session 4 (Chapter 2, Part 1) ~ 10/10/2023
2026-02-16 13:44:00 [INFO] journal_utilities.downloader: Audio already exists for Wbl_xK_-ldM, skipping
2026-02-16 13:44:00 [INFO] journal_utilities.downloader: Audio for Wbl_xK_-ldM: skipped
2026-02-16 13:44:01 [INFO] download_channel: [93/694] Processing 0pd6BtofNkY — ActInf Textbook Group ~ Cohort 5 ~ Session 17 (Chapter 7, Part 2) ~ 2/26/2024
2026-02-16 13:44:01 [INFO] journal_utilities.downloader: Audio already exists for 0pd6BtofNkY, skipping
2026-02-16 13:44:01 [INFO] journal_utilities.downloader: Audio for 0pd6BtofNkY: skipped
2026-02-16 13:44:02 [INFO] download_channel: [94/694] Processing 1w2JUt-xHH4 — ActInf Textbook Group ~ Cohort 5 ~ Session 3 (Chapter 1, Part 2) ~ 10/3/2023
2026-02-16 13:44:02 [INFO] journal_utilities.downloader: Audio already exists for 1w2JUt-xHH4, skipping
2026-02-16 13:44:02 [INFO] journal_utilities.downloader: Audio for 1w2JUt-xHH4: skipped
2026-02-16 13:44:03 [INFO] download_channel: [95/694] Processing Da6PnLlK9oc — ActInf Textbook Group ~ Cohort 5 ~ Session 15 (Chapter 6, Part 2) ~ 2/12/2024
2026-02-16 13:44:03 [INFO] journal_utilities.downloader: Audio already exists for Da6PnLlK9oc, skipping
2026-02-16 13:44:03 [INFO] journal_utilities.downloader: Audio for Da6PnLlK9oc: skipped
2026-02-16 13:44:04 [INFO] download_channel: [96/694] Processing WZ_rsHiwXRk — ActInf Textbook Group ~ Cohort 5 ~ Session 14 (Chapter 6, Part 1) ~ 2/5/2024
2026-02-16 13:44:04 [INFO] journal_utilities.downloader: Audio already exists for WZ_rsHiwXRk, skipping
2026-02-16 13:44:04 [INFO] journal_utilities.downloader: Audio for WZ_rsHiwXRk: skipped
2026-02-16 13:44:05 [INFO] download_channel: [97/694] Processing MMOsuWNoPSo — ActInf Textbook Group ~ Cohort 5 ~ Session 10 (Chapter 5, Part 1) ~ 11/21/2023
2026-02-16 13:44:06 [INFO] journal_utilities.downloader: Audio already exists for MMOsuWNoPSo, skipping
2026-02-16 13:44:06 [INFO] journal_utilities.downloader: Audio for MMOsuWNoPSo: skipped
2026-02-16 13:44:07 [INFO] download_channel: [98/694] Processing DgppOdct0JE — ActInf Textbook Group ~ Cohort 5 ~ Session 20 (Chapter 9, Part 1) ~ 3/18/2024
2026-02-16 13:44:07 [INFO] journal_utilities.downloader: Audio already exists for DgppOdct0JE, skipping
2026-02-16 13:44:07 [INFO] journal_utilities.downloader: Audio for DgppOdct0JE: skipped
2026-02-16 13:44:08 [INFO] download_channel: [99/694] Processing D0eSAByd_Ak — ActInf Textbook Group ~ Cohort 5 ~ Session 9 (Chapter 4, Part 2) ~ 11/14/2023
2026-02-16 13:44:08 [INFO] journal_utilities.downloader: Audio already exists for D0eSAByd_Ak, skipping
2026-02-16 13:44:08 [INFO] journal_utilities.downloader: Audio for D0eSAByd_Ak: skipped
2026-02-16 13:44:09 [INFO] download_channel: [100/694] Processing 85HzeHfna08 — ActInf Textbook Group ~ Cohort 5 ~ Session 2 (Chapter 1, Part 1) ~ 9/26/2023
2026-02-16 13:44:09 [INFO] journal_utilities.downloader: Audio already exists for 85HzeHfna08, skipping
2026-02-16 13:44:09 [INFO] journal_utilities.downloader: Audio for 85HzeHfna08: skipped
2026-02-16 13:44:10 [INFO] download_channel: [101/694] Processing 3CQmexsuF64 — ActInf Textbook Group ~ Cohort 5 ~ Session 1 (Onboarding) ~ 9/19/2023
2026-02-16 13:44:10 [INFO] journal_utilities.downloader: Audio already exists for 3CQmexsuF64, skipping
2026-02-16 13:44:10 [INFO] journal_utilities.downloader: Audio for 3CQmexsuF64: skipped
2026-02-16 13:44:11 [INFO] download_channel: [102/694] Processing 0sS-Qf60Uaw — ActInf Textbook Group ~ Cohort 5 ~ Session 21 (Chapter 9, Part 2) ~ 3/25/2024
2026-02-16 13:44:11 [INFO] journal_utilities.downloader: Audio already exists for 0sS-Qf60Uaw, skipping
2026-02-16 13:44:11 [INFO] journal_utilities.downloader: Audio for 0sS-Qf60Uaw: skipped
2026-02-16 13:44:12 [INFO] download_channel: [103/694] Processing RDDfKm4yQIo — Active Inference in Rust.... For Ants? (4-4-2024 Active InferAnts bundle of updates)
2026-02-16 13:44:12 [INFO] journal_utilities.downloader: Audio already exists for RDDfKm4yQIo, skipping
2026-02-16 13:44:12 [INFO] journal_utilities.downloader: Audio for RDDfKm4yQIo: skipped
2026-02-16 13:44:13 [INFO] download_channel: [104/694] Processing sAwPXw-WNg4 — Sanjeev Namjoshi ~ Active Inference Insights 018 ~ Education, Expectation-Maximisation, Evolution
2026-02-16 13:44:13 [INFO] journal_utilities.downloader: Audio already exists for sAwPXw-WNg4, skipping
2026-02-16 13:44:13 [INFO] journal_utilities.downloader: Audio for sAwPXw-WNg4: skipped
2026-02-16 13:44:14 [INFO] download_channel: [105/694] Processing gpUuttKJoDM — Mark Solms ~ Active Inference Insights 017 ~ Affect, Consciousness, Dreams
2026-02-16 13:44:14 [INFO] journal_utilities.downloader: Audio already exists for gpUuttKJoDM, skipping
2026-02-16 13:44:14 [INFO] journal_utilities.downloader: Audio for gpUuttKJoDM: skipped
2026-02-16 13:44:15 [INFO] download_channel: [106/694] Processing uO1QgxI9B3g — Wanja Wiese ~ Active Inference Insights 016 ~ Consciousness, Information Geometry, Ethical AI
2026-02-16 13:44:15 [INFO] journal_utilities.downloader: Audio already exists for uO1QgxI9B3g, skipping
2026-02-16 13:44:15 [INFO] journal_utilities.downloader: Audio for uO1QgxI9B3g: skipped
2026-02-16 13:44:16 [INFO] download_channel: [107/694] Processing v6ddfMkuSpo — Michael Levin & Franz Kuchling ~ Active Inference Insights 015 ~ Morphogenesis, Selfhood, Teleonomy
2026-02-16 13:44:16 [INFO] journal_utilities.downloader: Audio already exists for v6ddfMkuSpo, skipping
2026-02-16 13:44:16 [INFO] journal_utilities.downloader: Audio for v6ddfMkuSpo: skipped
2026-02-16 13:44:17 [INFO] download_channel: [108/694] Processing HIvGyLlZx4I — Alex Kiefer ~ Active Inference Insights 014 ~ Representations, Predictive Coding, Teleology
2026-02-16 13:44:17 [INFO] journal_utilities.downloader: Audio already exists for HIvGyLlZx4I, skipping
2026-02-16 13:44:17 [INFO] journal_utilities.downloader: Audio for HIvGyLlZx4I: skipped
2026-02-16 13:44:18 [INFO] download_channel: [109/694] Processing T5nG_5UZ_yk — ActInf MorphStream 003.1 ~ Anand Subramoney "Principles of scalability and biological inspirations"
2026-02-16 13:44:18 [INFO] journal_utilities.downloader: Audio already exists for T5nG_5UZ_yk, skipping
2026-02-16 13:44:18 [INFO] journal_utilities.downloader: Audio for T5nG_5UZ_yk: skipped
2026-02-16 13:44:19 [INFO] download_channel: [110/694] Processing bQAJKi5ewDI — Ryan Smith ~ Active Inference Insights 013 ~ Wellbeing, Modelling, Precision
2026-02-16 13:44:19 [INFO] journal_utilities.downloader: Audio already exists for bQAJKi5ewDI, skipping
2026-02-16 13:44:19 [INFO] journal_utilities.downloader: Audio for bQAJKi5ewDI: skipped
2026-02-16 13:44:20 [INFO] download_channel: [111/694] Processing Ei8LHRlmbzI — Welcome to the Active Inference Institute (2024, version 1)
2026-02-16 13:44:20 [INFO] journal_utilities.downloader: Audio already exists for Ei8LHRlmbzI, skipping
2026-02-16 13:44:20 [INFO] journal_utilities.downloader: Audio for Ei8LHRlmbzI: skipped
2026-02-16 13:44:21 [INFO] download_channel: [112/694] Processing kNel8V3TFZs — Ronald Sladky ~ Active Inference Insights 012 ~ Amygdala, Priors, fMRI
2026-02-16 13:44:21 [INFO] journal_utilities.downloader: Audio already exists for kNel8V3TFZs, skipping
2026-02-16 13:44:21 [INFO] journal_utilities.downloader: Audio for kNel8V3TFZs: skipped
2026-02-16 13:44:22 [INFO] download_channel: [113/694] Processing 5OSdKU3Viu0 — Julian Kiverstein ~ Active Inference Insights 011 ~ Affordances, Enaction, Phenomenology
2026-02-16 13:44:22 [INFO] journal_utilities.downloader: Audio already exists for 5OSdKU3Viu0, skipping
2026-02-16 13:44:22 [INFO] journal_utilities.downloader: Audio for 5OSdKU3Viu0: skipped
2026-02-16 13:44:23 [INFO] download_channel: [114/694] Processing ZeIM4mK9UuY — Projects & Measurements ~ February 8, 2024
2026-02-16 13:44:23 [INFO] journal_utilities.downloader: Audio already exists for ZeIM4mK9UuY, skipping
2026-02-16 13:44:23 [INFO] journal_utilities.downloader: Audio for ZeIM4mK9UuY: skipped
2026-02-16 13:44:24 [INFO] download_channel: [115/694] Processing kLLMB91DMPA — Lance Da Costa ~ Active Inference Insights 010 ~ Mathematics, Time, Selfhood
2026-02-16 13:44:24 [INFO] journal_utilities.downloader: Audio already exists for kLLMB91DMPA, skipping
2026-02-16 13:44:24 [INFO] journal_utilities.downloader: Audio for kLLMB91DMPA: skipped
2026-02-16 13:44:25 [INFO] download_channel: [116/694] Processing 23XMBqlFi78 — Chris Frith ~ Active Inference Insights 009 ~ Mentalizing, Schizophrenia, Consciousness
2026-02-16 13:44:25 [INFO] journal_utilities.downloader: Audio already exists for 23XMBqlFi78, skipping
2026-02-16 13:44:25 [INFO] journal_utilities.downloader: Audio for 23XMBqlFi78: skipped
2026-02-16 13:44:26 [INFO] download_channel: [117/694] Processing YxrIbWTjSp4 — Active Inference Textbook Group in early 2024 ~ Cohort 6 begins & Cohort 5 continues
2026-02-16 13:44:26 [INFO] journal_utilities.downloader: Audio already exists for YxrIbWTjSp4, skipping
2026-02-16 13:44:26 [INFO] journal_utilities.downloader: Audio for YxrIbWTjSp4: skipped
2026-02-16 13:44:27 [INFO] download_channel: [118/694] Processing oJZSGW2kCYY — Alexander Ororbia ~ Active Inference Insights 008 ~ Mortal Computation, Cybernetics, AI
2026-02-16 13:44:27 [INFO] journal_utilities.downloader: Audio already exists for oJZSGW2kCYY, skipping
2026-02-16 13:44:27 [INFO] journal_utilities.downloader: Audio for oJZSGW2kCYY: skipped
2026-02-16 13:44:28 [INFO] download_channel: [119/694] Processing 1wxxhVjSo6w — Vicente Raja & Jeff Beck  ~ Active Inference Insights 007 ~ The Markov Blanket Trick Debate
2026-02-16 13:44:28 [INFO] journal_utilities.downloader: Audio already exists for 1wxxhVjSo6w, skipping
2026-02-16 13:44:28 [INFO] journal_utilities.downloader: Audio for 1wxxhVjSo6w: skipped
2026-02-16 13:44:29 [INFO] download_channel: [120/694] Processing 7GGGBMFuRXE — Adam Safron ~ Active Inference Insights 006 ~ Psychedelics, Emotions, The Body
2026-02-16 13:44:29 [INFO] journal_utilities.downloader: Audio already exists for 7GGGBMFuRXE, skipping
2026-02-16 13:44:29 [INFO] journal_utilities.downloader: Audio for 7GGGBMFuRXE: skipped
2026-02-16 13:44:30 [INFO] download_channel: [121/694] Processing mEP-E9Q92Es — Project Preparation/Measurement at Active Inference Institute in 2024 ~ Forms open
2026-02-16 13:44:30 [INFO] journal_utilities.downloader: Audio already exists for mEP-E9Q92Es, skipping
2026-02-16 13:44:30 [INFO] journal_utilities.downloader: Audio for mEP-E9Q92Es: skipped
2026-02-16 13:44:31 [INFO] download_channel: [122/694] Processing Jutffqjgy18 — Marilyn Stendera ~ Active Inference Insights 005 ~ Autopoiesis, Heidegger, Futurity
2026-02-16 13:44:31 [INFO] journal_utilities.downloader: Audio already exists for Jutffqjgy18, skipping
2026-02-16 13:44:31 [INFO] journal_utilities.downloader: Audio for Jutffqjgy18: skipped
2026-02-16 13:44:32 [INFO] download_channel: [123/694] Processing Wp7OebX_k70 — ActInf MorphStream 002.1 ~ Alon Loeffler "From Neuromorphic Nanowire Networks to Neurons"
2026-02-16 13:44:32 [INFO] journal_utilities.downloader: Audio already exists for Wp7OebX_k70, skipping
2026-02-16 13:44:32 [INFO] journal_utilities.downloader: Audio for Wp7OebX_k70: skipped
2026-02-16 13:44:33 [INFO] download_channel: [124/694] Processing cKZIJQLhudk — Inês Hipólito ~ Active Inference Insights 004 ~ Markov Blankets, Modularity, Enactivism
2026-02-16 13:44:33 [INFO] journal_utilities.downloader: Audio already exists for cKZIJQLhudk, skipping
2026-02-16 13:44:34 [INFO] journal_utilities.downloader: Audio for cKZIJQLhudk: skipped
2026-02-16 13:44:35 [INFO] download_channel: [125/694] Processing aC8GC15sqME — John Vervaeke ~ Active Inference Insights 003 ~ Relevance Realisation, Predictive Processing, Flow
2026-02-16 13:44:35 [INFO] journal_utilities.downloader: Audio already exists for aC8GC15sqME, skipping
2026-02-16 13:44:35 [INFO] journal_utilities.downloader: Audio for aC8GC15sqME: skipped
2026-02-16 13:44:36 [INFO] download_channel: [126/694] Processing njbpi3YTMPY — Mahault Albarracin ~ Active Inference Insights 002 ~ Epistemic Communities, Social Scripts, AI
2026-02-16 13:44:36 [INFO] journal_utilities.downloader: Audio already exists for njbpi3YTMPY, skipping
2026-02-16 13:44:36 [INFO] journal_utilities.downloader: Audio for njbpi3YTMPY: skipped
2026-02-16 13:44:37 [INFO] download_channel: [127/694] Processing rOchZu64b3A — ActInf Textbook Group ~ Cohort 4 ~ Meeting 20 (Chapter 9 part 2)
2026-02-16 13:44:37 [INFO] journal_utilities.downloader: Audio already exists for rOchZu64b3A, skipping
2026-02-16 13:44:37 [INFO] journal_utilities.downloader: Audio for rOchZu64b3A: skipped
2026-02-16 13:44:38 [INFO] download_channel: [128/694] Processing k7nySEbMQDI — ActInf Textbook Group ~ Cohort 4 ~ Meeting 5 (Chapter 2 part 1)
2026-02-16 13:44:38 [INFO] journal_utilities.downloader: Audio already exists for k7nySEbMQDI, skipping
2026-02-16 13:44:38 [INFO] journal_utilities.downloader: Audio for k7nySEbMQDI: skipped
2026-02-16 13:44:39 [INFO] download_channel: [129/694] Processing yICyXcr2idI — ActInf Textbook Group ~ Cohort 4 ~ Meeting 21 (Chapter 10 part 1)
2026-02-16 13:44:39 [INFO] journal_utilities.downloader: Audio already exists for yICyXcr2idI, skipping
2026-02-16 13:44:39 [INFO] journal_utilities.downloader: Audio for yICyXcr2idI: skipped
2026-02-16 13:44:40 [INFO] download_channel: [130/694] Processing q5nQWvYZDrE — ActInf Textbook Group ~ Cohort 4 ~ Meeting 11 (Chapter 5 part 1)
2026-02-16 13:44:40 [INFO] journal_utilities.downloader: Audio already exists for q5nQWvYZDrE, skipping
2026-02-16 13:44:40 [INFO] journal_utilities.downloader: Audio for q5nQWvYZDrE: skipped
2026-02-16 13:44:41 [INFO] download_channel: [131/694] Processing nsi6IAmt4Zc — ActInf Textbook Group ~ Cohort 4 ~ Meeting 10 (Chapter 4 part 2)
2026-02-16 13:44:41 [INFO] journal_utilities.downloader: Audio already exists for nsi6IAmt4Zc, skipping
2026-02-16 13:44:41 [INFO] journal_utilities.downloader: Audio for nsi6IAmt4Zc: skipped
2026-02-16 13:44:42 [INFO] download_channel: [132/694] Processing gEL56jY7CY0 — ActInf Textbook Group ~ Cohort 4 ~ Meeting 16 (Chapter 7 part 1)
2026-02-16 13:44:42 [INFO] journal_utilities.downloader: Audio already exists for gEL56jY7CY0, skipping
2026-02-16 13:44:42 [INFO] journal_utilities.downloader: Audio for gEL56jY7CY0: skipped
2026-02-16 13:44:43 [INFO] download_channel: [133/694] Processing dlZk_iF9EqM — ActInf Textbook Group ~ Cohort 4 ~ Meeting 13 (Chapter 6 part 1)
2026-02-16 13:44:43 [INFO] journal_utilities.downloader: Audio already exists for dlZk_iF9EqM, skipping
2026-02-16 13:44:43 [INFO] journal_utilities.downloader: Audio for dlZk_iF9EqM: skipped
2026-02-16 13:44:44 [INFO] download_channel: [134/694] Processing ceHICB7bm_c — ActInf Textbook Group ~ Cohort 4 ~ Meeting 4 (Chapter 1 part 2)
2026-02-16 13:44:44 [INFO] journal_utilities.downloader: Audio already exists for ceHICB7bm_c, skipping
2026-02-16 13:44:44 [INFO] journal_utilities.downloader: Audio for ceHICB7bm_c: skipped
2026-02-16 13:44:45 [INFO] download_channel: [135/694] Processing Z8hWG4Qf92w — ActInf Textbook Group ~ Cohort 4 ~ Meeting 17 (Chapter 8 part 1)
2026-02-16 13:44:45 [INFO] journal_utilities.downloader: Audio already exists for Z8hWG4Qf92w, skipping
2026-02-16 13:44:45 [INFO] journal_utilities.downloader: Audio for Z8hWG4Qf92w: skipped
2026-02-16 13:44:46 [INFO] download_channel: [136/694] Processing QdyHzs1Slec — ActInf Textbook Group ~ Cohort 4 ~ Meeting 6 (Chapter 2 part 2)
2026-02-16 13:44:46 [INFO] journal_utilities.downloader: Audio already exists for QdyHzs1Slec, skipping
2026-02-16 13:44:46 [INFO] journal_utilities.downloader: Audio for QdyHzs1Slec: skipped
2026-02-16 13:44:47 [INFO] download_channel: [137/694] Processing MIcDVLoElk8 — ActInf Textbook Group ~ Cohort 4 ~ Meeting 7 (Chapter 3 part 1)
2026-02-16 13:44:47 [INFO] journal_utilities.downloader: Audio already exists for MIcDVLoElk8, skipping
2026-02-16 13:44:47 [INFO] journal_utilities.downloader: Audio for MIcDVLoElk8: skipped
2026-02-16 13:44:48 [INFO] download_channel: [138/694] Processing Gz0yDB6VOSI — ActInf Textbook Group ~ Cohort 4 ~ Meeting 18 (Chapter 8 part 2)
2026-02-16 13:44:48 [INFO] journal_utilities.downloader: Audio already exists for Gz0yDB6VOSI, skipping
2026-02-16 13:44:48 [INFO] journal_utilities.downloader: Audio for Gz0yDB6VOSI: skipped
2026-02-16 13:44:49 [INFO] download_channel: [139/694] Processing F6-0JpsrzFA — ActInf Textbook Group ~ Cohort 4 ~ Meeting 3 (Chapter 1 part 1)
2026-02-16 13:44:49 [INFO] journal_utilities.downloader: Audio already exists for F6-0JpsrzFA, skipping
2026-02-16 13:44:49 [INFO] journal_utilities.downloader: Audio for F6-0JpsrzFA: skipped
2026-02-16 13:44:50 [INFO] download_channel: [140/694] Processing BKgKVl_soZA — ActInf Textbook Group ~ Cohort 4 ~ Meeting 8 (Chapter 3 part 2)
2026-02-16 13:44:50 [INFO] journal_utilities.downloader: Audio already exists for BKgKVl_soZA, skipping
2026-02-16 13:44:50 [INFO] journal_utilities.downloader: Audio for BKgKVl_soZA: skipped
2026-02-16 13:44:51 [INFO] download_channel: [141/694] Processing 82jRowV0oqA — ActInf Textbook Group ~ Cohort 4 ~ Meeting 22 (Chapter 10 part 2)
2026-02-16 13:44:51 [INFO] journal_utilities.downloader: Audio already exists for 82jRowV0oqA, skipping
2026-02-16 13:44:51 [INFO] journal_utilities.downloader: Audio for 82jRowV0oqA: skipped
2026-02-16 13:44:52 [INFO] download_channel: [142/694] Processing 5a8zJ25BLYU — ActInf Textbook Group ~ Cohort 4 ~ Meeting 19 (Chapter 9 part 1)
2026-02-16 13:44:52 [INFO] journal_utilities.downloader: Audio already exists for 5a8zJ25BLYU, skipping
2026-02-16 13:44:52 [INFO] journal_utilities.downloader: Audio for 5a8zJ25BLYU: skipped
2026-02-16 13:44:53 [INFO] download_channel: [143/694] Processing -j5JXt79H3w — ActInf Textbook Group ~ Cohort 4 ~ Meeting 14 (Chapter 6 part 2)
2026-02-16 13:44:53 [INFO] journal_utilities.downloader: Audio already exists for -j5JXt79H3w, skipping
2026-02-16 13:44:53 [INFO] journal_utilities.downloader: Audio for -j5JXt79H3w: skipped
2026-02-16 13:44:54 [INFO] download_channel: [144/694] Processing 3U8AXcIaUFI — ActInf Textbook Group ~ Cohort 4 ~ Meeting 1 (Onboarding)
2026-02-16 13:44:54 [INFO] journal_utilities.downloader: Audio already exists for 3U8AXcIaUFI, skipping
2026-02-16 13:44:54 [INFO] journal_utilities.downloader: Audio for 3U8AXcIaUFI: skipped
2026-02-16 13:44:55 [INFO] download_channel: [145/694] Processing 1Ooz_N1HJ58 — ActInf Textbook Group ~ Cohort 4 ~ Meeting 12 (Chapter 5 part 2)
2026-02-16 13:44:55 [INFO] journal_utilities.downloader: Audio already exists for 1Ooz_N1HJ58, skipping
2026-02-16 13:44:55 [INFO] journal_utilities.downloader: Audio for 1Ooz_N1HJ58: skipped
2026-02-16 13:44:56 [INFO] download_channel: [146/694] Processing N5H5I6cvcrQ — Karl Friston ~ Active Inference Insights 001 ~ Free Energy, Time, Consciousness
2026-02-16 13:44:56 [INFO] journal_utilities.downloader: Audio already exists for N5H5I6cvcrQ, skipping
2026-02-16 13:44:56 [INFO] journal_utilities.downloader: Audio for N5H5I6cvcrQ: skipped
2026-02-16 13:44:57 [INFO] download_channel: [147/694] Processing hZBkiePQtvc — Scientific Advisory Board (SAB) at Active Inference Institute ~ Application open for 2024
2026-02-16 13:44:57 [INFO] journal_utilities.downloader: Audio already exists for hZBkiePQtvc, skipping
2026-02-16 13:44:57 [INFO] journal_utilities.downloader: Audio for hZBkiePQtvc: skipped
2026-02-16 13:44:58 [INFO] download_channel: [148/694] Processing yRhEbr4bpB0 — Using ResearchGPT for learning Active Inference and doing Ant research
2026-02-16 13:44:58 [INFO] journal_utilities.downloader: Audio already exists for yRhEbr4bpB0, skipping
2026-02-16 13:44:58 [INFO] journal_utilities.downloader: Audio for yRhEbr4bpB0: skipped
2026-02-16 13:44:59 [INFO] download_channel: [149/694] Processing wNCZmPM0V44 — Introduction to recording & livestreaming with OBS
2026-02-16 13:44:59 [INFO] journal_utilities.downloader: Audio already exists for wNCZmPM0V44, skipping
2026-02-16 13:44:59 [INFO] journal_utilities.downloader: Audio for wNCZmPM0V44: skipped
2026-02-16 13:45:00 [INFO] download_channel: [150/694] Processing znerIJTcqME — Active Inference ~ Parr, Pezzulo, Friston ~ Chapter 10 ~ BookStream #002.03
2026-02-16 13:45:00 [INFO] journal_utilities.downloader: Audio already exists for znerIJTcqME, skipping
2026-02-16 13:45:00 [INFO] journal_utilities.downloader: Audio for znerIJTcqME: skipped
2026-02-16 13:45:01 [INFO] download_channel: [151/694] Processing GCfJupUKc0Y — Active Inference ~ Parr, Pezzulo, Friston ~ Chapter 9 ~ BookStream #002.03
2026-02-16 13:45:02 [INFO] journal_utilities.downloader: Audio already exists for GCfJupUKc0Y, skipping
2026-02-16 13:45:02 [INFO] journal_utilities.downloader: Audio for GCfJupUKc0Y: skipped
2026-02-16 13:45:03 [INFO] download_channel: [152/694] Processing XcoPRGZRO28 — ActInf Textbook Group ~ Cohort 5 ~ Onboarding & Overview (September 2023)
2026-02-16 13:45:03 [INFO] journal_utilities.downloader: Audio already exists for XcoPRGZRO28, skipping
2026-02-16 13:45:03 [INFO] journal_utilities.downloader: Audio for XcoPRGZRO28: skipped
2026-02-16 13:45:04 [INFO] download_channel: [153/694] Processing wFjXz896pKU — ActInf Textbook Group ~ Cohort 3 ~ Meeting 4 (Chapter 2, part 1)
2026-02-16 13:45:04 [INFO] journal_utilities.downloader: Audio already exists for wFjXz896pKU, skipping
2026-02-16 13:45:04 [INFO] journal_utilities.downloader: Audio for wFjXz896pKU: skipped
2026-02-16 13:45:05 [INFO] download_channel: [154/694] Processing Q5G-5FgTCFQ — ActInf Textbook Group ~ Cohort 3 ~ Meeting 17 (Chapter 7, part 2)
2026-02-16 13:45:05 [INFO] journal_utilities.downloader: Audio already exists for Q5G-5FgTCFQ, skipping
2026-02-16 13:45:05 [INFO] journal_utilities.downloader: Audio for Q5G-5FgTCFQ: skipped
2026-02-16 13:45:06 [INFO] download_channel: [155/694] Processing MJXyGtYuK1U — ActInf Textbook Group ~ Cohort 3 ~ Meeting 5 (Chapter 2, part 2)
2026-02-16 13:45:06 [INFO] journal_utilities.downloader: Audio already exists for MJXyGtYuK1U, skipping
2026-02-16 13:45:06 [INFO] journal_utilities.downloader: Audio for MJXyGtYuK1U: skipped
2026-02-16 13:45:07 [INFO] download_channel: [156/694] Processing 6w-2IBLM6KU — ActInf Textbook Group ~ Cohort 3 ~ Meeting 19 (Chapter 8, part 2)
2026-02-16 13:45:07 [INFO] journal_utilities.downloader: Audio already exists for 6w-2IBLM6KU, skipping
2026-02-16 13:45:07 [INFO] journal_utilities.downloader: Audio for 6w-2IBLM6KU: skipped
2026-02-16 13:45:08 [INFO] download_channel: [157/694] Processing 5F8kbj05KHU — ActInf Textbook Group ~ Cohort 3 ~ Meeting 15 (Chapter 6, part 2)
2026-02-16 13:45:08 [INFO] journal_utilities.downloader: Audio already exists for 5F8kbj05KHU, skipping
2026-02-16 13:45:08 [INFO] journal_utilities.downloader: Audio for 5F8kbj05KHU: skipped
2026-02-16 13:45:09 [INFO] download_channel: [158/694] Processing 4ZffpVN-Pe4 — ActInf Textbook Group ~ Cohort 3 ~ Meeting 18 (Chapter 8, part 1)
2026-02-16 13:45:09 [INFO] journal_utilities.downloader: Audio already exists for 4ZffpVN-Pe4, skipping
2026-02-16 13:45:09 [INFO] journal_utilities.downloader: Audio for 4ZffpVN-Pe4: skipped
2026-02-16 13:45:10 [INFO] download_channel: [159/694] Processing 2UBBVXykuTM — ActInf Textbook Group ~ Cohort 3 ~ Meeting 22 (Chapter 10, part 1)
2026-02-16 13:45:10 [INFO] journal_utilities.downloader: Audio already exists for 2UBBVXykuTM, skipping
2026-02-16 13:45:10 [INFO] journal_utilities.downloader: Audio for 2UBBVXykuTM: skipped
2026-02-16 13:45:11 [INFO] download_channel: [160/694] Processing ych0eX3C3YY — ActInf Textbook Group ~ Cohort 3 ~ Meeting 16 (Chapter 7, part 1)
2026-02-16 13:45:11 [INFO] journal_utilities.downloader: Audio already exists for ych0eX3C3YY, skipping
2026-02-16 13:45:11 [INFO] journal_utilities.downloader: Audio for ych0eX3C3YY: skipped
2026-02-16 13:45:12 [INFO] download_channel: [161/694] Processing wI9O5B2m3xM — ActInf Textbook Group ~ Cohort 3 ~ Meeting 14 (Chapter 6, part 1)
2026-02-16 13:45:12 [INFO] journal_utilities.downloader: Audio already exists for wI9O5B2m3xM, skipping
2026-02-16 13:45:12 [INFO] journal_utilities.downloader: Audio for wI9O5B2m3xM: skipped
2026-02-16 13:45:13 [INFO] download_channel: [162/694] Processing lMsOOXaM2-E — ActInf Textbook Group ~ Cohort 3 ~ Meeting 6 (Chapter 3, part 1)
2026-02-16 13:45:13 [INFO] journal_utilities.downloader: Audio already exists for lMsOOXaM2-E, skipping
2026-02-16 13:45:13 [INFO] journal_utilities.downloader: Audio for lMsOOXaM2-E: skipped
2026-02-16 13:45:14 [INFO] download_channel: [163/694] Processing l6aGBYmFGCc — ActInf Textbook Group ~ Cohort 3 ~ Meeting 10 (Chapter 5, part 1)
2026-02-16 13:45:14 [INFO] journal_utilities.downloader: Audio already exists for l6aGBYmFGCc, skipping
2026-02-16 13:45:14 [INFO] journal_utilities.downloader: Audio for l6aGBYmFGCc: skipped
2026-02-16 13:45:15 [INFO] download_channel: [164/694] Processing awqzJPntNz4 — ActInf Textbook Group ~ Cohort 3 ~ Meeting 3 (Chapter 1, part 2)
2026-02-16 13:45:15 [INFO] journal_utilities.downloader: Audio already exists for awqzJPntNz4, skipping
2026-02-16 13:45:15 [INFO] journal_utilities.downloader: Audio for awqzJPntNz4: skipped
2026-02-16 13:45:16 [INFO] download_channel: [165/694] Processing Ui8SwfQDhmA — ActInf Textbook Group ~ Cohort 3 ~ Meeting 11 (Chapter 5, part 2)
2026-02-16 13:45:16 [INFO] journal_utilities.downloader: Audio already exists for Ui8SwfQDhmA, skipping
2026-02-16 13:45:16 [INFO] journal_utilities.downloader: Audio for Ui8SwfQDhmA: skipped
2026-02-16 13:45:17 [INFO] download_channel: [166/694] Processing QBEOnqGqeRY — ActInf Textbook Group ~ Cohort 3 ~ Meeting 21 (Chapter 9, part 2)
2026-02-16 13:45:17 [INFO] journal_utilities.downloader: Audio already exists for QBEOnqGqeRY, skipping
2026-02-16 13:45:17 [INFO] journal_utilities.downloader: Audio for QBEOnqGqeRY: skipped
2026-02-16 13:45:18 [INFO] download_channel: [167/694] Processing Nak508NmYYA — ActInf Textbook Group ~ Cohort 3 ~ Meeting 9 (Chapter 4, part 2)
2026-02-16 13:45:18 [INFO] journal_utilities.downloader: Audio already exists for Nak508NmYYA, skipping
2026-02-16 13:45:18 [INFO] journal_utilities.downloader: Audio for Nak508NmYYA: skipped
2026-02-16 13:45:19 [INFO] download_channel: [168/694] Processing JEz3du5S1os — ActInf Textbook Group ~ Cohort 3 ~ Meeting 8 (Chapter 4, part 1)
2026-02-16 13:45:19 [INFO] journal_utilities.downloader: Audio already exists for JEz3du5S1os, skipping
2026-02-16 13:45:19 [INFO] journal_utilities.downloader: Audio for JEz3du5S1os: skipped
2026-02-16 13:45:20 [INFO] download_channel: [169/694] Processing HyKS1A0Ga8s — ActInf Textbook Group ~ Cohort 3 ~ Meeting 2 (Chapter 1, part 1)
2026-02-16 13:45:20 [INFO] journal_utilities.downloader: Audio already exists for HyKS1A0Ga8s, skipping
2026-02-16 13:45:20 [INFO] journal_utilities.downloader: Audio for HyKS1A0Ga8s: skipped
2026-02-16 13:45:21 [INFO] download_channel: [170/694] Processing G9GfOMjF4g0 — ActInf Textbook Group ~ Cohort 3 ~ Meeting 1 (Welcome and Onboarding)
2026-02-16 13:45:21 [INFO] journal_utilities.downloader: Audio already exists for G9GfOMjF4g0, skipping
2026-02-16 13:45:21 [INFO] journal_utilities.downloader: Audio for G9GfOMjF4g0: skipped
2026-02-16 13:45:22 [INFO] download_channel: [171/694] Processing F-kYst2mxTQ — ActInf Textbook Group ~ Cohort 3 ~ Meeting 20 (Chapter 9, part 1)
2026-02-16 13:45:22 [INFO] journal_utilities.downloader: Audio already exists for F-kYst2mxTQ, skipping
2026-02-16 13:45:22 [INFO] journal_utilities.downloader: Audio for F-kYst2mxTQ: skipped
2026-02-16 13:45:23 [INFO] download_channel: [172/694] Processing 0zUYswqn8aI — ActInf Textbook Group ~ Cohort 3 ~ Meeting 7 (Chapter 3, part 2)
2026-02-16 13:45:23 [INFO] journal_utilities.downloader: Audio already exists for 0zUYswqn8aI, skipping
2026-02-16 13:45:23 [INFO] journal_utilities.downloader: Audio for 0zUYswqn8aI: skipped
2026-02-16 13:45:24 [INFO] download_channel: [173/694] Processing 0x3TIoZal9Q — ActInf Textbook Group ~ Cohort 3 ~ Meeting 23 (Chapter 10, part 2)
2026-02-16 13:45:24 [INFO] journal_utilities.downloader: Audio already exists for 0x3TIoZal9Q, skipping
2026-02-16 13:45:24 [INFO] journal_utilities.downloader: Audio for 0x3TIoZal9Q: skipped
2026-02-16 13:45:25 [INFO] download_channel: [174/694] Processing PKyPg32Lq9A — ActInf Textbook Group ~ Cohort 4 ~ Meeting 9 (Chapter 4 part 1)
2026-02-16 13:45:25 [INFO] journal_utilities.downloader: Audio already exists for PKyPg32Lq9A, skipping
2026-02-16 13:45:25 [INFO] journal_utilities.downloader: Audio for PKyPg32Lq9A: skipped
2026-02-16 13:45:26 [INFO] download_channel: [175/694] Processing rs6EjQM6EdI — PerplexityAI ~ Learning and applying Active Inference & Reading the 2022 Textbook ~ July 31, 2023
2026-02-16 13:45:26 [INFO] journal_utilities.downloader: Audio already exists for rs6EjQM6EdI, skipping
2026-02-16 13:45:26 [INFO] journal_utilities.downloader: Audio for rs6EjQM6EdI: skipped
2026-02-16 13:45:27 [INFO] download_channel: [176/694] Processing kP9sKFnWBA8 — Active Inference ~ Parr, Pezzulo, Friston ~ Chapter 8 ~ BookStream #002.02
2026-02-16 13:45:27 [INFO] journal_utilities.downloader: Audio already exists for kP9sKFnWBA8, skipping
2026-02-16 13:45:27 [INFO] journal_utilities.downloader: Audio for kP9sKFnWBA8: skipped
2026-02-16 13:45:28 [INFO] download_channel: [177/694] Processing OmjS3Rhy7KY — Active Inference ~ Parr, Pezzulo, Friston ~ Chapter 7 ~ BookStream #002.02
2026-02-16 13:45:28 [INFO] journal_utilities.downloader: Audio already exists for OmjS3Rhy7KY, skipping
2026-02-16 13:45:28 [INFO] journal_utilities.downloader: Audio for OmjS3Rhy7KY: skipped
2026-02-16 13:45:29 [INFO] download_channel: [178/694] Processing o8Ykugqn730 — Active Inference ~ Parr, Pezzulo, Friston ~ Chapter 5 ~ BookStream #002.02
2026-02-16 13:45:29 [INFO] journal_utilities.downloader: Audio already exists for o8Ykugqn730, skipping
2026-02-16 13:45:29 [INFO] journal_utilities.downloader: Audio for o8Ykugqn730: skipped
2026-02-16 13:45:31 [INFO] download_channel: [179/694] Processing Tn_gJC1Z-xQ — Active Inference ~ Parr, Pezzulo, Friston ~ Chapter 4 ~ BookStream #002.02
2026-02-16 13:45:31 [INFO] journal_utilities.downloader: Audio already exists for Tn_gJC1Z-xQ, skipping
2026-02-16 13:45:31 [INFO] journal_utilities.downloader: Audio for Tn_gJC1Z-xQ: skipped
2026-02-16 13:45:32 [INFO] download_channel: [180/694] Processing IpstHOA0o3I — ChatGPT Code Interpreter: Visualizations & Dissertations ~ Active Inference Journal ~ July 10, 2023
2026-02-16 13:45:32 [INFO] journal_utilities.downloader: Audio already exists for IpstHOA0o3I, skipping
2026-02-16 13:45:32 [INFO] journal_utilities.downloader: Audio for IpstHOA0o3I: skipped
2026-02-16 13:45:33 [INFO] download_channel: [181/694] Processing Z-giW2yeZ7A — Active Inference Ontology ~ Update and call for participation (June 8, 2023)
2026-02-16 13:45:33 [INFO] journal_utilities.downloader: Audio already exists for Z-giW2yeZ7A, skipping
2026-02-16 13:45:33 [INFO] journal_utilities.downloader: Audio for Z-giW2yeZ7A: skipped
2026-02-16 13:45:34 [INFO] download_channel: [182/694] Processing kVH6fvz784g — AI x Crypto ~ Active Entity Ontology for Science & Active Blockference ~ Active Inference Institute
2026-02-16 13:45:34 [INFO] journal_utilities.downloader: Audio already exists for kVH6fvz784g, skipping
2026-02-16 13:45:34 [INFO] journal_utilities.downloader: Audio for kVH6fvz784g: skipped
2026-02-16 13:45:35 [INFO] download_channel: [183/694] Processing U0rdFwflr4M — Active Inference ~ Parr, Pezzulo, Friston ~ Chapter 2 ~ BookStream #002.01
2026-02-16 13:45:35 [INFO] journal_utilities.downloader: Audio already exists for U0rdFwflr4M, skipping
2026-02-16 13:45:35 [INFO] journal_utilities.downloader: Audio for U0rdFwflr4M: skipped
2026-02-16 13:45:36 [INFO] download_channel: [184/694] Processing rJXyQzwUFJE — Active Inference ~ Parr, Pezzulo, Friston ~ Chapter 6 ~ BookStream #002.01
2026-02-16 13:45:36 [INFO] journal_utilities.downloader: Audio already exists for rJXyQzwUFJE, skipping
2026-02-16 13:45:36 [INFO] journal_utilities.downloader: Audio for rJXyQzwUFJE: skipped
2026-02-16 13:45:37 [INFO] download_channel: [185/694] Processing PHfgUApaWgk — Active Inference ~ Parr, Pezzulo, Friston ~ Chapter 3 ~ BookStream #002.01
2026-02-16 13:45:37 [INFO] journal_utilities.downloader: Audio already exists for PHfgUApaWgk, skipping
2026-02-16 13:45:37 [INFO] journal_utilities.downloader: Audio for PHfgUApaWgk: skipped
2026-02-16 13:45:38 [INFO] download_channel: [186/694] Processing spYhr_SdqOw — Active Inference ~ Parr, Pezzulo, Friston ~ Chapter 1 ~ BookStream #002.01
2026-02-16 13:45:38 [INFO] journal_utilities.downloader: Audio already exists for spYhr_SdqOw, skipping
2026-02-16 13:45:38 [INFO] journal_utilities.downloader: Audio for spYhr_SdqOw: skipped
2026-02-16 13:45:39 [INFO] download_channel: [187/694] Processing cxJuA012HvM — 5/22/2023 Update ~ "Physics as Information Processing" at Active Inference Journal
2026-02-16 13:45:39 [INFO] journal_utilities.downloader: Audio already exists for cxJuA012HvM, skipping
2026-02-16 13:45:39 [INFO] journal_utilities.downloader: Audio for cxJuA012HvM: skipped
2026-02-16 13:45:40 [INFO] download_channel: [188/694] Processing SV0glS6stuA — “Physics as Information Processing” by Chris Fields ~ Course overview
2026-02-16 13:45:40 [INFO] journal_utilities.downloader: Audio already exists for SV0glS6stuA, skipping
2026-02-16 13:45:40 [INFO] journal_utilities.downloader: Audio for SV0glS6stuA: skipped
2026-02-16 13:45:41 [INFO] download_channel: [189/694] Processing sOo0Ti6-U54 — ActInf Textbook Group ~ Cohort 2 ~ Meeting 14 (Chapter 6, part 1)
2026-02-16 13:45:41 [INFO] journal_utilities.downloader: Audio already exists for sOo0Ti6-U54, skipping
2026-02-16 13:45:41 [INFO] journal_utilities.downloader: Audio for sOo0Ti6-U54: skipped
2026-02-16 13:45:42 [INFO] download_channel: [190/694] Processing r9Oa35eVI8c — ActInf Textbook Group ~ Cohort 2 ~ Meeting 3 (Chapter 1, part 2)
2026-02-16 13:45:42 [INFO] journal_utilities.downloader: Audio already exists for r9Oa35eVI8c, skipping
2026-02-16 13:45:42 [INFO] journal_utilities.downloader: Audio for r9Oa35eVI8c: skipped
2026-02-16 13:45:43 [INFO] download_channel: [191/694] Processing _cmYWZ8X4J4 — ActInf Textbook Group ~ Cohort 2 ~ Meeting 9 (Chapter 4, part 2)
2026-02-16 13:45:43 [INFO] journal_utilities.downloader: Audio already exists for _cmYWZ8X4J4, skipping
2026-02-16 13:45:43 [INFO] journal_utilities.downloader: Audio for _cmYWZ8X4J4: skipped
2026-02-16 13:45:44 [INFO] download_channel: [192/694] Processing Jwu2UJi5xNA — ActInf Textbook Group ~ Cohort 2 ~ Meeting 15 (Chapter 6, part 2)
2026-02-16 13:45:44 [INFO] journal_utilities.downloader: Audio already exists for Jwu2UJi5xNA, skipping
2026-02-16 13:45:44 [INFO] journal_utilities.downloader: Audio for Jwu2UJi5xNA: skipped
2026-02-16 13:45:45 [INFO] download_channel: [193/694] Processing 7bKXo3caFH8 — ActInf Textbook Group ~ Cohort 2 ~ Meeting 10 (Chapter 5, part 1)
2026-02-16 13:45:52 [INFO] journal_utilities.downloader: Audio already exists for 7bKXo3caFH8, skipping
2026-02-16 13:45:52 [INFO] journal_utilities.downloader: Audio for 7bKXo3caFH8: skipped
2026-02-16 13:45:53 [INFO] download_channel: [194/694] Processing zE3ESd6vy9I — ActInf Textbook Group ~ Cohort 2 ~ Meeting 11 (Chapter 5, part 2)
2026-02-16 13:45:53 [INFO] journal_utilities.downloader: Audio already exists for zE3ESd6vy9I, skipping
2026-02-16 13:45:53 [INFO] journal_utilities.downloader: Audio for zE3ESd6vy9I: skipped
2026-02-16 13:45:54 [INFO] download_channel: [195/694] Processing tIjKJ8RAPfA — ActInf Textbook Group ~ Cohort 2 ~ Meeting 2 (Chapter 1)
2026-02-16 13:45:54 [INFO] journal_utilities.downloader: Audio already exists for tIjKJ8RAPfA, skipping
2026-02-16 13:45:54 [INFO] journal_utilities.downloader: Audio for tIjKJ8RAPfA: skipped
2026-02-16 13:45:55 [INFO] download_channel: [196/694] Processing s8gjDh7sin4 — ActInf Textbook Group ~ Cohort 2 ~ Meeting 8 (Chapter 4, part 1)
2026-02-16 13:45:55 [INFO] journal_utilities.downloader: Audio already exists for s8gjDh7sin4, skipping
2026-02-16 13:45:55 [INFO] journal_utilities.downloader: Audio for s8gjDh7sin4: skipped
2026-02-16 13:45:56 [INFO] download_channel: [197/694] Processing mNw1JOM71Os — ActInf Textbook Group ~ Cohort 2 ~ Meeting 18 (Chapter 8, part 1)
2026-02-16 13:45:56 [INFO] journal_utilities.downloader: Audio already exists for mNw1JOM71Os, skipping
2026-02-16 13:45:56 [INFO] journal_utilities.downloader: Audio for mNw1JOM71Os: skipped
2026-02-16 13:45:57 [INFO] download_channel: [198/694] Processing mGlgngiIH40 — ActInf Textbook Group ~ Cohort 2 ~ Meeting 5 (Chapter 2, part 2)
2026-02-16 13:45:57 [INFO] journal_utilities.downloader: Audio already exists for mGlgngiIH40, skipping
2026-02-16 13:45:57 [INFO] journal_utilities.downloader: Audio for mGlgngiIH40: skipped
2026-02-16 13:45:58 [INFO] download_channel: [199/694] Processing e9Yoha7yhk8 — ActInf Textbook Group ~ Cohort 2 ~ Meeting 21 (Chapter 9, part 2)
2026-02-16 13:45:58 [INFO] journal_utilities.downloader: Audio already exists for e9Yoha7yhk8, skipping
2026-02-16 13:45:58 [INFO] journal_utilities.downloader: Audio for e9Yoha7yhk8: skipped
2026-02-16 13:45:59 [INFO] download_channel: [200/694] Processing cULb4SvpD34 — ActInf Textbook Group ~ Cohort 2 ~ Meeting 6 (Chapter 3, part 1)
2026-02-16 13:45:59 [INFO] journal_utilities.downloader: Audio already exists for cULb4SvpD34, skipping
2026-02-16 13:45:59 [INFO] journal_utilities.downloader: Audio for cULb4SvpD34: skipped
2026-02-16 13:46:00 [INFO] download_channel: [201/694] Processing YQ1galAHOIw — ActInf Textbook Group ~ Cohort 2 ~ Meeting 22 (Chapter 10, part 1)
2026-02-16 13:46:00 [INFO] journal_utilities.downloader: Audio already exists for YQ1galAHOIw, skipping
2026-02-16 13:46:00 [INFO] journal_utilities.downloader: Audio for YQ1galAHOIw: skipped
2026-02-16 13:46:01 [INFO] download_channel: [202/694] Processing WPYR76Pfzuc — ActInf Textbook Group ~ Cohort 2 ~ Meeting 4 (Chapter 2, part 1)
2026-02-16 13:46:01 [INFO] journal_utilities.downloader: Audio already exists for WPYR76Pfzuc, skipping
2026-02-16 13:46:01 [INFO] journal_utilities.downloader: Audio for WPYR76Pfzuc: skipped
2026-02-16 13:46:02 [INFO] download_channel: [203/694] Processing W4lIy05RycM — ActInf Textbook Group ~ Cohort 2 ~ Meeting 17 (Chapter 7, part 2)
2026-02-16 13:46:02 [INFO] journal_utilities.downloader: Audio already exists for W4lIy05RycM, skipping
2026-02-16 13:46:02 [INFO] journal_utilities.downloader: Audio for W4lIy05RycM: skipped
2026-02-16 13:46:03 [INFO] download_channel: [204/694] Processing QjGcN1l6NXg — ActInf Textbook Group ~ Cohort 2 ~ Meeting 20 (Chapter 9, part 1)
2026-02-16 13:46:05 [INFO] journal_utilities.downloader: Audio already exists for QjGcN1l6NXg, skipping
2026-02-16 13:46:05 [INFO] journal_utilities.downloader: Audio for QjGcN1l6NXg: skipped
2026-02-16 13:46:06 [INFO] download_channel: [205/694] Processing On8-Ngn8pIE — ActInf Textbook Group ~ Cohort 2 ~ Meeting 23 (Chapter 10, part 2)
2026-02-16 13:46:06 [INFO] journal_utilities.downloader: Audio already exists for On8-Ngn8pIE, skipping
2026-02-16 13:46:06 [INFO] journal_utilities.downloader: Audio for On8-Ngn8pIE: skipped
2026-02-16 13:46:07 [INFO] download_channel: [206/694] Processing GhUTj0OVEU8 — ActInf Textbook Group ~ Cohort 2 ~ Meeting 16 (Chapter 7, part 1)
2026-02-16 13:46:07 [INFO] journal_utilities.downloader: Audio already exists for GhUTj0OVEU8, skipping
2026-02-16 13:46:07 [INFO] journal_utilities.downloader: Audio for GhUTj0OVEU8: skipped
2026-02-16 13:46:08 [INFO] download_channel: [207/694] Processing Fg3NqmI2R1g — ActInf Textbook Group ~ Cohort 2 ~ Meeting 1 (Welcome back, Coda & Learning Practices overview)
2026-02-16 13:46:08 [INFO] journal_utilities.downloader: Audio already exists for Fg3NqmI2R1g, skipping
2026-02-16 13:46:08 [INFO] journal_utilities.downloader: Audio for Fg3NqmI2R1g: skipped
2026-02-16 13:46:09 [INFO] download_channel: [208/694] Processing 3GJS1uVnQo4 — ActInf Textbook Group ~ Cohort 2 ~ Meeting 19 (Chapter 8, part 2)
2026-02-16 13:46:09 [INFO] journal_utilities.downloader: Audio already exists for 3GJS1uVnQo4, skipping
2026-02-16 13:46:09 [INFO] journal_utilities.downloader: Audio for 3GJS1uVnQo4: skipped
2026-02-16 13:46:10 [INFO] download_channel: [209/694] Processing 1-2-DNekZdM — ActInf Textbook Group ~ Cohort 2 ~ Meeting 13 (Welcome back to part 2)
2026-02-16 13:46:10 [INFO] journal_utilities.downloader: Audio already exists for 1-2-DNekZdM, skipping
2026-02-16 13:46:10 [INFO] journal_utilities.downloader: Audio for 1-2-DNekZdM: skipped
2026-02-16 13:46:11 [INFO] download_channel: [210/694] Processing Z7Z29pu6NnY — ActInf Textbook Group ~ Cohort 1 ~ Meeting 4 (Chapter 2 pt. 1)
2026-02-16 13:46:12 [INFO] journal_utilities.downloader: Audio already exists for Z7Z29pu6NnY, skipping
2026-02-16 13:46:12 [INFO] journal_utilities.downloader: Audio for Z7Z29pu6NnY: skipped
2026-02-16 13:46:13 [INFO] download_channel: [211/694] Processing 8OT2EC-l0N4 — ActInf Textbook Group ~ Cohort 1 ~ Meeting 3 (Appendix A + Appendix B + 2nd hour discussion)
2026-02-16 13:46:14 [INFO] journal_utilities.downloader: Audio already exists for 8OT2EC-l0N4, skipping
2026-02-16 13:46:14 [INFO] journal_utilities.downloader: Audio for 8OT2EC-l0N4: skipped
2026-02-16 13:46:15 [INFO] download_channel: [212/694] Processing 7Ti-r8f15So — ActInf Textbook Group ~ Cohort 1 ~ Meeting 23 (Chapter 10, part 1)
2026-02-16 13:46:15 [INFO] journal_utilities.downloader: Audio already exists for 7Ti-r8f15So, skipping
2026-02-16 13:46:15 [INFO] journal_utilities.downloader: Audio for 7Ti-r8f15So: skipped
2026-02-16 13:46:16 [INFO] download_channel: [213/694] Processing JJaQ0F81Ucs — ActInf Textbook Group ~ Cohort 1 ~ Meeting 5 (Chapter 2 pt. 2)
2026-02-16 13:46:16 [INFO] journal_utilities.downloader: Audio already exists for JJaQ0F81Ucs, skipping
2026-02-16 13:46:16 [INFO] journal_utilities.downloader: Audio for JJaQ0F81Ucs: skipped
2026-02-16 13:46:17 [INFO] download_channel: [214/694] Processing dLWepm5noE8 — ActInf Textbook Group ~ Cohort 1 ~ Meeting 19  (Chapter 8, part 1)
2026-02-16 13:46:17 [INFO] journal_utilities.downloader: Audio already exists for dLWepm5noE8, skipping
2026-02-16 13:46:17 [INFO] journal_utilities.downloader: Audio for dLWepm5noE8: skipped
2026-02-16 13:46:18 [INFO] download_channel: [215/694] Processing wNrcVOKwpOY — ActInf Textbook Group ~ Cohort 1 ~ Meeting 18  (Chapter 7, part 2)
2026-02-16 13:46:18 [INFO] journal_utilities.downloader: Audio already exists for wNrcVOKwpOY, skipping
2026-02-16 13:46:18 [INFO] journal_utilities.downloader: Audio for wNrcVOKwpOY: skipped
2026-02-16 13:46:19 [INFO] download_channel: [216/694] Processing rvwMeZpA91U — ActInf Textbook Group ~ Cohort 1 ~ Meeting 9 (Chapter 4 pt. 2)
2026-02-16 13:46:19 [INFO] journal_utilities.downloader: Audio already exists for rvwMeZpA91U, skipping
2026-02-16 13:46:19 [INFO] journal_utilities.downloader: Audio for rvwMeZpA91U: skipped
2026-02-16 13:46:20 [INFO] download_channel: [217/694] Processing pJy1M1RnirA — ActInf Textbook Group ~ Cohort 1 ~ Meeting 2 (Chapter 1)
2026-02-16 13:46:21 [INFO] journal_utilities.downloader: Audio already exists for pJy1M1RnirA, skipping
2026-02-16 13:46:21 [INFO] journal_utilities.downloader: Audio for pJy1M1RnirA: skipped
2026-02-16 13:46:22 [INFO] download_channel: [218/694] Processing ogvzkg-0qjY — ActInf Textbook Group ~ Cohort 1 ~ Meeting 14 (Welcome back, starting of Chapters 6-10)
2026-02-16 13:46:23 [INFO] journal_utilities.downloader: Audio already exists for ogvzkg-0qjY, skipping
2026-02-16 13:46:23 [INFO] journal_utilities.downloader: Audio for ogvzkg-0qjY: skipped
2026-02-16 13:46:24 [INFO] download_channel: [219/694] Processing ogV63M3uTlQ — ActInf Textbook Group ~ Cohort 1 ~ Meeting 1 (Onboarding)
2026-02-16 13:46:24 [INFO] journal_utilities.downloader: Audio already exists for ogV63M3uTlQ, skipping
2026-02-16 13:46:24 [INFO] journal_utilities.downloader: Audio for ogV63M3uTlQ: skipped
2026-02-16 13:46:25 [INFO] download_channel: [220/694] Processing kpBrzN8X1ZA — ActInf Textbook Group ~ Cohort 1 ~ Meeting 12 (Review, Questions, Feedback)
2026-02-16 13:46:25 [INFO] journal_utilities.downloader: Audio already exists for kpBrzN8X1ZA, skipping
2026-02-16 13:46:25 [INFO] journal_utilities.downloader: Audio for kpBrzN8X1ZA: skipped
2026-02-16 13:46:26 [INFO] download_channel: [221/694] Processing ZATda5W08qY — ActInf Textbook Group ~ Cohort 1 ~ Meeting 11 (Chapter 5 pt. 2)
2026-02-16 13:46:27 [INFO] journal_utilities.downloader: Audio already exists for ZATda5W08qY, skipping
2026-02-16 13:46:27 [INFO] journal_utilities.downloader: Audio for ZATda5W08qY: skipped
2026-02-16 13:46:28 [INFO] download_channel: [222/694] Processing QvAApEfYBmk — ActInf Textbook Group ~ Cohort 1 ~ Meeting 20 (Chapter 8, part 2)
2026-02-16 13:46:28 [INFO] journal_utilities.downloader: Audio already exists for QvAApEfYBmk, skipping
2026-02-16 13:46:28 [INFO] journal_utilities.downloader: Audio for QvAApEfYBmk: skipped
2026-02-16 13:46:29 [INFO] download_channel: [223/694] Processing NT30pJ_sb6A — ActInf Textbook Group ~ Cohort 1 ~ Meeting 10 (Chapter 5 pt. 1)
2026-02-16 13:46:29 [INFO] journal_utilities.downloader: Audio already exists for NT30pJ_sb6A, skipping
2026-02-16 13:46:29 [INFO] journal_utilities.downloader: Audio for NT30pJ_sb6A: skipped
2026-02-16 13:46:30 [INFO] download_channel: [224/694] Processing MXbknE8EZp0 — ActInf Textbook Group ~ Cohort 1 ~ Meeting 6 (Chapter 3 pt. 1)
2026-02-16 13:46:30 [INFO] journal_utilities.downloader: Audio already exists for MXbknE8EZp0, skipping
2026-02-16 13:46:30 [INFO] journal_utilities.downloader: Audio for MXbknE8EZp0: skipped
2026-02-16 13:46:31 [INFO] download_channel: [225/694] Processing HCuGxvefPOE — ActInf Textbook Group ~ Cohort 1 ~ Meeting 21 (Chapter 9, part 1)
2026-02-16 13:46:31 [INFO] journal_utilities.downloader: Audio already exists for HCuGxvefPOE, skipping
2026-02-16 13:46:31 [INFO] journal_utilities.downloader: Audio for HCuGxvefPOE: skipped
2026-02-16 13:46:32 [INFO] download_channel: [226/694] Processing GYBF_c-ajgI — ActInf Textbook Group ~ Cohort 1 ~ Meeting 22 (Chapter 9, part 2)
2026-02-16 13:46:32 [INFO] journal_utilities.downloader: Audio already exists for GYBF_c-ajgI, skipping
2026-02-16 13:46:32 [INFO] journal_utilities.downloader: Audio for GYBF_c-ajgI: skipped
2026-02-16 13:46:33 [INFO] download_channel: [227/694] Processing DrNJfmf_IdA — ActInf Textbook Group ~ Cohort 1 ~ Meeting 24 (Chapter 10, part 2)
2026-02-16 13:46:33 [INFO] journal_utilities.downloader: Audio already exists for DrNJfmf_IdA, skipping
2026-02-16 13:46:33 [INFO] journal_utilities.downloader: Audio for DrNJfmf_IdA: skipped
2026-02-16 13:46:35 [INFO] download_channel: [228/694] Processing Cd6rz0HzOe8 — ActInf Textbook Group ~ Cohort 1 ~ Meeting 13 (Feedback, Next steps, Projects)
2026-02-16 13:46:35 [INFO] journal_utilities.downloader: Audio already exists for Cd6rz0HzOe8, skipping
2026-02-16 13:46:35 [INFO] journal_utilities.downloader: Audio for Cd6rz0HzOe8: skipped
2026-02-16 13:46:36 [INFO] download_channel: [229/694] Processing 8HKcr0bOLG4 — ActInf Textbook Group ~ Cohort 1 ~ Meeting 17 (Chapter 7, part 1)
2026-02-16 13:46:36 [INFO] journal_utilities.downloader: Audio already exists for 8HKcr0bOLG4, skipping
2026-02-16 13:46:36 [INFO] journal_utilities.downloader: Audio for 8HKcr0bOLG4: skipped
2026-02-16 13:46:37 [INFO] download_channel: [230/694] Processing 8DlXH6Wk_h8 — ActInf Textbook Group ~ Cohort 1 ~ Meeting 16 (Chapter 6, part 2)
2026-02-16 13:46:37 [INFO] journal_utilities.downloader: Audio already exists for 8DlXH6Wk_h8, skipping
2026-02-16 13:46:38 [INFO] journal_utilities.downloader: Audio for 8DlXH6Wk_h8: skipped
2026-02-16 13:46:39 [INFO] download_channel: [231/694] Processing 4q-UYQMMrDg — ActInf Textbook Group ~ Cohort 1 ~ Meeting 15 (Chapter 6, part 1)
2026-02-16 13:46:39 [INFO] journal_utilities.downloader: Audio already exists for 4q-UYQMMrDg, skipping
2026-02-16 13:46:39 [INFO] journal_utilities.downloader: Audio for 4q-UYQMMrDg: skipped
2026-02-16 13:46:40 [INFO] download_channel: [232/694] Processing 08iZGLAqI8E — ActInf Textbook Group ~ Cohort 1 ~ Meeting 8 (Chapter 4 pt. 1)
2026-02-16 13:46:40 [INFO] journal_utilities.downloader: Audio already exists for 08iZGLAqI8E, skipping
2026-02-16 13:46:40 [INFO] journal_utilities.downloader: Audio for 08iZGLAqI8E: skipped
2026-02-16 13:46:41 [INFO] download_channel: [233/694] Processing AKeKLERgmQA — ActInf Textbook Group ~ Cohort 1 ~ Meeting 7 (Chapter 3 pt. 2)
2026-02-16 13:46:41 [INFO] journal_utilities.downloader: Audio already exists for AKeKLERgmQA, skipping
2026-02-16 13:46:41 [INFO] journal_utilities.downloader: Audio for AKeKLERgmQA: skipped
2026-02-16 13:46:42 [INFO] download_channel: [234/694] Processing W0637hJm_D4 — Active Inference Institute ~ 2022 Quarterly Roundtable #4
2026-02-16 13:46:42 [INFO] journal_utilities.downloader: Audio already exists for W0637hJm_D4, skipping
2026-02-16 13:46:42 [INFO] journal_utilities.downloader: Audio for W0637hJm_D4: skipped
2026-02-16 13:46:43 [INFO] download_channel: [235/694] Processing tOFA7FODn8w — ActInf GuestStream #024.1 ~ Stephen Grossberg, "Explainable and Reliable AI"
2026-02-16 13:46:43 [INFO] journal_utilities.downloader: Audio already exists for tOFA7FODn8w, skipping
2026-02-16 13:46:43 [INFO] journal_utilities.downloader: Audio for tOFA7FODn8w: skipped
2026-02-16 13:46:44 [INFO] download_channel: [236/694] Processing XSYxOt8CRDI — ActInf Livestream #025.2  ~ "The Computational Boundary of a Self"
2026-02-16 13:46:44 [INFO] journal_utilities.downloader: Audio already exists for XSYxOt8CRDI, skipping
2026-02-16 13:46:44 [INFO] journal_utilities.downloader: Audio for XSYxOt8CRDI: skipped
2026-02-16 13:46:45 [INFO] download_channel: [237/694] Processing hW9IiOujS1E — Prof. Karl Friston ~ Applied Active Inference Symposium pt. 3 (Tools)
2026-02-16 13:46:45 [INFO] journal_utilities.downloader: Audio already exists for hW9IiOujS1E, skipping
2026-02-16 13:46:46 [INFO] journal_utilities.downloader: Audio for hW9IiOujS1E: skipped
2026-02-16 13:46:47 [INFO] download_channel: [238/694] Processing X2GwqUVLlcs — Prof. Karl Friston ~ Applied Active Inference Symposium pt. 2 (Communication)
2026-02-16 13:46:47 [INFO] journal_utilities.downloader: Audio already exists for X2GwqUVLlcs, skipping
2026-02-16 13:46:47 [INFO] journal_utilities.downloader: Audio for X2GwqUVLlcs: skipped
2026-02-16 13:46:48 [INFO] download_channel: [239/694] Processing INRaCBikpso — Prof. Karl Friston ~ Applied Active Inference Symposium pt. 1 (Education)
2026-02-16 13:46:48 [INFO] journal_utilities.downloader: Audio already exists for INRaCBikpso, skipping
2026-02-16 13:46:48 [INFO] journal_utilities.downloader: Audio for INRaCBikpso: skipped
2026-02-16 13:46:49 [INFO] download_channel: [240/694] Processing szCSh8pVEa4 — ActInf Livestream #020.1 ~ The Emperor’s New Markov Blankets (full upload)
2026-02-16 13:46:49 [INFO] journal_utilities.downloader: Audio already exists for szCSh8pVEa4, skipping
2026-02-16 13:46:49 [INFO] journal_utilities.downloader: Audio for szCSh8pVEa4: skipped
2026-02-16 13:46:50 [INFO] download_channel: [241/694] Processing MlvyehPDQXg — ActInf Livestream #021.02 ~ John Boik
2026-02-16 13:46:50 [INFO] journal_utilities.downloader: Audio already exists for MlvyehPDQXg, skipping
2026-02-16 13:46:50 [INFO] journal_utilities.downloader: Audio for MlvyehPDQXg: skipped
2026-02-16 13:46:51 [INFO] download_channel: [242/694] Processing y4tljwMAWho — ActInf Livestream #006.2: "A tale of two densities" (2020) REUPLOAD
2026-02-16 13:46:51 [INFO] journal_utilities.downloader: Audio already exists for y4tljwMAWho, skipping
2026-02-16 13:46:51 [INFO] journal_utilities.downloader: Audio for y4tljwMAWho: skipped
2026-02-16 13:46:52 [INFO] download_channel: [243/694] Processing ijuxHfPDd3U — ActInf Livestream #003.2  "A World Unto Itself: Human Communication as Active Inference"
2026-02-16 13:46:52 [INFO] journal_utilities.downloader: Audio already exists for ijuxHfPDd3U, skipping
2026-02-16 13:46:52 [INFO] journal_utilities.downloader: Audio for ijuxHfPDd3U: skipped
2026-02-16 13:46:53 [INFO] download_channel: [244/694] Processing QmVuId8SY8k — Karl Friston "Active inference and deep temporal models" 23.09.19
2026-02-16 13:46:53 [INFO] journal_utilities.downloader: Audio already exists for QmVuId8SY8k, skipping
2026-02-16 13:46:53 [INFO] journal_utilities.downloader: Audio for QmVuId8SY8k: skipped
2026-02-16 13:46:54 [INFO] download_channel: [245/694] Processing 2NB7hTsp_F0 — ActInf ModelStream 021.1: Melih Kandemir: "Distributional Active Inference"
2026-02-16 13:46:54 [DEBUG] journal_utilities.downloader: yt-dlp audio cmd: yt-dlp --no-warnings --cookies-from-browser chrome --cookies data/output/cookies.txt -x --audio-format mp3 --audio-quality 0 -o data/output/audio/%(id)s.%(ext)s https://www.youtube.com/watch?v=2NB7hTsp_F0
2026-02-16 13:47:10 [ERROR] journal_utilities.downloader: Audio download failed for 2NB7hTsp_F0: ERROR: [youtube] 2NB7hTsp_F0: This live event will begin in 16 days.

2026-02-16 13:47:10 [INFO] journal_utilities.downloader: Audio for 2NB7hTsp_F0: failed (ERROR: [youtube] 2NB7hTsp_F0: This live event will begin in 16 days.
)
2026-02-16 13:47:11 [INFO] download_channel: [246/694] Processing dTcuDE6nUpg — ActInf GuestStream 015.4 Bobby Azarian: A Strange Loop Solution to the Hard Problem of Consciousness
2026-02-16 13:47:11 [DEBUG] journal_utilities.downloader: yt-dlp audio cmd: yt-dlp --no-warnings --cookies-from-browser chrome --cookies data/output/cookies.txt -x --audio-format mp3 --audio-quality 0 -o data/output/audio/%(id)s.%(ext)s https://www.youtube.com/watch?v=dTcuDE6nUpg
2026-02-16 13:47:20 [ERROR] journal_utilities.downloader: Audio download failed for dTcuDE6nUpg: ERROR: [youtube] dTcuDE6nUpg: This live event will begin in 8 days.

2026-02-16 13:47:20 [INFO] journal_utilities.downloader: Audio for dTcuDE6nUpg: failed (ERROR: [youtube] dTcuDE6nUpg: This live event will begin in 8 days.
)
2026-02-16 13:47:21 [INFO] download_channel: [247/694] Processing GngvdY7-w10 — Active InferAnt Stream 017.1 ~ "Of Course I Can": Active Inference Courses for All
2026-02-16 13:47:22 [INFO] journal_utilities.downloader: Audio already exists for GngvdY7-w10, skipping
2026-02-16 13:47:22 [INFO] journal_utilities.downloader: Audio for GngvdY7-w10: skipped
2026-02-16 13:47:23 [INFO] download_channel: [248/694] Processing CFqMSSJ1X5g — ActInf ModelStream 020.1: Kenric Nelson: "Learning extreme models with the Coupled Free Energy"
2026-02-16 13:47:23 [INFO] journal_utilities.downloader: Audio already exists for CFqMSSJ1X5g, skipping
2026-02-16 13:47:23 [INFO] journal_utilities.downloader: Audio for CFqMSSJ1X5g: skipped
2026-02-16 13:47:24 [INFO] download_channel: [249/694] Processing jm70DuWHUI0 — ActInf GuestStream 126.1 ~ Distributed Information and Computation in Generic Quantum Systems
2026-02-16 13:47:24 [INFO] journal_utilities.downloader: Audio already exists for jm70DuWHUI0, skipping
2026-02-16 13:47:24 [INFO] journal_utilities.downloader: Audio for jm70DuWHUI0: skipped
2026-02-16 13:47:25 [INFO] download_channel: [250/694] Processing q6Z-4aXO36U — ActInf ModelStream 019.1: Active Inference in Discrete State Spaces from First Principles (P. Kenny)
2026-02-16 13:47:25 [INFO] journal_utilities.downloader: Audio already exists for q6Z-4aXO36U, skipping
2026-02-16 13:47:25 [INFO] journal_utilities.downloader: Audio for q6Z-4aXO36U: skipped
2026-02-16 13:47:26 [INFO] download_channel: [251/694] Processing 09FfbL1YYOI — Active Inference Institute ~ 2025 Quarterly Roundtable #4
2026-02-16 13:47:26 [INFO] journal_utilities.downloader: Audio already exists for 09FfbL1YYOI, skipping
2026-02-16 13:47:26 [INFO] journal_utilities.downloader: Audio for 09FfbL1YYOI: skipped
2026-02-16 13:47:27 [INFO] download_channel: [252/694] Processing gS-qhMNFm84 — 2025 ReviewStream
2026-02-16 13:47:27 [INFO] journal_utilities.downloader: Audio already exists for gS-qhMNFm84, skipping
2026-02-16 13:47:27 [INFO] journal_utilities.downloader: Audio for gS-qhMNFm84: skipped
2026-02-16 13:47:28 [INFO] download_channel: [253/694] Processing LmgPFAlNHNQ — ActInf GuestStream 125.1 ~ From Charles Darwin’s “Root Brain” to Nikola Tesla’s “6G World Brain”...
2026-02-16 13:47:28 [INFO] journal_utilities.downloader: Audio already exists for LmgPFAlNHNQ, skipping
2026-02-16 13:47:28 [INFO] journal_utilities.downloader: Audio for LmgPFAlNHNQ: skipped
2026-02-16 13:47:29 [INFO] download_channel: [254/694] Processing vUraSyZnsDo — Active InferAnt Stream 016.2 ~ Generative Education: What Will We Do With Our Faculties?
2026-02-16 13:47:29 [INFO] journal_utilities.downloader: Audio already exists for vUraSyZnsDo, skipping
2026-02-16 13:47:29 [INFO] journal_utilities.downloader: Audio for vUraSyZnsDo: skipped
2026-02-16 13:47:30 [INFO] download_channel: [255/694] Processing AKyK7kKgI28 — ActInf GuestStream 124.1 ~ Ty Roachford: "PCT vs. FEP: A Comparison"
2026-02-16 13:47:31 [INFO] journal_utilities.downloader: Audio already exists for AKyK7kKgI28, skipping
2026-02-16 13:47:31 [INFO] journal_utilities.downloader: Audio for AKyK7kKgI28: skipped
2026-02-16 13:47:32 [INFO] download_channel: [256/694] Processing GNAoP8T9WW4 — Active InferAnt Stream 016.1 ~ Actionable Template-driven Research: Operational Meta-Science
2026-02-16 13:47:32 [INFO] journal_utilities.downloader: Audio already exists for GNAoP8T9WW4, skipping
2026-02-16 13:47:32 [INFO] journal_utilities.downloader: Audio for GNAoP8T9WW4: skipped
2026-02-16 13:47:33 [INFO] download_channel: [257/694] Processing v7aSUMX1nfs — 5th Applied Active Inference Symposium (Part 3, Nov 14, 2025) ~ LIVE
2026-02-16 13:47:33 [INFO] journal_utilities.downloader: Audio already exists for v7aSUMX1nfs, skipping
2026-02-16 13:47:33 [INFO] journal_utilities.downloader: Audio for v7aSUMX1nfs: skipped
2026-02-16 13:47:34 [INFO] download_channel: [258/694] Processing VTivWre-8Kk — 5th Applied Active Inference Symposium (Part 1, Nov 12, 2025) ~ LIVE
2026-02-16 13:47:34 [INFO] journal_utilities.downloader: Audio already exists for VTivWre-8Kk, skipping
2026-02-16 13:47:34 [INFO] journal_utilities.downloader: Audio for VTivWre-8Kk: skipped
2026-02-16 13:47:35 [INFO] download_channel: [259/694] Processing hCIxFkdu_-Y — Applied Active Inference Symposium tomorrow (Nov 11, 2025 update)
2026-02-16 13:47:35 [INFO] journal_utilities.downloader: Audio already exists for hCIxFkdu_-Y, skipping
2026-02-16 13:47:35 [INFO] journal_utilities.downloader: Audio for hCIxFkdu_-Y: skipped
2026-02-16 13:47:36 [INFO] download_channel: [260/694] Processing No0GIVMujik — ActInf GuestStream 123.1 ~ Marcelo Guzman: "Learning in Physical Systems"
2026-02-16 13:47:36 [INFO] journal_utilities.downloader: Audio already exists for No0GIVMujik, skipping
2026-02-16 13:47:37 [INFO] journal_utilities.downloader: Audio for No0GIVMujik: skipped
2026-02-16 13:47:38 [INFO] download_channel: [261/694] Processing nFnZSIqoFv4 — ActInf GuestStream 082.7 ~ Robert Worden "Language and Human Nature"
2026-02-16 13:47:40 [INFO] journal_utilities.downloader: Audio already exists for nFnZSIqoFv4, skipping
2026-02-16 13:47:40 [INFO] journal_utilities.downloader: Audio for nFnZSIqoFv4: skipped
2026-02-16 13:47:41 [INFO] download_channel: [262/694] Processing iaKDs6TQj0Q — ActInf GuestStream 122.1 ~ Radical Relation, Scaling without Hierarchies, Models without the Meat
2026-02-16 13:47:42 [INFO] journal_utilities.downloader: Audio already exists for iaKDs6TQj0Q, skipping
2026-02-16 13:47:42 [INFO] journal_utilities.downloader: Audio for iaKDs6TQj0Q: skipped
2026-02-16 13:47:43 [INFO] download_channel: [263/694] Processing vUO6t1pD0Hg — ActInf GuestStream 082.6 ~ Robert Worden "A Unified Theory of Language"
2026-02-16 13:47:43 [INFO] journal_utilities.downloader: Audio already exists for vUO6t1pD0Hg, skipping
2026-02-16 13:47:43 [INFO] journal_utilities.downloader: Audio for vUO6t1pD0Hg: skipped
2026-02-16 13:47:44 [INFO] download_channel: [264/694] Processing PPKFlARc7gY — Active Inference Institute ~ 2025 Quarterly Roundtable #3
2026-02-16 13:47:44 [INFO] journal_utilities.downloader: Audio already exists for PPKFlARc7gY, skipping
2026-02-16 13:47:44 [INFO] journal_utilities.downloader: Audio for PPKFlARc7gY: skipped
2026-02-16 13:47:45 [INFO] download_channel: [265/694] Processing FeD_L8oOhIk — ActInf GuestStream 121.1 ~ Conscious active inference (Wiest and Puniani)
2026-02-16 13:47:45 [INFO] journal_utilities.downloader: Audio already exists for FeD_L8oOhIk, skipping
2026-02-16 13:47:45 [INFO] journal_utilities.downloader: Audio for FeD_L8oOhIk: skipped
2026-02-16 13:47:46 [INFO] download_channel: [266/694] Processing vwppypTticY — ActInf GuestStream 120.1 ~ Temporal Cognition and the Emergent Properties of Consciousness
2026-02-16 13:47:46 [INFO] journal_utilities.downloader: Audio already exists for vwppypTticY, skipping
2026-02-16 13:47:46 [INFO] journal_utilities.downloader: Audio for vwppypTticY: skipped
2026-02-16 13:47:47 [INFO] download_channel: [267/694] Processing O4JkF40yvqU — ActInf GuestStream 119.1 Thermal Macroeconomics: An axiomatic theory of aggregate economic phenomena
2026-02-16 13:47:47 [INFO] journal_utilities.downloader: Audio already exists for O4JkF40yvqU, skipping
2026-02-16 13:47:47 [INFO] journal_utilities.downloader: Audio for O4JkF40yvqU: skipped
2026-02-16 13:47:48 [INFO] download_channel: [268/694] Processing 0cOV7-St2Ws — Active InferAnt Stream 015.1 ~ START/HERE: A Map & What Might Happen Next
2026-02-16 13:47:48 [INFO] journal_utilities.downloader: Audio already exists for 0cOV7-St2Ws, skipping
2026-02-16 13:47:48 [INFO] journal_utilities.downloader: Audio for 0cOV7-St2Ws: skipped
2026-02-16 13:47:50 [INFO] download_channel: [269/694] Processing 0t14D4epcuw — ActInf GuestStream 118.1 ~ Tadahiro Taniguchi "Co-Creative Learning via Metropolis-Hastings..."
2026-02-16 13:47:51 [INFO] journal_utilities.downloader: Audio already exists for 0t14D4epcuw, skipping
2026-02-16 13:47:51 [INFO] journal_utilities.downloader: Audio for 0t14D4epcuw: skipped
2026-02-16 13:47:52 [INFO] download_channel: [270/694] Processing rj3iBEnZvGU — ActInf GuestStream 117.1 ~ Robert Stamps: Active Inference and Artificial Spin Ice
2026-02-16 13:47:59 [INFO] journal_utilities.downloader: Audio already exists for rj3iBEnZvGU, skipping
2026-02-16 13:48:00 [INFO] journal_utilities.downloader: Audio for rj3iBEnZvGU: skipped
2026-02-16 13:48:05 [INFO] download_channel: [271/694] Processing 0h_mf5usgvg — ActInf GuestStream 116.1 ~ Max Aifer: "Solving the compute crisis with physics-based ASICs"
2026-02-16 13:48:06 [INFO] journal_utilities.downloader: Audio already exists for 0h_mf5usgvg, skipping
2026-02-16 13:48:08 [INFO] journal_utilities.downloader: Audio for 0h_mf5usgvg: skipped
2026-02-16 13:48:09 [INFO] download_channel: [272/694] Processing 85ob-jrG7xQ — ActInf GuestStream 115.1 ~ Energy-Based Transformers and the Future of Scaling
2026-02-16 13:48:09 [INFO] journal_utilities.downloader: Audio already exists for 85ob-jrG7xQ, skipping
2026-02-16 13:48:09 [INFO] journal_utilities.downloader: Audio for 85ob-jrG7xQ: skipped
2026-02-16 13:48:10 [INFO] download_channel: [273/694] Processing C1NxyfMDP4U — ActInf GuestStream 114.1 ~ How do inner screens enable imaginative experience?
2026-02-16 13:48:11 [INFO] journal_utilities.downloader: Audio already exists for C1NxyfMDP4U, skipping
2026-02-16 13:48:11 [INFO] journal_utilities.downloader: Audio for C1NxyfMDP4U: skipped
2026-02-16 13:48:12 [INFO] download_channel: [274/694] Processing -cKpXSZLvMQ — Active Inference Institute ~ 2025 Quarterly Roundtable #2
2026-02-16 13:48:14 [INFO] journal_utilities.downloader: Audio already exists for -cKpXSZLvMQ, skipping
2026-02-16 13:48:14 [INFO] journal_utilities.downloader: Audio for -cKpXSZLvMQ: skipped
2026-02-16 13:48:16 [INFO] download_channel: [275/694] Processing vgSYGS9l8nI — ActInf GuestStream 113.1 ~ Bayesian Mechanics of Economic Choice (Ernesto Moya-Albor et al.)
2026-02-16 13:48:17 [INFO] journal_utilities.downloader: Audio already exists for vgSYGS9l8nI, skipping
2026-02-16 13:48:17 [INFO] journal_utilities.downloader: Audio for vgSYGS9l8nI: skipped
2026-02-16 13:48:18 [INFO] download_channel: [276/694] Processing fTg-S81Ymto — ActInf GuestStream 112.1 ~ Brain-like variational inference (Hadi Vafaii)
2026-02-16 13:48:22 [INFO] journal_utilities.downloader: Audio already exists for fTg-S81Ymto, skipping
2026-02-16 13:48:22 [INFO] journal_utilities.downloader: Audio for fTg-S81Ymto: skipped
2026-02-16 13:48:23 [INFO] download_channel: [277/694] Processing L0kFneuINsg — Active InferAnt Stream 014.3 ~ The Sound of Uncertainty: Auditory Rendering of Generative Models
2026-02-16 13:48:23 [INFO] journal_utilities.downloader: Audio already exists for L0kFneuINsg, skipping
2026-02-16 13:48:23 [INFO] journal_utilities.downloader: Audio for L0kFneuINsg: skipped
2026-02-16 13:48:24 [INFO] download_channel: [278/694] Processing q3kUt1xR_fo — ActInf OrgStream 009.1 ~ The Value of Open Source Software (Hoffmann, Nagle, Zhou)
2026-02-16 13:48:24 [INFO] journal_utilities.downloader: Audio already exists for q3kUt1xR_fo, skipping
2026-02-16 13:48:24 [INFO] journal_utilities.downloader: Audio for q3kUt1xR_fo: skipped
2026-02-16 13:48:25 [INFO] download_channel: [279/694] Processing sSStRTOxuWk — ActInf GuestStream 111.1 ~ Modeling and Predicting Self-Organization in Dynamic Systems (G Georgiev)
2026-02-16 13:48:26 [INFO] journal_utilities.downloader: Audio already exists for sSStRTOxuWk, skipping
2026-02-16 13:48:26 [INFO] journal_utilities.downloader: Audio for sSStRTOxuWk: skipped
2026-02-16 13:48:27 [INFO] download_channel: [280/694] Processing Y3-FMoaEZYE — Active InferAnt Stream 014.2 ~ Generalized Notation Notation for Generative Model Supply Chains
2026-02-16 13:48:27 [INFO] journal_utilities.downloader: Audio already exists for Y3-FMoaEZYE, skipping
2026-02-16 13:48:27 [INFO] journal_utilities.downloader: Audio for Y3-FMoaEZYE: skipped
2026-02-16 13:48:28 [INFO] download_channel: [281/694] Processing gS_WocoCJvI — ActInf GuestStream 110.1 ~ Triple equivalence for the emergence of biological intelligence (Isomura)
2026-02-16 13:48:28 [INFO] journal_utilities.downloader: Audio already exists for gS_WocoCJvI, skipping
2026-02-16 13:48:28 [INFO] journal_utilities.downloader: Audio for gS_WocoCJvI: skipped
2026-02-16 13:48:29 [INFO] download_channel: [282/694] Processing kDLBmwMikfk — ActInf MathStream 014.1 ~ Jesse van Oostrum: A concise mathematical description of active inference
2026-02-16 13:48:29 [INFO] journal_utilities.downloader: Audio already exists for kDLBmwMikfk, skipping
2026-02-16 13:48:29 [INFO] journal_utilities.downloader: Audio for kDLBmwMikfk: skipped
2026-02-16 13:48:30 [INFO] download_channel: [283/694] Processing aRT9n16N4J8 — ActInf GuestStream 109.1 ~ Hemming: "Free Energy, Attentional Narrowing, and Cognitive Rigidity"
2026-02-16 13:48:30 [INFO] journal_utilities.downloader: Audio already exists for aRT9n16N4J8, skipping
2026-02-16 13:48:30 [INFO] journal_utilities.downloader: Audio for aRT9n16N4J8: skipped
2026-02-16 13:48:31 [INFO] download_channel: [284/694] Processing _YRRB5basok — ActInf GuestStream 108.1 ~ Next-Generation AI for Emergent Semantic Communications (Christo Thomas)
2026-02-16 13:48:31 [INFO] journal_utilities.downloader: Audio already exists for _YRRB5basok, skipping
2026-02-16 13:48:31 [INFO] journal_utilities.downloader: Audio for _YRRB5basok: skipped
2026-02-16 13:48:32 [INFO] download_channel: [285/694] Processing 3a01ltP-p9I — ActInf GuestStream 107.1 ~ David Benrimoh "The Role of Affective States in Computational Psychiatry"
2026-02-16 13:48:32 [INFO] journal_utilities.downloader: Audio already exists for 3a01ltP-p9I, skipping
2026-02-16 13:48:32 [INFO] journal_utilities.downloader: Audio for 3a01ltP-p9I: skipped
2026-02-16 13:48:33 [INFO] download_channel: [286/694] Processing _8xNPQEqnKE — ActInf MathStream 013.1 ~ Alexis Toumi: "DisCoPy: Monoidal Categories for Active Inference"
2026-02-16 13:48:33 [INFO] journal_utilities.downloader: Audio already exists for _8xNPQEqnKE, skipping
2026-02-16 13:48:33 [INFO] journal_utilities.downloader: Audio for _8xNPQEqnKE: skipped
2026-02-16 13:48:34 [INFO] download_channel: [287/694] Processing 3tYOBVIOLyU — Active InferAnt Stream 014.1 ~ Generalized Notation Notation: From Plaintext to Triple Play
2026-02-16 13:48:34 [INFO] journal_utilities.downloader: Audio already exists for 3tYOBVIOLyU, skipping
2026-02-16 13:48:36 [INFO] journal_utilities.downloader: Audio for 3tYOBVIOLyU: skipped
2026-02-16 13:48:38 [INFO] download_channel: [288/694] Processing pqMph8eEUs4 — ActInf GuestStream 106.1 ~  "Advances and Challenges in Foundation Agents" Bang Liu et al.
2026-02-16 13:48:38 [INFO] journal_utilities.downloader: Audio already exists for pqMph8eEUs4, skipping
2026-02-16 13:48:38 [INFO] journal_utilities.downloader: Audio for pqMph8eEUs4: skipped
2026-02-16 13:48:39 [INFO] download_channel: [289/694] Processing TKksAVCOUCU — ActInf GuestStream 105.1 ~ Paola Di Maio: "Systemic Deviation, A Key to Explain Systemic Failures"
2026-02-16 13:48:39 [INFO] journal_utilities.downloader: Audio already exists for TKksAVCOUCU, skipping
2026-02-16 13:48:39 [INFO] journal_utilities.downloader: Audio for TKksAVCOUCU: skipped
2026-02-16 13:48:40 [INFO] download_channel: [290/694] Processing 7vbtSdkDgc8 — ActInf ModelStream 018.1: Robust Decision-Making Via Free Energy Minimization (Russo & Jesawada)
2026-02-16 13:48:40 [INFO] journal_utilities.downloader: Audio already exists for 7vbtSdkDgc8, skipping
2026-02-16 13:48:40 [INFO] journal_utilities.downloader: Audio for 7vbtSdkDgc8: skipped
2026-02-16 13:48:41 [INFO] download_channel: [291/694] Processing nT11dSbr6QE — Active InferAnt Stream 013.1 ~ NoOrg is a Real Org
2026-02-16 13:48:41 [INFO] journal_utilities.downloader: Audio already exists for nT11dSbr6QE, skipping
2026-02-16 13:48:41 [INFO] journal_utilities.downloader: Audio for nT11dSbr6QE: skipped
2026-02-16 13:48:42 [INFO] download_channel: [292/694] Processing veGQUGE0hLI — ActInf GuestStream 104.1 ~ Tadahiro Taniguchi: Collective Predictive Coding and Active Inference
2026-02-16 13:48:42 [INFO] journal_utilities.downloader: Audio already exists for veGQUGE0hLI, skipping
2026-02-16 13:48:42 [INFO] journal_utilities.downloader: Audio for veGQUGE0hLI: skipped
2026-02-16 13:48:43 [INFO] download_channel: [293/694] Processing ZRNQ8ZzMc_c — ActInf GuestStream 103.1 ~ Tobias Plowman "The Mind in Motion": A Systems Model...
2026-02-16 13:48:43 [INFO] journal_utilities.downloader: Audio already exists for ZRNQ8ZzMc_c, skipping
2026-02-16 13:48:43 [INFO] journal_utilities.downloader: Audio for ZRNQ8ZzMc_c: skipped
2026-02-16 13:48:44 [INFO] download_channel: [294/694] Processing EIOIMEo8vOY — Active InferAnt Stream 012.2 ~ Case of the Evolving CEREBRUM: The Curious Language of the Incident
2026-02-16 13:48:44 [INFO] journal_utilities.downloader: Audio already exists for EIOIMEo8vOY, skipping
2026-02-16 13:48:44 [INFO] journal_utilities.downloader: Audio for EIOIMEo8vOY: skipped
2026-02-16 13:48:45 [INFO] download_channel: [295/694] Processing p7iq4AAIwjc — ActInf GuestStream 082.5 ~ Robert Worden "Computers, Meaning and Consciousness"
2026-02-16 13:48:45 [INFO] journal_utilities.downloader: Audio already exists for p7iq4AAIwjc, skipping
2026-02-16 13:48:45 [INFO] journal_utilities.downloader: Audio for p7iq4AAIwjc: skipped
2026-02-16 13:48:46 [INFO] download_channel: [296/694] Processing h6426dEKaMg — ActInf MathStream 012.1 ~ ELBOing Stein: Variational Bayes with Stein Mixture Inference, Ola Rønning
2026-02-16 13:48:46 [INFO] journal_utilities.downloader: Audio already exists for h6426dEKaMg, skipping
2026-02-16 13:48:46 [INFO] journal_utilities.downloader: Audio for h6426dEKaMg: skipped
2026-02-16 13:48:47 [INFO] download_channel: [297/694] Processing gSL8PWN4soc — ActInf GuestStream 102.1 ~ Majid Beni "Scientific Explanation, Causality, and Agency"
2026-02-16 13:48:47 [INFO] journal_utilities.downloader: Audio already exists for gSL8PWN4soc, skipping
2026-02-16 13:48:47 [INFO] journal_utilities.downloader: Audio for gSL8PWN4soc: skipped
2026-02-16 13:48:48 [INFO] download_channel: [298/694] Processing eZPshFv24_g — ActInf GuestStream 101.1 ~ Autonomous Vehicles, Diffusion-Based Motion Prediction, Active Inference
2026-02-16 13:48:48 [INFO] journal_utilities.downloader: Audio already exists for eZPshFv24_g, skipping
2026-02-16 13:48:48 [INFO] journal_utilities.downloader: Audio for eZPshFv24_g: skipped
2026-02-16 13:48:49 [INFO] download_channel: [299/694] Processing 8Ohlb8iTW0k — Active InferAnt Stream 012.1 ~ CEREBRUM: Case-Enabled Reasoning Engine with...
2026-02-16 13:48:49 [INFO] journal_utilities.downloader: Audio already exists for 8Ohlb8iTW0k, skipping
2026-02-16 13:48:49 [INFO] journal_utilities.downloader: Audio for 8Ohlb8iTW0k: skipped
2026-02-16 13:48:50 [INFO] download_channel: [300/694] Processing 9LKWp5nydnA — Active InferAnt Stream 011.1 ~ April Agents Bring May Simulations: OpenManus, RxInfer.jl, and ...
2026-02-16 13:48:50 [INFO] journal_utilities.downloader: Audio already exists for 9LKWp5nydnA, skipping
2026-02-16 13:48:50 [INFO] journal_utilities.downloader: Audio for 9LKWp5nydnA: skipped
2026-02-16 13:48:51 [INFO] download_channel: [301/694] Processing aEe8y9Ebs10 — Active Inference Institute ~ 2025 Quarterly Roundtable #1
2026-02-16 13:48:51 [INFO] journal_utilities.downloader: Audio already exists for aEe8y9Ebs10, skipping
2026-02-16 13:48:51 [INFO] journal_utilities.downloader: Audio for aEe8y9Ebs10: skipped
2026-02-16 13:48:52 [INFO] download_channel: [302/694] Processing pwfJQRN6iIc — ActInf ModelStream 017.1 What's Wrong with Active Inference and How Lazy Dynamics Is Set to Solve It
2026-02-16 13:48:52 [INFO] journal_utilities.downloader: Audio already exists for pwfJQRN6iIc, skipping
2026-02-16 13:48:52 [INFO] journal_utilities.downloader: Audio for pwfJQRN6iIc: skipped
2026-02-16 13:48:53 [INFO] download_channel: [303/694] Processing BN2akPkfNxA — ActInf GuestStream 100.1 ~ Yu Kanazawa: The free energy principle, language learning, and education
2026-02-16 13:48:53 [INFO] journal_utilities.downloader: Audio already exists for BN2akPkfNxA, skipping
2026-02-16 13:48:53 [INFO] journal_utilities.downloader: Audio for BN2akPkfNxA: skipped
2026-02-16 13:48:54 [INFO] download_channel: [304/694] Processing NZnlrI-6mS8 — ActInf GuestStream 099.1 ~ Avel Guénin-Carlut: "From Contextuality to Social Constraints"
2026-02-16 13:48:55 [INFO] journal_utilities.downloader: Audio already exists for NZnlrI-6mS8, skipping
2026-02-16 13:48:55 [INFO] journal_utilities.downloader: Audio for NZnlrI-6mS8: skipped
2026-02-16 13:48:56 [INFO] download_channel: [305/694] Processing Gl7yd2MRjmk — Active InferAnt Stream 010.2 ~ plain_text too: Learning Paths, Application Guides, and More Things
2026-02-16 13:48:56 [INFO] journal_utilities.downloader: Audio already exists for Gl7yd2MRjmk, skipping
2026-02-16 13:48:56 [INFO] journal_utilities.downloader: Audio for Gl7yd2MRjmk: skipped
2026-02-16 13:48:57 [INFO] download_channel: [306/694] Processing E3vyVxMZanA — ActInf GuestStream 090.2 Decoding the ARC: The Evolution of Reason in the Abstract Reasoning Corpus
2026-02-16 13:48:57 [INFO] journal_utilities.downloader: Audio already exists for E3vyVxMZanA, skipping
2026-02-16 13:48:57 [INFO] journal_utilities.downloader: Audio for E3vyVxMZanA: skipped
2026-02-16 13:48:58 [INFO] download_channel: [307/694] Processing tU2PfMNp-OI — ActInf GuestStream 098.1 ~ Active Inference and Human-Computer Interaction
2026-02-16 13:48:58 [INFO] journal_utilities.downloader: Audio already exists for tU2PfMNp-OI, skipping
2026-02-16 13:48:58 [INFO] journal_utilities.downloader: Audio for tU2PfMNp-OI: skipped
2026-02-16 13:48:59 [INFO] download_channel: [308/694] Processing ed9iSi4cD3o — Active InferAnt Stream 010.1 ~ plain_text for active_inference: Modeling, Learning, and Exploration
2026-02-16 13:48:59 [INFO] journal_utilities.downloader: Audio already exists for ed9iSi4cD3o, skipping
2026-02-16 13:48:59 [INFO] journal_utilities.downloader: Audio for ed9iSi4cD3o: skipped
2026-02-16 13:49:00 [INFO] download_channel: [309/694] Processing dP5MwxvYSno — MathArtStream 11 ~ Feedback Welcome
2026-02-16 13:49:01 [INFO] journal_utilities.downloader: Audio already exists for dP5MwxvYSno, skipping
2026-02-16 13:49:01 [INFO] journal_utilities.downloader: Audio for dP5MwxvYSno: skipped
2026-02-16 13:49:02 [INFO] download_channel: [310/694] Processing VLTXPOsrg_s — ActInf GuestStream 097.1 ~ Matthew Sims: Slime Mould and Philosophy
2026-02-16 13:49:02 [INFO] journal_utilities.downloader: Audio already exists for VLTXPOsrg_s, skipping
2026-02-16 13:49:02 [INFO] journal_utilities.downloader: Audio for VLTXPOsrg_s: skipped
2026-02-16 13:49:03 [INFO] download_channel: [311/694] Processing kCmC4i-drEY — ActInf GuestStream: Ron Itelman: Cognitive Experience Design (CXD): Designing AI Systems for Trust
2026-02-16 13:49:04 [INFO] journal_utilities.downloader: Audio already exists for kCmC4i-drEY, skipping
2026-02-16 13:49:04 [INFO] journal_utilities.downloader: Audio for kCmC4i-drEY: skipped
2026-02-16 13:49:05 [INFO] download_channel: [312/694] Processing Y76dco2nAkQ — ActInf GuestStream 095.1 ~ Rithvik Prakki: Active Inference for Self-Organizing Multi-LLM Systems
2026-02-16 13:49:05 [INFO] journal_utilities.downloader: Audio already exists for Y76dco2nAkQ, skipping
2026-02-16 13:49:05 [INFO] journal_utilities.downloader: Audio for Y76dco2nAkQ: skipped
2026-02-16 13:49:06 [INFO] download_channel: [313/694] Processing cmPPvfElkCE — Active InferAnt Stream 009.1 ~ How to Accelerate? Active Inference Mountain Car in RxInfer.jl
2026-02-16 13:49:06 [INFO] journal_utilities.downloader: Audio already exists for cmPPvfElkCE, skipping
2026-02-16 13:49:06 [INFO] journal_utilities.downloader: Audio for cmPPvfElkCE: skipped
2026-02-16 13:49:07 [INFO] download_channel: [314/694] Processing S8z_Y95WBeE — 2024 ReviewStream
2026-02-16 13:49:07 [INFO] journal_utilities.downloader: Audio already exists for S8z_Y95WBeE, skipping
2026-02-16 13:49:07 [INFO] journal_utilities.downloader: Audio for S8z_Y95WBeE: skipped
2026-02-16 13:49:08 [INFO] download_channel: [315/694] Processing bK3lIWs23RE — Active Inference Institute ~ 2024 Quarterly Roundtable #4
2026-02-16 13:49:08 [INFO] journal_utilities.downloader: Audio already exists for bK3lIWs23RE, skipping
2026-02-16 13:49:09 [INFO] journal_utilities.downloader: Audio for bK3lIWs23RE: skipped
2026-02-16 13:49:10 [INFO] download_channel: [316/694] Processing 1Qr7um2W-Rc — ActInf GuestStream 094.1 ~ Joséphine Pazem:, "Free Energy Projective Simulation (FEPS)"
2026-02-16 13:49:10 [INFO] journal_utilities.downloader: Audio already exists for 1Qr7um2W-Rc, skipping
2026-02-16 13:49:10 [INFO] journal_utilities.downloader: Audio for 1Qr7um2W-Rc: skipped
2026-02-16 13:49:11 [INFO] download_channel: [317/694] Processing h_tO7gZH2Ks — Active InferAnt Stream 008.1 ~ Onboarding to Active Inference across backgrounds & languages
2026-02-16 13:49:11 [INFO] journal_utilities.downloader: Audio already exists for h_tO7gZH2Ks, skipping
2026-02-16 13:49:12 [INFO] journal_utilities.downloader: Audio for h_tO7gZH2Ks: skipped
2026-02-16 13:49:14 [INFO] download_channel: [318/694] Processing GVsBiTn_E6o — ActInf GuestStream 093.1 ~ Nassim Dehouche "Enhancing Population-based Search with Active Inference"
2026-02-16 13:49:14 [INFO] journal_utilities.downloader: Audio already exists for GVsBiTn_E6o, skipping
2026-02-16 13:49:14 [INFO] journal_utilities.downloader: Audio for GVsBiTn_E6o: skipped
2026-02-16 13:49:15 [INFO] download_channel: [319/694] Processing x6rwST67ugU — ActInf ArtStream 004.1 ~ Karin Kukkonen: "Literature as Uncertainty Practice"
2026-02-16 13:49:15 [INFO] journal_utilities.downloader: Audio already exists for x6rwST67ugU, skipping
2026-02-16 13:49:15 [INFO] journal_utilities.downloader: Audio for x6rwST67ugU: skipped
2026-02-16 13:49:16 [INFO] download_channel: [320/694] Processing pNfQqKXUdic — ActInf ModelStream 016.1: Eli Sennesh and Tommaso Salvatori "Divide-and-Conquer Predictive Coding"
2026-02-16 13:49:16 [INFO] journal_utilities.downloader: Audio already exists for pNfQqKXUdic, skipping
2026-02-16 13:49:16 [INFO] journal_utilities.downloader: Audio for pNfQqKXUdic: skipped
2026-02-16 13:49:17 [INFO] download_channel: [321/694] Processing wDYI7pOGamI — Active InferAnt Stream 001.2 ~ FieldSHIFTing for the SoftComp Intelligent Soft Matter Workshop
2026-02-16 13:49:17 [INFO] journal_utilities.downloader: Audio already exists for wDYI7pOGamI, skipping
2026-02-16 13:49:18 [INFO] journal_utilities.downloader: Audio for wDYI7pOGamI: skipped
2026-02-16 13:49:22 [INFO] download_channel: [322/694] Processing mcMYdZxmVo0 — Institute updates (Nov 12, 2024): Symposium tomorrow & Institute/Ecosystem paper snapshot today!
2026-02-16 13:49:22 [INFO] journal_utilities.downloader: Audio already exists for mcMYdZxmVo0, skipping
2026-02-16 13:49:25 [INFO] journal_utilities.downloader: Audio for mcMYdZxmVo0: skipped
2026-02-16 13:49:30 [INFO] download_channel: [323/694] Processing DAZNlhxOhSg — ActInf GuestStream 092.1 ~ Max Aifer: "Thermodynamic Linear Algebra"
2026-02-16 13:49:37 [INFO] journal_utilities.downloader: Audio already exists for DAZNlhxOhSg, skipping
2026-02-16 13:49:41 [INFO] journal_utilities.downloader: Audio for DAZNlhxOhSg: skipped
2026-02-16 13:49:43 [INFO] download_channel: [324/694] Processing kGRczFpO8zQ — Active InferAnt Stream 007.1 ~ AgentMaker for PyMDP for Active Inference Biofirms for Bioregionalism
2026-02-16 13:49:43 [INFO] journal_utilities.downloader: Audio already exists for kGRczFpO8zQ, skipping
2026-02-16 13:49:44 [INFO] journal_utilities.downloader: Audio for kGRczFpO8zQ: skipped
2026-02-16 13:49:45 [INFO] download_channel: [325/694] Processing OPapscuD05s — Active Inference LiveStream 058.1 ~ "From pixels to planning: scale-free active inference"
2026-02-16 13:49:45 [INFO] journal_utilities.downloader: Audio already exists for OPapscuD05s, skipping
2026-02-16 13:49:45 [INFO] journal_utilities.downloader: Audio for OPapscuD05s: skipped
2026-02-16 13:49:47 [INFO] download_channel: [326/694] Processing QyOslBrs2qA — Active InferAnt Stream 006.1 ~ Towards (Open Source, Active Inference) Bioregional Biofirm Modeling
2026-02-16 13:49:47 [INFO] journal_utilities.downloader: Audio already exists for QyOslBrs2qA, skipping
2026-02-16 13:49:48 [INFO] journal_utilities.downloader: Audio for QyOslBrs2qA: skipped
2026-02-16 13:49:49 [INFO] download_channel: [327/694] Processing b8meLjc8XHE — ActInf GuestStream 091.1 ~ Dall’Aglio: Consciousness Enjoying Uncertainty, Lacan Neuropsychoanalysis
2026-02-16 13:49:49 [INFO] journal_utilities.downloader: Audio already exists for b8meLjc8XHE, skipping
2026-02-16 13:49:49 [INFO] journal_utilities.downloader: Audio for b8meLjc8XHE: skipped
2026-02-16 13:49:50 [INFO] download_channel: [328/694] Processing 8mGBPhgYGCo — ActInf GuestStream 090.1 ~ Benjamin Nelson, "Mechanics of the Mind"
2026-02-16 13:49:50 [INFO] journal_utilities.downloader: Audio already exists for 8mGBPhgYGCo, skipping
2026-02-16 13:49:50 [INFO] journal_utilities.downloader: Audio for 8mGBPhgYGCo: skipped
2026-02-16 13:49:51 [INFO] download_channel: [329/694] Processing _zW1BrLwACY — Active Inference LiveStream 058.0 ~ "From pixels to planning: scale-free active inference"
2026-02-16 13:49:51 [INFO] journal_utilities.downloader: Audio already exists for _zW1BrLwACY, skipping
2026-02-16 13:49:51 [INFO] journal_utilities.downloader: Audio for _zW1BrLwACY: skipped
2026-02-16 13:49:52 [INFO] download_channel: [330/694] Processing wAd-ARzquj8 — ActInf ModelStream 015.0: Andrew Pashea "Active Agents: Agent-Based Modeling in the Social Sciences"
2026-02-16 13:49:52 [INFO] journal_utilities.downloader: Audio already exists for wAd-ARzquj8, skipping
2026-02-16 13:49:52 [INFO] journal_utilities.downloader: Audio for wAd-ARzquj8: skipped
2026-02-16 13:49:53 [INFO] download_channel: [331/694] Processing gWJ-rG8UuFg — Active InferAnt Stream 005.1 ~ FORMINDEX: FORMIS INtegrated Database EXploration
2026-02-16 13:49:53 [INFO] journal_utilities.downloader: Audio already exists for gWJ-rG8UuFg, skipping
2026-02-16 13:49:53 [INFO] journal_utilities.downloader: Audio for gWJ-rG8UuFg: skipped
2026-02-16 13:49:55 [INFO] download_channel: [332/694] Processing -nF0EXr3Rpk — Active InferAnt Stream 004.1 ~ Does Synthetic Fabric dream of Active Inference (too)?
2026-02-16 13:49:55 [INFO] journal_utilities.downloader: Audio already exists for -nF0EXr3Rpk, skipping
2026-02-16 13:49:55 [INFO] journal_utilities.downloader: Audio for -nF0EXr3Rpk: skipped
2026-02-16 13:49:56 [INFO] download_channel: [333/694] Processing tlDnkNGVK1Y — Active Inference Institute ~ 2024 Quarterly Roundtable #3
2026-02-16 13:49:56 [INFO] journal_utilities.downloader: Audio already exists for tlDnkNGVK1Y, skipping
2026-02-16 13:49:56 [INFO] journal_utilities.downloader: Audio for tlDnkNGVK1Y: skipped
2026-02-16 13:49:57 [INFO] download_channel: [334/694] Processing esn5C4i9Jlc — ActInf GuestStream 089.1 ~ "Generic framework for a coherent integration of experience and exposure"
2026-02-16 13:49:57 [INFO] journal_utilities.downloader: Audio already exists for esn5C4i9Jlc, skipping
2026-02-16 13:49:57 [INFO] journal_utilities.downloader: Audio for esn5C4i9Jlc: skipped
2026-02-16 13:49:58 [INFO] download_channel: [335/694] Processing m__QjVPk98Y — ActInf GuestStream 088.1 ~ Abdulrahman: What is the Limit of Our Brains in Predicting Future Events?
2026-02-16 13:49:58 [INFO] journal_utilities.downloader: Audio already exists for m__QjVPk98Y, skipping
2026-02-16 13:49:58 [INFO] journal_utilities.downloader: Audio for m__QjVPk98Y: skipped
2026-02-16 13:49:59 [INFO] download_channel: [336/694] Processing Me3BitlU6Vs — ActInf ModelStream 014.1: Ran Wei, Value of Information and Reward Specification in Active Inference
2026-02-16 13:50:01 [INFO] journal_utilities.downloader: Audio already exists for Me3BitlU6Vs, skipping
2026-02-16 13:50:01 [INFO] journal_utilities.downloader: Audio for Me3BitlU6Vs: skipped
2026-02-16 13:50:02 [INFO] download_channel: [337/694] Processing 52eHP5ReG34 — ActInf GuestStream 087.2 ~ John Boik "CogNarr Ecosystem: Preliminary Thoughts on a Story Graph..."
2026-02-16 13:50:04 [INFO] journal_utilities.downloader: Audio already exists for 52eHP5ReG34, skipping
2026-02-16 13:50:04 [INFO] journal_utilities.downloader: Audio for 52eHP5ReG34: skipped
2026-02-16 13:50:05 [INFO] download_channel: [338/694] Processing ZfGRa_n4gB4 — ActInf ArtStream 003.1 ~ Diana Omigie: "A model of time-varying music engagement"
2026-02-16 13:50:05 [INFO] journal_utilities.downloader: Audio already exists for ZfGRa_n4gB4, skipping
2026-02-16 13:50:05 [INFO] journal_utilities.downloader: Audio for ZfGRa_n4gB4: skipped
2026-02-16 13:50:06 [INFO] download_channel: [339/694] Processing 0Cx5MTNxs-0 — ActInf GuestStream 087.1 ~ John Boik "CogNarr Ecosystem: Facilitating Group Cognition at Scale"
2026-02-16 13:50:06 [INFO] journal_utilities.downloader: Audio already exists for 0Cx5MTNxs-0, skipping
2026-02-16 13:50:06 [INFO] journal_utilities.downloader: Audio for 0Cx5MTNxs-0: skipped
2026-02-16 13:50:07 [INFO] download_channel: [340/694] Processing _OYKnrktAOU — Active InferAnt Stream 003.1 ~ Systems Within Systems: Blake, FOIA, Cognitive Sovereignty, and PyMDP
2026-02-16 13:50:07 [INFO] journal_utilities.downloader: Audio already exists for _OYKnrktAOU, skipping
2026-02-16 13:50:07 [INFO] journal_utilities.downloader: Audio for _OYKnrktAOU: skipped
2026-02-16 13:50:08 [INFO] download_channel: [341/694] Processing MUaKYWKs0kk — ActInf ModelStream 013.1 ~ "Synthesizing the Born rule with reinforcement learning" Jacques Pienaar
2026-02-16 13:50:09 [INFO] journal_utilities.downloader: Audio already exists for MUaKYWKs0kk, skipping
2026-02-16 13:50:09 [INFO] journal_utilities.downloader: Audio for MUaKYWKs0kk: skipped
2026-02-16 13:50:10 [INFO] download_channel: [342/694] Processing pYJUgEqS42U — ActInf GuestStream 086.1 ~ Biological Neurons Compete with Deep Reinforcement Learning
2026-02-16 13:50:10 [INFO] journal_utilities.downloader: Audio already exists for pYJUgEqS42U, skipping
2026-02-16 13:50:10 [INFO] journal_utilities.downloader: Audio for pYJUgEqS42U: skipped
2026-02-16 13:50:11 [INFO] download_channel: [343/694] Processing IPiazKlNZ4g — ActInf MathStream 011.1 ~ "Structured Active Inference", Toby St Clere Smithe
2026-02-16 13:50:11 [INFO] journal_utilities.downloader: Audio already exists for IPiazKlNZ4g, skipping
2026-02-16 13:50:12 [INFO] journal_utilities.downloader: Audio for IPiazKlNZ4g: skipped
2026-02-16 13:50:13 [INFO] download_channel: [344/694] Processing UB-TIIlmwlU — ActInf GuestStream 085.1 ~ David Bloomin: "[Deep] Learning Active Inference"
2026-02-16 13:50:13 [INFO] journal_utilities.downloader: Audio already exists for UB-TIIlmwlU, skipping
2026-02-16 13:50:13 [INFO] journal_utilities.downloader: Audio for UB-TIIlmwlU: skipped
2026-02-16 13:50:14 [INFO] download_channel: [345/694] Processing 6E4CpJvzddg — Active InferAnt Stream 001.1 ~ FieldSHIFT-2: Fully Synthetic Dissertations for All-by-All Domains
2026-02-16 13:50:16 [INFO] journal_utilities.downloader: Audio already exists for 6E4CpJvzddg, skipping
2026-02-16 13:50:16 [INFO] journal_utilities.downloader: Audio for 6E4CpJvzddg: skipped
2026-02-16 13:50:17 [INFO] download_channel: [346/694] Processing zqOcywx40n8 — ActInf GuestStream 082.4 ~ Robert Worden "Assessment of the Brain Wave Hypothesis"
2026-02-16 13:50:20 [INFO] journal_utilities.downloader: Audio already exists for zqOcywx40n8, skipping
2026-02-16 13:50:20 [INFO] journal_utilities.downloader: Audio for zqOcywx40n8: skipped
2026-02-16 13:50:21 [INFO] download_channel: [347/694] Processing IvY4acL8YeA — ActInf GuestStream 082.3 ~ "The Projective Wave Theory of Consciousness" Worden, Rudrauf, Williford
2026-02-16 13:50:21 [INFO] journal_utilities.downloader: Audio already exists for IvY4acL8YeA, skipping
2026-02-16 13:50:21 [INFO] journal_utilities.downloader: Audio for IvY4acL8YeA: skipped
2026-02-16 13:50:22 [INFO] download_channel: [348/694] Processing Wn65WcYGQSA — ActInf GuestStream 084.1 ~ Anthropocentric bias and the possibility of artificial cognition
2026-02-16 13:50:22 [INFO] journal_utilities.downloader: Audio already exists for Wn65WcYGQSA, skipping
2026-02-16 13:50:22 [INFO] journal_utilities.downloader: Audio for Wn65WcYGQSA: skipped
2026-02-16 13:50:23 [INFO] download_channel: [349/694] Processing yknM6SFlPPc — ActInf GuestStream 083.1 ~ "Embodied intelligence", Joshua Bongard
2026-02-16 13:50:23 [INFO] journal_utilities.downloader: Audio already exists for yknM6SFlPPc, skipping
2026-02-16 13:50:23 [INFO] journal_utilities.downloader: Audio for yknM6SFlPPc: skipped
2026-02-16 13:50:24 [INFO] download_channel: [350/694] Processing 1Xu8jYKWsGM — Active Inference Insights 024 ~ Darius Parvizi-Wayne (Season Finale // Reflection)
2026-02-16 13:50:24 [INFO] journal_utilities.downloader: Audio already exists for 1Xu8jYKWsGM, skipping
2026-02-16 13:50:24 [INFO] journal_utilities.downloader: Audio for 1Xu8jYKWsGM: skipped
2026-02-16 13:50:25 [INFO] download_channel: [351/694] Processing UD-VfVJ41WA — ActInf ArtStream 002.1 ~Aenne Brielmann: "Modelling individual aesthetic judgements over time"
2026-02-16 13:50:26 [INFO] journal_utilities.downloader: Audio already exists for UD-VfVJ41WA, skipping
2026-02-16 13:50:26 [INFO] journal_utilities.downloader: Audio for UD-VfVJ41WA: skipped
2026-02-16 13:50:27 [INFO] download_channel: [352/694] Processing VLP_jV_KRhc — Active Inference Institute ~ 2024 Quarterly Roundtable #2
2026-02-16 13:50:27 [INFO] journal_utilities.downloader: Audio already exists for VLP_jV_KRhc, skipping
2026-02-16 13:50:27 [INFO] journal_utilities.downloader: Audio for VLP_jV_KRhc: skipped
2026-02-16 13:50:28 [INFO] download_channel: [353/694] Processing u0y-NFl8emU — ActInf ModelStream 012.1 ~ Fisher, Whyte, and Hohwy: An Active Inference Model of the Optimism Bias
2026-02-16 13:50:28 [INFO] journal_utilities.downloader: Audio already exists for u0y-NFl8emU, skipping
2026-02-16 13:50:28 [INFO] journal_utilities.downloader: Audio for u0y-NFl8emU: skipped
2026-02-16 13:50:29 [INFO] download_channel: [354/694] Processing Y9hP79tBXHo — ActInf ModelStream 011.1 ~ Hadi Vafaii: "Poisson Variational Autoencoder"
2026-02-16 13:50:29 [INFO] journal_utilities.downloader: Audio already exists for Y9hP79tBXHo, skipping
2026-02-16 13:50:29 [INFO] journal_utilities.downloader: Audio for Y9hP79tBXHo: skipped
2026-02-16 13:50:30 [INFO] download_channel: [355/694] Processing qztkjHf2g3g — Active Inference LiveStream 057.2 ~ Active Data Selection and Information Seeking
2026-02-16 13:50:30 [INFO] journal_utilities.downloader: Audio already exists for qztkjHf2g3g, skipping
2026-02-16 13:50:30 [INFO] journal_utilities.downloader: Audio for qztkjHf2g3g: skipped
2026-02-16 13:50:31 [INFO] download_channel: [356/694] Processing gMPa_xoOctU — ActInf GuestStream 082.2 ~ Robert Worden "Three-dimensional Spatial Cognition: Bees and Bats"
2026-02-16 13:50:31 [INFO] journal_utilities.downloader: Audio already exists for gMPa_xoOctU, skipping
2026-02-16 13:50:31 [INFO] journal_utilities.downloader: Audio for gMPa_xoOctU: skipped
2026-02-16 13:50:32 [INFO] download_channel: [357/694] Processing Fc7bUNNdTfY — ActInf GuestStream 084.1 ~ "The Nature of Habits and Agential Systems", Jesse G
2026-02-16 13:50:34 [INFO] journal_utilities.downloader: Audio already exists for Fc7bUNNdTfY, skipping
2026-02-16 13:50:34 [INFO] journal_utilities.downloader: Audio for Fc7bUNNdTfY: skipped
2026-02-16 13:50:35 [INFO] download_channel: [358/694] Processing N0ozoxTgWD0 — Active Inference LiveStream 057.1 ~ Active Data Selection and Information Seeking
2026-02-16 13:50:35 [INFO] journal_utilities.downloader: Audio already exists for N0ozoxTgWD0, skipping
2026-02-16 13:50:36 [INFO] journal_utilities.downloader: Audio for N0ozoxTgWD0: skipped
2026-02-16 13:50:37 [INFO] download_channel: [359/694] Processing GoXtkxLGkjQ — Active Inference LiveStream 057.0 ~ Active Data Selection and Information Seeking
2026-02-16 13:50:37 [INFO] journal_utilities.downloader: Audio already exists for GoXtkxLGkjQ, skipping
2026-02-16 13:50:37 [INFO] journal_utilities.downloader: Audio for GoXtkxLGkjQ: skipped
2026-02-16 13:50:38 [INFO] download_channel: [360/694] Processing 15n6WN9jGrY — ActInf GuestStream 083.1 ~ Simon Wardley
2026-02-16 13:50:38 [INFO] journal_utilities.downloader: Audio already exists for 15n6WN9jGrY, skipping
2026-02-16 13:50:38 [INFO] journal_utilities.downloader: Audio for 15n6WN9jGrY: skipped
2026-02-16 13:50:39 [INFO] download_channel: [361/694] Processing 6gw6KEX10vo — ActInf GuestStream 082.1 ~ Robert Worden "Bayesian Model-Based Cognition: The Requirement Equation"
2026-02-16 13:50:39 [INFO] journal_utilities.downloader: Audio already exists for 6gw6KEX10vo, skipping
2026-02-16 13:50:39 [INFO] journal_utilities.downloader: Audio for 6gw6KEX10vo: skipped
2026-02-16 13:50:40 [INFO] download_channel: [362/694] Processing q_fAglCMvPw — ActInf ArtStream 001.1 ~ "Order and change in art", Sander Van de Cruys, Jacopo Frascaroli
2026-02-16 13:50:40 [INFO] journal_utilities.downloader: Audio already exists for q_fAglCMvPw, skipping
2026-02-16 13:50:40 [INFO] journal_utilities.downloader: Audio for q_fAglCMvPw: skipped
2026-02-16 13:50:41 [INFO] download_channel: [363/694] Processing Q-_YCWfO0b0 — ActInf GuestStream 081.1 Hannah Biddell, Ruben Laukkonen: Arousal coherence, uncertainty, well-being
2026-02-16 13:50:41 [INFO] journal_utilities.downloader: Audio already exists for Q-_YCWfO0b0, skipping
2026-02-16 13:50:41 [INFO] journal_utilities.downloader: Audio for Q-_YCWfO0b0: skipped
2026-02-16 13:50:42 [INFO] download_channel: [364/694] Processing viJt9sFqWdg — ActInf GuestStream 080.1 ~ Laura Desirée Di Paolo: "Active Inference Goes to School"
2026-02-16 13:50:42 [INFO] journal_utilities.downloader: Audio already exists for viJt9sFqWdg, skipping
2026-02-16 13:50:42 [INFO] journal_utilities.downloader: Audio for viJt9sFqWdg: skipped
2026-02-16 13:50:43 [INFO] download_channel: [365/694] Processing KwFpamHzmUc — ActInf OrgStream 008.1 ~ Nathan Schneider: "Governable Spaces: Democratic Design for Online Life"
2026-02-16 13:50:43 [INFO] journal_utilities.downloader: Audio already exists for KwFpamHzmUc, skipping
2026-02-16 13:50:43 [INFO] journal_utilities.downloader: Audio for KwFpamHzmUc: skipped
2026-02-16 13:50:44 [INFO] download_channel: [366/694] Processing TZNXs5jP9hE — ActInf ModelStream 010.1 ~ Building a Drone with RxInfer.jl ~ Bart van Erp, Albert Podusenko
2026-02-16 13:50:44 [INFO] journal_utilities.downloader: Audio already exists for TZNXs5jP9hE, skipping
2026-02-16 13:50:44 [INFO] journal_utilities.downloader: Audio for TZNXs5jP9hE: skipped
2026-02-16 13:50:45 [INFO] download_channel: [367/694] Processing 7AtInJ-q7Hk — ActInf GuestStream 079.1 ~ Ryota Kanai: "Meta-Representations as Representations of Processes"
2026-02-16 13:50:45 [INFO] journal_utilities.downloader: Audio already exists for 7AtInJ-q7Hk, skipping
2026-02-16 13:50:45 [INFO] journal_utilities.downloader: Audio for 7AtInJ-q7Hk: skipped
2026-02-16 13:50:46 [INFO] download_channel: [368/694] Processing BcepTxAv_xI — ActInf GuestStream 078.1 ~ Juan Diego Bogotá: "What could come before time?"
2026-02-16 13:50:46 [INFO] journal_utilities.downloader: Audio already exists for BcepTxAv_xI, skipping
2026-02-16 13:50:46 [INFO] journal_utilities.downloader: Audio for BcepTxAv_xI: skipped
2026-02-16 13:50:47 [INFO] download_channel: [369/694] Processing xgMW47d8H2k — ActInf GuestStream 077.1 ~ Gareth Lee Stubbs: "The Police Hunch" Bayesian Brain, Active Inference
2026-02-16 13:50:47 [INFO] journal_utilities.downloader: Audio already exists for xgMW47d8H2k, skipping
2026-02-16 13:50:47 [INFO] journal_utilities.downloader: Audio for xgMW47d8H2k: skipped
2026-02-16 13:50:48 [INFO] download_channel: [370/694] Processing Ln_g3qynnbA — Active Inference Institute ~ 2024 Quarterly Roundtable #1
2026-02-16 13:50:48 [INFO] journal_utilities.downloader: Audio already exists for Ln_g3qynnbA, skipping
2026-02-16 13:50:48 [INFO] journal_utilities.downloader: Audio for Ln_g3qynnbA: skipped
2026-02-16 13:50:49 [INFO] download_channel: [371/694] Processing 3iY8ICcmd2E — ActInf MathStream 010.1 ~ Thomas Varley "Generalized decomposition of multivariate information"
2026-02-16 13:50:49 [INFO] journal_utilities.downloader: Audio already exists for 3iY8ICcmd2E, skipping
2026-02-16 13:50:49 [INFO] journal_utilities.downloader: Audio for 3iY8ICcmd2E: skipped
2026-02-16 13:50:50 [INFO] download_channel: [372/694] Processing cPv4TVBFANc — ActInf OrgStream 007.1 ~ Jamie Joyce, John Ash: Harnessing Collective Intelligence to Map AI Debates
2026-02-16 13:50:51 [INFO] journal_utilities.downloader: Audio already exists for cPv4TVBFANc, skipping
2026-02-16 13:50:51 [INFO] journal_utilities.downloader: Audio for cPv4TVBFANc: skipped
2026-02-16 13:50:52 [INFO] download_channel: [373/694] Processing vixLMftkUK0 — ActInf GuestStream 075.1 ~ Matsumura et al.: "Active Inference With Empathy Mechanism"
2026-02-16 13:50:54 [INFO] journal_utilities.downloader: Audio already exists for vixLMftkUK0, skipping
2026-02-16 13:50:54 [INFO] journal_utilities.downloader: Audio for vixLMftkUK0: skipped
2026-02-16 13:50:55 [INFO] download_channel: [374/694] Processing XX61J32RT9g — ActInf GuestStream 074.1 ~ Narrative Fallacy and Other Limitations of Psychodynamic Case Formulation
2026-02-16 13:50:55 [INFO] journal_utilities.downloader: Audio already exists for XX61J32RT9g, skipping
2026-02-16 13:50:55 [INFO] journal_utilities.downloader: Audio for XX61J32RT9g: skipped
2026-02-16 13:50:56 [INFO] download_channel: [375/694] Processing I3rhsT-8isk — ActInf MathStream 009.1 ~ Jonathan Gorard: A computational perspective on observation and cognition
2026-02-16 13:50:56 [INFO] journal_utilities.downloader: Audio already exists for I3rhsT-8isk, skipping
2026-02-16 13:50:56 [INFO] journal_utilities.downloader: Audio for I3rhsT-8isk: skipped
2026-02-16 13:50:57 [INFO] download_channel: [376/694] Processing ps3B2dfmK5Y — ActInf GuestStream 073.1 ~ Lachlan Kent: "Mental gravity: Modelling the embodied self"
2026-02-16 13:50:57 [INFO] journal_utilities.downloader: Audio already exists for ps3B2dfmK5Y, skipping
2026-02-16 13:50:57 [INFO] journal_utilities.downloader: Audio for ps3B2dfmK5Y: skipped
2026-02-16 13:50:58 [INFO] download_channel: [377/694] Processing jI3wnTbpkNo — ActInf GuestStream 072.1 ~ Open Source AI: The truth is the first casualty in war
2026-02-16 13:50:58 [INFO] journal_utilities.downloader: Audio already exists for jI3wnTbpkNo, skipping
2026-02-16 13:50:58 [INFO] journal_utilities.downloader: Audio for jI3wnTbpkNo: skipped
2026-02-16 13:50:59 [INFO] download_channel: [378/694] Processing nss0y1P3nso — ActInf GuestStream 071.1 ~ The empirical status of predictive coding and active inference
2026-02-16 13:50:59 [INFO] journal_utilities.downloader: Audio already exists for nss0y1P3nso, skipping
2026-02-16 13:50:59 [INFO] journal_utilities.downloader: Audio for nss0y1P3nso: skipped
2026-02-16 13:51:00 [INFO] download_channel: [379/694] Processing UAtfOc3Q4_0 — ActInf GuestStream 066.2 ~ Adrian Bejan, "Freedom and Evolution"
2026-02-16 13:51:00 [INFO] journal_utilities.downloader: Audio already exists for UAtfOc3Q4_0, skipping
2026-02-16 13:51:00 [INFO] journal_utilities.downloader: Audio for UAtfOc3Q4_0: skipped
2026-02-16 13:51:01 [INFO] download_channel: [380/694] Processing FNgAL97_uwE — ActInf GuestStream 070.1 ~ Jerry Michalski: "Practical Collective Sensemaking"
2026-02-16 13:51:01 [INFO] journal_utilities.downloader: Audio already exists for FNgAL97_uwE, skipping
2026-02-16 13:51:01 [INFO] journal_utilities.downloader: Audio for FNgAL97_uwE: skipped
2026-02-16 13:51:02 [INFO] download_channel: [381/694] Processing Q0ySDpKFrPA — ActInf GuestStream 069.1 ~ Andrew McLuhan: "Marshall McLuhan and Project 69"
2026-02-16 13:51:03 [INFO] journal_utilities.downloader: Audio already exists for Q0ySDpKFrPA, skipping
2026-02-16 13:51:03 [INFO] journal_utilities.downloader: Audio for Q0ySDpKFrPA: skipped
2026-02-16 13:51:04 [INFO] download_channel: [382/694] Processing S-6qpCNq4uA — ActInf MathStream 008.2 ~ R Servajean: Intro to Bayesian mechanics: paths-based formalism (part 2)
2026-02-16 13:51:04 [INFO] journal_utilities.downloader: Audio already exists for S-6qpCNq4uA, skipping
2026-02-16 13:51:04 [INFO] journal_utilities.downloader: Audio for S-6qpCNq4uA: skipped
2026-02-16 13:51:05 [INFO] download_channel: [383/694] Processing bXOAOqJxujs — ActInf MathStream 008.1 ~ R Servajean: Intro to Bayesian mechanics: state-based formalism (part 1)
2026-02-16 13:51:05 [INFO] journal_utilities.downloader: Audio already exists for bXOAOqJxujs, skipping
2026-02-16 13:51:05 [INFO] journal_utilities.downloader: Audio for bXOAOqJxujs: skipped
2026-02-16 13:51:06 [INFO] download_channel: [384/694] Processing 3QpD4fXqQ7w — ActInf GuestStream 068.1 ~ Darius Parvizi-Wayne, "Distrusting the policy"
2026-02-16 13:51:06 [INFO] journal_utilities.downloader: Audio already exists for 3QpD4fXqQ7w, skipping
2026-02-16 13:51:06 [INFO] journal_utilities.downloader: Audio for 3QpD4fXqQ7w: skipped
2026-02-16 13:51:07 [INFO] download_channel: [385/694] Processing SerC9wYOMHs — ActInf OrgStream 006.1 ~ d20 Governance: an experimental governance environment
2026-02-16 13:51:07 [INFO] journal_utilities.downloader: Audio already exists for SerC9wYOMHs, skipping
2026-02-16 13:51:07 [INFO] journal_utilities.downloader: Audio for SerC9wYOMHs: skipped
2026-02-16 13:51:08 [INFO] download_channel: [386/694] Processing ykmasEwYSqQ — 2023 Video ReviewStream ~ Active Inference Institute
2026-02-16 13:51:09 [INFO] journal_utilities.downloader: Audio already exists for ykmasEwYSqQ, skipping
2026-02-16 13:51:09 [INFO] journal_utilities.downloader: Audio for ykmasEwYSqQ: skipped
2026-02-16 13:51:10 [INFO] download_channel: [387/694] Processing rKrrpoVbwWQ — Active Inference Institute ~ 2023 Quarterly Roundtable #4
2026-02-16 13:51:10 [INFO] journal_utilities.downloader: Audio already exists for rKrrpoVbwWQ, skipping
2026-02-16 13:51:10 [INFO] journal_utilities.downloader: Audio for rKrrpoVbwWQ: skipped
2026-02-16 13:51:11 [INFO] download_channel: [388/694] Processing HThdpvQzA4o — ActInf GuestStream 067.1 ~ Andrés Corrada "The logic of NTQR evaluations of noisy judges"
2026-02-16 13:51:11 [INFO] journal_utilities.downloader: Audio already exists for HThdpvQzA4o, skipping
2026-02-16 13:51:11 [INFO] journal_utilities.downloader: Audio for HThdpvQzA4o: skipped
2026-02-16 13:51:12 [INFO] download_channel: [389/694] Processing rF3zyjv2Drw — ActInf GuestStream 066.1 ~ Adrian Bejan, "The Physics of Life: How to Predict Evolution"
2026-02-16 13:51:12 [INFO] journal_utilities.downloader: Audio already exists for rF3zyjv2Drw, skipping
2026-02-16 13:51:12 [INFO] journal_utilities.downloader: Audio for rF3zyjv2Drw: skipped
2026-02-16 13:51:14 [INFO] download_channel: [390/694] Processing eMtgUJl68jg — ActInf GuestStream 065.1 ~ Phoebe Klett, "Towards Bayesian World Models"
2026-02-16 13:51:14 [INFO] journal_utilities.downloader: Audio already exists for eMtgUJl68jg, skipping
2026-02-16 13:51:14 [INFO] journal_utilities.downloader: Audio for eMtgUJl68jg: skipped
2026-02-16 13:51:15 [INFO] download_channel: [391/694] Processing PQGoQYpyqUY — ActInf GuestStream 064.1 ~ Elliot Murphy "ROSE: A neurocomputational architecture for syntax"
2026-02-16 13:51:15 [INFO] journal_utilities.downloader: Audio already exists for PQGoQYpyqUY, skipping
2026-02-16 13:51:15 [INFO] journal_utilities.downloader: Audio for PQGoQYpyqUY: skipped
2026-02-16 13:51:16 [INFO] download_channel: [392/694] Processing 0CY0fTqtdHo — Active Inference LiveStream 056.2 Neural Generative Coding, Active Inference, and Mortal Computation
2026-02-16 13:51:16 [INFO] journal_utilities.downloader: Audio already exists for 0CY0fTqtdHo, skipping
2026-02-16 13:51:16 [INFO] journal_utilities.downloader: Audio for 0CY0fTqtdHo: skipped
2026-02-16 13:51:17 [INFO] download_channel: [393/694] Processing q8OIuyFXqQ0 — ActInf OrgStream 005.1 ~ Anna-Marie Swan, "Ecological Organisations"
2026-02-16 13:51:17 [INFO] journal_utilities.downloader: Audio already exists for q8OIuyFXqQ0, skipping
2026-02-16 13:51:17 [INFO] journal_utilities.downloader: Audio for q8OIuyFXqQ0: skipped
2026-02-16 13:51:18 [INFO] download_channel: [394/694] Processing N7QSuazEEhE — ActInf Livestream 055.2 ~ "Realising Synthetic Active Inference Agents” Part I & Part II
2026-02-16 13:51:18 [INFO] journal_utilities.downloader: Audio already exists for N7QSuazEEhE, skipping
2026-02-16 13:51:18 [INFO] journal_utilities.downloader: Audio for N7QSuazEEhE: skipped
2026-02-16 13:51:19 [INFO] download_channel: [395/694] Processing BMrgdUnF2iI — Active Inference LiveStream 056.1 ~ Neural coding, Predictive processing, and Cognitive modeling
2026-02-16 13:51:19 [INFO] journal_utilities.downloader: Audio already exists for BMrgdUnF2iI, skipping
2026-02-16 13:51:19 [INFO] journal_utilities.downloader: Audio for BMrgdUnF2iI: skipped
2026-02-16 13:51:20 [INFO] download_channel: [396/694] Processing 6Yr_g9j4kso — ActInf GuestStream 063.1 ~ "Incorporating (variational) free energy models into mechanisms"
2026-02-16 13:51:20 [INFO] journal_utilities.downloader: Audio already exists for 6Yr_g9j4kso, skipping
2026-02-16 13:51:20 [INFO] journal_utilities.downloader: Audio for 6Yr_g9j4kso: skipped
2026-02-16 13:51:21 [INFO] download_channel: [397/694] Processing KX62d4gvFAY — Active Inference LiveStream 056.0 ~ Neural coding, Predictive processing, and Cognitive modeling.
2026-02-16 13:51:21 [INFO] journal_utilities.downloader: Audio already exists for KX62d4gvFAY, skipping
2026-02-16 13:51:21 [INFO] journal_utilities.downloader: Audio for KX62d4gvFAY: skipped
2026-02-16 13:51:22 [INFO] download_channel: [398/694] Processing cGW-ZAvybz8 — Conclusion (Discussion) ~ Active Inference for the Social Sciences 2023
2026-02-16 13:51:22 [INFO] journal_utilities.downloader: Audio already exists for cGW-ZAvybz8, skipping
2026-02-16 13:51:22 [INFO] journal_utilities.downloader: Audio for cGW-ZAvybz8: skipped
2026-02-16 13:51:23 [INFO] download_channel: [399/694] Processing YNsUMgOQYpk — ActInf Livestream 055.1 ~ "Realising Synthetic Active Inference Agents” Part I & Part II
2026-02-16 13:51:23 [INFO] journal_utilities.downloader: Audio already exists for YNsUMgOQYpk, skipping
2026-02-16 13:51:23 [INFO] journal_utilities.downloader: Audio for YNsUMgOQYpk: skipped
2026-02-16 13:51:24 [INFO] download_channel: [400/694] Processing ciFMH8svne4 — ActInf GuestStream 062.1 ~ Michael Carl, "Deep temporal Models of the Translation Process"
2026-02-16 13:51:24 [INFO] journal_utilities.downloader: Audio already exists for ciFMH8svne4, skipping
2026-02-16 13:51:24 [INFO] journal_utilities.downloader: Audio for ciFMH8svne4: skipped
2026-02-16 13:51:25 [INFO] download_channel: [401/694] Processing dAolShffDWo — "Physics as Information Processing" ~ Ander Aguirre ~ Discussion 6
2026-02-16 13:51:25 [INFO] journal_utilities.downloader: Audio already exists for dAolShffDWo, skipping
2026-02-16 13:51:25 [INFO] journal_utilities.downloader: Audio for dAolShffDWo: skipped
2026-02-16 13:51:26 [INFO] download_channel: [402/694] Processing pJit1ONOYcM — Social constraints (Discussion) ~ Avel Guénin-Carlut ~ ActInf Social Sciences 2023
2026-02-16 13:51:26 [INFO] journal_utilities.downloader: Audio already exists for pJit1ONOYcM, skipping
2026-02-16 13:51:26 [INFO] journal_utilities.downloader: Audio for pJit1ONOYcM: skipped
2026-02-16 13:51:27 [INFO] download_channel: [403/694] Processing nuUWmwrz6cI — ActInf Livestream 055.0 ~ "Realising Synthetic Active Inference Agents” Part I & Part II
2026-02-16 13:51:33 [INFO] journal_utilities.downloader: Audio already exists for nuUWmwrz6cI, skipping
2026-02-16 13:51:33 [INFO] journal_utilities.downloader: Audio for nuUWmwrz6cI: skipped
2026-02-16 13:51:34 [INFO] download_channel: [404/694] Processing vh8Q6Bc-TQA — ActInf GuestStream 061.1 ~  Shagor Rahman: "Myth of objectivity and the origin of symbols"
2026-02-16 13:51:34 [INFO] journal_utilities.downloader: Audio already exists for vh8Q6Bc-TQA, skipping
2026-02-16 13:51:34 [INFO] journal_utilities.downloader: Audio for vh8Q6Bc-TQA: skipped
2026-02-16 13:51:35 [INFO] download_channel: [405/694] Processing TubYmyvsynA — ActInf GuestStream 060.1 ~ "Reflections and implications of a naïve attitude to architecture"
2026-02-16 13:51:35 [INFO] journal_utilities.downloader: Audio already exists for TubYmyvsynA, skipping
2026-02-16 13:51:35 [INFO] journal_utilities.downloader: Audio for TubYmyvsynA: skipped
2026-02-16 13:51:36 [INFO] download_channel: [406/694] Processing StyeVhPobXg — Social constraints (Lecture) ~ Avel Guénin-Carlut ~ ActInf Social Sciences 2023
2026-02-16 13:51:36 [INFO] journal_utilities.downloader: Audio already exists for StyeVhPobXg, skipping
2026-02-16 13:51:36 [INFO] journal_utilities.downloader: Audio for StyeVhPobXg: skipped
2026-02-16 13:51:37 [INFO] download_channel: [407/694] Processing knhfxLxyeyQ — ActInf GuestStream 059.1 ~ David Tuckett, "Conviction Narrative Theory"
2026-02-16 13:51:37 [INFO] journal_utilities.downloader: Audio already exists for knhfxLxyeyQ, skipping
2026-02-16 13:51:38 [INFO] journal_utilities.downloader: Audio for knhfxLxyeyQ: skipped
2026-02-16 13:51:39 [INFO] download_channel: [408/694] Processing bSPQ3BkqTh4 — "Physics as Information Processing" ~ Chris Fields ~ Lecture 6
2026-02-16 13:51:39 [INFO] journal_utilities.downloader: Audio already exists for bSPQ3BkqTh4, skipping
2026-02-16 13:51:39 [INFO] journal_utilities.downloader: Audio for bSPQ3BkqTh4: skipped
2026-02-16 13:51:40 [INFO] download_channel: [409/694] Processing _NfqCpsZPeM — "Physics as Information Processing" ~ Ander Aguirre ~ Discussion 5
2026-02-16 13:51:40 [INFO] journal_utilities.downloader: Audio already exists for _NfqCpsZPeM, skipping
2026-02-16 13:51:40 [INFO] journal_utilities.downloader: Audio for _NfqCpsZPeM: skipped
2026-02-16 13:51:41 [INFO] download_channel: [410/694] Processing 93-rNtJR-9I — Active Inference Institute ~ 2023 Quarterly Roundtable #3
2026-02-16 13:51:41 [INFO] journal_utilities.downloader: Audio already exists for 93-rNtJR-9I, skipping
2026-02-16 13:51:41 [INFO] journal_utilities.downloader: Audio for 93-rNtJR-9I: skipped
2026-02-16 13:51:42 [INFO] download_channel: [411/694] Processing MzYmdBaJIYc — ActInf MorphStream 001.1 ~ David Kappel and Sarah Hamburg
2026-02-16 13:51:42 [INFO] journal_utilities.downloader: Audio already exists for MzYmdBaJIYc, skipping
2026-02-16 13:51:42 [INFO] journal_utilities.downloader: Audio for MzYmdBaJIYc: skipped
2026-02-16 13:51:43 [INFO] download_channel: [412/694] Processing Qbmuu61dnWY — Norms, Scripts, Narratives, Languages (Lecture) ~ Mahault Albarracin ~ ActInf Social Sciences 2023
2026-02-16 13:51:43 [INFO] journal_utilities.downloader: Audio already exists for Qbmuu61dnWY, skipping
2026-02-16 13:51:43 [INFO] journal_utilities.downloader: Audio for Qbmuu61dnWY: skipped
2026-02-16 13:51:44 [INFO] download_channel: [413/694] Processing Sz7ZP2N6DuE — ActInf GuestStream 058.1 ~ Working with Gerald Edelman
2026-02-16 13:51:44 [INFO] journal_utilities.downloader: Audio already exists for Sz7ZP2N6DuE, skipping
2026-02-16 13:51:44 [INFO] journal_utilities.downloader: Audio for Sz7ZP2N6DuE: skipped
2026-02-16 13:51:45 [INFO] download_channel: [414/694] Processing kJUVdt-fN7U — ActInf MathStream 007.1 ~ "Constructor Theory as Process Theory", Vincent Wang-Mascianica et al.
2026-02-16 13:51:45 [INFO] journal_utilities.downloader: Audio already exists for kJUVdt-fN7U, skipping
2026-02-16 13:51:45 [INFO] journal_utilities.downloader: Audio for kJUVdt-fN7U: skipped
2026-02-16 13:51:46 [INFO] download_channel: [415/694] Processing 1uIRljnLtc4 — ActInf GuestStream 057.1~ Andy Keller, "Natural Neural Structure in Artificial Neural Networks"
2026-02-16 13:51:46 [INFO] journal_utilities.downloader: Audio already exists for 1uIRljnLtc4, skipping
2026-02-16 13:51:46 [INFO] journal_utilities.downloader: Audio for 1uIRljnLtc4: skipped
2026-02-16 13:51:47 [INFO] download_channel: [416/694] Processing h0Tfm2lw6PQ — ActInf GuestStream 056.1 ~ Grégoire Sergeant, "Agency with structured latent state-spaces"
2026-02-16 13:51:47 [INFO] journal_utilities.downloader: Audio already exists for h0Tfm2lw6PQ, skipping
2026-02-16 13:51:47 [INFO] journal_utilities.downloader: Audio for h0Tfm2lw6PQ: skipped
2026-02-16 13:51:48 [INFO] download_channel: [417/694] Processing Il9sBNAia7g — "Physics as Information Processing" ~ Chris Fields ~ Lecture 5
2026-02-16 13:51:48 [INFO] journal_utilities.downloader: Audio already exists for Il9sBNAia7g, skipping
2026-02-16 13:51:48 [INFO] journal_utilities.downloader: Audio for Il9sBNAia7g: skipped
2026-02-16 13:51:49 [INFO] download_channel: [418/694] Processing MrAiB9X7Ock — Semiotics and Semantics (Discussion) ~ Lorena Sganzerla ~ Active Inference for Social Sciences 2023
2026-02-16 13:51:49 [INFO] journal_utilities.downloader: Audio already exists for MrAiB9X7Ock, skipping
2026-02-16 13:51:49 [INFO] journal_utilities.downloader: Audio for MrAiB9X7Ock: skipped
2026-02-16 13:51:50 [INFO] download_channel: [419/694] Processing p1GMPGBJGfw — ActInf MathStream #006.1 ~ Sean Tull "Active Inference in String Diagrams"
2026-02-16 13:51:50 [INFO] journal_utilities.downloader: Audio already exists for p1GMPGBJGfw, skipping
2026-02-16 13:51:50 [INFO] journal_utilities.downloader: Audio for p1GMPGBJGfw: skipped
2026-02-16 13:51:51 [INFO] download_channel: [420/694] Processing a4DC1YCVpsU — ActInf GuestStream 055.1~ James Pang & Alex Fornito "Geometric constraints on human brain function"
2026-02-16 13:51:51 [INFO] journal_utilities.downloader: Audio already exists for a4DC1YCVpsU, skipping
2026-02-16 13:51:51 [INFO] journal_utilities.downloader: Audio for a4DC1YCVpsU: skipped
2026-02-16 13:51:52 [INFO] download_channel: [421/694] Processing 4ijYLWm4P2I — Semiotics and Semantics (Lecture) ~ Lorena Sganzerla ~ Active Inference for the Social Sciences 2023
2026-02-16 13:51:52 [INFO] journal_utilities.downloader: Audio already exists for 4ijYLWm4P2I, skipping
2026-02-16 13:51:52 [INFO] journal_utilities.downloader: Audio for 4ijYLWm4P2I: skipped
2026-02-16 13:51:53 [INFO] download_channel: [422/694] Processing jWEcQVcgleM — "Physics as Information Processing" ~ Ander Aguirre ~ Discussion 4
2026-02-16 13:51:53 [INFO] journal_utilities.downloader: Audio already exists for jWEcQVcgleM, skipping
2026-02-16 13:51:53 [INFO] journal_utilities.downloader: Audio for jWEcQVcgleM: skipped
2026-02-16 13:51:54 [INFO] download_channel: [423/694] Processing bhLPZaLmi2k — ActInf GuestStream 054.1 ~ A Gómez-Emilsson & C Percy ~ Electromagnetic Field Topology Consciousness
2026-02-16 13:51:54 [INFO] journal_utilities.downloader: Audio already exists for bhLPZaLmi2k, skipping
2026-02-16 13:51:54 [INFO] journal_utilities.downloader: Audio for bhLPZaLmi2k: skipped
2026-02-16 13:51:55 [INFO] download_channel: [424/694] Processing _GHJO_bnyrY — ActInf GuestStream 053.1 ~ A case for chaos theory inclusion in neuropsychoanalytic modeling
2026-02-16 13:51:55 [INFO] journal_utilities.downloader: Audio already exists for _GHJO_bnyrY, skipping
2026-02-16 13:51:55 [INFO] journal_utilities.downloader: Audio for _GHJO_bnyrY: skipped
2026-02-16 13:51:56 [INFO] download_channel: [425/694] Processing PVeyvHSAwmk — 3rd Applied Active Inference Symposium ~ "Enacting Ecosystems of Shared Intelligence" ~ 2nd session
2026-02-16 13:51:56 [INFO] journal_utilities.downloader: Audio already exists for PVeyvHSAwmk, skipping
2026-02-16 13:51:56 [INFO] journal_utilities.downloader: Audio for PVeyvHSAwmk: skipped
2026-02-16 13:51:57 [INFO] download_channel: [426/694] Processing rIemcswLfGg — 3rd Applied Active Inference Symposium ~ "Enacting Ecosystems of Shared Intelligence" ~ 1st session
2026-02-16 13:51:57 [INFO] journal_utilities.downloader: Audio already exists for rIemcswLfGg, skipping
2026-02-16 13:51:57 [INFO] journal_utilities.downloader: Audio for rIemcswLfGg: skipped
2026-02-16 13:51:58 [INFO] download_channel: [427/694] Processing 2IxxzY2ZDHA — Collective Behavior (Discussion) ~ Daniel Friedman ~ Active Inference for the Social Sciences 2023
2026-02-16 13:51:58 [INFO] journal_utilities.downloader: Audio already exists for 2IxxzY2ZDHA, skipping
2026-02-16 13:51:58 [INFO] journal_utilities.downloader: Audio for 2IxxzY2ZDHA: skipped
2026-02-16 13:51:59 [INFO] download_channel: [428/694] Processing KPeOC9eNDnA — ActInf GuestStream 052.1 ~ A ElSaid, T Desell, A Ororbia "Ant-Based Neural Topology Search"
2026-02-16 13:51:59 [INFO] journal_utilities.downloader: Audio already exists for KPeOC9eNDnA, skipping
2026-02-16 13:51:59 [INFO] journal_utilities.downloader: Audio for KPeOC9eNDnA: skipped
2026-02-16 13:52:00 [INFO] download_channel: [429/694] Processing k55mAFCIQ60 — "Physics as Information Processing" ~ Chris Fields ~ Lecture 4
2026-02-16 13:52:00 [INFO] journal_utilities.downloader: Audio already exists for k55mAFCIQ60, skipping
2026-02-16 13:52:00 [INFO] journal_utilities.downloader: Audio for k55mAFCIQ60: skipped
2026-02-16 13:52:01 [INFO] download_channel: [430/694] Processing ran1M2UmD80 — Collective Behavior (Lecture) ~ Daniel Friedman ~ Active Inference for the Social Sciences 2023
2026-02-16 13:52:01 [INFO] journal_utilities.downloader: Audio already exists for ran1M2UmD80, skipping
2026-02-16 13:52:01 [INFO] journal_utilities.downloader: Audio for ran1M2UmD80: skipped
2026-02-16 13:52:02 [INFO] download_channel: [431/694] Processing hOto96Q8sYQ — "Physics as Information Processing" ~ Ander Aguirre ~ Discussion 3
2026-02-16 13:52:02 [INFO] journal_utilities.downloader: Audio already exists for hOto96Q8sYQ, skipping
2026-02-16 13:52:02 [INFO] journal_utilities.downloader: Audio for hOto96Q8sYQ: skipped
2026-02-16 13:52:03 [INFO] download_channel: [432/694] Processing 3_5pTCguAv4 — Active Inference BookStream 002.02 ~ Parr, Pezzulo, Friston ~ Chapters 4, 5, 7, 8
2026-02-16 13:52:03 [INFO] journal_utilities.downloader: Audio already exists for 3_5pTCguAv4, skipping
2026-02-16 13:52:03 [INFO] journal_utilities.downloader: Audio for 3_5pTCguAv4: skipped
2026-02-16 13:52:04 [INFO] download_channel: [433/694] Processing NOj0mB8I6BI — ActInf GuestStream 051.1 ~ Tommaso Salvatori "Causal Inference via Predictive Coding"
2026-02-16 13:52:04 [INFO] journal_utilities.downloader: Audio already exists for NOj0mB8I6BI, skipping
2026-02-16 13:52:04 [INFO] journal_utilities.downloader: Audio for NOj0mB8I6BI: skipped
2026-02-16 13:52:05 [INFO] download_channel: [434/694] Processing vBk0zZEy59E — ActInf GuestStream 050.1 ~ Valeria Becattini & Anna Ciaunica, "Selfless Minds, Unlimited Bodies?"
2026-02-16 13:52:05 [INFO] journal_utilities.downloader: Audio already exists for vBk0zZEy59E, skipping
2026-02-16 13:52:05 [INFO] journal_utilities.downloader: Audio for vBk0zZEy59E: skipped
2026-02-16 13:52:06 [INFO] download_channel: [435/694] Processing dUXfgzKHV1c — ActInf GuestStream 049.1 ~ "Clickbait, consciousness science, and responsible journalism"
2026-02-16 13:52:06 [INFO] journal_utilities.downloader: Audio already exists for dUXfgzKHV1c, skipping
2026-02-16 13:52:06 [INFO] journal_utilities.downloader: Audio for dUXfgzKHV1c: skipped
2026-02-16 13:52:07 [INFO] download_channel: [436/694] Processing u6taX0npOY8 — Basics of Active Inference (Discussion) ~ Ben White ~ Active Inference for the Social Sciences 2023
2026-02-16 13:52:07 [INFO] journal_utilities.downloader: Audio already exists for u6taX0npOY8, skipping
2026-02-16 13:52:07 [INFO] journal_utilities.downloader: Audio for u6taX0npOY8: skipped
2026-02-16 13:52:08 [INFO] download_channel: [437/694] Processing aFwuucck7a8 — ActInf GuestStream 048.1 ~ Arthur Juliani & Adam Safron "Deep CANALs"
2026-02-16 13:52:08 [INFO] journal_utilities.downloader: Audio already exists for aFwuucck7a8, skipping
2026-02-16 13:52:08 [INFO] journal_utilities.downloader: Audio for aFwuucck7a8: skipped
2026-02-16 13:52:09 [INFO] download_channel: [438/694] Processing QqEp4jtaQ2E — ActInf MathStream 005.1 ~ Cristian Bodnar  "Topological Deep Learning: Graphs, Complexes, Sheaves"
2026-02-16 13:52:09 [INFO] journal_utilities.downloader: Audio already exists for QqEp4jtaQ2E, skipping
2026-02-16 13:52:09 [INFO] journal_utilities.downloader: Audio for QqEp4jtaQ2E: skipped
2026-02-16 13:52:10 [INFO] download_channel: [439/694] Processing CEKWhxnH3-E — ActInf ModelStream 009.1 ~ Aswin Paul "On efficient computation in active inference"
2026-02-16 13:52:10 [INFO] journal_utilities.downloader: Audio already exists for CEKWhxnH3-E, skipping
2026-02-16 13:52:10 [INFO] journal_utilities.downloader: Audio for CEKWhxnH3-E: skipped
2026-02-16 13:52:11 [INFO] download_channel: [440/694] Processing TOZp_XNYijQ — "Physics as Information Processing" ~ Chris Fields ~ Lecture 3
2026-02-16 13:52:11 [INFO] journal_utilities.downloader: Audio already exists for TOZp_XNYijQ, skipping
2026-02-16 13:52:11 [INFO] journal_utilities.downloader: Audio for TOZp_XNYijQ: skipped
2026-02-16 13:52:12 [INFO] download_channel: [441/694] Processing BNLnbOFdgc0 — Basics of Active Inference (Lecture) ~ Ben White ~ Active Inference for the Social Sciences 2023
2026-02-16 13:52:13 [INFO] journal_utilities.downloader: Audio already exists for BNLnbOFdgc0, skipping
2026-02-16 13:52:13 [INFO] journal_utilities.downloader: Audio for BNLnbOFdgc0: skipped
2026-02-16 13:52:14 [INFO] download_channel: [442/694] Processing O6adLcDhOYU — ActInf GuestStream 047.1 ~ "Predicting & Reflecting Framework for Dual Process Theory" Bellini-Leite
2026-02-16 13:52:14 [INFO] journal_utilities.downloader: Audio already exists for O6adLcDhOYU, skipping
2026-02-16 13:52:14 [INFO] journal_utilities.downloader: Audio for O6adLcDhOYU: skipped
2026-02-16 13:52:15 [INFO] download_channel: [443/694] Processing JkORFoyk8o8 — Introduction (Lecture) ~ Avel Guénin-Carlut ~ Active Inference for the Social Sciences 2023
2026-02-16 13:52:15 [INFO] journal_utilities.downloader: Audio already exists for JkORFoyk8o8, skipping
2026-02-16 13:52:15 [INFO] journal_utilities.downloader: Audio for JkORFoyk8o8: skipped
2026-02-16 13:52:16 [INFO] download_channel: [444/694] Processing hSj7eOYuZe4 — "Physics as Information Processing" ~ Ander Aguirre ~ Discussion 2
2026-02-16 13:52:16 [INFO] journal_utilities.downloader: Audio already exists for hSj7eOYuZe4, skipping
2026-02-16 13:52:16 [INFO] journal_utilities.downloader: Audio for hSj7eOYuZe4: skipped
2026-02-16 13:52:17 [INFO] download_channel: [445/694] Processing aJ9Py86ZFjU — Active Inference Institute ~ 2023 Quarterly Roundtable #2
2026-02-16 13:52:17 [INFO] journal_utilities.downloader: Audio already exists for aJ9Py86ZFjU, skipping
2026-02-16 13:52:17 [INFO] journal_utilities.downloader: Audio for aJ9Py86ZFjU: skipped
2026-02-16 13:52:18 [INFO] download_channel: [446/694] Processing dUW8cD8XUec — ActInf GuestStream 046.1 ~ Denise Holt, "Active Inference AI & the Spatial Web"
2026-02-16 13:52:18 [INFO] journal_utilities.downloader: Audio already exists for dUW8cD8XUec, skipping
2026-02-16 13:52:18 [INFO] journal_utilities.downloader: Audio for dUW8cD8XUec: skipped
2026-02-16 13:52:19 [INFO] download_channel: [447/694] Processing y0Jyj6LAb8g — ActInf GuestStream 045.1 ~ Ramstead & Albarracin: "The inner screen model of consciousness"
2026-02-16 13:52:19 [INFO] journal_utilities.downloader: Audio already exists for y0Jyj6LAb8g, skipping
2026-02-16 13:52:19 [INFO] journal_utilities.downloader: Audio for y0Jyj6LAb8g: skipped
2026-02-16 13:52:20 [INFO] download_channel: [448/694] Processing WkWIqpxWRM4 — "Physics as Information Processing" ~ Chris Fields ~ Lecture 2
2026-02-16 13:52:20 [INFO] journal_utilities.downloader: Audio already exists for WkWIqpxWRM4, skipping
2026-02-16 13:52:20 [INFO] journal_utilities.downloader: Audio for WkWIqpxWRM4: skipped
2026-02-16 13:52:21 [INFO] download_channel: [449/694] Processing GfImcptiLsY — Active Inference LiveStream 054.2 ~ “...Compositional Account of the Bayesian Brain” (Smithe)
2026-02-16 13:52:21 [INFO] journal_utilities.downloader: Audio already exists for GfImcptiLsY, skipping
2026-02-16 13:52:21 [INFO] journal_utilities.downloader: Audio for GfImcptiLsY: skipped
2026-02-16 13:52:22 [INFO] download_channel: [450/694] Processing FymR0rKdLZo — ActInf GuestStream 044.1 ~ Tsuchiya & Saigo: Category Theory, Consciousness, Integrated Information
2026-02-16 13:52:22 [INFO] journal_utilities.downloader: Audio already exists for FymR0rKdLZo, skipping
2026-02-16 13:52:22 [INFO] journal_utilities.downloader: Audio for FymR0rKdLZo: skipped
2026-02-16 13:52:23 [INFO] download_channel: [451/694] Processing fzFDvJhrn0U — Active Inference LiveStream 054.1 ~ “...Compositional Account of the Bayesian Brain” (Smithe)
2026-02-16 13:52:23 [INFO] journal_utilities.downloader: Audio already exists for fzFDvJhrn0U, skipping
2026-02-16 13:52:23 [INFO] journal_utilities.downloader: Audio for fzFDvJhrn0U: skipped
2026-02-16 13:52:24 [INFO] download_channel: [452/694] Processing rOoTkgLI1Z8 — "Physics as Information Processing" ~ Ander Aguirre ~ Discussion 1
2026-02-16 13:52:24 [INFO] journal_utilities.downloader: Audio already exists for rOoTkgLI1Z8, skipping
2026-02-16 13:52:24 [INFO] journal_utilities.downloader: Audio for rOoTkgLI1Z8: skipped
2026-02-16 13:52:25 [INFO] download_channel: [453/694] Processing S-tFHIqtbSI — ActInf GuestStream #015.3 ~ Bobby Azarian: "The Teleological Stance: The Free Energy Principle..."
2026-02-16 13:52:26 [INFO] journal_utilities.downloader: Audio already exists for S-tFHIqtbSI, skipping
2026-02-16 13:52:27 [INFO] journal_utilities.downloader: Audio for S-tFHIqtbSI: skipped
2026-02-16 13:52:28 [INFO] download_channel: [454/694] Processing HK9ZkbxieLY — Active Inference LiveStream 054.0 ~ “...Compositional Account of the Bayesian Brain” (Smithe)
2026-02-16 13:52:28 [INFO] journal_utilities.downloader: Audio already exists for HK9ZkbxieLY, skipping
2026-02-16 13:52:28 [INFO] journal_utilities.downloader: Audio for HK9ZkbxieLY: skipped
2026-02-16 13:52:29 [INFO] download_channel: [455/694] Processing FV7pW4p60VI — Active Inference BookStream 002.01 ~ Parr, Pezzulo, Friston ~ Chapters 1, 2, 3, 6
2026-02-16 13:52:29 [INFO] journal_utilities.downloader: Audio already exists for FV7pW4p60VI, skipping
2026-02-16 13:52:29 [INFO] journal_utilities.downloader: Audio for FV7pW4p60VI: skipped
2026-02-16 13:52:30 [INFO] download_channel: [456/694] Processing RpOrRw4EhTo — "Physics as Information Processing" ~ Chris Fields ~ Lecture 1
2026-02-16 13:52:30 [INFO] journal_utilities.downloader: Audio already exists for RpOrRw4EhTo, skipping
2026-02-16 13:52:30 [INFO] journal_utilities.downloader: Audio for RpOrRw4EhTo: skipped
2026-02-16 13:52:31 [INFO] download_channel: [457/694] Processing ChO1u1mJRGE — ActInf GuestStream 043.1 ~ Tom Froese: "Irruption Theory: Enactive Account of Motivated Activity"
2026-02-16 13:52:31 [INFO] journal_utilities.downloader: Audio already exists for ChO1u1mJRGE, skipping
2026-02-16 13:52:31 [INFO] journal_utilities.downloader: Audio for ChO1u1mJRGE: skipped
2026-02-16 13:52:32 [INFO] download_channel: [458/694] Processing 6bZYptbETAw — ActInf GuestStream 042.1 ~ Bogotá & Djebbara: "Time-consciousness in computational phenomenology"
2026-02-16 13:52:32 [INFO] journal_utilities.downloader: Audio already exists for 6bZYptbETAw, skipping
2026-02-16 13:52:32 [INFO] journal_utilities.downloader: Audio for 6bZYptbETAw: skipped
2026-02-16 13:52:33 [INFO] download_channel: [459/694] Processing EEyVd9d3D5U — ActInf GuestStream 041.1 ~ "A conversation on Chomsky & Large Language Models" ~ Murphy & Piantadosi
2026-02-16 13:52:33 [INFO] journal_utilities.downloader: Audio already exists for EEyVd9d3D5U, skipping
2026-02-16 13:52:33 [INFO] journal_utilities.downloader: Audio for EEyVd9d3D5U: skipped
2026-02-16 13:52:34 [INFO] download_channel: [460/694] Processing xXAllRLtyoc — ActInf OrgStream #004.1 ~ "Plural Publics", Shrey Jain
2026-02-16 13:52:34 [INFO] journal_utilities.downloader: Audio already exists for xXAllRLtyoc, skipping
2026-02-16 13:52:34 [INFO] journal_utilities.downloader: Audio for xXAllRLtyoc: skipped
2026-02-16 13:52:35 [INFO] download_channel: [461/694] Processing XYMPAAynUu8 — Active Inference Institute ~ 2023 Quarterly Roundtable #1
2026-02-16 13:52:35 [INFO] journal_utilities.downloader: Audio already exists for XYMPAAynUu8, skipping
2026-02-16 13:52:35 [INFO] journal_utilities.downloader: Audio for XYMPAAynUu8: skipped
2026-02-16 13:52:36 [INFO] download_channel: [462/694] Processing L6dhr5hUu8o — ActInf Livestream #053.2 ~ "Snakes and Ladders in Paleoanthropology" & "To copy or not to copy…"
2026-02-16 13:52:36 [INFO] journal_utilities.downloader: Audio already exists for L6dhr5hUu8o, skipping
2026-02-16 13:52:37 [INFO] journal_utilities.downloader: Audio for L6dhr5hUu8o: skipped
2026-02-16 13:52:38 [INFO] download_channel: [463/694] Processing eZDSNPFS0Fs — ActInf GuestStream #040.1 ~ Wanja Wiese ~ Could large language models be conscious?
2026-02-16 13:52:40 [INFO] journal_utilities.downloader: Audio already exists for eZDSNPFS0Fs, skipping
2026-02-16 13:52:40 [INFO] journal_utilities.downloader: Audio for eZDSNPFS0Fs: skipped
2026-02-16 13:52:41 [INFO] download_channel: [464/694] Processing 5IGzzm28qec — Active Inference BookStream #001.012 ~ "Governing Continuous Transformation"
2026-02-16 13:52:41 [INFO] journal_utilities.downloader: Audio already exists for 5IGzzm28qec, skipping
2026-02-16 13:52:41 [INFO] journal_utilities.downloader: Audio for 5IGzzm28qec: skipped
2026-02-16 13:52:42 [INFO] download_channel: [465/694] Processing iHgxmn0ockg — ActInf Livestream #053.1 ~ "Snakes and Ladders in Paleoanthropology" & "To copy or not to copy…"
2026-02-16 13:52:42 [INFO] journal_utilities.downloader: Audio already exists for iHgxmn0ockg, skipping
2026-02-16 13:52:42 [INFO] journal_utilities.downloader: Audio for iHgxmn0ockg: skipped
2026-02-16 13:52:44 [INFO] download_channel: [466/694] Processing c7ybFyP9KrI — ActInf Livestream #053.0 ~ "Snakes and Ladders in Paleoanthropology" & "To copy or not to copy…"
2026-02-16 13:52:44 [INFO] journal_utilities.downloader: Audio already exists for c7ybFyP9KrI, skipping
2026-02-16 13:52:44 [INFO] journal_utilities.downloader: Audio for c7ybFyP9KrI: skipped
2026-02-16 13:52:45 [INFO] download_channel: [467/694] Processing jXEJO_5g0ho — ActInf GuestStream #039.1 ~ Sources of Richness and Ineffability for Phenomenally Conscious States
2026-02-16 13:52:45 [INFO] journal_utilities.downloader: Audio already exists for jXEJO_5g0ho, skipping
2026-02-16 13:52:45 [INFO] journal_utilities.downloader: Audio for jXEJO_5g0ho: skipped
2026-02-16 13:52:46 [INFO] download_channel: [468/694] Processing eIZjx0miM9o — Active Inference BookStream #001.010 ~ "Governing Continuous Transformation"
2026-02-16 13:52:46 [INFO] journal_utilities.downloader: Audio already exists for eIZjx0miM9o, skipping
2026-02-16 13:52:46 [INFO] journal_utilities.downloader: Audio for eIZjx0miM9o: skipped
2026-02-16 13:52:47 [INFO] download_channel: [469/694] Processing RO3XVXqvAII — ActInf Livestream #052.2 ~ Geometric Methods for Sampling, Optimisation, Inference and Adaptive...
2026-02-16 13:52:47 [INFO] journal_utilities.downloader: Audio already exists for RO3XVXqvAII, skipping
2026-02-16 13:52:47 [INFO] journal_utilities.downloader: Audio for RO3XVXqvAII: skipped
2026-02-16 13:52:49 [INFO] download_channel: [470/694] Processing mrFZwfYuthk — ActInf GuestStream #038.1 ~ Max Berg "Oversampled and undersolved"
2026-02-16 13:52:49 [INFO] journal_utilities.downloader: Audio already exists for mrFZwfYuthk, skipping
2026-02-16 13:52:49 [INFO] journal_utilities.downloader: Audio for mrFZwfYuthk: skipped
2026-02-16 13:52:50 [INFO] download_channel: [471/694] Processing 00O1QK9FWh8 — ActInf Livestream #052.1 ~ Geometric Methods for Sampling, Optimisation, Inference and Adaptive...
2026-02-16 13:52:50 [INFO] journal_utilities.downloader: Audio already exists for 00O1QK9FWh8, skipping
2026-02-16 13:52:50 [INFO] journal_utilities.downloader: Audio for 00O1QK9FWh8: skipped
2026-02-16 13:52:51 [INFO] download_channel: [472/694] Processing LPj_ok8Pxxw — ActInf Livestream #052.0 ~ Geometric Methods for Sampling, Optimisation, Inference and Adaptive...
2026-02-16 13:52:51 [INFO] journal_utilities.downloader: Audio already exists for LPj_ok8Pxxw, skipping
2026-02-16 13:52:51 [INFO] journal_utilities.downloader: Audio for LPj_ok8Pxxw: skipped
2026-02-16 13:52:52 [INFO] download_channel: [473/694] Processing xwybWzLFXGY — ActInf GuestStream #037.1 ~ Baba Brinkman
2026-02-16 13:52:52 [INFO] journal_utilities.downloader: Audio already exists for xwybWzLFXGY, skipping
2026-02-16 13:52:52 [INFO] journal_utilities.downloader: Audio for xwybWzLFXGY: skipped
2026-02-16 13:52:53 [INFO] download_channel: [474/694] Processing xlrZ00NQNHo — Active Inference BookStream #002.1 ~ Thomas Parr ~ Active Inference and Free Energy Principle...
2026-02-16 13:52:53 [INFO] journal_utilities.downloader: Audio already exists for xlrZ00NQNHo, skipping
2026-02-16 13:52:53 [INFO] journal_utilities.downloader: Audio for xlrZ00NQNHo: skipped
2026-02-16 13:52:54 [INFO] download_channel: [475/694] Processing DQhPABvJBFk — Active Inference BookStream #001.2 ~ "Governing Continuous Transformation"
2026-02-16 13:52:54 [INFO] journal_utilities.downloader: Audio already exists for DQhPABvJBFk, skipping
2026-02-16 13:52:54 [INFO] journal_utilities.downloader: Audio for DQhPABvJBFk: skipped
2026-02-16 13:52:56 [INFO] download_channel: [476/694] Processing j5FVxPubslo — ActInf GuestStream #036.1 ~ Ben Falandays, "A Potential Mechanism for Gibsonian Resonance"
2026-02-16 13:52:56 [INFO] journal_utilities.downloader: Audio already exists for j5FVxPubslo, skipping
2026-02-16 13:52:56 [INFO] journal_utilities.downloader: Audio for j5FVxPubslo: skipped
2026-02-16 13:52:57 [INFO] download_channel: [477/694] Processing 3oFfxaKBBXY — Active Inference BookStream #001.09 ~ "Governing Continuous Transformation"
2026-02-16 13:52:57 [INFO] journal_utilities.downloader: Audio already exists for 3oFfxaKBBXY, skipping
2026-02-16 13:52:57 [INFO] journal_utilities.downloader: Audio for 3oFfxaKBBXY: skipped
2026-02-16 13:52:58 [INFO] download_channel: [478/694] Processing yNZg5b63hb8 — Active Inference BookStream #001.08 ~ "Governing Continuous Transformation"
2026-02-16 13:52:58 [INFO] journal_utilities.downloader: Audio already exists for yNZg5b63hb8, skipping
2026-02-16 13:52:58 [INFO] journal_utilities.downloader: Audio for yNZg5b63hb8: skipped
2026-02-16 13:53:00 [INFO] download_channel: [479/694] Processing Fh1e4sKh3Vs — ActInf ModelStream #008.1 ~ Tom Ringstrom ~ Reward is Not Necessary
2026-02-16 13:53:00 [INFO] journal_utilities.downloader: Audio already exists for Fh1e4sKh3Vs, skipping
2026-02-16 13:53:01 [INFO] journal_utilities.downloader: Audio for Fh1e4sKh3Vs: skipped
2026-02-16 13:53:02 [INFO] download_channel: [480/694] Processing 0_yvUA0lsdI — Active Inference BookStream #001.07 ~ "Governing Continuous Transformation"
2026-02-16 13:53:02 [INFO] journal_utilities.downloader: Audio already exists for 0_yvUA0lsdI, skipping
2026-02-16 13:53:02 [INFO] journal_utilities.downloader: Audio for 0_yvUA0lsdI: skipped
2026-02-16 13:53:03 [INFO] download_channel: [481/694] Processing tbHZC6D39C4 — ActInf GuestStream #035.1 ~ Jordan Hall & Matthew Pirkowski
2026-02-16 13:53:03 [INFO] journal_utilities.downloader: Audio already exists for tbHZC6D39C4, skipping
2026-02-16 13:53:03 [INFO] journal_utilities.downloader: Audio for tbHZC6D39C4: skipped
2026-02-16 13:53:04 [INFO] download_channel: [482/694] Processing 9IPx38SHGqw — ActInf GuestStream #034.1 ~ Avel Guénin-Carlut ~ "Physics of Creation"
2026-02-16 13:53:04 [INFO] journal_utilities.downloader: Audio already exists for 9IPx38SHGqw, skipping
2026-02-16 13:53:04 [INFO] journal_utilities.downloader: Audio for 9IPx38SHGqw: skipped
2026-02-16 13:53:05 [INFO] download_channel: [483/694] Processing uX8iSoDR83g — Active Inference ModelStream 007.2 ~ pymdp
2026-02-16 13:53:05 [INFO] journal_utilities.downloader: Audio already exists for uX8iSoDR83g, skipping
2026-02-16 13:53:05 [INFO] journal_utilities.downloader: Audio for uX8iSoDR83g: skipped
2026-02-16 13:53:06 [INFO] download_channel: [484/694] Processing 0P_6ME2LpCw — Active Inference BookStream #001.06 ~ "Governing Continuous Transformation"
2026-02-16 13:53:06 [INFO] journal_utilities.downloader: Audio already exists for 0P_6ME2LpCw, skipping
2026-02-16 13:53:06 [INFO] journal_utilities.downloader: Audio for 0P_6ME2LpCw: skipped
2026-02-16 13:53:07 [INFO] download_channel: [485/694] Processing zICcGukKbAA — ActInf GuestStream #033.1 ~ "A taxonomy of surprise definitions", Alireza Modirshanechi
2026-02-16 13:53:07 [INFO] journal_utilities.downloader: Audio already exists for zICcGukKbAA, skipping
2026-02-16 13:53:07 [INFO] journal_utilities.downloader: Audio for zICcGukKbAA: skipped
2026-02-16 13:53:08 [INFO] download_channel: [486/694] Processing FB_93-zDqNo — Active Inference BookStream #001.1 ~ "Governing Continuous Transformation"
2026-02-16 13:53:08 [INFO] journal_utilities.downloader: Audio already exists for FB_93-zDqNo, skipping
2026-02-16 13:53:08 [INFO] journal_utilities.downloader: Audio for FB_93-zDqNo: skipped
2026-02-16 13:53:09 [INFO] download_channel: [487/694] Processing 0pMxBM3ahwQ — ActInf GuestStream #032.1 ~ Adam Pease "A Neuro-Symbolic Approach to Language Understanding"
2026-02-16 13:53:09 [INFO] journal_utilities.downloader: Audio already exists for 0pMxBM3ahwQ, skipping
2026-02-16 13:53:09 [INFO] journal_utilities.downloader: Audio for 0pMxBM3ahwQ: skipped
2026-02-16 13:53:10 [INFO] download_channel: [488/694] Processing BPzwSTalH5E — Active Inference BookStream #001.04 ~ "Governing Continuous Transformation"
2026-02-16 13:53:11 [INFO] journal_utilities.downloader: Audio already exists for BPzwSTalH5E, skipping
2026-02-16 13:53:11 [INFO] journal_utilities.downloader: Audio for BPzwSTalH5E: skipped
2026-02-16 13:53:12 [INFO] download_channel: [489/694] Processing 4IL6KtlCn_o — 2022 Active Inference Livestream Review
2026-02-16 13:53:14 [INFO] journal_utilities.downloader: Audio already exists for 4IL6KtlCn_o, skipping
2026-02-16 13:53:14 [INFO] journal_utilities.downloader: Audio for 4IL6KtlCn_o: skipped
2026-02-16 13:53:15 [INFO] download_channel: [490/694] Processing rCmq0TVGpW0 — Active Inference BookStream #001.03 ~ "Governing Continuous Transformation"
2026-02-16 13:53:15 [INFO] journal_utilities.downloader: Audio already exists for rCmq0TVGpW0, skipping
2026-02-16 13:53:15 [INFO] journal_utilities.downloader: Audio for rCmq0TVGpW0: skipped
2026-02-16 13:53:16 [INFO] download_channel: [491/694] Processing d8c0iFU8vms — Active Inference BookStream #001.02 ~ "Governing Continuous Transformation"
2026-02-16 13:53:17 [INFO] journal_utilities.downloader: Audio already exists for d8c0iFU8vms, skipping
2026-02-16 13:53:17 [INFO] journal_utilities.downloader: Audio for d8c0iFU8vms: skipped
2026-02-16 13:53:18 [INFO] download_channel: [492/694] Processing 57-aRIjUrC4 — ActInf GuestStream #031.1 ~ Brett Kagan & Adeel Razi
2026-02-16 13:53:18 [INFO] journal_utilities.downloader: Audio already exists for 57-aRIjUrC4, skipping
2026-02-16 13:53:18 [INFO] journal_utilities.downloader: Audio for 57-aRIjUrC4: skipped
2026-02-16 13:53:19 [INFO] download_channel: [493/694] Processing thO3nsvgego — Active Inference BookStream #001.01 ~ "Governing Continuous Transformation"
2026-02-16 13:53:19 [INFO] journal_utilities.downloader: Audio already exists for thO3nsvgego, skipping
2026-02-16 13:53:19 [INFO] journal_utilities.downloader: Audio for thO3nsvgego: skipped
2026-02-16 13:53:20 [INFO] download_channel: [494/694] Processing skf3sOM-7WI — Active Inference ModelStream 007.1 ~ Conor Heins & Daphne Demekas ~ pymdp
2026-02-16 13:53:21 [INFO] journal_utilities.downloader: Audio already exists for skf3sOM-7WI, skipping
2026-02-16 13:53:21 [INFO] journal_utilities.downloader: Audio for skf3sOM-7WI: skipped
2026-02-16 13:53:22 [INFO] download_channel: [495/694] Processing hY_CajLpt9Q — ActInf Livestream #051.2 ~ “Canonical neural networks perform active inference"
2026-02-16 13:53:23 [INFO] journal_utilities.downloader: Audio already exists for hY_CajLpt9Q, skipping
2026-02-16 13:53:23 [INFO] journal_utilities.downloader: Audio for hY_CajLpt9Q: skipped
2026-02-16 13:53:24 [INFO] download_channel: [496/694] Processing OwGNVmQIO9E — ActInf OrgStream #003.1 ~ Bijan Khezri
2026-02-16 13:53:24 [INFO] journal_utilities.downloader: Audio already exists for OwGNVmQIO9E, skipping
2026-02-16 13:53:24 [INFO] journal_utilities.downloader: Audio for OwGNVmQIO9E: skipped
2026-02-16 13:53:25 [INFO] download_channel: [497/694] Processing 4o-LmkycAC0 — ActInf Livestream #050.2 ~ "Interoception as modeling, allostasis as control"
2026-02-16 13:53:26 [INFO] journal_utilities.downloader: Audio already exists for 4o-LmkycAC0, skipping
2026-02-16 13:53:26 [INFO] journal_utilities.downloader: Audio for 4o-LmkycAC0: skipped
2026-02-16 13:53:27 [INFO] download_channel: [498/694] Processing IM_NlUzyq8M — ActInf Livestream #051.1 ~ “Canonical neural networks perform active inference"
2026-02-16 13:53:27 [INFO] journal_utilities.downloader: Audio already exists for IM_NlUzyq8M, skipping
2026-02-16 13:53:27 [INFO] journal_utilities.downloader: Audio for IM_NlUzyq8M: skipped
2026-02-16 13:53:28 [INFO] download_channel: [499/694] Processing ZASG-rtkXDk — ActInf Livestream #051.0 ~ “Canonical neural networks perform active inference"
2026-02-16 13:53:28 [INFO] journal_utilities.downloader: Audio already exists for ZASG-rtkXDk, skipping
2026-02-16 13:53:28 [INFO] journal_utilities.downloader: Audio for ZASG-rtkXDk: skipped
2026-02-16 13:53:29 [INFO] download_channel: [500/694] Processing tGd-mgSdbio — ActInf Livestream #050.1~ "Interoception as modeling, allostasis as control"
2026-02-16 13:53:29 [INFO] journal_utilities.downloader: Audio already exists for tGd-mgSdbio, skipping
2026-02-16 13:53:29 [INFO] journal_utilities.downloader: Audio for tGd-mgSdbio: skipped
2026-02-16 13:53:30 [INFO] download_channel: [501/694] Processing l7r0ISlr-Hc — ActInf Livestream #050.0~ "Interoception as modeling, allostasis as control"
2026-02-16 13:53:30 [INFO] journal_utilities.downloader: Audio already exists for l7r0ISlr-Hc, skipping
2026-02-16 13:53:30 [INFO] journal_utilities.downloader: Audio for l7r0ISlr-Hc: skipped
2026-02-16 13:53:31 [INFO] download_channel: [502/694] Processing QUBmgn7K_4E — Active Inference GuestStream #030.1 ~ Kyrtin Atreides ~ "The Human Governance Problem"
2026-02-16 13:53:31 [INFO] journal_utilities.downloader: Audio already exists for QUBmgn7K_4E, skipping
2026-02-16 13:53:31 [INFO] journal_utilities.downloader: Audio for QUBmgn7K_4E: skipped
2026-02-16 13:53:32 [INFO] download_channel: [503/694] Processing KqiLO9Dfj-4 — ActInf GuestStream #028.1 ~ Reconceiving rationality: situating rationality into enactive cognition
2026-02-16 13:53:32 [INFO] journal_utilities.downloader: Audio already exists for KqiLO9Dfj-4, skipping
2026-02-16 13:53:32 [INFO] journal_utilities.downloader: Audio for KqiLO9Dfj-4: skipped
2026-02-16 13:53:33 [INFO] download_channel: [504/694] Processing 2SuBJBEg9LI — ActInf Livestream #049.2 ~ "A Worked Example of the Bayesian Mechanics of Classical Objects"
2026-02-16 13:53:34 [INFO] journal_utilities.downloader: Audio already exists for 2SuBJBEg9LI, skipping
2026-02-16 13:53:34 [INFO] journal_utilities.downloader: Audio for 2SuBJBEg9LI: skipped
2026-02-16 13:53:35 [INFO] download_channel: [505/694] Processing dAtC-Enmc8M — ActInf Livestream #049.1 ~ "A Worked Example of the Bayesian Mechanics of Classical Objects"
2026-02-16 13:53:35 [INFO] journal_utilities.downloader: Audio already exists for dAtC-Enmc8M, skipping
2026-02-16 13:53:35 [INFO] journal_utilities.downloader: Audio for dAtC-Enmc8M: skipped
2026-02-16 13:53:36 [INFO] download_channel: [506/694] Processing OtX2Fpzn7KA — ActInf Livestream #049.0 ~ "A Worked Example of the Bayesian Mechanics of Classical Objects"
2026-02-16 13:53:37 [INFO] journal_utilities.downloader: Audio already exists for OtX2Fpzn7KA, skipping
2026-02-16 13:53:37 [INFO] journal_utilities.downloader: Audio for OtX2Fpzn7KA: skipped
2026-02-16 13:53:38 [INFO] download_channel: [507/694] Processing DJ9n6a8mMzM — Active Inference Institute ~ 2022 Quarterly Roundtable #3
2026-02-16 13:53:38 [INFO] journal_utilities.downloader: Audio already exists for DJ9n6a8mMzM, skipping
2026-02-16 13:53:38 [INFO] journal_utilities.downloader: Audio for DJ9n6a8mMzM: skipped
2026-02-16 13:53:39 [INFO] download_channel: [508/694] Processing Sb8A0jNzWPE — Active Inference ~ Twitter Spaces #002 ~ Web3 survive without cognitive modeling? 👀
2026-02-16 13:53:39 [INFO] journal_utilities.downloader: Audio already exists for Sb8A0jNzWPE, skipping
2026-02-16 13:53:39 [INFO] journal_utilities.downloader: Audio for Sb8A0jNzWPE: skipped
2026-02-16 13:53:40 [INFO] download_channel: [509/694] Processing hIIyYu2C-SI — ActInf Livestream #048.2 ~ "Communication as Socially Extended Active Inference"
2026-02-16 13:53:40 [INFO] journal_utilities.downloader: Audio already exists for hIIyYu2C-SI, skipping
2026-02-16 13:53:40 [INFO] journal_utilities.downloader: Audio for hIIyYu2C-SI: skipped
2026-02-16 13:53:41 [INFO] download_channel: [510/694] Processing aN1GXOZp6xY — ActInf MathStream #004.1 ~ David Spivak
2026-02-16 13:53:41 [INFO] journal_utilities.downloader: Audio already exists for aN1GXOZp6xY, skipping
2026-02-16 13:53:41 [INFO] journal_utilities.downloader: Audio for aN1GXOZp6xY: skipped
2026-02-16 13:53:42 [INFO] download_channel: [511/694] Processing Pw2vxMRxF5o — Active Inference GuestStream #027.1 ~ John Vervaeke
2026-02-16 13:53:42 [INFO] journal_utilities.downloader: Audio already exists for Pw2vxMRxF5o, skipping
2026-02-16 13:53:42 [INFO] journal_utilities.downloader: Audio for Pw2vxMRxF5o: skipped
2026-02-16 13:53:43 [INFO] download_channel: [512/694] Processing nWFM5zrdmG8 — ActInf Livestream #048.1 ~ "Communication as Socially Extended Active Inference"
2026-02-16 13:53:43 [INFO] journal_utilities.downloader: Audio already exists for nWFM5zrdmG8, skipping
2026-02-16 13:53:43 [INFO] journal_utilities.downloader: Audio for nWFM5zrdmG8: skipped
2026-02-16 13:53:44 [INFO] download_channel: [513/694] Processing zqiZjjY9H7M — ActInf Livestream #048.0 ~ "Communication as Socially Extended Active Inference"
2026-02-16 13:53:47 [INFO] journal_utilities.downloader: Audio already exists for zqiZjjY9H7M, skipping
2026-02-16 13:53:47 [INFO] journal_utilities.downloader: Audio for zqiZjjY9H7M: skipped
2026-02-16 13:53:49 [INFO] download_channel: [514/694] Processing xBKRLG97cz4 — ActInf ModelStream #006.1 ~ "Branching Time Active Inference: the theory and its generality"
2026-02-16 13:53:49 [INFO] journal_utilities.downloader: Audio already exists for xBKRLG97cz4, skipping
2026-02-16 13:53:49 [INFO] journal_utilities.downloader: Audio for xBKRLG97cz4: skipped
2026-02-16 13:53:50 [INFO] download_channel: [515/694] Processing riJYh87FPx4 — ActInf Livestream #047.2 ~ “Enactive-Dynamic Social Cognition" & “Active Inference and Abduction”
2026-02-16 13:53:50 [INFO] journal_utilities.downloader: Audio already exists for riJYh87FPx4, skipping
2026-02-16 13:53:50 [INFO] journal_utilities.downloader: Audio for riJYh87FPx4: skipped
2026-02-16 13:53:51 [INFO] download_channel: [516/694] Processing J7cu4slfIBA — ActInf GuestStream #026.1 ~ "From Users to (Sense)Makers" and Stigmergic Annotation
2026-02-16 13:53:56 [INFO] journal_utilities.downloader: Audio already exists for J7cu4slfIBA, skipping
2026-02-16 13:53:56 [INFO] journal_utilities.downloader: Audio for J7cu4slfIBA: skipped
2026-02-16 13:53:57 [INFO] download_channel: [517/694] Processing 1yYFJnf_mHY — ActInf Livestream #047.1 ~ “Enactive-Dynamic Social Cognition" & “Active Inference and Abduction”
2026-02-16 13:53:57 [INFO] journal_utilities.downloader: Audio already exists for 1yYFJnf_mHY, skipping
2026-02-16 13:53:57 [INFO] journal_utilities.downloader: Audio for 1yYFJnf_mHY: skipped
2026-02-16 13:53:58 [INFO] download_channel: [518/694] Processing ZYhrtsyzS_w — ActInf GuestStream #025.1 ~ "Autistic-Like Traits, Positive Schizotypy, Predictive Mind”
2026-02-16 13:53:58 [INFO] journal_utilities.downloader: Audio already exists for ZYhrtsyzS_w, skipping
2026-02-16 13:53:58 [INFO] journal_utilities.downloader: Audio for ZYhrtsyzS_w: skipped
2026-02-16 13:53:59 [INFO] download_channel: [519/694] Processing WKjqw3My_xM — ActInf Livestream #047.0 ~ “Enactive-Dynamic Social Cognition" & “Active Inference and Abduction”
2026-02-16 13:53:59 [INFO] journal_utilities.downloader: Audio already exists for WKjqw3My_xM, skipping
2026-02-16 13:53:59 [INFO] journal_utilities.downloader: Audio for WKjqw3My_xM: skipped
2026-02-16 13:54:01 [INFO] download_channel: [520/694] Processing dTVHHenms_Y — 2nd Applied Active Inference Symposium on "Robotics" ~ 2nd session
2026-02-16 13:54:01 [INFO] journal_utilities.downloader: Audio already exists for dTVHHenms_Y, skipping
2026-02-16 13:54:01 [INFO] journal_utilities.downloader: Audio for dTVHHenms_Y: skipped
2026-02-16 13:54:02 [INFO] download_channel: [521/694] Processing zm2d9o5n0PU — 2nd Applied Active Inference Symposium on "Robotics" ~ 1st session
2026-02-16 13:54:02 [INFO] journal_utilities.downloader: Audio already exists for zm2d9o5n0PU, skipping
2026-02-16 13:54:02 [INFO] journal_utilities.downloader: Audio for zm2d9o5n0PU: skipped
2026-02-16 13:54:03 [INFO] download_channel: [522/694] Processing WEfc9X437yY — ActInf GuestStream #015.2 ~ Bobby Azarian "The Integrated Evolutionary Synthesis"
2026-02-16 13:54:03 [INFO] journal_utilities.downloader: Audio already exists for WEfc9X437yY, skipping
2026-02-16 13:54:03 [INFO] journal_utilities.downloader: Audio for WEfc9X437yY: skipped
2026-02-16 13:54:04 [INFO] download_channel: [523/694] Processing 2s27lSZDqGM — ActInfLab ~ 2022 Quarterly Roundtable #2
2026-02-16 13:54:04 [INFO] journal_utilities.downloader: Audio already exists for 2s27lSZDqGM, skipping
2026-02-16 13:54:04 [INFO] journal_utilities.downloader: Audio for 2s27lSZDqGM: skipped
2026-02-16 13:54:05 [INFO] download_channel: [524/694] Processing 7_YNInrALU8 — ActInf Livestream #046.2 ~ "Active inference models do not contradict folk psychology"
2026-02-16 13:54:05 [INFO] journal_utilities.downloader: Audio already exists for 7_YNInrALU8, skipping
2026-02-16 13:54:05 [INFO] journal_utilities.downloader: Audio for 7_YNInrALU8: skipped
2026-02-16 13:54:06 [INFO] download_channel: [525/694] Processing JPsdk7pVa1I — ActInf Livestream #046.1 ~ "Active inference models do not contradict folk psychology"
2026-02-16 13:54:06 [INFO] journal_utilities.downloader: Audio already exists for JPsdk7pVa1I, skipping
2026-02-16 13:54:06 [INFO] journal_utilities.downloader: Audio for JPsdk7pVa1I: skipped
2026-02-16 13:54:07 [INFO] download_channel: [526/694] Processing igY9iyowesc — ActInf GuestStream #023.1 ~ Maxwell Ramstead, Dalton Sakthivadivel, et al.
2026-02-16 13:54:08 [INFO] journal_utilities.downloader: Audio already exists for igY9iyowesc, skipping
2026-02-16 13:54:08 [INFO] journal_utilities.downloader: Audio for igY9iyowesc: skipped
2026-02-16 13:54:09 [INFO] download_channel: [527/694] Processing c0_Vf5_qiWk — ActInf GuestStream #016.2 ~ Mark Solms "Consciousness as Precision Optimization"
2026-02-16 13:54:09 [INFO] journal_utilities.downloader: Audio already exists for c0_Vf5_qiWk, skipping
2026-02-16 13:54:09 [INFO] journal_utilities.downloader: Audio for c0_Vf5_qiWk: skipped
2026-02-16 13:54:11 [INFO] download_channel: [528/694] Processing skcKoCcAQJI — ActInf Livestream #046.0 ~ "Active inference models do not contradict folk psychology"
2026-02-16 13:54:11 [INFO] journal_utilities.downloader: Audio already exists for skcKoCcAQJI, skipping
2026-02-16 13:54:11 [INFO] journal_utilities.downloader: Audio for skcKoCcAQJI: skipped
2026-02-16 13:54:12 [INFO] download_channel: [529/694] Processing S5-jXzhiG18 — ActInf Livestream #045.2 ~ "The free energy principle made simpler but not too simple"
2026-02-16 13:54:12 [INFO] journal_utilities.downloader: Audio already exists for S5-jXzhiG18, skipping
2026-02-16 13:54:12 [INFO] journal_utilities.downloader: Audio for S5-jXzhiG18: skipped
2026-02-16 13:54:13 [INFO] download_channel: [530/694] Processing V0l9fOJgbtc — ActInf Livestream #045.1 ~ "The free energy principle made simpler but not too simple"
2026-02-16 13:54:13 [INFO] journal_utilities.downloader: Audio already exists for V0l9fOJgbtc, skipping
2026-02-16 13:54:13 [INFO] journal_utilities.downloader: Audio for V0l9fOJgbtc: skipped
2026-02-16 13:54:14 [INFO] download_channel: [531/694] Processing 9MQQKaKEXs0 — ActInf Livestream #045.0 ~ "The free energy principle made simpler but not too simple"
2026-02-16 13:54:14 [INFO] journal_utilities.downloader: Audio already exists for 9MQQKaKEXs0, skipping
2026-02-16 13:54:15 [INFO] journal_utilities.downloader: Audio for 9MQQKaKEXs0: skipped
2026-02-16 13:54:16 [INFO] download_channel: [532/694] Processing epoHxFdzFkw — ActInf Livestream #044.2 ~ Therapeutic Alliance as Active Inference: The Role of Therapeutic Touch..
2026-02-16 13:54:16 [INFO] journal_utilities.downloader: Audio already exists for epoHxFdzFkw, skipping
2026-02-16 13:54:16 [INFO] journal_utilities.downloader: Audio for epoHxFdzFkw: skipped
2026-02-16 13:54:17 [INFO] download_channel: [533/694] Processing y1vtKYzVUaY — ActInf Livestream #044.1 ~ Therapeutic Alliance as Active Inference: The Role of Therapeutic Touch..
2026-02-16 13:54:17 [INFO] journal_utilities.downloader: Audio already exists for y1vtKYzVUaY, skipping
2026-02-16 13:54:17 [INFO] journal_utilities.downloader: Audio for y1vtKYzVUaY: skipped
2026-02-16 13:54:18 [INFO] download_channel: [534/694] Processing yNubOHOJeIQ — ActInf Livestream #044.0 ~ Therapeutic Alliance as Active Inference: The Role of Therapeutic Touch
2026-02-16 13:54:18 [INFO] journal_utilities.downloader: Audio already exists for yNubOHOJeIQ, skipping
2026-02-16 13:54:18 [INFO] journal_utilities.downloader: Audio for yNubOHOJeIQ: skipped
2026-02-16 13:54:19 [INFO] download_channel: [535/694] Processing X0Q6JLDYWJo — ActInf Livestream #043.2 ~ "Predictive Coding: a Theoretical and Experimental Review"
2026-02-16 13:54:19 [INFO] journal_utilities.downloader: Audio already exists for X0Q6JLDYWJo, skipping
2026-02-16 13:54:19 [INFO] journal_utilities.downloader: Audio for X0Q6JLDYWJo: skipped
2026-02-16 13:54:20 [INFO] download_channel: [536/694] Processing O4u8PRzk1vY — ActInf Livestream #043.1 ~ "Predictive Coding: a Theoretical and Experimental Review"
2026-02-16 13:54:21 [INFO] journal_utilities.downloader: Audio already exists for O4u8PRzk1vY, skipping
2026-02-16 13:54:21 [INFO] journal_utilities.downloader: Audio for O4u8PRzk1vY: skipped
2026-02-16 13:54:22 [INFO] download_channel: [537/694] Processing 4VApGjFESlE — ActInf GuestStream #022.1 ~ Anna Lembke, "Dopamine Nation"
2026-02-16 13:54:22 [INFO] journal_utilities.downloader: Audio already exists for 4VApGjFESlE, skipping
2026-02-16 13:54:22 [INFO] journal_utilities.downloader: Audio for 4VApGjFESlE: skipped
2026-02-16 13:54:23 [INFO] download_channel: [538/694] Processing cLe-rBtRXiQ — ActInf Livestream #043.0 ~ "Predictive Coding: a Theoretical and Experimental Review"
2026-02-16 13:54:23 [INFO] journal_utilities.downloader: Audio already exists for cLe-rBtRXiQ, skipping
2026-02-16 13:54:23 [INFO] journal_utilities.downloader: Audio for cLe-rBtRXiQ: skipped
2026-02-16 13:54:24 [INFO] download_channel: [539/694] Processing IXJn-BMsKVw — ActInf Livestream #042.2 ~ "Robot navigation as hierarchical active inference"
2026-02-16 13:54:25 [INFO] journal_utilities.downloader: Audio already exists for IXJn-BMsKVw, skipping
2026-02-16 13:54:25 [INFO] journal_utilities.downloader: Audio for IXJn-BMsKVw: skipped
2026-02-16 13:54:26 [INFO] download_channel: [540/694] Processing _MH7E58zKxY — ActInf GuestStream #021.1 ~ Adam Safron
2026-02-16 13:54:26 [INFO] journal_utilities.downloader: Audio already exists for _MH7E58zKxY, skipping
2026-02-16 13:54:26 [INFO] journal_utilities.downloader: Audio for _MH7E58zKxY: skipped
2026-02-16 13:54:27 [INFO] download_channel: [541/694] Processing SwUzTlGNI2A — ActInf GuestStream #021.1 ~  Shannon Proksch "Coordination Dynamics of Multi-agent Interaction"
2026-02-16 13:54:29 [INFO] journal_utilities.downloader: Audio already exists for SwUzTlGNI2A, skipping
2026-02-16 13:54:29 [INFO] journal_utilities.downloader: Audio for SwUzTlGNI2A: skipped
2026-02-16 13:54:30 [INFO] download_channel: [542/694] Processing UUQIVqcI-yw — ActInf Livestream #042.1 ~ "Robot navigation as hierarchical active inference"
2026-02-16 13:54:30 [INFO] journal_utilities.downloader: Audio already exists for UUQIVqcI-yw, skipping
2026-02-16 13:54:30 [INFO] journal_utilities.downloader: Audio for UUQIVqcI-yw: skipped
2026-02-16 13:54:31 [INFO] download_channel: [543/694] Processing Dl6v-3COgCo — ActInf Livestream #042.0 ~ "Robot navigation as hierarchical active inference"
2026-02-16 13:54:31 [INFO] journal_utilities.downloader: Audio already exists for Dl6v-3COgCo, skipping
2026-02-16 13:54:31 [INFO] journal_utilities.downloader: Audio for Dl6v-3COgCo: skipped
2026-02-16 13:54:32 [INFO] download_channel: [544/694] Processing RB2axUYnE8I — ActInf Livestream #041.2, Extended active inference: Constructing predictive cognition beyond skulls
2026-02-16 13:54:32 [INFO] journal_utilities.downloader: Audio already exists for RB2axUYnE8I, skipping
2026-02-16 13:54:32 [INFO] journal_utilities.downloader: Audio for RB2axUYnE8I: skipped
2026-02-16 13:54:33 [INFO] download_channel: [545/694] Processing H6rjjPZE5hs — ActInf Livestream #041.1, Extended active inference: Constructing predictive cognition beyond skulls
2026-02-16 13:54:33 [INFO] journal_utilities.downloader: Audio already exists for H6rjjPZE5hs, skipping
2026-02-16 13:54:33 [INFO] journal_utilities.downloader: Audio for H6rjjPZE5hs: skipped
2026-02-16 13:54:34 [INFO] download_channel: [546/694] Processing VsOqIxNYpPQ — ActInf Livestream #041.0, Extended active inference: Constructing predictive cognition beyond skulls
2026-02-16 13:54:34 [INFO] journal_utilities.downloader: Audio already exists for VsOqIxNYpPQ, skipping
2026-02-16 13:54:34 [INFO] journal_utilities.downloader: Audio for VsOqIxNYpPQ: skipped
2026-02-16 13:54:35 [INFO] download_channel: [547/694] Processing ozuzf6Pvlyg — ActInfLab 2022 Quarterly Roundtable #1
2026-02-16 13:54:35 [INFO] journal_utilities.downloader: Audio already exists for ozuzf6Pvlyg, skipping
2026-02-16 13:54:35 [INFO] journal_utilities.downloader: Audio for ozuzf6Pvlyg: skipped
2026-02-16 13:54:36 [INFO] download_channel: [548/694] Processing e_JGrt4jbhE — ActInf GuestStream #019.1 ~ Marco Facchin: Extended Predictive Minds: do Markov Blankets Matter?
2026-02-16 13:54:37 [INFO] journal_utilities.downloader: Audio already exists for e_JGrt4jbhE, skipping
2026-02-16 13:54:37 [INFO] journal_utilities.downloader: Audio for e_JGrt4jbhE: skipped
2026-02-16 13:54:38 [INFO] download_channel: [549/694] Processing Cgo-0UU848M — ActInf Livestream #040.2 ~ "A free energy principle for generic quantum systems"
2026-02-16 13:54:38 [INFO] journal_utilities.downloader: Audio already exists for Cgo-0UU848M, skipping
2026-02-16 13:54:38 [INFO] journal_utilities.downloader: Audio for Cgo-0UU848M: skipped
2026-02-16 13:54:39 [INFO] download_channel: [550/694] Processing NkJKl_yF274 — ActInf Livestream #040.1 ~ "A free energy principle for generic quantum systems"
2026-02-16 13:54:39 [INFO] journal_utilities.downloader: Audio already exists for NkJKl_yF274, skipping
2026-02-16 13:54:39 [INFO] journal_utilities.downloader: Audio for NkJKl_yF274: skipped
2026-02-16 13:54:40 [INFO] download_channel: [551/694] Processing 9zq1JUnN_eg — ActInf GuestStream #018.1 ~ Michael Kirchhoff & Julian Kiverstein
2026-02-16 13:54:40 [INFO] journal_utilities.downloader: Audio already exists for 9zq1JUnN_eg, skipping
2026-02-16 13:54:40 [INFO] journal_utilities.downloader: Audio for 9zq1JUnN_eg: skipped
2026-02-16 13:54:41 [INFO] download_channel: [552/694] Processing -qZYxSbJ38E — ActInf Livestream #040.0 ~ "A free energy principle for generic quantum systems"
2026-02-16 13:54:41 [INFO] journal_utilities.downloader: Audio already exists for -qZYxSbJ38E, skipping
2026-02-16 13:54:41 [INFO] journal_utilities.downloader: Audio for -qZYxSbJ38E: skipped
2026-02-16 13:54:42 [INFO] download_channel: [553/694] Processing aEYQCmFl1Bw — ActInf GuestStream #017.1 ~ Mahault Albarracin "Epistemic Communities under Active Inference"
2026-02-16 13:54:42 [INFO] journal_utilities.downloader: Audio already exists for aEYQCmFl1Bw, skipping
2026-02-16 13:54:42 [INFO] journal_utilities.downloader: Audio for aEYQCmFl1Bw: skipped
2026-02-16 13:54:43 [INFO] download_channel: [554/694] Processing KbyPFR7xUDo — ActInf Livestream #039.2 ~ "Morphogenesis as Bayesian inference...."
2026-02-16 13:54:43 [INFO] journal_utilities.downloader: Audio already exists for KbyPFR7xUDo, skipping
2026-02-16 13:54:43 [INFO] journal_utilities.downloader: Audio for KbyPFR7xUDo: skipped
2026-02-16 13:54:44 [INFO] download_channel: [555/694] Processing R4C_DgP_khY — ActInf Livestream #039.1 ~ "Morphogenesis as Bayesian inference...."
2026-02-16 13:54:44 [INFO] journal_utilities.downloader: Audio already exists for R4C_DgP_khY, skipping
2026-02-16 13:54:44 [INFO] journal_utilities.downloader: Audio for R4C_DgP_khY: skipped
2026-02-16 13:54:45 [INFO] download_channel: [556/694] Processing yC-hgjv3ANk — ActInf Livestream #039.0 ~ "Morphogenesis as Bayesian inference"
2026-02-16 13:54:45 [INFO] journal_utilities.downloader: Audio already exists for yC-hgjv3ANk, skipping
2026-02-16 13:54:45 [INFO] journal_utilities.downloader: Audio for yC-hgjv3ANk: skipped
2026-02-16 13:54:46 [INFO] download_channel: [557/694] Processing 0OQx04x8-zA — ActInf Livestream #038.2 ~ "The evolution of brain architectures for predictive coding and ActInf"
2026-02-16 13:54:46 [INFO] journal_utilities.downloader: Audio already exists for 0OQx04x8-zA, skipping
2026-02-16 13:54:46 [INFO] journal_utilities.downloader: Audio for 0OQx04x8-zA: skipped
2026-02-16 13:54:47 [INFO] download_channel: [558/694] Processing azwqMjgfY8Y — ActInf Livestream #038.1 ~ "The evolution of brain architectures for predictive coding and ActInf"
2026-02-16 13:54:47 [INFO] journal_utilities.downloader: Audio already exists for azwqMjgfY8Y, skipping
2026-02-16 13:54:47 [INFO] journal_utilities.downloader: Audio for azwqMjgfY8Y: skipped
2026-02-16 13:54:48 [INFO] download_channel: [559/694] Processing cOo4juE_zcI — ActInf Livestream #038.0 ~ Brain architectures for predictive coding and active inference
2026-02-16 13:54:48 [INFO] journal_utilities.downloader: Audio already exists for cOo4juE_zcI, skipping
2026-02-16 13:54:48 [INFO] journal_utilities.downloader: Audio for cOo4juE_zcI: skipped
2026-02-16 13:54:49 [INFO] download_channel: [560/694] Processing 6WP7mY13lzc — ActInf Livestream #037.2 ~ "Free Energy: A User's Guide"
2026-02-16 13:54:49 [INFO] journal_utilities.downloader: Audio already exists for 6WP7mY13lzc, skipping
2026-02-16 13:54:49 [INFO] journal_utilities.downloader: Audio for 6WP7mY13lzc: skipped
2026-02-16 13:54:50 [INFO] download_channel: [561/694] Processing GHcpJ_bMuu4 — ActInf Livestream #037.1 ~ "Free Energy: A User's Guide"
2026-02-16 13:54:50 [INFO] journal_utilities.downloader: Audio already exists for GHcpJ_bMuu4, skipping
2026-02-16 13:54:50 [INFO] journal_utilities.downloader: Audio for GHcpJ_bMuu4: skipped
2026-02-16 13:54:51 [INFO] download_channel: [562/694] Processing chpbMBgDR84 — ActInf Livestream #037.0 ~ "Free Energy: A User's Guide"
2026-02-16 13:54:51 [INFO] journal_utilities.downloader: Audio already exists for chpbMBgDR84, skipping
2026-02-16 13:54:51 [INFO] journal_utilities.downloader: Audio for chpbMBgDR84: skipped
2026-02-16 13:54:52 [INFO] download_channel: [563/694] Processing GR07coJNPUE — ActInf ModelStream #005.1~ "Contrastive Active Inference"
2026-02-16 13:54:52 [INFO] journal_utilities.downloader: Audio already exists for GR07coJNPUE, skipping
2026-02-16 13:54:52 [INFO] journal_utilities.downloader: Audio for GR07coJNPUE: skipped
2026-02-16 13:54:53 [INFO] download_channel: [564/694] Processing Lo95GakwV5w — ActInf Livestream #036.2 ~ "Modelling ourselves: what the free energy principle reveals......"
2026-02-16 13:54:53 [INFO] journal_utilities.downloader: Audio already exists for Lo95GakwV5w, skipping
2026-02-16 13:54:53 [INFO] journal_utilities.downloader: Audio for Lo95GakwV5w: skipped
2026-02-16 13:54:54 [INFO] download_channel: [565/694] Processing NHfGuwoCXI8 — ActInf GuestStream #016.1 ~ Mark Solms "Consciousness as Precision Optimization"
2026-02-16 13:54:54 [INFO] journal_utilities.downloader: Audio already exists for NHfGuwoCXI8, skipping
2026-02-16 13:54:54 [INFO] journal_utilities.downloader: Audio for NHfGuwoCXI8: skipped
2026-02-16 13:54:55 [INFO] download_channel: [566/694] Processing eUBT37LMlLo — ActInf OrgStream #002.1 ~ Eugene Leventhal
2026-02-16 13:54:55 [INFO] journal_utilities.downloader: Audio already exists for eUBT37LMlLo, skipping
2026-02-16 13:54:55 [INFO] journal_utilities.downloader: Audio for eUBT37LMlLo: skipped
2026-02-16 13:54:56 [INFO] download_channel: [567/694] Processing YKn2njZ_ICg — ActInf Livestream #036.1 ~ "Modelling ourselves: what the free energy principle reveals......"
2026-02-16 13:54:56 [INFO] journal_utilities.downloader: Audio already exists for YKn2njZ_ICg, skipping
2026-02-16 13:54:56 [INFO] journal_utilities.downloader: Audio for YKn2njZ_ICg: skipped
2026-02-16 13:54:58 [INFO] download_channel: [568/694] Processing _JCaic5Cxms — ActInf GuestStream #015.1: Bobby Azarian, Universal Bayesianism: A New Kind of Theory of Everything
2026-02-16 13:54:58 [INFO] journal_utilities.downloader: Audio already exists for _JCaic5Cxms, skipping
2026-02-16 13:54:58 [INFO] journal_utilities.downloader: Audio for _JCaic5Cxms: skipped
2026-02-16 13:54:59 [INFO] download_channel: [569/694] Processing 99xQbWozPjc — ActInf Livestream #036.0 ~ "Modelling ourselves: what the free energy principle reveals......"
2026-02-16 13:54:59 [INFO] journal_utilities.downloader: Audio already exists for 99xQbWozPjc, skipping
2026-02-16 13:54:59 [INFO] journal_utilities.downloader: Audio for 99xQbWozPjc: skipped
2026-02-16 13:55:00 [INFO] download_channel: [570/694] Processing sQWSkDQvnqk — ActInf Livestream #035.2 ~ "A tale of two architectures free energy, its models, and modularity"
2026-02-16 13:55:00 [INFO] journal_utilities.downloader: Audio already exists for sQWSkDQvnqk, skipping
2026-02-16 13:55:01 [INFO] journal_utilities.downloader: Audio for sQWSkDQvnqk: skipped
2026-02-16 13:55:02 [INFO] download_channel: [571/694] Processing mjL3cGYEMNg — ActInf GuestStream #014.1 ~ Osteopathy and Mental Health (Bohlen, Esteves, Cerritelli, Shaw)
2026-02-16 13:55:04 [INFO] journal_utilities.downloader: Audio already exists for mjL3cGYEMNg, skipping
2026-02-16 13:55:04 [INFO] journal_utilities.downloader: Audio for mjL3cGYEMNg: skipped
2026-02-16 13:55:08 [INFO] download_channel: [572/694] Processing RoMCBXy-7E0 — ActInf Livestream #035.1 ~ "A tale of two architectures free energy, its models, and modularity"
2026-02-16 13:55:09 [INFO] journal_utilities.downloader: Audio already exists for RoMCBXy-7E0, skipping
2026-02-16 13:55:10 [INFO] journal_utilities.downloader: Audio for RoMCBXy-7E0: skipped
2026-02-16 13:55:11 [INFO] download_channel: [573/694] Processing e-Ck8sxCME0 — ActInf Livestream #035.0 ~ "A tale of two architectures free energy, its models, and modularity"
2026-02-16 13:55:15 [INFO] journal_utilities.downloader: Audio already exists for e-Ck8sxCME0, skipping
2026-02-16 13:55:15 [INFO] journal_utilities.downloader: Audio for e-Ck8sxCME0: skipped
2026-02-16 13:55:16 [INFO] download_channel: [574/694] Processing 4hTT6fUTMM8 — ActInf ReviewStream 2021 ~ End of 2021 paper review stream
2026-02-16 13:55:16 [INFO] journal_utilities.downloader: Audio already exists for 4hTT6fUTMM8, skipping
2026-02-16 13:55:16 [INFO] journal_utilities.downloader: Audio for 4hTT6fUTMM8: skipped
2026-02-16 13:55:17 [INFO] download_channel: [575/694] Processing -Y4OVfbxlMM — ActInf Livestream #032.3 ~ "Stochastic Chaos and Markov Blankets"
2026-02-16 13:55:17 [INFO] journal_utilities.downloader: Audio already exists for -Y4OVfbxlMM, skipping
2026-02-16 13:55:17 [INFO] journal_utilities.downloader: Audio for -Y4OVfbxlMM: skipped
2026-02-16 13:55:19 [INFO] download_channel: [576/694] Processing vkZ_vnN0--Y — ActInf Livestream #034.2 ~ "The free energy principle: it’s not about what it takes..."
2026-02-16 13:55:19 [INFO] journal_utilities.downloader: Audio already exists for vkZ_vnN0--Y, skipping
2026-02-16 13:55:19 [INFO] journal_utilities.downloader: Audio for vkZ_vnN0--Y: skipped
2026-02-16 13:55:20 [INFO] download_channel: [577/694] Processing 3SjbReGPZME — Active Inference ~ Twitter spaces #001 ~ December 9th 2021
2026-02-16 13:55:20 [INFO] journal_utilities.downloader: Audio already exists for 3SjbReGPZME, skipping
2026-02-16 13:55:20 [INFO] journal_utilities.downloader: Audio for 3SjbReGPZME: skipped
2026-02-16 13:55:21 [INFO] download_channel: [578/694] Processing JtXvkawQ1rY — ActInf Livestream #034.1 ~ "The free energy principle: it’s not about what it takes..."
2026-02-16 13:55:21 [DEBUG] journal_utilities.downloader: yt-dlp audio cmd: yt-dlp --no-warnings --cookies-from-browser chrome --cookies data/output/cookies.txt -x --audio-format mp3 --audio-quality 0 -o data/output/audio/%(id)s.%(ext)s https://www.youtube.com/watch?v=JtXvkawQ1rY
2026-02-16 14:05:22 [INFO] journal_utilities.downloader: Audio for JtXvkawQ1rY: failed (Audio download timed out)
2026-02-16 14:05:23 [INFO] download_channel: [579/694] Processing Ga8EZMGO460 — ActInf Livestream #034.0 ~ "The free energy principle: it’s not about what it takes...."
2026-02-16 14:05:25 [DEBUG] journal_utilities.downloader: yt-dlp audio cmd: yt-dlp --no-warnings --cookies-from-browser chrome --cookies data/output/cookies.txt -x --audio-format mp3 --audio-quality 0 -o data/output/audio/%(id)s.%(ext)s https://www.youtube.com/watch?v=Ga8EZMGO460
2026-02-16 14:15:27 [INFO] journal_utilities.downloader: Audio for Ga8EZMGO460: failed (Audio download timed out)
2026-02-16 14:15:30 [INFO] download_channel: [580/694] Processing S5nXqPysU3I — ActInf Livestream #033.2 ~ "Thinking like a State - Embodied intelligence in the deep history...."
2026-02-16 14:15:31 [DEBUG] journal_utilities.downloader: yt-dlp audio cmd: yt-dlp --no-warnings --cookies-from-browser chrome --cookies data/output/cookies.txt -x --audio-format mp3 --audio-quality 0 -o data/output/audio/%(id)s.%(ext)s https://www.youtube.com/watch?v=S5nXqPysU3I
2026-02-16 14:25:33 [INFO] journal_utilities.downloader: Audio for S5nXqPysU3I: failed (Audio download timed out)
2026-02-16 14:25:34 [INFO] download_channel: [581/694] Processing LQuXltGQ8Xk — ActInf Livestream #033.1 ~ "Thinking like a State - Embodied intelligence in the deep history...."
2026-02-16 14:25:34 [DEBUG] journal_utilities.downloader: yt-dlp audio cmd: yt-dlp --no-warnings --cookies-from-browser chrome --cookies data/output/cookies.txt -x --audio-format mp3 --audio-quality 0 -o data/output/audio/%(id)s.%(ext)s https://www.youtube.com/watch?v=LQuXltGQ8Xk
2026-02-16 14:35:34 [INFO] journal_utilities.downloader: Audio for LQuXltGQ8Xk: failed (Audio download timed out)
2026-02-16 14:35:35 [INFO] download_channel: [582/694] Processing iIfDvVRgsjQ — ActInf Livestream #033.0 ~ "Thinking like a State - Embodied intelligence in the deep history...."
2026-02-16 14:35:35 [DEBUG] journal_utilities.downloader: yt-dlp audio cmd: yt-dlp --no-warnings --cookies-from-browser chrome --cookies data/output/cookies.txt -x --audio-format mp3 --audio-quality 0 -o data/output/audio/%(id)s.%(ext)s https://www.youtube.com/watch?v=iIfDvVRgsjQ
2026-02-16 14:45:35 [INFO] journal_utilities.downloader: Audio for iIfDvVRgsjQ: failed (Audio download timed out)
2026-02-16 14:45:36 [INFO] download_channel: [583/694] Processing ElKVfCJrIHM — ActInf Livestream #032.2 ~ "Stochastic Chaos and Markov Blankets"
2026-02-16 14:45:36 [DEBUG] journal_utilities.downloader: yt-dlp audio cmd: yt-dlp --no-warnings --cookies-from-browser chrome --cookies data/output/cookies.txt -x --audio-format mp3 --audio-quality 0 -o data/output/audio/%(id)s.%(ext)s https://www.youtube.com/watch?v=ElKVfCJrIHM
2026-02-16 14:55:37 [INFO] journal_utilities.downloader: Audio for ElKVfCJrIHM: failed (Audio download timed out)
2026-02-16 14:55:38 [INFO] download_channel: [584/694] Processing wqoeyrW2Yqg — ActInf Livestream #032.1 ~ "Stochastic Chaos and Markov Blankets"
2026-02-16 14:55:38 [DEBUG] journal_utilities.downloader: yt-dlp audio cmd: yt-dlp --no-warnings --cookies-from-browser chrome --cookies data/output/cookies.txt -x --audio-format mp3 --audio-quality 0 -o data/output/audio/%(id)s.%(ext)s https://www.youtube.com/watch?v=wqoeyrW2Yqg
2026-02-16 15:05:38 [INFO] journal_utilities.downloader: Audio for wqoeyrW2Yqg: failed (Audio download timed out)
2026-02-16 15:05:39 [INFO] download_channel: [585/694] Processing eVbWeWEX9dA — ActInf GuestStream #013.1 ~ Adam Safron
2026-02-16 15:05:39 [DEBUG] journal_utilities.downloader: yt-dlp audio cmd: yt-dlp --no-warnings --cookies-from-browser chrome --cookies data/output/cookies.txt -x --audio-format mp3 --audio-quality 0 -o data/output/audio/%(id)s.%(ext)s https://www.youtube.com/watch?v=eVbWeWEX9dA
2026-02-16 15:15:40 [INFO] journal_utilities.downloader: Audio for eVbWeWEX9dA: failed (Audio download timed out)
2026-02-16 15:15:41 [INFO] download_channel: [586/694] Processing 7_JLMK3agpA — ActInf Livestream #032.0 ~ "Stochastic Chaos and Markov Blankets"
2026-02-16 15:15:42 [DEBUG] journal_utilities.downloader: yt-dlp audio cmd: yt-dlp --no-warnings --cookies-from-browser chrome --cookies data/output/cookies.txt -x --audio-format mp3 --audio-quality 0 -o data/output/audio/%(id)s.%(ext)s https://www.youtube.com/watch?v=7_JLMK3agpA
2026-02-16 15:25:42 [INFO] journal_utilities.downloader: Audio for 7_JLMK3agpA: failed (Audio download timed out)
2026-02-16 15:25:44 [INFO] download_channel: [587/694] Processing j4dt5a1f30g — ActInfLab 2021 Quarterly Roundtable #4
2026-02-16 15:25:46 [DEBUG] journal_utilities.downloader: yt-dlp audio cmd: yt-dlp --no-warnings --cookies-from-browser chrome --cookies data/output/cookies.txt -x --audio-format mp3 --audio-quality 0 -o data/output/audio/%(id)s.%(ext)s https://www.youtube.com/watch?v=j4dt5a1f30g
2026-02-16 15:35:47 [INFO] journal_utilities.downloader: Audio for j4dt5a1f30g: failed (Audio download timed out)
2026-02-16 15:35:49 [INFO] download_channel: [588/694] Processing bUr87RcOQUQ — ActInf OrgStream #001.1 ~ Richard D. Bartlett
2026-02-16 15:35:49 [DEBUG] journal_utilities.downloader: yt-dlp audio cmd: yt-dlp --no-warnings --cookies-from-browser chrome --cookies data/output/cookies.txt -x --audio-format mp3 --audio-quality 0 -o data/output/audio/%(id)s.%(ext)s https://www.youtube.com/watch?v=bUr87RcOQUQ
2026-02-16 15:45:49 [INFO] journal_utilities.downloader: Audio for bUr87RcOQUQ: failed (Audio download timed out)
2026-02-16 15:45:50 [INFO] download_channel: [589/694] Processing GYJ0UC6ykxk — ActInf Livestream #031.2 ~ "Non-equilibrium Thermodynamics and the Free Energy Principle in Biology"
2026-02-16 15:45:50 [DEBUG] journal_utilities.downloader: yt-dlp audio cmd: yt-dlp --no-warnings --cookies-from-browser chrome --cookies data/output/cookies.txt -x --audio-format mp3 --audio-quality 0 -o data/output/audio/%(id)s.%(ext)s https://www.youtube.com/watch?v=GYJ0UC6ykxk
2026-02-16 15:55:50 [INFO] journal_utilities.downloader: Audio for GYJ0UC6ykxk: failed (Audio download timed out)
2026-02-16 15:55:51 [INFO] download_channel: [590/694] Processing zVvTAnRwigQ — ActInf GuestStream #012.1 ~ Martin Butz
2026-02-16 15:55:51 [DEBUG] journal_utilities.downloader: yt-dlp audio cmd: yt-dlp --no-warnings --cookies-from-browser chrome --cookies data/output/cookies.txt -x --audio-format mp3 --audio-quality 0 -o data/output/audio/%(id)s.%(ext)s https://www.youtube.com/watch?v=zVvTAnRwigQ
2026-02-16 16:05:51 [INFO] journal_utilities.downloader: Audio for zVvTAnRwigQ: failed (Audio download timed out)
2026-02-16 16:05:52 [INFO] download_channel: [591/694] Processing Zvwt-98kcFM — ActInf GuestStream #011.1 ~ Gregg Henriques
2026-02-16 16:05:52 [DEBUG] journal_utilities.downloader: yt-dlp audio cmd: yt-dlp --no-warnings --cookies-from-browser chrome --cookies data/output/cookies.txt -x --audio-format mp3 --audio-quality 0 -o data/output/audio/%(id)s.%(ext)s https://www.youtube.com/watch?v=Zvwt-98kcFM
2026-02-16 16:15:52 [INFO] journal_utilities.downloader: Audio for Zvwt-98kcFM: failed (Audio download timed out)
2026-02-16 16:15:53 [INFO] download_channel: [592/694] Processing 4XR8mIw9gcc — ActInf Livestream #031.1 ~ "Non-equilibrium Thermodynamics and the Free Energy Principle in Biology"
2026-02-16 16:15:53 [DEBUG] journal_utilities.downloader: yt-dlp audio cmd: yt-dlp --no-warnings --cookies-from-browser chrome --cookies data/output/cookies.txt -x --audio-format mp3 --audio-quality 0 -o data/output/audio/%(id)s.%(ext)s https://www.youtube.com/watch?v=4XR8mIw9gcc
2026-02-16 16:25:53 [INFO] journal_utilities.downloader: Audio for 4XR8mIw9gcc: failed (Audio download timed out)
2026-02-16 16:25:54 [INFO] download_channel: [593/694] Processing imPNfqsHbjI — ActInf Livestream #031.0 ~ "Non-equilibrium Thermodynamics and the Free Energy Principle in Biology"
2026-02-16 16:25:54 [DEBUG] journal_utilities.downloader: yt-dlp audio cmd: yt-dlp --no-warnings --cookies-from-browser chrome --cookies data/output/cookies.txt -x --audio-format mp3 --audio-quality 0 -o data/output/audio/%(id)s.%(ext)s https://www.youtube.com/watch?v=imPNfqsHbjI
2026-02-16 16:35:54 [INFO] journal_utilities.downloader: Audio for imPNfqsHbjI: failed (Audio download timed out)
2026-02-16 16:35:55 [INFO] download_channel: [594/694] Processing VXLNOfkH5Rg — ActInf Livestream #030.2 ~ “How to count biological minds: symbiosis, the free energy principle..."
2026-02-16 16:35:55 [DEBUG] journal_utilities.downloader: yt-dlp audio cmd: yt-dlp --no-warnings --cookies-from-browser chrome --cookies data/output/cookies.txt -x --audio-format mp3 --audio-quality 0 -o data/output/audio/%(id)s.%(ext)s https://www.youtube.com/watch?v=VXLNOfkH5Rg
2026-02-16 16:45:55 [INFO] journal_utilities.downloader: Audio for VXLNOfkH5Rg: failed (Audio download timed out)
2026-02-16 16:45:56 [INFO] download_channel: [595/694] Processing 5H164LqEwiA — ActInf Livestream #030.1 ~ “How to count biological minds: symbiosis, the free energy principle..."
2026-02-16 16:45:56 [DEBUG] journal_utilities.downloader: yt-dlp audio cmd: yt-dlp --no-warnings --cookies-from-browser chrome --cookies data/output/cookies.txt -x --audio-format mp3 --audio-quality 0 -o data/output/audio/%(id)s.%(ext)s https://www.youtube.com/watch?v=5H164LqEwiA
2026-02-16 16:55:57 [INFO] journal_utilities.downloader: Audio for 5H164LqEwiA: failed (Audio download timed out)
2026-02-16 16:55:58 [INFO] download_channel: [596/694] Processing N3WUpVH8-D8 — ActInf Livestream #030.0 ~ “How to count biological minds: symbiosis, the free energy principle..."
2026-02-16 16:55:58 [DEBUG] journal_utilities.downloader: yt-dlp audio cmd: yt-dlp --no-warnings --cookies-from-browser chrome --cookies data/output/cookies.txt -x --audio-format mp3 --audio-quality 0 -o data/output/audio/%(id)s.%(ext)s https://www.youtube.com/watch?v=N3WUpVH8-D8
2026-02-16 17:05:58 [INFO] journal_utilities.downloader: Audio for N3WUpVH8-D8: failed (Audio download timed out)
2026-02-16 17:05:59 [INFO] download_channel: [597/694] Processing Z4S5JVoeGBw — ActInf Livestream #029.2 ~ “Active Inferants: An Active Inference Framework for Ant Colony Behavior”
2026-02-16 17:05:59 [DEBUG] journal_utilities.downloader: yt-dlp audio cmd: yt-dlp --no-warnings --cookies-from-browser chrome --cookies data/output/cookies.txt -x --audio-format mp3 --audio-quality 0 -o data/output/audio/%(id)s.%(ext)s https://www.youtube.com/watch?v=Z4S5JVoeGBw
2026-02-16 17:15:59 [INFO] journal_utilities.downloader: Audio for Z4S5JVoeGBw: failed (Audio download timed out)
2026-02-16 17:16:00 [INFO] download_channel: [598/694] Processing Z0fpX5Lpp0Y — ActInf Livestream #029.1 ~ “Active Inferants: An Active Inference Framework for Ant Colony Behavior”
2026-02-16 17:16:00 [DEBUG] journal_utilities.downloader: yt-dlp audio cmd: yt-dlp --no-warnings --cookies-from-browser chrome --cookies data/output/cookies.txt -x --audio-format mp3 --audio-quality 0 -o data/output/audio/%(id)s.%(ext)s https://www.youtube.com/watch?v=Z0fpX5Lpp0Y
2026-02-16 17:26:00 [INFO] journal_utilities.downloader: Audio for Z0fpX5Lpp0Y: failed (Audio download timed out)
2026-02-16 17:26:01 [INFO] download_channel: [599/694] Processing SNbfAkOokAI — ActInf Livestream #029.0 ~ “Active Inferants: An Active Inference Framework for Ant Colony Behavior”
2026-02-16 17:26:01 [DEBUG] journal_utilities.downloader: yt-dlp audio cmd: yt-dlp --no-warnings --cookies-from-browser chrome --cookies data/output/cookies.txt -x --audio-format mp3 --audio-quality 0 -o data/output/audio/%(id)s.%(ext)s https://www.youtube.com/watch?v=SNbfAkOokAI
2026-02-16 17:36:01 [INFO] journal_utilities.downloader: Audio for SNbfAkOokAI: failed (Audio download timed out)
2026-02-16 17:36:02 [INFO] download_channel: [600/694] Processing sEyNwzUuiII — ActInf Livestream #028.2 ~ “Towards a computational phenomenology of mental action"
2026-02-16 17:36:02 [DEBUG] journal_utilities.downloader: yt-dlp audio cmd: yt-dlp --no-warnings --cookies-from-browser chrome --cookies data/output/cookies.txt -x --audio-format mp3 --audio-quality 0 -o data/output/audio/%(id)s.%(ext)s https://www.youtube.com/watch?v=sEyNwzUuiII
2026-02-16 17:46:02 [INFO] journal_utilities.downloader: Audio for sEyNwzUuiII: failed (Audio download timed out)
2026-02-16 17:46:03 [INFO] download_channel: [601/694] Processing Hvr-RgWZ7p4 — ActInf GuestStream #010.1 ~ Philip Gerrans
2026-02-16 17:46:03 [DEBUG] journal_utilities.downloader: yt-dlp audio cmd: yt-dlp --no-warnings --cookies-from-browser chrome --cookies data/output/cookies.txt -x --audio-format mp3 --audio-quality 0 -o data/output/audio/%(id)s.%(ext)s https://www.youtube.com/watch?v=Hvr-RgWZ7p4
2026-02-16 17:56:03 [INFO] journal_utilities.downloader: Audio for Hvr-RgWZ7p4: failed (Audio download timed out)
2026-02-16 17:56:04 [INFO] download_channel: [602/694] Processing eX5jt3HP27c — ActInf Livestream #028.1 ~ “Towards a computational phenomenology of mental action"
2026-02-16 17:56:04 [DEBUG] journal_utilities.downloader: yt-dlp audio cmd: yt-dlp --no-warnings --cookies-from-browser chrome --cookies data/output/cookies.txt -x --audio-format mp3 --audio-quality 0 -o data/output/audio/%(id)s.%(ext)s https://www.youtube.com/watch?v=eX5jt3HP27c
2026-02-16 18:06:04 [INFO] journal_utilities.downloader: Audio for eX5jt3HP27c: failed (Audio download timed out)
2026-02-16 18:06:05 [INFO] download_channel: [603/694] Processing sjdjRJMRVfw — ActInf Livestream #028.0 ~ “Towards a computational phenomenology of mental action"
2026-02-16 18:06:05 [DEBUG] journal_utilities.downloader: yt-dlp audio cmd: yt-dlp --no-warnings --cookies-from-browser chrome --cookies data/output/cookies.txt -x --audio-format mp3 --audio-quality 0 -o data/output/audio/%(id)s.%(ext)s https://www.youtube.com/watch?v=sjdjRJMRVfw
2026-02-16 18:16:05 [INFO] journal_utilities.downloader: Audio for sjdjRJMRVfw: failed (Audio download timed out)
2026-02-16 18:16:06 [INFO] download_channel: [604/694] Processing MWWV3U-Llk4 — ActInf Livestream #027.2 ~ “Active Inference: Applicability to Different Types of ..."
2026-02-16 18:16:06 [DEBUG] journal_utilities.downloader: yt-dlp audio cmd: yt-dlp --no-warnings --cookies-from-browser chrome --cookies data/output/cookies.txt -x --audio-format mp3 --audio-quality 0 -o data/output/audio/%(id)s.%(ext)s https://www.youtube.com/watch?v=MWWV3U-Llk4
2026-02-16 18:26:06 [INFO] journal_utilities.downloader: Audio for MWWV3U-Llk4: failed (Audio download timed out)
2026-02-16 18:26:07 [INFO] download_channel: [605/694] Processing Oq2oM55OKzE — ActInf Livestream #027.1 ~ “Active Inference: Applicability to Different Types of ..."
2026-02-16 18:26:07 [DEBUG] journal_utilities.downloader: yt-dlp audio cmd: yt-dlp --no-warnings --cookies-from-browser chrome --cookies data/output/cookies.txt -x --audio-format mp3 --audio-quality 0 -o data/output/audio/%(id)s.%(ext)s https://www.youtube.com/watch?v=Oq2oM55OKzE
2026-02-16 18:36:07 [INFO] journal_utilities.downloader: Audio for Oq2oM55OKzE: failed (Audio download timed out)
2026-02-16 18:36:08 [INFO] download_channel: [606/694] Processing qw0SkhnHWWI — ActInf Livestream #027.0 ~ “Active Inference: Applicability to Different Types of ..."
2026-02-16 18:36:08 [DEBUG] journal_utilities.downloader: yt-dlp audio cmd: yt-dlp --no-warnings --cookies-from-browser chrome --cookies data/output/cookies.txt -x --audio-format mp3 --audio-quality 0 -o data/output/audio/%(id)s.%(ext)s https://www.youtube.com/watch?v=qw0SkhnHWWI
2026-02-16 18:46:08 [INFO] journal_utilities.downloader: Audio for qw0SkhnHWWI: failed (Audio download timed out)
2026-02-16 18:46:09 [INFO] download_channel: [607/694] Processing odkks5F9ZMM — ActInf GuestStream #009.1 ~ "Collective intelligence and active inference"
2026-02-16 18:46:09 [DEBUG] journal_utilities.downloader: yt-dlp audio cmd: yt-dlp --no-warnings --cookies-from-browser chrome --cookies data/output/cookies.txt -x --audio-format mp3 --audio-quality 0 -o data/output/audio/%(id)s.%(ext)s https://www.youtube.com/watch?v=odkks5F9ZMM
2026-02-16 18:56:09 [INFO] journal_utilities.downloader: Audio for odkks5F9ZMM: failed (Audio download timed out)
2026-02-16 18:56:10 [INFO] download_channel: [608/694] Processing uePR4DQv0yI — ActInf ModelStream #004.1 ~ "Implementing Active Inference by Message Passing in a Factor Graph"
2026-02-16 18:56:10 [DEBUG] journal_utilities.downloader: yt-dlp audio cmd: yt-dlp --no-warnings --cookies-from-browser chrome --cookies data/output/cookies.txt -x --audio-format mp3 --audio-quality 0 -o data/output/audio/%(id)s.%(ext)s https://www.youtube.com/watch?v=uePR4DQv0yI
2026-02-16 19:06:10 [INFO] journal_utilities.downloader: Audio for uePR4DQv0yI: failed (Audio download timed out)
2026-02-16 19:06:11 [INFO] download_channel: [609/694] Processing SH2v6joMD4k — ActInf Livestream #026.2 ~ “Bayesian Mechanics for Stationary Processes”
2026-02-16 19:06:11 [DEBUG] journal_utilities.downloader: yt-dlp audio cmd: yt-dlp --no-warnings --cookies-from-browser chrome --cookies data/output/cookies.txt -x --audio-format mp3 --audio-quality 0 -o data/output/audio/%(id)s.%(ext)s https://www.youtube.com/watch?v=SH2v6joMD4k
2026-02-16 19:16:11 [INFO] journal_utilities.downloader: Audio for SH2v6joMD4k: failed (Audio download timed out)
2026-02-16 19:16:12 [INFO] download_channel: [610/694] Processing 1rHz3Ir5v9c — ActInf Livestream #026.1 ~ “Bayesian Mechanics for Stationary Processes”
2026-02-16 19:16:12 [DEBUG] journal_utilities.downloader: yt-dlp audio cmd: yt-dlp --no-warnings --cookies-from-browser chrome --cookies data/output/cookies.txt -x --audio-format mp3 --audio-quality 0 -o data/output/audio/%(id)s.%(ext)s https://www.youtube.com/watch?v=1rHz3Ir5v9c
2026-02-16 19:26:13 [INFO] journal_utilities.downloader: Audio for 1rHz3Ir5v9c: failed (Audio download timed out)
2026-02-16 19:26:14 [INFO] download_channel: [611/694] Processing m8gUev5aVFs — ActInf GuestStream #008.1 ~ "Exploring the Predictive Dynamics of Happiness and Well-Being"
2026-02-16 19:26:14 [DEBUG] journal_utilities.downloader: yt-dlp audio cmd: yt-dlp --no-warnings --cookies-from-browser chrome --cookies data/output/cookies.txt -x --audio-format mp3 --audio-quality 0 -o data/output/audio/%(id)s.%(ext)s https://www.youtube.com/watch?v=m8gUev5aVFs
2026-02-16 19:36:14 [INFO] journal_utilities.downloader: Audio for m8gUev5aVFs: failed (Audio download timed out)
2026-02-16 19:36:15 [INFO] download_channel: [612/694] Processing eZlG_J7sPj4 — ActInf Livestream #026.0 ~ “Bayesian Mechanics for Stationary Processes”
2026-02-16 19:36:15 [DEBUG] journal_utilities.downloader: yt-dlp audio cmd: yt-dlp --no-warnings --cookies-from-browser chrome --cookies data/output/cookies.txt -x --audio-format mp3 --audio-quality 0 -o data/output/audio/%(id)s.%(ext)s https://www.youtube.com/watch?v=eZlG_J7sPj4
2026-02-16 19:46:15 [INFO] journal_utilities.downloader: Audio for eZlG_J7sPj4: failed (Audio download timed out)
2026-02-16 19:46:16 [INFO] download_channel: [613/694] Processing hGoZierAPbU — ActInfLab 2021 Quarterly Roundtable #3
2026-02-16 19:46:16 [DEBUG] journal_utilities.downloader: yt-dlp audio cmd: yt-dlp --no-warnings --cookies-from-browser chrome --cookies data/output/cookies.txt -x --audio-format mp3 --audio-quality 0 -o data/output/audio/%(id)s.%(ext)s https://www.youtube.com/watch?v=hGoZierAPbU
2026-02-16 19:56:16 [INFO] journal_utilities.downloader: Audio for hGoZierAPbU: failed (Audio download timed out)
2026-02-16 19:56:17 [INFO] download_channel: [614/694] Processing v0oJvbVuAF0 — ActInf Livestream #025.1 ~ "The Computational Boundary of a Self"
2026-02-16 19:56:17 [DEBUG] journal_utilities.downloader: yt-dlp audio cmd: yt-dlp --no-warnings --cookies-from-browser chrome --cookies data/output/cookies.txt -x --audio-format mp3 --audio-quality 0 -o data/output/audio/%(id)s.%(ext)s https://www.youtube.com/watch?v=v0oJvbVuAF0
2026-02-16 20:06:17 [INFO] journal_utilities.downloader: Audio for v0oJvbVuAF0: failed (Audio download timed out)
2026-02-16 20:06:18 [INFO] download_channel: [615/694] Processing 4JfGs_m5QHo — ActInf Livestream #025.0 ~ "The Computational Boundary of a Self"
2026-02-16 20:06:18 [DEBUG] journal_utilities.downloader: yt-dlp audio cmd: yt-dlp --no-warnings --cookies-from-browser chrome --cookies data/output/cookies.txt -x --audio-format mp3 --audio-quality 0 -o data/output/audio/%(id)s.%(ext)s https://www.youtube.com/watch?v=4JfGs_m5QHo
2026-02-16 20:16:18 [INFO] journal_utilities.downloader: Audio for 4JfGs_m5QHo: failed (Audio download timed out)
2026-02-16 20:16:19 [INFO] download_channel: [616/694] Processing lqxl8w_JGek — ActInf Livestream #024.2 ~ "An empirical evaluation of active inference in multi-armed bandits"
2026-02-16 20:16:19 [DEBUG] journal_utilities.downloader: yt-dlp audio cmd: yt-dlp --no-warnings --cookies-from-browser chrome --cookies data/output/cookies.txt -x --audio-format mp3 --audio-quality 0 -o data/output/audio/%(id)s.%(ext)s https://www.youtube.com/watch?v=lqxl8w_JGek
2026-02-16 20:26:19 [INFO] journal_utilities.downloader: Audio for lqxl8w_JGek: failed (Audio download timed out)
2026-02-16 20:26:20 [INFO] download_channel: [617/694] Processing a089q9RaI14 — ActInf Livestream #024.1 ~ "An empirical evaluation of active inference in multi-armed bandits"
2026-02-16 20:26:20 [DEBUG] journal_utilities.downloader: yt-dlp audio cmd: yt-dlp --no-warnings --cookies-from-browser chrome --cookies data/output/cookies.txt -x --audio-format mp3 --audio-quality 0 -o data/output/audio/%(id)s.%(ext)s https://www.youtube.com/watch?v=a089q9RaI14
2026-02-16 20:36:20 [INFO] journal_utilities.downloader: Audio for a089q9RaI14: failed (Audio download timed out)
2026-02-16 20:36:21 [INFO] download_channel: [618/694] Processing Fx7xWUU1MlI — ActInf Livestream #024.0 ~ "An empirical evaluation of active inference in multi-armed bandits"
2026-02-16 20:36:21 [DEBUG] journal_utilities.downloader: yt-dlp audio cmd: yt-dlp --no-warnings --cookies-from-browser chrome --cookies data/output/cookies.txt -x --audio-format mp3 --audio-quality 0 -o data/output/audio/%(id)s.%(ext)s https://www.youtube.com/watch?v=Fx7xWUU1MlI
2026-02-16 20:46:21 [INFO] journal_utilities.downloader: Audio for Fx7xWUU1MlI: failed (Audio download timed out)
2026-02-16 20:46:22 [INFO] download_channel: [619/694] Processing bjYUbKlfHUo — ActInf Livestream #023.2 ~  "Embodied skillful performance: where the action is"
2026-02-16 20:46:22 [DEBUG] journal_utilities.downloader: yt-dlp audio cmd: yt-dlp --no-warnings --cookies-from-browser chrome --cookies data/output/cookies.txt -x --audio-format mp3 --audio-quality 0 -o data/output/audio/%(id)s.%(ext)s https://www.youtube.com/watch?v=bjYUbKlfHUo
2026-02-16 20:56:22 [INFO] journal_utilities.downloader: Audio for bjYUbKlfHUo: failed (Audio download timed out)
2026-02-16 20:56:23 [INFO] download_channel: [620/694] Processing PgzQrHSu1CU — ActInf Livestream #023.1 ~  "Embodied skillful performance: where the action is"
2026-02-16 20:56:23 [DEBUG] journal_utilities.downloader: yt-dlp audio cmd: yt-dlp --no-warnings --cookies-from-browser chrome --cookies data/output/cookies.txt -x --audio-format mp3 --audio-quality 0 -o data/output/audio/%(id)s.%(ext)s https://www.youtube.com/watch?v=PgzQrHSu1CU
2026-02-16 21:06:23 [INFO] journal_utilities.downloader: Audio for PgzQrHSu1CU: failed (Audio download timed out)
2026-02-16 21:06:24 [INFO] download_channel: [621/694] Processing AUXWQzpr2x8 — ActInfLab 2021 Quarterly Roundtable #2
2026-02-16 21:06:24 [DEBUG] journal_utilities.downloader: yt-dlp audio cmd: yt-dlp --no-warnings --cookies-from-browser chrome --cookies data/output/cookies.txt -x --audio-format mp3 --audio-quality 0 -o data/output/audio/%(id)s.%(ext)s https://www.youtube.com/watch?v=AUXWQzpr2x8
2026-02-16 21:16:24 [INFO] journal_utilities.downloader: Audio for AUXWQzpr2x8: failed (Audio download timed out)
2026-02-16 21:16:25 [INFO] download_channel: [622/694] Processing YjTD_Ifw_qA — ActInf GuestStream #007.1 ~ How particular is the physics of the Free Energy Principle?
2026-02-16 21:16:25 [DEBUG] journal_utilities.downloader: yt-dlp audio cmd: yt-dlp --no-warnings --cookies-from-browser chrome --cookies data/output/cookies.txt -x --audio-format mp3 --audio-quality 0 -o data/output/audio/%(id)s.%(ext)s https://www.youtube.com/watch?v=YjTD_Ifw_qA
2026-02-16 21:26:25 [INFO] journal_utilities.downloader: Audio for YjTD_Ifw_qA: failed (Audio download timed out)
2026-02-16 21:26:26 [INFO] download_channel: [623/694] Processing 8JrGE02KzuY — ActInf Livestream #023.0 ~ "Embodied skillful performance: where the action is"
2026-02-16 21:26:26 [DEBUG] journal_utilities.downloader: yt-dlp audio cmd: yt-dlp --no-warnings --cookies-from-browser chrome --cookies data/output/cookies.txt -x --audio-format mp3 --audio-quality 0 -o data/output/audio/%(id)s.%(ext)s https://www.youtube.com/watch?v=8JrGE02KzuY
2026-02-16 21:36:27 [INFO] journal_utilities.downloader: Audio for 8JrGE02KzuY: failed (Audio download timed out)
2026-02-16 21:36:28 [INFO] download_channel: [624/694] Processing G-S-kq42evw — ActInf ModelStream #003.1 ~ Ozan Catal & Tim Verbelen
2026-02-16 21:36:28 [DEBUG] journal_utilities.downloader: yt-dlp audio cmd: yt-dlp --no-warnings --cookies-from-browser chrome --cookies data/output/cookies.txt -x --audio-format mp3 --audio-quality 0 -o data/output/audio/%(id)s.%(ext)s https://www.youtube.com/watch?v=G-S-kq42evw
2026-02-16 21:46:28 [INFO] journal_utilities.downloader: Audio for G-S-kq42evw: failed (Audio download timed out)
2026-02-16 21:46:29 [INFO] download_channel: [625/694] Processing wiUDw6vk644 — ActInf Livestream #022.2 ~ Psychophysical identity and free energy
2026-02-16 21:46:29 [DEBUG] journal_utilities.downloader: yt-dlp audio cmd: yt-dlp --no-warnings --cookies-from-browser chrome --cookies data/output/cookies.txt -x --audio-format mp3 --audio-quality 0 -o data/output/audio/%(id)s.%(ext)s https://www.youtube.com/watch?v=wiUDw6vk644
2026-02-16 21:56:29 [INFO] journal_utilities.downloader: Audio for wiUDw6vk644: failed (Audio download timed out)
2026-02-16 21:56:30 [INFO] download_channel: [626/694] Processing v60cQUiu1NE — ActInf Livestream #022.1 ~ Psychophysical identity and free energy
2026-02-16 21:56:30 [DEBUG] journal_utilities.downloader: yt-dlp audio cmd: yt-dlp --no-warnings --cookies-from-browser chrome --cookies data/output/cookies.txt -x --audio-format mp3 --audio-quality 0 -o data/output/audio/%(id)s.%(ext)s https://www.youtube.com/watch?v=v60cQUiu1NE
2026-02-16 22:06:30 [INFO] journal_utilities.downloader: Audio for v60cQUiu1NE: failed (Audio download timed out)
2026-02-16 22:06:31 [INFO] download_channel: [627/694] Processing bNB-7nQDdwM — ActInf Livestream #022.0 ~ "Psychophysical identity and free energy"
2026-02-16 22:06:31 [DEBUG] journal_utilities.downloader: yt-dlp audio cmd: yt-dlp --no-warnings --cookies-from-browser chrome --cookies data/output/cookies.txt -x --audio-format mp3 --audio-quality 0 -o data/output/audio/%(id)s.%(ext)s https://www.youtube.com/watch?v=bNB-7nQDdwM
2026-02-16 22:16:31 [INFO] journal_utilities.downloader: Audio for bNB-7nQDdwM: failed (Audio download timed out)
2026-02-16 22:16:32 [INFO] download_channel: [628/694] Processing i5WwQ4WXGNo — ActInf Livestream #021.2 ~ John Boik
2026-02-16 22:16:32 [DEBUG] journal_utilities.downloader: yt-dlp audio cmd: yt-dlp --no-warnings --cookies-from-browser chrome --cookies data/output/cookies.txt -x --audio-format mp3 --audio-quality 0 -o data/output/audio/%(id)s.%(ext)s https://www.youtube.com/watch?v=i5WwQ4WXGNo
2026-02-16 22:26:32 [INFO] journal_utilities.downloader: Audio for i5WwQ4WXGNo: failed (Audio download timed out)
2026-02-16 22:26:33 [INFO] download_channel: [629/694] Processing lwVIUz7O0jg — ActInf GuestStream #006.1 -- Anna Ciaunica
2026-02-16 22:26:33 [DEBUG] journal_utilities.downloader: yt-dlp audio cmd: yt-dlp --no-warnings --cookies-from-browser chrome --cookies data/output/cookies.txt -x --audio-format mp3 --audio-quality 0 -o data/output/audio/%(id)s.%(ext)s https://www.youtube.com/watch?v=lwVIUz7O0jg
2026-02-16 22:36:33 [INFO] journal_utilities.downloader: Audio for lwVIUz7O0jg: failed (Audio download timed out)
2026-02-16 22:36:34 [INFO] download_channel: [630/694] Processing mbEqoCV16q4 — ActInf Livestream #021.1 ~ John Boik
2026-02-16 22:36:34 [DEBUG] journal_utilities.downloader: yt-dlp audio cmd: yt-dlp --no-warnings --cookies-from-browser chrome --cookies data/output/cookies.txt -x --audio-format mp3 --audio-quality 0 -o data/output/audio/%(id)s.%(ext)s https://www.youtube.com/watch?v=mbEqoCV16q4
2026-02-16 22:46:34 [INFO] journal_utilities.downloader: Audio for mbEqoCV16q4: failed (Audio download timed out)
2026-02-16 22:46:35 [INFO] download_channel: [631/694] Processing Sxst-xBTMvU — ActInf GuestStream #005.1 ~ Martin Biehl
2026-02-16 22:46:35 [DEBUG] journal_utilities.downloader: yt-dlp audio cmd: yt-dlp --no-warnings --cookies-from-browser chrome --cookies data/output/cookies.txt -x --audio-format mp3 --audio-quality 0 -o data/output/audio/%(id)s.%(ext)s https://www.youtube.com/watch?v=Sxst-xBTMvU
2026-02-16 22:56:35 [INFO] journal_utilities.downloader: Audio for Sxst-xBTMvU: failed (Audio download timed out)
2026-02-16 22:56:36 [INFO] download_channel: [632/694] Processing PakWPvu07OM — ActInf Livestream #021.04 ~ John Boik
2026-02-16 22:56:36 [DEBUG] journal_utilities.downloader: yt-dlp audio cmd: yt-dlp --no-warnings --cookies-from-browser chrome --cookies data/output/cookies.txt -x --audio-format mp3 --audio-quality 0 -o data/output/audio/%(id)s.%(ext)s https://www.youtube.com/watch?v=PakWPvu07OM
2026-02-16 23:06:36 [INFO] journal_utilities.downloader: Audio for PakWPvu07OM: failed (Audio download timed out)
2026-02-16 23:06:37 [INFO] download_channel: [633/694] Processing q3qBepJf3vA — ActInf Livestream #020.2 ~ The Emperor’s New Markov Blankets
2026-02-16 23:06:37 [DEBUG] journal_utilities.downloader: yt-dlp audio cmd: yt-dlp --no-warnings --cookies-from-browser chrome --cookies data/output/cookies.txt -x --audio-format mp3 --audio-quality 0 -o data/output/audio/%(id)s.%(ext)s https://www.youtube.com/watch?v=q3qBepJf3vA
2026-02-16 23:16:37 [INFO] journal_utilities.downloader: Audio for q3qBepJf3vA: failed (Audio download timed out)
2026-02-16 23:16:38 [INFO] download_channel: [634/694] Processing idO34jucRIw — ActInf Livestream #021.03 ~ John Boik
2026-02-16 23:16:38 [DEBUG] journal_utilities.downloader: yt-dlp audio cmd: yt-dlp --no-warnings --cookies-from-browser chrome --cookies data/output/cookies.txt -x --audio-format mp3 --audio-quality 0 -o data/output/audio/%(id)s.%(ext)s https://www.youtube.com/watch?v=idO34jucRIw
2026-02-16 23:26:38 [INFO] journal_utilities.downloader: Audio for idO34jucRIw: failed (Audio download timed out)
2026-02-16 23:26:39 [INFO] download_channel: [635/694] Processing UDm0lriAIJw — ActInf ModelStream #002.1 ~ Noor Sajid & Philip Ball
2026-02-16 23:26:39 [DEBUG] journal_utilities.downloader: yt-dlp audio cmd: yt-dlp --no-warnings --cookies-from-browser chrome --cookies data/output/cookies.txt -x --audio-format mp3 --audio-quality 0 -o data/output/audio/%(id)s.%(ext)s https://www.youtube.com/watch?v=UDm0lriAIJw
2026-02-16 23:36:39 [INFO] journal_utilities.downloader: Audio for UDm0lriAIJw: failed (Audio download timed out)
2026-02-16 23:36:40 [INFO] download_channel: [636/694] Processing 1VTviUyntt8 — ActInf Livestream #020.0 ~ The Emperor’s New Markov Blankets
2026-02-16 23:36:40 [DEBUG] journal_utilities.downloader: yt-dlp audio cmd: yt-dlp --no-warnings --cookies-from-browser chrome --cookies data/output/cookies.txt -x --audio-format mp3 --audio-quality 0 -o data/output/audio/%(id)s.%(ext)s https://www.youtube.com/watch?v=1VTviUyntt8
2026-02-16 23:46:40 [INFO] journal_utilities.downloader: Audio for 1VTviUyntt8: failed (Audio download timed out)
2026-02-16 23:46:41 [INFO] download_channel: [637/694] Processing qEkW4YsN5PY — ActInf GuestStream #004.1 ~ Elliot Murphy
2026-02-16 23:46:41 [DEBUG] journal_utilities.downloader: yt-dlp audio cmd: yt-dlp --no-warnings --cookies-from-browser chrome --cookies data/output/cookies.txt -x --audio-format mp3 --audio-quality 0 -o data/output/audio/%(id)s.%(ext)s https://www.youtube.com/watch?v=qEkW4YsN5PY
2026-02-16 23:56:42 [INFO] journal_utilities.downloader: Audio for qEkW4YsN5PY: failed (Audio download timed out)
2026-02-16 23:56:43 [INFO] download_channel: [638/694] Processing z_hArARMQ20 — ActInf Livestream #019.2 ~ Deeply Felt Affect: The Emergence of Valence in Deep Active Inference
2026-02-16 23:56:43 [DEBUG] journal_utilities.downloader: yt-dlp audio cmd: yt-dlp --no-warnings --cookies-from-browser chrome --cookies data/output/cookies.txt -x --audio-format mp3 --audio-quality 0 -o data/output/audio/%(id)s.%(ext)s https://www.youtube.com/watch?v=z_hArARMQ20
2026-02-17 00:06:43 [INFO] journal_utilities.downloader: Audio for z_hArARMQ20: failed (Audio download timed out)
2026-02-17 00:06:44 [INFO] download_channel: [639/694] Processing YS2X_oW6NrM — ActInf GuestStream #003.1 ~ Sarah Hashkes, "Active Inference, VR, and Psychedelics"
2026-02-17 00:06:44 [DEBUG] journal_utilities.downloader: yt-dlp audio cmd: yt-dlp --no-warnings --cookies-from-browser chrome --cookies data/output/cookies.txt -x --audio-format mp3 --audio-quality 0 -o data/output/audio/%(id)s.%(ext)s https://www.youtube.com/watch?v=YS2X_oW6NrM
2026-02-17 00:16:44 [INFO] journal_utilities.downloader: Audio for YS2X_oW6NrM: failed (Audio download timed out)
2026-02-17 00:16:45 [INFO] download_channel: [640/694] Processing z9ZCjd2rqGY — ActInf Livestream #021.01 ~ John Boik
2026-02-17 00:16:45 [DEBUG] journal_utilities.downloader: yt-dlp audio cmd: yt-dlp --no-warnings --cookies-from-browser chrome --cookies data/output/cookies.txt -x --audio-format mp3 --audio-quality 0 -o data/output/audio/%(id)s.%(ext)s https://www.youtube.com/watch?v=z9ZCjd2rqGY
2026-02-17 00:26:45 [INFO] journal_utilities.downloader: Audio for z9ZCjd2rqGY: failed (Audio download timed out)
2026-02-17 00:26:46 [INFO] download_channel: [641/694] Processing SMQvRspIzpQ — ActInf Livestream #019.1 ~ Deeply Felt Affect: The Emergence of Valence in Deep Active Inference
2026-02-17 00:26:46 [DEBUG] journal_utilities.downloader: yt-dlp audio cmd: yt-dlp --no-warnings --cookies-from-browser chrome --cookies data/output/cookies.txt -x --audio-format mp3 --audio-quality 0 -o data/output/audio/%(id)s.%(ext)s https://www.youtube.com/watch?v=SMQvRspIzpQ
2026-02-17 00:36:46 [INFO] journal_utilities.downloader: Audio for SMQvRspIzpQ: failed (Audio download timed out)
2026-02-17 00:36:47 [INFO] download_channel: [642/694] Processing 1FbOzAJ8CRQ — ActInf Livestream #019.0 ~ Deeply Felt Affect: The Emergence of Valence in Deep Active Inference
2026-02-17 00:36:47 [DEBUG] journal_utilities.downloader: yt-dlp audio cmd: yt-dlp --no-warnings --cookies-from-browser chrome --cookies data/output/cookies.txt -x --audio-format mp3 --audio-quality 0 -o data/output/audio/%(id)s.%(ext)s https://www.youtube.com/watch?v=1FbOzAJ8CRQ
2026-02-17 00:46:47 [INFO] journal_utilities.downloader: Audio for 1FbOzAJ8CRQ: failed (Audio download timed out)
2026-02-17 00:46:48 [INFO] download_channel: [643/694] Processing 3iQBiClVHuo — ActInf Livestream #018.2 ~ The predictive global neuronal workspace: A formal act inf model
2026-02-17 00:46:48 [DEBUG] journal_utilities.downloader: yt-dlp audio cmd: yt-dlp --no-warnings --cookies-from-browser chrome --cookies data/output/cookies.txt -x --audio-format mp3 --audio-quality 0 -o data/output/audio/%(id)s.%(ext)s https://www.youtube.com/watch?v=3iQBiClVHuo
2026-02-17 00:56:48 [INFO] journal_utilities.downloader: Audio for 3iQBiClVHuo: failed (Audio download timed out)
2026-02-17 00:56:49 [INFO] download_channel: [644/694] Processing Y8Y4f-SEcsI — ActInf Livestream #018.1 ~ The predictive global neuronal workspace: A formal act inf model
2026-02-17 00:56:49 [DEBUG] journal_utilities.downloader: yt-dlp audio cmd: yt-dlp --no-warnings --cookies-from-browser chrome --cookies data/output/cookies.txt -x --audio-format mp3 --audio-quality 0 -o data/output/audio/%(id)s.%(ext)s https://www.youtube.com/watch?v=Y8Y4f-SEcsI
2026-02-17 01:06:49 [INFO] journal_utilities.downloader: Audio for Y8Y4f-SEcsI: failed (Audio download timed out)
2026-02-17 01:06:50 [INFO] download_channel: [645/694] Processing 5oSqT8a6-dQ — ActInf GuestStream #002.1 ~ Dimitris Bolis, PhD
2026-02-17 01:06:50 [DEBUG] journal_utilities.downloader: yt-dlp audio cmd: yt-dlp --no-warnings --cookies-from-browser chrome --cookies data/output/cookies.txt -x --audio-format mp3 --audio-quality 0 -o data/output/audio/%(id)s.%(ext)s https://www.youtube.com/watch?v=5oSqT8a6-dQ
2026-02-17 01:16:50 [INFO] journal_utilities.downloader: Audio for 5oSqT8a6-dQ: failed (Audio download timed out)
2026-02-17 01:16:51 [INFO] download_channel: [646/694] Processing 1z1MHiHiYuM — ActInf Livestream #018.0 ~ The predictive global neuronal workspace: A formal act inf model
2026-02-17 01:16:51 [DEBUG] journal_utilities.downloader: yt-dlp audio cmd: yt-dlp --no-warnings --cookies-from-browser chrome --cookies data/output/cookies.txt -x --audio-format mp3 --audio-quality 0 -o data/output/audio/%(id)s.%(ext)s https://www.youtube.com/watch?v=1z1MHiHiYuM
2026-02-17 01:26:51 [INFO] journal_utilities.downloader: Audio for 1z1MHiHiYuM: failed (Audio download timed out)
2026-02-17 01:26:52 [INFO] download_channel: [647/694] Processing zF-EUnA-di4 — ActInf Livestream #017.2 ~ Information flow in context-dependent hierarchical Bayesian inference
2026-02-17 01:26:52 [DEBUG] journal_utilities.downloader: yt-dlp audio cmd: yt-dlp --no-warnings --cookies-from-browser chrome --cookies data/output/cookies.txt -x --audio-format mp3 --audio-quality 0 -o data/output/audio/%(id)s.%(ext)s https://www.youtube.com/watch?v=zF-EUnA-di4
2026-02-17 01:36:52 [INFO] journal_utilities.downloader: Audio for zF-EUnA-di4: failed (Audio download timed out)
2026-02-17 01:36:53 [INFO] download_channel: [648/694] Processing ldg2An-tEIE — ActInf Livestream #017.1 ~ Information flow in context-dependent hierarchical Bayesian inference
2026-02-17 01:36:53 [DEBUG] journal_utilities.downloader: yt-dlp audio cmd: yt-dlp --no-warnings --cookies-from-browser chrome --cookies data/output/cookies.txt -x --audio-format mp3 --audio-quality 0 -o data/output/audio/%(id)s.%(ext)s https://www.youtube.com/watch?v=ldg2An-tEIE
2026-02-17 01:46:53 [INFO] journal_utilities.downloader: Audio for ldg2An-tEIE: failed (Audio download timed out)
2026-02-17 01:46:54 [INFO] download_channel: [649/694] Processing o7sJ-5vFJGk — ActInf Livestream #017.0 ~ Information flow in context-dependent hierarchical Bayesian inference
2026-02-17 01:46:54 [DEBUG] journal_utilities.downloader: yt-dlp audio cmd: yt-dlp --no-warnings --cookies-from-browser chrome --cookies data/output/cookies.txt -x --audio-format mp3 --audio-quality 0 -o data/output/audio/%(id)s.%(ext)s https://www.youtube.com/watch?v=o7sJ-5vFJGk
2026-02-17 01:56:54 [INFO] journal_utilities.downloader: Audio for o7sJ-5vFJGk: failed (Audio download timed out)
2026-02-17 01:56:55 [INFO] download_channel: [650/694] Processing jaw0QmAvAQU — ActInfLab ~ 2021 Quarterly Roundtable #1
2026-02-17 01:56:55 [DEBUG] journal_utilities.downloader: yt-dlp audio cmd: yt-dlp --no-warnings --cookies-from-browser chrome --cookies data/output/cookies.txt -x --audio-format mp3 --audio-quality 0 -o data/output/audio/%(id)s.%(ext)s https://www.youtube.com/watch?v=jaw0QmAvAQU
2026-02-17 02:06:55 [INFO] journal_utilities.downloader: Audio for jaw0QmAvAQU: failed (Audio download timed out)
2026-02-17 02:06:56 [INFO] download_channel: [651/694] Processing HZoZtiSwMvA — ActInf GuestStream #001.1 ~ Majid D. Beni “A critical analysis of Markovian monism"
2026-02-17 02:06:56 [DEBUG] journal_utilities.downloader: yt-dlp audio cmd: yt-dlp --no-warnings --cookies-from-browser chrome --cookies data/output/cookies.txt -x --audio-format mp3 --audio-quality 0 -o data/output/audio/%(id)s.%(ext)s https://www.youtube.com/watch?v=HZoZtiSwMvA
2026-02-17 02:16:56 [INFO] journal_utilities.downloader: Audio for HZoZtiSwMvA: failed (Audio download timed out)
2026-02-17 02:16:57 [INFO] download_channel: [652/694] Processing 93lAa-xEmHY — ActInf Livestream #016.2: “Neural correlates of consciousness under the FEP"
2026-02-17 02:16:57 [DEBUG] journal_utilities.downloader: yt-dlp audio cmd: yt-dlp --no-warnings --cookies-from-browser chrome --cookies data/output/cookies.txt -x --audio-format mp3 --audio-quality 0 -o data/output/audio/%(id)s.%(ext)s https://www.youtube.com/watch?v=93lAa-xEmHY
2026-02-17 02:26:58 [INFO] journal_utilities.downloader: Audio for 93lAa-xEmHY: failed (Audio download timed out)
2026-02-17 02:26:59 [INFO] download_channel: [653/694] Processing P6LiF4gTfUo — ActInf Livestream #016.1: “Neural correlates of consciousness under the FEP"
2026-02-17 02:26:59 [DEBUG] journal_utilities.downloader: yt-dlp audio cmd: yt-dlp --no-warnings --cookies-from-browser chrome --cookies data/output/cookies.txt -x --audio-format mp3 --audio-quality 0 -o data/output/audio/%(id)s.%(ext)s https://www.youtube.com/watch?v=P6LiF4gTfUo
2026-02-17 02:36:59 [INFO] journal_utilities.downloader: Audio for P6LiF4gTfUo: failed (Audio download timed out)
2026-02-17 02:37:00 [INFO] download_channel: [654/694] Processing i13aBAWuJxk — ActInf Livestream #016.0: “Neural correlates of consciousness under the FEP"
2026-02-17 02:37:00 [DEBUG] journal_utilities.downloader: yt-dlp audio cmd: yt-dlp --no-warnings --cookies-from-browser chrome --cookies data/output/cookies.txt -x --audio-format mp3 --audio-quality 0 -o data/output/audio/%(id)s.%(ext)s https://www.youtube.com/watch?v=i13aBAWuJxk
2026-02-17 02:47:00 [INFO] journal_utilities.downloader: Audio for i13aBAWuJxk: failed (Audio download timed out)
2026-02-17 02:47:01 [INFO] download_channel: [655/694] Processing iJp_Tm6Ej68 — ActInf Livestream #015.2 ~ “Free-Energy Principle, Computationalism and Realism: a Tragedy"
2026-02-17 02:47:01 [DEBUG] journal_utilities.downloader: yt-dlp audio cmd: yt-dlp --no-warnings --cookies-from-browser chrome --cookies data/output/cookies.txt -x --audio-format mp3 --audio-quality 0 -o data/output/audio/%(id)s.%(ext)s https://www.youtube.com/watch?v=iJp_Tm6Ej68
2026-02-17 02:57:01 [INFO] journal_utilities.downloader: Audio for iJp_Tm6Ej68: failed (Audio download timed out)
2026-02-17 02:57:02 [INFO] download_channel: [656/694] Processing QRGaGmT-VFM — ActInf ModelStream #001.4: "A Step-by-Step Tutorial on Active Inference"
2026-02-17 02:57:02 [DEBUG] journal_utilities.downloader: yt-dlp audio cmd: yt-dlp --no-warnings --cookies-from-browser chrome --cookies data/output/cookies.txt -x --audio-format mp3 --audio-quality 0 -o data/output/audio/%(id)s.%(ext)s https://www.youtube.com/watch?v=QRGaGmT-VFM
2026-02-17 03:07:02 [INFO] journal_utilities.downloader: Audio for QRGaGmT-VFM: failed (Audio download timed out)
2026-02-17 03:07:03 [INFO] download_channel: [657/694] Processing 5VPKmVoRvRY — ActInf Livestream #015.1 ~ “Free-Energy Principle, Computationalism and Realism: a Tragedy"
2026-02-17 03:07:03 [DEBUG] journal_utilities.downloader: yt-dlp audio cmd: yt-dlp --no-warnings --cookies-from-browser chrome --cookies data/output/cookies.txt -x --audio-format mp3 --audio-quality 0 -o data/output/audio/%(id)s.%(ext)s https://www.youtube.com/watch?v=5VPKmVoRvRY
2026-02-17 03:17:03 [INFO] journal_utilities.downloader: Audio for 5VPKmVoRvRY: failed (Audio download timed out)
2026-02-17 03:17:04 [INFO] download_channel: [658/694] Processing vacR2gYgOxk — ActInf ModelStream #001.3: "A Step-by-Step Tutorial on Active Inference"
2026-02-17 03:17:04 [DEBUG] journal_utilities.downloader: yt-dlp audio cmd: yt-dlp --no-warnings --cookies-from-browser chrome --cookies data/output/cookies.txt -x --audio-format mp3 --audio-quality 0 -o data/output/audio/%(id)s.%(ext)s https://www.youtube.com/watch?v=vacR2gYgOxk
2026-02-17 03:27:04 [INFO] journal_utilities.downloader: Audio for vacR2gYgOxk: failed (Audio download timed out)
2026-02-17 03:27:05 [INFO] download_channel: [659/694] Processing 6Z-6p1XPn8A — ActInf Livestream #015.0 ~ “Free-Energy Principle, Computationalism and Realism: a Tragedy"
2026-02-17 03:27:05 [DEBUG] journal_utilities.downloader: yt-dlp audio cmd: yt-dlp --no-warnings --cookies-from-browser chrome --cookies data/output/cookies.txt -x --audio-format mp3 --audio-quality 0 -o data/output/audio/%(id)s.%(ext)s https://www.youtube.com/watch?v=6Z-6p1XPn8A
2026-02-17 03:37:05 [INFO] journal_utilities.downloader: Audio for 6Z-6p1XPn8A: failed (Audio download timed out)
2026-02-17 03:37:06 [INFO] download_channel: [660/694] Processing 4Mu8lDqzBog — ActInf Livestream #014.2 ~ The Math is not the Territory: Navigating the Free Energy Principle
2026-02-17 03:37:06 [DEBUG] journal_utilities.downloader: yt-dlp audio cmd: yt-dlp --no-warnings --cookies-from-browser chrome --cookies data/output/cookies.txt -x --audio-format mp3 --audio-quality 0 -o data/output/audio/%(id)s.%(ext)s https://www.youtube.com/watch?v=4Mu8lDqzBog
2026-02-17 03:47:06 [INFO] journal_utilities.downloader: Audio for 4Mu8lDqzBog: failed (Audio download timed out)
2026-02-17 03:47:07 [INFO] download_channel: [661/694] Processing bDJbEofbvyk — ActInf ModelStream #001.2: "A Step-by-Step Tutorial on Active Inference"
2026-02-17 03:47:07 [DEBUG] journal_utilities.downloader: yt-dlp audio cmd: yt-dlp --no-warnings --cookies-from-browser chrome --cookies data/output/cookies.txt -x --audio-format mp3 --audio-quality 0 -o data/output/audio/%(id)s.%(ext)s https://www.youtube.com/watch?v=bDJbEofbvyk
2026-02-17 03:57:07 [INFO] journal_utilities.downloader: Audio for bDJbEofbvyk: failed (Audio download timed out)
2026-02-17 03:57:08 [INFO] download_channel: [662/694] Processing gQQyd8Hd3AA — ActInf Livestream #014.1 ~ The Math is not the Territory: Navigating the Free Energy Principle
2026-02-17 03:57:08 [DEBUG] journal_utilities.downloader: yt-dlp audio cmd: yt-dlp --no-warnings --cookies-from-browser chrome --cookies data/output/cookies.txt -x --audio-format mp3 --audio-quality 0 -o data/output/audio/%(id)s.%(ext)s https://www.youtube.com/watch?v=gQQyd8Hd3AA
2026-02-17 04:07:09 [INFO] journal_utilities.downloader: Audio for gQQyd8Hd3AA: failed (Audio download timed out)
2026-02-17 04:07:10 [INFO] download_channel: [663/694] Processing Uheml5XRCWk — ActInf Livestream #014.0 ~ The Math is not the Territory: Navigating the Free Energy Principle
2026-02-17 04:07:11 [DEBUG] journal_utilities.downloader: yt-dlp audio cmd: yt-dlp --no-warnings --cookies-from-browser chrome --cookies data/output/cookies.txt -x --audio-format mp3 --audio-quality 0 -o data/output/audio/%(id)s.%(ext)s https://www.youtube.com/watch?v=Uheml5XRCWk
2026-02-17 04:17:12 [INFO] journal_utilities.downloader: Audio for Uheml5XRCWk: failed (Audio download timed out)
2026-02-17 04:17:13 [INFO] download_channel: [664/694] Processing H5AolqFl2Nw — ActInf ModelStream #001.1: "A Step-by-Step Tutorial on Active Inference"
2026-02-17 04:17:13 [DEBUG] journal_utilities.downloader: yt-dlp audio cmd: yt-dlp --no-warnings --cookies-from-browser chrome --cookies data/output/cookies.txt -x --audio-format mp3 --audio-quality 0 -o data/output/audio/%(id)s.%(ext)s https://www.youtube.com/watch?v=H5AolqFl2Nw
2026-02-17 04:27:14 [INFO] journal_utilities.downloader: Audio for H5AolqFl2Nw: failed (Audio download timed out)
2026-02-17 04:27:15 [INFO] download_channel: [665/694] Processing PyyHd4P8dbs — ActInf Livestream #013.2: "Cybernetic Big Five Theory with the Free Energy Principle"
2026-02-17 04:27:15 [DEBUG] journal_utilities.downloader: yt-dlp audio cmd: yt-dlp --no-warnings --cookies-from-browser chrome --cookies data/output/cookies.txt -x --audio-format mp3 --audio-quality 0 -o data/output/audio/%(id)s.%(ext)s https://www.youtube.com/watch?v=PyyHd4P8dbs
2026-02-17 04:37:16 [INFO] journal_utilities.downloader: Audio for PyyHd4P8dbs: failed (Audio download timed out)
2026-02-17 04:37:17 [INFO] download_channel: [666/694] Processing QG2gOoX4XdA — ActInf Livestream #013.1: "Cybernetic Big Five Theory with the Free Energy Principle..."
2026-02-17 04:37:17 [DEBUG] journal_utilities.downloader: yt-dlp audio cmd: yt-dlp --no-warnings --cookies-from-browser chrome --cookies data/output/cookies.txt -x --audio-format mp3 --audio-quality 0 -o data/output/audio/%(id)s.%(ext)s https://www.youtube.com/watch?v=QG2gOoX4XdA
