2026-02-15 15:12:28 [INFO] download_channel: ============================================================
2026-02-15 15:12:28 [INFO] download_channel: Active Inference Channel Downloader
2026-02-15 15:12:28 [INFO] download_channel: ============================================================
2026-02-15 15:12:28 [INFO] download_channel: Loading channel manifest from data/output/channel_videos.json
2026-02-15 15:12:28 [INFO] journal_utilities.channel: Loading channel manifest from data/output/channel_videos.json
2026-02-15 15:12:28 [INFO] journal_utilities.channel: Loaded manifest with 694 videos
2026-02-15 15:12:28 [INFO] download_channel: Channel manifest: 694 videos
2026-02-15 15:12:28 [INFO] download_channel: Starting downloads: 694 videos | transcripts=False audio=True video=False
2026-02-15 15:12:28 [INFO] download_channel: [1/694] Processing 5uTr029Vzkg — 5th Applied Active Inference Symposium (Part 2, Nov 13, 2025) ~ (Full reupload)
2026-02-15 15:12:28 [INFO] journal_utilities.downloader: Audio already exists for 5uTr029Vzkg, skipping
2026-02-15 15:12:28 [INFO] journal_utilities.downloader: Audio for 5uTr029Vzkg: skipped
2026-02-15 15:12:29 [INFO] download_channel: [2/694] Processing qUJK1IDxKzg — Generalized Coordinates in RxInfer.jl
2026-02-15 15:12:29 [INFO] journal_utilities.downloader: Audio already exists for qUJK1IDxKzg, skipping
2026-02-15 15:12:29 [INFO] journal_utilities.downloader: Audio for qUJK1IDxKzg: skipped
2026-02-15 15:12:30 [INFO] download_channel: [3/694] Processing tmsY1ep8ZF4 — ActInf Textbook Group ~ Cohort 7 ~ Session 25 (Chapter 10) ~ 4/24/2025
2026-02-15 15:12:30 [INFO] journal_utilities.downloader: Audio already exists for tmsY1ep8ZF4, skipping
2026-02-15 15:12:30 [INFO] journal_utilities.downloader: Audio for tmsY1ep8ZF4: skipped
2026-02-15 15:12:31 [INFO] download_channel: [4/694] Processing tg1LkHTy0h0 — ActInf Textbook Group ~ Cohort 7 ~ Session 4 (Chapter 2, part 2) ~ 8/12/2024
2026-02-15 15:12:31 [INFO] journal_utilities.downloader: Audio already exists for tg1LkHTy0h0, skipping
2026-02-15 15:12:31 [INFO] journal_utilities.downloader: Audio for tg1LkHTy0h0: skipped
2026-02-15 15:12:32 [INFO] download_channel: [5/694] Processing rblchIvoEIY — ActInf Textbook Group ~ Cohort 7 ~ Session 3 (Modeling & General Discussion) ~ 7/29/2024
2026-02-15 15:12:32 [INFO] journal_utilities.downloader: Audio already exists for rblchIvoEIY, skipping
2026-02-15 15:12:32 [INFO] journal_utilities.downloader: Audio for rblchIvoEIY: skipped
2026-02-15 15:12:33 [INFO] download_channel: [6/694] Processing oDneqzXQNJo — ActInf Textbook Group ~ Cohort 7 ~ Session 5 (Chapter 2 +++ Open Discussion) ~ 8/12/2024
2026-02-15 15:12:33 [INFO] journal_utilities.downloader: Audio already exists for oDneqzXQNJo, skipping
2026-02-15 15:12:33 [INFO] journal_utilities.downloader: Audio for oDneqzXQNJo: skipped
2026-02-15 15:12:34 [INFO] download_channel: [7/694] Processing hHhIUocRkts — ActInf Textbook Group ~ Cohort 7 ~ Session 24 (Chapter 10) ~ 4/17/2025
2026-02-15 15:12:34 [INFO] journal_utilities.downloader: Audio already exists for hHhIUocRkts, skipping
2026-02-15 15:12:34 [INFO] journal_utilities.downloader: Audio for hHhIUocRkts: skipped
2026-02-15 15:12:35 [INFO] download_channel: [8/694] Processing h-TSZspHRvE — ActInf Textbook Group ~ Cohort 7 ~ Session 23 (Chapter 9) ~ 4/10/2025
2026-02-15 15:12:35 [INFO] journal_utilities.downloader: Audio already exists for h-TSZspHRvE, skipping
2026-02-15 15:12:35 [INFO] journal_utilities.downloader: Audio for h-TSZspHRvE: skipped
2026-02-15 15:12:36 [INFO] download_channel: [9/694] Processing fJTlecxnGD4 — ActInf Textbook Group ~ Cohort 7 ~ Session 20 (Chapter 8) ~ 3/20/2025
2026-02-15 15:12:36 [INFO] journal_utilities.downloader: Audio already exists for fJTlecxnGD4, skipping
2026-02-15 15:12:36 [INFO] journal_utilities.downloader: Audio for fJTlecxnGD4: skipped
2026-02-15 15:12:37 [INFO] download_channel: [10/694] Processing ee7P_RFYOFI — ActInf Textbook Group ~ Cohort 7 ~ Session 11 (Chapter 4) ~ 9/23/2024
2026-02-15 15:12:37 [INFO] journal_utilities.downloader: Audio already exists for ee7P_RFYOFI, skipping
2026-02-15 15:12:37 [INFO] journal_utilities.downloader: Audio for ee7P_RFYOFI: skipped
2026-02-15 15:12:38 [INFO] download_channel: [11/694] Processing c0oEqJhXSts — ActInf Textbook Group ~ Cohort 7 ~ Session 16 (Chapter 6) ~ 2/20/2025
2026-02-15 15:12:38 [INFO] journal_utilities.downloader: Audio already exists for c0oEqJhXSts, skipping
2026-02-15 15:12:38 [INFO] journal_utilities.downloader: Audio for c0oEqJhXSts: skipped
2026-02-15 15:12:39 [INFO] download_channel: [12/694] Processing YyKoz1yeEPQ — ActInf Textbook Group ~ Cohort 7 ~ Session 4 (Chapter 2, part 1) ~ 8/5/2024
2026-02-15 15:12:39 [INFO] journal_utilities.downloader: Audio already exists for YyKoz1yeEPQ, skipping
2026-02-15 15:12:39 [INFO] journal_utilities.downloader: Audio for YyKoz1yeEPQ: skipped
2026-02-15 15:12:40 [INFO] download_channel: [13/694] Processing Vp07CwdeD5o — ActInf Textbook Group ~ Cohort 7 ~ Session 1 (Chapter 1, Part 1) ~ 7/15/2024
2026-02-15 15:12:40 [INFO] journal_utilities.downloader: Audio already exists for Vp07CwdeD5o, skipping
2026-02-15 15:12:40 [INFO] journal_utilities.downloader: Audio for Vp07CwdeD5o: skipped
2026-02-15 15:12:41 [INFO] download_channel: [14/694] Processing P0uVOg81qE8 — ActInf Textbook Group ~ Cohort 7 ~ Session 21 (Chapter 8) ~ 3/27/2025
2026-02-15 15:12:41 [INFO] journal_utilities.downloader: Audio already exists for P0uVOg81qE8, skipping
2026-02-15 15:12:41 [INFO] journal_utilities.downloader: Audio for P0uVOg81qE8: skipped
2026-02-15 15:12:42 [INFO] download_channel: [15/694] Processing M3r2AMBFZBo — ActInf Textbook Group ~ Cohort 7 ~ Session 6 (Chapter 3) ~ 8/26/2024
2026-02-15 15:12:42 [INFO] journal_utilities.downloader: Audio already exists for M3r2AMBFZBo, skipping
2026-02-15 15:12:42 [INFO] journal_utilities.downloader: Audio for M3r2AMBFZBo: skipped
2026-02-15 15:12:43 [INFO] download_channel: [16/694] Processing KrzDtSB9KWw — ActInf Textbook Group ~ Cohort 7 ~ Session 22 (Chapter 9) ~ 4/3/2025
2026-02-15 15:12:43 [INFO] journal_utilities.downloader: Audio already exists for KrzDtSB9KWw, skipping
2026-02-15 15:12:43 [INFO] journal_utilities.downloader: Audio for KrzDtSB9KWw: skipped
2026-02-15 15:12:44 [INFO] download_channel: [17/694] Processing G2BaTneyOLA — ActInf Textbook Group ~ Cohort 8 ~ Session 7 (Chapter 4) ~ 4/3/2025
2026-02-15 15:12:44 [INFO] journal_utilities.downloader: Audio already exists for G2BaTneyOLA, skipping
2026-02-15 15:12:44 [INFO] journal_utilities.downloader: Audio for G2BaTneyOLA: skipped
2026-02-15 15:12:45 [INFO] download_channel: [18/694] Processing CV7fsxhgVe0 — ActInf Textbook Group ~ Cohort 7 ~ Session 17 (Chapter 6) ~ 2/27/2025
2026-02-15 15:12:45 [INFO] journal_utilities.downloader: Audio already exists for CV7fsxhgVe0, skipping
2026-02-15 15:12:45 [INFO] journal_utilities.downloader: Audio for CV7fsxhgVe0: skipped
2026-02-15 15:12:46 [INFO] download_channel: [19/694] Processing 4ufIGiX0BWw — ActInf Textbook Group ~ Cohort 7 ~ Session 19 (Chapter 7) ~ 3/13/2025
2026-02-15 15:12:46 [INFO] journal_utilities.downloader: Audio already exists for 4ufIGiX0BWw, skipping
2026-02-15 15:12:46 [INFO] journal_utilities.downloader: Audio for 4ufIGiX0BWw: skipped
2026-02-15 15:12:47 [INFO] download_channel: [20/694] Processing 3zdTINcxZC0 — ActInf Textbook Group ~ Cohort 7 ~ Session 18 (Chapter 7) ~ 3/6/2025
2026-02-15 15:12:47 [INFO] journal_utilities.downloader: Audio already exists for 3zdTINcxZC0, skipping
2026-02-15 15:12:47 [INFO] journal_utilities.downloader: Audio for 3zdTINcxZC0: skipped
2026-02-15 15:12:48 [INFO] download_channel: [21/694] Processing 0FNa9vMVZ5I — ActInf Textbook Group ~ Cohort 7 ~ Session 2 (Chapter 1, Part 2) ~ 7/22/2024
2026-02-15 15:12:48 [INFO] journal_utilities.downloader: Audio already exists for 0FNa9vMVZ5I, skipping
2026-02-15 15:12:48 [INFO] journal_utilities.downloader: Audio for 0FNa9vMVZ5I: skipped
2026-02-15 15:12:49 [INFO] download_channel: [22/694] Processing -7YZ8olj7Wo — ActInf Textbook Group ~ Cohort 7 ~ Session 7 (Chapter 4) ~ 9/16/2024
2026-02-15 15:12:49 [INFO] journal_utilities.downloader: Audio already exists for -7YZ8olj7Wo, skipping
2026-02-15 15:12:49 [INFO] journal_utilities.downloader: Audio for -7YZ8olj7Wo: skipped
2026-02-15 15:12:50 [INFO] download_channel: [23/694] Processing TaFwI2zr_lE — Audio-Visual Production project at the Institute seeks participants for 2025!
2026-02-15 15:12:50 [INFO] journal_utilities.downloader: Audio already exists for TaFwI2zr_lE, skipping
2026-02-15 15:12:50 [INFO] journal_utilities.downloader: Audio for TaFwI2zr_lE: skipped
2026-02-15 15:12:51 [INFO] download_channel: [24/694] Processing UYD8CR_Xorg — Bert Berkers: "Towards Autonomous Urban Digital Twins"
2026-02-15 15:12:51 [INFO] journal_utilities.downloader: Audio already exists for UYD8CR_Xorg, skipping
2026-02-15 15:12:51 [INFO] journal_utilities.downloader: Audio for UYD8CR_Xorg: skipped
2026-02-15 15:12:52 [INFO] download_channel: [25/694] Processing ynekj8F4zeY — William Gebhardt: “An Introduction to NGC-Learn: A Computational Neuroscience Library“
2026-02-15 15:12:52 [INFO] journal_utilities.downloader: Audio already exists for ynekj8F4zeY, skipping
2026-02-15 15:12:52 [INFO] journal_utilities.downloader: Audio for ynekj8F4zeY: skipped
2026-02-15 15:12:53 [INFO] download_channel: [26/694] Processing q5ZKdxc2tZI — John H Clippinger “Workshop part 1: Introduction to Applying Active Inference“
2026-02-15 15:12:53 [INFO] journal_utilities.downloader: Audio already exists for q5ZKdxc2tZI, skipping
2026-02-15 15:12:53 [INFO] journal_utilities.downloader: Audio for q5ZKdxc2tZI: skipped
2026-02-15 15:12:54 [INFO] download_channel: [27/694] Processing p77yZJ0Bf38 — Octopus: “Cognitive Bifurcations and Mathematical Explorations“
2026-02-15 15:12:54 [INFO] journal_utilities.downloader: Audio already exists for p77yZJ0Bf38, skipping
2026-02-15 15:12:54 [INFO] journal_utilities.downloader: Audio for p77yZJ0Bf38: skipped
2026-02-15 15:12:55 [INFO] download_channel: [28/694] Processing olybbchPgEY — John Boik: “CogNarr Ecosystem: Facilitating Group Cognition at Scale“
2026-02-15 15:12:55 [INFO] journal_utilities.downloader: Audio already exists for olybbchPgEY, skipping
2026-02-15 15:12:55 [INFO] journal_utilities.downloader: Audio for olybbchPgEY: skipped
2026-02-15 15:12:56 [INFO] download_channel: [29/694] Processing jnavry7c11A — Michael Lennon : “Co-inferencing Organizational Symbiosis“
2026-02-15 15:12:56 [INFO] journal_utilities.downloader: Audio already exists for jnavry7c11A, skipping
2026-02-15 15:12:56 [INFO] journal_utilities.downloader: Audio for jnavry7c11A: skipped
2026-02-15 15:12:57 [INFO] download_channel: [30/694] Processing geITY8aJJEA — Dmitry Bagaev: “RxInfer.jl updates and development“
2026-02-15 15:12:57 [INFO] journal_utilities.downloader: Audio already exists for geITY8aJJEA, skipping
2026-02-15 15:12:57 [INFO] journal_utilities.downloader: Audio for geITY8aJJEA: skipped
2026-02-15 15:12:58 [INFO] download_channel: [31/694] Processing gEmvzUQjQVI — Steffen Bollman & Bradly Alicea: “Open Strategies Interest Group“
2026-02-15 15:12:58 [INFO] journal_utilities.downloader: Audio already exists for gEmvzUQjQVI, skipping
2026-02-15 15:12:58 [INFO] journal_utilities.downloader: Audio for gEmvzUQjQVI: skipped
2026-02-15 15:12:59 [INFO] download_channel: [32/694] Processing fbz2VUi-MOo — Livestream 058.2: "From pixels to planning: scale free active inference"
2026-02-15 15:12:59 [INFO] journal_utilities.downloader: Audio already exists for fbz2VUi-MOo, skipping
2026-02-15 15:12:59 [INFO] journal_utilities.downloader: Audio for fbz2VUi-MOo: skipped
2026-02-15 15:13:00 [INFO] download_channel: [33/694] Processing bPJMnFeaoOc — Alex Kiefer: “Resilience from an active inference perspective“
2026-02-15 15:13:00 [INFO] journal_utilities.downloader: Audio already exists for bPJMnFeaoOc, skipping
2026-02-15 15:13:00 [INFO] journal_utilities.downloader: Audio for bPJMnFeaoOc: skipped
2026-02-15 15:13:01 [INFO] download_channel: [34/694] Processing _gjGH0Y_Cgo — Denise Holt: “The Potential Impact of Decentralized AI through Active Inference and Spatial Web“
2026-02-15 15:13:01 [INFO] journal_utilities.downloader: Audio already exists for _gjGH0Y_Cgo, skipping
2026-02-15 15:13:01 [INFO] journal_utilities.downloader: Audio for _gjGH0Y_Cgo: skipped
2026-02-15 15:13:02 [INFO] download_channel: [35/694] Processing _D3uUU1N0bw — "Accounting for Multi scalar and Conscious Psychobiological Phenomena via Quantum Entanglement"
2026-02-15 15:13:02 [INFO] journal_utilities.downloader: Audio already exists for _D3uUU1N0bw, skipping
2026-02-15 15:13:02 [INFO] journal_utilities.downloader: Audio for _D3uUU1N0bw: skipped
2026-02-15 15:13:03 [INFO] download_channel: [36/694] Processing WxTOeCnQNmY — Karl Friston & Alexander Ororbia: “First Day ~ Symposium Roundtable Discussion“
2026-02-15 15:13:03 [INFO] journal_utilities.downloader: Audio already exists for WxTOeCnQNmY, skipping
2026-02-15 15:13:03 [INFO] journal_utilities.downloader: Audio for WxTOeCnQNmY: skipped
2026-02-15 15:13:04 [INFO] download_channel: [37/694] Processing TsQQX3ZdEmA — Anna Pereira: “Research Fellow Update“
2026-02-15 15:13:04 [INFO] journal_utilities.downloader: Audio already exists for TsQQX3ZdEmA, skipping
2026-02-15 15:13:04 [INFO] journal_utilities.downloader: Audio for TsQQX3ZdEmA: skipped
2026-02-15 15:13:05 [INFO] download_channel: [38/694] Processing P3h51-J4g8M — Matthew Brown: “Real-Time Active Inference for Adaptive Robotic Control“
2026-02-15 15:13:05 [INFO] journal_utilities.downloader: Audio already exists for P3h51-J4g8M, skipping
2026-02-15 15:13:05 [INFO] journal_utilities.downloader: Audio for P3h51-J4g8M: skipped
2026-02-15 15:13:06 [INFO] download_channel: [39/694] Processing OCCIDeeKOMA — Bridging Biology and Al Active Inference for Biologically Plausible Decision Making Models
2026-02-15 15:13:06 [INFO] journal_utilities.downloader: Audio already exists for OCCIDeeKOMA, skipping
2026-02-15 15:13:06 [INFO] journal_utilities.downloader: Audio for OCCIDeeKOMA: skipped
2026-02-15 15:13:07 [INFO] download_channel: [40/694] Processing MRTULbP1ZKs — Introducing Activelnference jl, a julia package for simulating active inference models and fitting t
2026-02-15 15:13:07 [INFO] journal_utilities.downloader: Audio already exists for MRTULbP1ZKs, skipping
2026-02-15 15:13:07 [INFO] journal_utilities.downloader: Audio for MRTULbP1ZKs: skipped
2026-02-15 15:13:08 [INFO] download_channel: [41/694] Processing LI_ZIXys1xU — A convergence of TAME (Levin 2022) and Active Inference FEP perspectives on dissociative experiences
2026-02-15 15:13:08 [INFO] journal_utilities.downloader: Audio already exists for LI_ZIXys1xU, skipping
2026-02-15 15:13:08 [INFO] journal_utilities.downloader: Audio for LI_ZIXys1xU: skipped
2026-02-15 15:13:09 [INFO] download_channel: [42/694] Processing KR9KCKQ-KJo — Viet Dung Nguyen "Dynamic Prior Preference Learning for Scalable, Robust Deep Active Inference"
2026-02-15 15:13:09 [INFO] journal_utilities.downloader: Audio already exists for KR9KCKQ-KJo, skipping
2026-02-15 15:13:09 [INFO] journal_utilities.downloader: Audio for KR9KCKQ-KJo: skipped
2026-02-15 15:13:10 [INFO] download_channel: [43/694] Processing G_Jksni5o8I — Giacomo Rossettini: “Placebo, nocebo and contextual effects: the missed link in clinical practice“
2026-02-15 15:13:10 [INFO] journal_utilities.downloader: Audio already exists for G_Jksni5o8I, skipping
2026-02-15 15:13:10 [INFO] journal_utilities.downloader: Audio for G_Jksni5o8I: skipped
2026-02-15 15:13:11 [INFO] download_channel: [44/694] Processing FlZa_odQymU — Bradly Alicea: “An Overview of Open Source and Open Science“
2026-02-15 15:13:11 [INFO] journal_utilities.downloader: Audio already exists for FlZa_odQymU, skipping
2026-02-15 15:13:11 [INFO] journal_utilities.downloader: Audio for FlZa_odQymU: skipped
2026-02-15 15:13:12 [INFO] download_channel: [45/694] Processing EkYlOX-f9sk — "Bridging Cognitive Processing and Social Dynamics New perspectives on Power and Active Ignorance"
2026-02-15 15:13:12 [INFO] journal_utilities.downloader: Audio already exists for EkYlOX-f9sk, skipping
2026-02-15 15:13:12 [INFO] journal_utilities.downloader: Audio for EkYlOX-f9sk: skipped
2026-02-15 15:13:13 [INFO] download_channel: [46/694] Processing E3xAZAs7YeA — John H Clippinger & Andrew Pashea: “BioFirm Workshop part 2"
2026-02-15 15:13:13 [INFO] journal_utilities.downloader: Audio already exists for E3xAZAs7YeA, skipping
2026-02-15 15:13:13 [INFO] journal_utilities.downloader: Audio for E3xAZAs7YeA: skipped
2026-02-15 15:13:14 [INFO] download_channel: [47/694] Processing C1Uqxg7mDCo — Purposefully Nonstandard Cybernetics an alternative to purpose driven control
2026-02-15 15:13:14 [INFO] journal_utilities.downloader: Audio already exists for C1Uqxg7mDCo, skipping
2026-02-15 15:13:14 [INFO] journal_utilities.downloader: Audio for C1Uqxg7mDCo: skipped
2026-02-15 15:13:15 [INFO] download_channel: [48/694] Processing 9v22c92LWHQ — Shagor Rahman: “Humanity’s Story: A Search for Moral Clarity“
2026-02-15 15:13:15 [INFO] journal_utilities.downloader: Audio already exists for 9v22c92LWHQ, skipping
2026-02-15 15:13:15 [INFO] journal_utilities.downloader: Audio for 9v22c92LWHQ: skipped
2026-02-15 15:13:16 [INFO] download_channel: [49/694] Processing 8X9K_gZWhqs — Mahault Albarracin: “Sustainability Under Active Inference“
2026-02-15 15:13:16 [INFO] journal_utilities.downloader: Audio already exists for 8X9K_gZWhqs, skipping
2026-02-15 15:13:16 [INFO] journal_utilities.downloader: Audio for 8X9K_gZWhqs: skipped
2026-02-15 15:13:17 [INFO] download_channel: [50/694] Processing 7FuojyQMabw — Jean-François Cloutier: “An experiment in artificial agency“
2026-02-15 15:13:17 [INFO] journal_utilities.downloader: Audio already exists for 7FuojyQMabw, skipping
2026-02-15 15:13:17 [INFO] journal_utilities.downloader: Audio for 7FuojyQMabw: skipped
2026-02-15 15:13:18 [INFO] download_channel: [51/694] Processing 1ZJBJGzOn0g — MLDawn "Brain in the Dark Design Principles for Neuromimetic Inference under Free Energy Principle"
2026-02-15 15:13:18 [INFO] journal_utilities.downloader: Audio already exists for 1ZJBJGzOn0g, skipping
2026-02-15 15:13:18 [INFO] journal_utilities.downloader: Audio for 1ZJBJGzOn0g: skipped
2026-02-15 15:13:19 [INFO] download_channel: [52/694] Processing 0A36OXIDLhQ — Ines Hipolito: “Dysfunctional Markov Blankets: From Stuck States to Adaptive Perturbations“
2026-02-15 15:13:19 [INFO] journal_utilities.downloader: Audio already exists for 0A36OXIDLhQ, skipping
2026-02-15 15:13:19 [INFO] journal_utilities.downloader: Audio for 0A36OXIDLhQ: skipped
2026-02-15 15:13:20 [INFO] download_channel: [53/694] Processing -39CESDAfLM — "Danceability as an Approximate Measure of Groove Collective Synchrony Through Music"
2026-02-15 15:13:20 [INFO] journal_utilities.downloader: Audio already exists for -39CESDAfLM, skipping
2026-02-15 15:13:20 [INFO] journal_utilities.downloader: Audio for -39CESDAfLM: skipped
2026-02-15 15:13:21 [INFO] download_channel: [54/694] Processing nCZZBuk_wmU — 4th Applied Active Inference Symposium (Part 2, Nov 14, 2024) ~ Full Upload
2026-02-15 15:13:21 [INFO] journal_utilities.downloader: Audio already exists for nCZZBuk_wmU, skipping
2026-02-15 15:13:21 [INFO] journal_utilities.downloader: Audio for nCZZBuk_wmU: skipped
2026-02-15 15:13:22 [INFO] download_channel: [55/694] Processing cIBIecj7UZE — 4th Applied Active Inference Symposium (Part 1, Nov 13, 2024) ~ Full Upload
2026-02-15 15:13:22 [INFO] journal_utilities.downloader: Audio already exists for cIBIecj7UZE, skipping
2026-02-15 15:13:22 [INFO] journal_utilities.downloader: Audio for cIBIecj7UZE: skipped
2026-02-15 15:13:23 [INFO] download_channel: [56/694] Processing s3iUvrVuckc — ActInf Textbook Group ~ Cohort 6 ~ Session 5 (Chapter 2, Part 2) ~ 2/26/2024
2026-02-15 15:13:23 [INFO] journal_utilities.downloader: Audio already exists for s3iUvrVuckc, skipping
2026-02-15 15:13:23 [INFO] journal_utilities.downloader: Audio for s3iUvrVuckc: skipped
2026-02-15 15:13:24 [INFO] download_channel: [57/694] Processing qYImZ0Gk298 — ActInf Textbook Group ~ Cohort 6 ~ Session 3 (Chapter 1, Part 2) ~ 2/12/2024
2026-02-15 15:13:24 [INFO] journal_utilities.downloader: Audio already exists for qYImZ0Gk298, skipping
2026-02-15 15:13:24 [INFO] journal_utilities.downloader: Audio for qYImZ0Gk298: skipped
2026-02-15 15:13:25 [INFO] download_channel: [58/694] Processing meHNspbSYto — ActInf Textbook Group ~ Cohort 6 ~ Session 19 (Chapter 8, Part 1) 8/26/2024
2026-02-15 15:13:25 [INFO] journal_utilities.downloader: Audio already exists for meHNspbSYto, skipping
2026-02-15 15:13:25 [INFO] journal_utilities.downloader: Audio for meHNspbSYto: skipped
2026-02-15 15:13:26 [INFO] download_channel: [59/694] Processing imqNCmLJMts — ActInf Textbook Group ~ Cohort 6 ~ Session 2 (Chapter 1, Part 1) ~ 2/5/2024
2026-02-15 15:13:26 [INFO] journal_utilities.downloader: Audio already exists for imqNCmLJMts, skipping
2026-02-15 15:13:26 [INFO] journal_utilities.downloader: Audio for imqNCmLJMts: skipped
2026-02-15 15:13:27 [INFO] download_channel: [60/694] Processing Yp8LSoHiMlk — ActInf Textbook Group ~ Cohort 6 ~ Session 16 (Chapter 7, Part 1) 8/5/2024
2026-02-15 15:13:27 [INFO] journal_utilities.downloader: Audio already exists for Yp8LSoHiMlk, skipping
2026-02-15 15:13:27 [INFO] journal_utilities.downloader: Audio for Yp8LSoHiMlk: skipped
2026-02-15 15:13:28 [INFO] download_channel: [61/694] Processing TZKflAT3JmY — ActInf Textbook Group ~ Cohort 6 ~ Session 21 (Applying Active Inference & Ontology) 9/9/2024
2026-02-15 15:13:28 [INFO] journal_utilities.downloader: Audio already exists for TZKflAT3JmY, skipping
2026-02-15 15:13:28 [INFO] journal_utilities.downloader: Audio for TZKflAT3JmY: skipped
2026-02-15 15:13:29 [INFO] download_channel: [62/694] Processing T1mQYCLkQo8 — ActInf Textbook Group ~ Cohort 6 ~ Session 22 (Chapter 9) 9/16/2024
2026-02-15 15:13:29 [INFO] journal_utilities.downloader: Audio already exists for T1mQYCLkQo8, skipping
2026-02-15 15:13:29 [INFO] journal_utilities.downloader: Audio for T1mQYCLkQo8: skipped
2026-02-15 15:13:30 [INFO] download_channel: [63/694] Processing nFHQ_Bjub3o — ActInf Textbook Group ~ Cohort 6 ~ Session 18 (Chapter 7, Part 3 / Applying ActInf) 8/12/2024
2026-02-15 15:13:30 [INFO] journal_utilities.downloader: Audio already exists for nFHQ_Bjub3o, skipping
2026-02-15 15:13:30 [INFO] journal_utilities.downloader: Audio for nFHQ_Bjub3o: skipped
2026-02-15 15:13:31 [INFO] download_channel: [64/694] Processing L6FW9v3m-JA — ActInf Textbook Group ~ Cohort 6 ~ Session 6 (Chapter 4, Part 2) ~ 3/25/2024
2026-02-15 15:13:31 [INFO] journal_utilities.downloader: Audio already exists for L6FW9v3m-JA, skipping
2026-02-15 15:13:31 [INFO] journal_utilities.downloader: Audio for L6FW9v3m-JA: skipped
2026-02-15 15:13:32 [INFO] download_channel: [65/694] Processing Ke0x0TrBROk — ActInf Textbook Group ~ Cohort 6 ~ Session 7 (Chapter 5, Part 1) ~ 4/1/2024
2026-02-15 15:13:32 [INFO] journal_utilities.downloader: Audio already exists for Ke0x0TrBROk, skipping
2026-02-15 15:13:32 [INFO] journal_utilities.downloader: Audio for Ke0x0TrBROk: skipped
2026-02-15 15:13:33 [INFO] download_channel: [66/694] Processing HEGhyTjMJOo — ActInf Textbook Group ~ Cohort 6 ~ Session 8 (Chapter 5, Part 2) ~ 4/8/2024
2026-02-15 15:13:33 [INFO] journal_utilities.downloader: Audio already exists for HEGhyTjMJOo, skipping
2026-02-15 15:13:33 [INFO] journal_utilities.downloader: Audio for HEGhyTjMJOo: skipped
2026-02-15 15:13:34 [INFO] download_channel: [67/694] Processing H-_iRin1vfI — ActInf Textbook Group ~ Cohort 6 ~ Session 13 (Chapter 6, Part 1) ~ 7/15/2024
2026-02-15 15:13:34 [INFO] journal_utilities.downloader: Audio already exists for H-_iRin1vfI, skipping
2026-02-15 15:13:34 [INFO] journal_utilities.downloader: Audio for H-_iRin1vfI: skipped
2026-02-15 15:13:35 [INFO] download_channel: [68/694] Processing Gt5vADpuw_g — ActInf Textbook Group ~ Cohort 6 ~ Session 6 (Chapter 4, Part 1) ~ 3/18/2024
2026-02-15 15:13:35 [INFO] journal_utilities.downloader: Audio already exists for Gt5vADpuw_g, skipping
2026-02-15 15:13:35 [INFO] journal_utilities.downloader: Audio for Gt5vADpuw_g: skipped
2026-02-15 15:13:36 [INFO] download_channel: [69/694] Processing ExQZpv43sSo — ActInf Textbook Group ~ Cohort 6 ~ Session 6 (Chapter 3, Part 2) ~ 3/11/2024
2026-02-15 15:13:36 [INFO] journal_utilities.downloader: Audio already exists for ExQZpv43sSo, skipping
2026-02-15 15:13:36 [INFO] journal_utilities.downloader: Audio for ExQZpv43sSo: skipped
2026-02-15 15:13:37 [INFO] download_channel: [70/694] Processing CEL1TfYypAk — ActInf Textbook Group ~ Cohort 6 ~ Session 17 (Chapter 7, Part 2) 8/12/2024
2026-02-15 15:13:37 [INFO] journal_utilities.downloader: Audio already exists for CEL1TfYypAk, skipping
2026-02-15 15:13:37 [INFO] journal_utilities.downloader: Audio for CEL1TfYypAk: skipped
2026-02-15 15:13:38 [INFO] download_channel: [71/694] Processing AJ245K2DC44 — ActInf Textbook Group ~ Cohort 6 ~ Session 4 (Chapter 2, Part 1) ~ 2/19/2024
2026-02-15 15:13:38 [INFO] journal_utilities.downloader: Audio already exists for AJ245K2DC44, skipping
2026-02-15 15:13:38 [INFO] journal_utilities.downloader: Audio for AJ245K2DC44: skipped
2026-02-15 15:13:39 [INFO] download_channel: [72/694] Processing 7Ru_taOprEA — ActInf Textbook Group ~ Cohort 6 ~ Session 5 (Chapter 3, Part 1) ~ 2/26/2024
2026-02-15 15:13:39 [INFO] journal_utilities.downloader: Audio already exists for 7Ru_taOprEA, skipping
2026-02-15 15:13:39 [INFO] journal_utilities.downloader: Audio for 7Ru_taOprEA: skipped
2026-02-15 15:13:40 [INFO] download_channel: [73/694] Processing 0rQWh-pBXSQ — ActInf Textbook Group ~ Cohort 6 ~ Session 15 (Applying Active Inference, Social Science) 7/22/2024
2026-02-15 15:13:40 [INFO] journal_utilities.downloader: Audio already exists for 0rQWh-pBXSQ, skipping
2026-02-15 15:13:40 [INFO] journal_utilities.downloader: Audio for 0rQWh-pBXSQ: skipped
2026-02-15 15:13:41 [INFO] download_channel: [74/694] Processing -DQ6B7cagQ0 — ActInf Textbook Group ~ Cohort 6 ~ Session 14 (Chapter 6, Part 2) ~ 7/22/2024
2026-02-15 15:13:41 [INFO] journal_utilities.downloader: Audio already exists for -DQ6B7cagQ0, skipping
2026-02-15 15:13:41 [INFO] journal_utilities.downloader: Audio for -DQ6B7cagQ0: skipped
2026-02-15 15:13:42 [INFO] download_channel: [75/694] Processing U6Edc13EQ_k — Google Video Vids Generative AI ~ Active Inference & Free Energy Principle EXPLAINED
2026-02-15 15:13:42 [INFO] journal_utilities.downloader: Audio already exists for U6Edc13EQ_k, skipping
2026-02-15 15:13:42 [INFO] journal_utilities.downloader: Audio for U6Edc13EQ_k: skipped
2026-02-15 15:13:43 [INFO] download_channel: [76/694] Processing sKVZykutOD0 — Iain McGilchrist ~ Active Inference Insights 023 ~ Hemispheric Lateralisation, Relationality, Being
2026-02-15 15:13:43 [INFO] journal_utilities.downloader: Audio already exists for sKVZykutOD0, skipping
2026-02-15 15:13:43 [INFO] journal_utilities.downloader: Audio for sKVZykutOD0: skipped
2026-02-15 15:13:44 [INFO] download_channel: [77/694] Processing ygmAhA18mkQ — ActInf ModelStream 010.2 ~ RxEnvironments.jl with Wouter Nuijten
2026-02-15 15:13:44 [INFO] journal_utilities.downloader: Audio already exists for ygmAhA18mkQ, skipping
2026-02-15 15:13:44 [INFO] journal_utilities.downloader: Audio for ygmAhA18mkQ: skipped
2026-02-15 15:13:45 [INFO] download_channel: [78/694] Processing TvZcxUuosh0 — Krys Dolega ~ Active Inference Insights 022 ~ Emperor’s New Markov Blankets, Attention, Dan Dennett
2026-02-15 15:13:45 [INFO] journal_utilities.downloader: Audio already exists for TvZcxUuosh0, skipping
2026-02-15 15:13:45 [INFO] journal_utilities.downloader: Audio for TvZcxUuosh0: skipped
2026-02-15 15:13:46 [INFO] download_channel: [79/694] Processing B64lXpQAOus — Announcing two new programs: Research Fellows & Partnerships
2026-02-15 15:13:46 [INFO] journal_utilities.downloader: Audio already exists for B64lXpQAOus, skipping
2026-02-15 15:13:46 [INFO] journal_utilities.downloader: Audio for B64lXpQAOus: skipped
2026-02-15 15:13:47 [INFO] download_channel: [80/694] Processing IjWBAyJeCsc — Thomas Metzinger ~ Active Inference Insights 021 ~ Pure Awareness, Self-Models, Transparency
2026-02-15 15:13:47 [INFO] journal_utilities.downloader: Audio already exists for IjWBAyJeCsc, skipping
2026-02-15 15:13:47 [INFO] journal_utilities.downloader: Audio for IjWBAyJeCsc: skipped
2026-02-15 15:13:48 [INFO] download_channel: [81/694] Processing 2hLeKUdOUrg — Kathryn Nave  ~ Active Inference Insights 020 ~ Agency, Vision, Life
2026-02-15 15:13:48 [INFO] journal_utilities.downloader: Audio already exists for 2hLeKUdOUrg, skipping
2026-02-15 15:13:48 [INFO] journal_utilities.downloader: Audio for 2hLeKUdOUrg: skipped
2026-02-15 15:13:49 [INFO] download_channel: [82/694] Processing nf57wi3qLjk — Conor Heins  ~ Active Inference Insights 019 ~ Collective Behaviour,  Attention, Intelligence
2026-02-15 15:13:49 [INFO] journal_utilities.downloader: Audio already exists for nf57wi3qLjk, skipping
2026-02-15 15:13:49 [INFO] journal_utilities.downloader: Audio for nf57wi3qLjk: skipped
2026-02-15 15:13:50 [INFO] download_channel: [83/694] Processing wFZSLtbhDLE — ActInf Textbook Group ~ Cohort 5 ~ Session 8 (Chapter 4, Part 1) ~ 11/7/2023
2026-02-15 15:13:50 [INFO] journal_utilities.downloader: Audio already exists for wFZSLtbhDLE, skipping
2026-02-15 15:13:50 [INFO] journal_utilities.downloader: Audio for wFZSLtbhDLE: skipped
2026-02-15 15:13:51 [INFO] download_channel: [84/694] Processing ceTIEXxzfGM — ActInf Textbook Group ~ Cohort 5 ~ Session 22 (Chapter 10, Part 2) ~ 4/8/2024
2026-02-15 15:13:51 [INFO] journal_utilities.downloader: Audio already exists for ceTIEXxzfGM, skipping
2026-02-15 15:13:51 [INFO] journal_utilities.downloader: Audio for ceTIEXxzfGM: skipped
2026-02-15 15:13:52 [INFO] download_channel: [85/694] Processing v8DiGoR29z8 — ActInf Textbook Group ~ Cohort 5 ~ Session 6 (Chapter 3, Part 1) ~ 10/24/2023
2026-02-15 15:13:52 [INFO] journal_utilities.downloader: Audio already exists for v8DiGoR29z8, skipping
2026-02-15 15:13:52 [INFO] journal_utilities.downloader: Audio for v8DiGoR29z8: skipped
2026-02-15 15:13:53 [INFO] download_channel: [86/694] Processing snOZwtTgX3Q — ActInf Textbook Group ~ Cohort 5 ~ Session 5 (Chapter 2, Part 2) ~ 10/17/2023
2026-02-15 15:13:53 [INFO] journal_utilities.downloader: Audio already exists for snOZwtTgX3Q, skipping
2026-02-15 15:13:53 [INFO] journal_utilities.downloader: Audio for snOZwtTgX3Q: skipped
2026-02-15 15:13:54 [INFO] download_channel: [87/694] Processing mqB1ZW3wVHc — ActInf Textbook Group ~ Cohort 5 ~ Session 16 (Chapter 7, Part 1) ~ 2/19/2024
2026-02-15 15:13:54 [INFO] journal_utilities.downloader: Audio already exists for mqB1ZW3wVHc, skipping
2026-02-15 15:13:54 [INFO] journal_utilities.downloader: Audio for mqB1ZW3wVHc: skipped
2026-02-15 15:13:55 [INFO] download_channel: [88/694] Processing jhAy18rnFEM — ActInf Textbook Group ~ Cohort 5 ~ Session 19 (Chapter 8, Part 2) ~ 3/11/2024
2026-02-15 15:13:55 [INFO] journal_utilities.downloader: Audio already exists for jhAy18rnFEM, skipping
2026-02-15 15:13:55 [INFO] journal_utilities.downloader: Audio for jhAy18rnFEM: skipped
2026-02-15 15:13:56 [INFO] download_channel: [89/694] Processing hf7V9oJAK6I — ActInf Textbook Group ~ Cohort 5 ~ Session 18 (Chapter 8, Part 1) ~ 3/4/2024
2026-02-15 15:13:56 [INFO] journal_utilities.downloader: Audio already exists for hf7V9oJAK6I, skipping
2026-02-15 15:13:56 [INFO] journal_utilities.downloader: Audio for hf7V9oJAK6I: skipped
2026-02-15 15:13:57 [INFO] download_channel: [90/694] Processing hREkvTcNNRo — ActInf Textbook Group ~ Cohort 5 ~ Session 7 (Chapter 3, Part 2) ~ 10/31/2023
2026-02-15 15:13:57 [INFO] journal_utilities.downloader: Audio already exists for hREkvTcNNRo, skipping
2026-02-15 15:13:57 [INFO] journal_utilities.downloader: Audio for hREkvTcNNRo: skipped
2026-02-15 15:13:58 [INFO] download_channel: [91/694] Processing gjqHdcZFXUE — ActInf Textbook Group ~ Cohort 5 ~ Session 11 (Chapter 5, Part 2) ~ 11/28/2023
2026-02-15 15:13:58 [INFO] journal_utilities.downloader: Audio already exists for gjqHdcZFXUE, skipping
2026-02-15 15:13:58 [INFO] journal_utilities.downloader: Audio for gjqHdcZFXUE: skipped
2026-02-15 15:13:59 [INFO] download_channel: [92/694] Processing Wbl_xK_-ldM — ActInf Textbook Group ~ Cohort 5 ~ Session 4 (Chapter 2, Part 1) ~ 10/10/2023
2026-02-15 15:13:59 [INFO] journal_utilities.downloader: Audio already exists for Wbl_xK_-ldM, skipping
2026-02-15 15:13:59 [INFO] journal_utilities.downloader: Audio for Wbl_xK_-ldM: skipped
2026-02-15 15:14:00 [INFO] download_channel: [93/694] Processing 0pd6BtofNkY — ActInf Textbook Group ~ Cohort 5 ~ Session 17 (Chapter 7, Part 2) ~ 2/26/2024
2026-02-15 15:14:00 [INFO] journal_utilities.downloader: Audio already exists for 0pd6BtofNkY, skipping
2026-02-15 15:14:00 [INFO] journal_utilities.downloader: Audio for 0pd6BtofNkY: skipped
2026-02-15 15:14:01 [INFO] download_channel: [94/694] Processing 1w2JUt-xHH4 — ActInf Textbook Group ~ Cohort 5 ~ Session 3 (Chapter 1, Part 2) ~ 10/3/2023
2026-02-15 15:14:01 [INFO] journal_utilities.downloader: Audio already exists for 1w2JUt-xHH4, skipping
2026-02-15 15:14:01 [INFO] journal_utilities.downloader: Audio for 1w2JUt-xHH4: skipped
2026-02-15 15:14:02 [INFO] download_channel: [95/694] Processing Da6PnLlK9oc — ActInf Textbook Group ~ Cohort 5 ~ Session 15 (Chapter 6, Part 2) ~ 2/12/2024
2026-02-15 15:14:02 [INFO] journal_utilities.downloader: Audio already exists for Da6PnLlK9oc, skipping
2026-02-15 15:14:02 [INFO] journal_utilities.downloader: Audio for Da6PnLlK9oc: skipped
2026-02-15 15:14:03 [INFO] download_channel: [96/694] Processing WZ_rsHiwXRk — ActInf Textbook Group ~ Cohort 5 ~ Session 14 (Chapter 6, Part 1) ~ 2/5/2024
2026-02-15 15:14:03 [INFO] journal_utilities.downloader: Audio already exists for WZ_rsHiwXRk, skipping
2026-02-15 15:14:03 [INFO] journal_utilities.downloader: Audio for WZ_rsHiwXRk: skipped
2026-02-15 15:14:04 [INFO] download_channel: [97/694] Processing MMOsuWNoPSo — ActInf Textbook Group ~ Cohort 5 ~ Session 10 (Chapter 5, Part 1) ~ 11/21/2023
2026-02-15 15:14:04 [INFO] journal_utilities.downloader: Audio already exists for MMOsuWNoPSo, skipping
2026-02-15 15:14:04 [INFO] journal_utilities.downloader: Audio for MMOsuWNoPSo: skipped
2026-02-15 15:14:05 [INFO] download_channel: [98/694] Processing DgppOdct0JE — ActInf Textbook Group ~ Cohort 5 ~ Session 20 (Chapter 9, Part 1) ~ 3/18/2024
2026-02-15 15:14:05 [INFO] journal_utilities.downloader: Audio already exists for DgppOdct0JE, skipping
2026-02-15 15:14:05 [INFO] journal_utilities.downloader: Audio for DgppOdct0JE: skipped
2026-02-15 15:14:06 [INFO] download_channel: [99/694] Processing D0eSAByd_Ak — ActInf Textbook Group ~ Cohort 5 ~ Session 9 (Chapter 4, Part 2) ~ 11/14/2023
2026-02-15 15:14:06 [INFO] journal_utilities.downloader: Audio already exists for D0eSAByd_Ak, skipping
2026-02-15 15:14:06 [INFO] journal_utilities.downloader: Audio for D0eSAByd_Ak: skipped
2026-02-15 15:14:07 [INFO] download_channel: [100/694] Processing 85HzeHfna08 — ActInf Textbook Group ~ Cohort 5 ~ Session 2 (Chapter 1, Part 1) ~ 9/26/2023
2026-02-15 15:14:07 [INFO] journal_utilities.downloader: Audio already exists for 85HzeHfna08, skipping
2026-02-15 15:14:07 [INFO] journal_utilities.downloader: Audio for 85HzeHfna08: skipped
2026-02-15 15:14:08 [INFO] download_channel: [101/694] Processing 3CQmexsuF64 — ActInf Textbook Group ~ Cohort 5 ~ Session 1 (Onboarding) ~ 9/19/2023
2026-02-15 15:14:08 [INFO] journal_utilities.downloader: Audio already exists for 3CQmexsuF64, skipping
2026-02-15 15:14:08 [INFO] journal_utilities.downloader: Audio for 3CQmexsuF64: skipped
2026-02-15 15:14:09 [INFO] download_channel: [102/694] Processing 0sS-Qf60Uaw — ActInf Textbook Group ~ Cohort 5 ~ Session 21 (Chapter 9, Part 2) ~ 3/25/2024
2026-02-15 15:14:09 [INFO] journal_utilities.downloader: Audio already exists for 0sS-Qf60Uaw, skipping
2026-02-15 15:14:09 [INFO] journal_utilities.downloader: Audio for 0sS-Qf60Uaw: skipped
2026-02-15 15:14:10 [INFO] download_channel: [103/694] Processing RDDfKm4yQIo — Active Inference in Rust.... For Ants? (4-4-2024 Active InferAnts bundle of updates)
2026-02-15 15:14:10 [INFO] journal_utilities.downloader: Audio already exists for RDDfKm4yQIo, skipping
2026-02-15 15:14:10 [INFO] journal_utilities.downloader: Audio for RDDfKm4yQIo: skipped
2026-02-15 15:14:11 [INFO] download_channel: [104/694] Processing sAwPXw-WNg4 — Sanjeev Namjoshi ~ Active Inference Insights 018 ~ Education, Expectation-Maximisation, Evolution
2026-02-15 15:14:11 [INFO] journal_utilities.downloader: Audio already exists for sAwPXw-WNg4, skipping
2026-02-15 15:14:11 [INFO] journal_utilities.downloader: Audio for sAwPXw-WNg4: skipped
2026-02-15 15:14:12 [INFO] download_channel: [105/694] Processing gpUuttKJoDM — Mark Solms ~ Active Inference Insights 017 ~ Affect, Consciousness, Dreams
2026-02-15 15:14:12 [INFO] journal_utilities.downloader: Audio already exists for gpUuttKJoDM, skipping
2026-02-15 15:14:12 [INFO] journal_utilities.downloader: Audio for gpUuttKJoDM: skipped
2026-02-15 15:14:13 [INFO] download_channel: [106/694] Processing uO1QgxI9B3g — Wanja Wiese ~ Active Inference Insights 016 ~ Consciousness, Information Geometry, Ethical AI
2026-02-15 15:14:13 [INFO] journal_utilities.downloader: Audio already exists for uO1QgxI9B3g, skipping
2026-02-15 15:14:13 [INFO] journal_utilities.downloader: Audio for uO1QgxI9B3g: skipped
2026-02-15 15:14:14 [INFO] download_channel: [107/694] Processing v6ddfMkuSpo — Michael Levin & Franz Kuchling ~ Active Inference Insights 015 ~ Morphogenesis, Selfhood, Teleonomy
2026-02-15 15:14:14 [INFO] journal_utilities.downloader: Audio already exists for v6ddfMkuSpo, skipping
2026-02-15 15:14:14 [INFO] journal_utilities.downloader: Audio for v6ddfMkuSpo: skipped
2026-02-15 15:14:15 [INFO] download_channel: [108/694] Processing HIvGyLlZx4I — Alex Kiefer ~ Active Inference Insights 014 ~ Representations, Predictive Coding, Teleology
2026-02-15 15:14:15 [INFO] journal_utilities.downloader: Audio already exists for HIvGyLlZx4I, skipping
2026-02-15 15:14:15 [INFO] journal_utilities.downloader: Audio for HIvGyLlZx4I: skipped
2026-02-15 15:14:16 [INFO] download_channel: [109/694] Processing T5nG_5UZ_yk — ActInf MorphStream 003.1 ~ Anand Subramoney "Principles of scalability and biological inspirations"
2026-02-15 15:14:16 [INFO] journal_utilities.downloader: Audio already exists for T5nG_5UZ_yk, skipping
2026-02-15 15:14:16 [INFO] journal_utilities.downloader: Audio for T5nG_5UZ_yk: skipped
2026-02-15 15:14:17 [INFO] download_channel: [110/694] Processing bQAJKi5ewDI — Ryan Smith ~ Active Inference Insights 013 ~ Wellbeing, Modelling, Precision
2026-02-15 15:14:17 [INFO] journal_utilities.downloader: Audio already exists for bQAJKi5ewDI, skipping
2026-02-15 15:14:17 [INFO] journal_utilities.downloader: Audio for bQAJKi5ewDI: skipped
2026-02-15 15:14:18 [INFO] download_channel: [111/694] Processing Ei8LHRlmbzI — Welcome to the Active Inference Institute (2024, version 1)
2026-02-15 15:14:18 [INFO] journal_utilities.downloader: Audio already exists for Ei8LHRlmbzI, skipping
2026-02-15 15:14:18 [INFO] journal_utilities.downloader: Audio for Ei8LHRlmbzI: skipped
2026-02-15 15:14:19 [INFO] download_channel: [112/694] Processing kNel8V3TFZs — Ronald Sladky ~ Active Inference Insights 012 ~ Amygdala, Priors, fMRI
2026-02-15 15:14:19 [INFO] journal_utilities.downloader: Audio already exists for kNel8V3TFZs, skipping
2026-02-15 15:14:19 [INFO] journal_utilities.downloader: Audio for kNel8V3TFZs: skipped
2026-02-15 15:14:20 [INFO] download_channel: [113/694] Processing 5OSdKU3Viu0 — Julian Kiverstein ~ Active Inference Insights 011 ~ Affordances, Enaction, Phenomenology
2026-02-15 15:14:20 [INFO] journal_utilities.downloader: Audio already exists for 5OSdKU3Viu0, skipping
2026-02-15 15:14:20 [INFO] journal_utilities.downloader: Audio for 5OSdKU3Viu0: skipped
2026-02-15 15:14:21 [INFO] download_channel: [114/694] Processing ZeIM4mK9UuY — Projects & Measurements ~ February 8, 2024
2026-02-15 15:14:21 [INFO] journal_utilities.downloader: Audio already exists for ZeIM4mK9UuY, skipping
2026-02-15 15:14:21 [INFO] journal_utilities.downloader: Audio for ZeIM4mK9UuY: skipped
2026-02-15 15:14:22 [INFO] download_channel: [115/694] Processing kLLMB91DMPA — Lance Da Costa ~ Active Inference Insights 010 ~ Mathematics, Time, Selfhood
2026-02-15 15:14:22 [INFO] journal_utilities.downloader: Audio already exists for kLLMB91DMPA, skipping
2026-02-15 15:14:22 [INFO] journal_utilities.downloader: Audio for kLLMB91DMPA: skipped
2026-02-15 15:14:23 [INFO] download_channel: [116/694] Processing 23XMBqlFi78 — Chris Frith ~ Active Inference Insights 009 ~ Mentalizing, Schizophrenia, Consciousness
2026-02-15 15:14:23 [INFO] journal_utilities.downloader: Audio already exists for 23XMBqlFi78, skipping
2026-02-15 15:14:23 [INFO] journal_utilities.downloader: Audio for 23XMBqlFi78: skipped
2026-02-15 15:14:24 [INFO] download_channel: [117/694] Processing YxrIbWTjSp4 — Active Inference Textbook Group in early 2024 ~ Cohort 6 begins & Cohort 5 continues
2026-02-15 15:14:24 [INFO] journal_utilities.downloader: Audio already exists for YxrIbWTjSp4, skipping
2026-02-15 15:14:24 [INFO] journal_utilities.downloader: Audio for YxrIbWTjSp4: skipped
2026-02-15 15:14:25 [INFO] download_channel: [118/694] Processing oJZSGW2kCYY — Alexander Ororbia ~ Active Inference Insights 008 ~ Mortal Computation, Cybernetics, AI
2026-02-15 15:14:25 [INFO] journal_utilities.downloader: Audio already exists for oJZSGW2kCYY, skipping
2026-02-15 15:14:25 [INFO] journal_utilities.downloader: Audio for oJZSGW2kCYY: skipped
2026-02-15 15:14:26 [INFO] download_channel: [119/694] Processing 1wxxhVjSo6w — Vicente Raja & Jeff Beck  ~ Active Inference Insights 007 ~ The Markov Blanket Trick Debate
2026-02-15 15:14:26 [INFO] journal_utilities.downloader: Audio already exists for 1wxxhVjSo6w, skipping
2026-02-15 15:14:26 [INFO] journal_utilities.downloader: Audio for 1wxxhVjSo6w: skipped
2026-02-15 15:14:27 [INFO] download_channel: [120/694] Processing 7GGGBMFuRXE — Adam Safron ~ Active Inference Insights 006 ~ Psychedelics, Emotions, The Body
2026-02-15 15:14:27 [INFO] journal_utilities.downloader: Audio already exists for 7GGGBMFuRXE, skipping
2026-02-15 15:14:27 [INFO] journal_utilities.downloader: Audio for 7GGGBMFuRXE: skipped
2026-02-15 15:14:28 [INFO] download_channel: [121/694] Processing mEP-E9Q92Es — Project Preparation/Measurement at Active Inference Institute in 2024 ~ Forms open
2026-02-15 15:14:28 [INFO] journal_utilities.downloader: Audio already exists for mEP-E9Q92Es, skipping
2026-02-15 15:14:28 [INFO] journal_utilities.downloader: Audio for mEP-E9Q92Es: skipped
2026-02-15 15:14:29 [INFO] download_channel: [122/694] Processing Jutffqjgy18 — Marilyn Stendera ~ Active Inference Insights 005 ~ Autopoiesis, Heidegger, Futurity
2026-02-15 15:14:29 [INFO] journal_utilities.downloader: Audio already exists for Jutffqjgy18, skipping
2026-02-15 15:14:29 [INFO] journal_utilities.downloader: Audio for Jutffqjgy18: skipped
2026-02-15 15:14:30 [INFO] download_channel: [123/694] Processing Wp7OebX_k70 — ActInf MorphStream 002.1 ~ Alon Loeffler "From Neuromorphic Nanowire Networks to Neurons"
2026-02-15 15:14:30 [INFO] journal_utilities.downloader: Audio already exists for Wp7OebX_k70, skipping
2026-02-15 15:14:30 [INFO] journal_utilities.downloader: Audio for Wp7OebX_k70: skipped
2026-02-15 15:14:31 [INFO] download_channel: [124/694] Processing cKZIJQLhudk — Inês Hipólito ~ Active Inference Insights 004 ~ Markov Blankets, Modularity, Enactivism
2026-02-15 15:14:31 [INFO] journal_utilities.downloader: Audio already exists for cKZIJQLhudk, skipping
2026-02-15 15:14:31 [INFO] journal_utilities.downloader: Audio for cKZIJQLhudk: skipped
2026-02-15 15:14:32 [INFO] download_channel: [125/694] Processing aC8GC15sqME — John Vervaeke ~ Active Inference Insights 003 ~ Relevance Realisation, Predictive Processing, Flow
2026-02-15 15:14:32 [INFO] journal_utilities.downloader: Audio already exists for aC8GC15sqME, skipping
2026-02-15 15:14:32 [INFO] journal_utilities.downloader: Audio for aC8GC15sqME: skipped
2026-02-15 15:14:33 [INFO] download_channel: [126/694] Processing njbpi3YTMPY — Mahault Albarracin ~ Active Inference Insights 002 ~ Epistemic Communities, Social Scripts, AI
2026-02-15 15:14:33 [INFO] journal_utilities.downloader: Audio already exists for njbpi3YTMPY, skipping
2026-02-15 15:14:33 [INFO] journal_utilities.downloader: Audio for njbpi3YTMPY: skipped
2026-02-15 15:14:34 [INFO] download_channel: [127/694] Processing rOchZu64b3A — ActInf Textbook Group ~ Cohort 4 ~ Meeting 20 (Chapter 9 part 2)
2026-02-15 15:14:34 [INFO] journal_utilities.downloader: Audio already exists for rOchZu64b3A, skipping
2026-02-15 15:14:34 [INFO] journal_utilities.downloader: Audio for rOchZu64b3A: skipped
2026-02-15 15:14:35 [INFO] download_channel: [128/694] Processing k7nySEbMQDI — ActInf Textbook Group ~ Cohort 4 ~ Meeting 5 (Chapter 2 part 1)
2026-02-15 15:14:35 [INFO] journal_utilities.downloader: Audio already exists for k7nySEbMQDI, skipping
2026-02-15 15:14:35 [INFO] journal_utilities.downloader: Audio for k7nySEbMQDI: skipped
2026-02-15 15:14:36 [INFO] download_channel: [129/694] Processing yICyXcr2idI — ActInf Textbook Group ~ Cohort 4 ~ Meeting 21 (Chapter 10 part 1)
2026-02-15 15:14:36 [INFO] journal_utilities.downloader: Audio already exists for yICyXcr2idI, skipping
2026-02-15 15:14:36 [INFO] journal_utilities.downloader: Audio for yICyXcr2idI: skipped
2026-02-15 15:14:37 [INFO] download_channel: [130/694] Processing q5nQWvYZDrE — ActInf Textbook Group ~ Cohort 4 ~ Meeting 11 (Chapter 5 part 1)
2026-02-15 15:14:37 [INFO] journal_utilities.downloader: Audio already exists for q5nQWvYZDrE, skipping
2026-02-15 15:14:37 [INFO] journal_utilities.downloader: Audio for q5nQWvYZDrE: skipped
2026-02-15 15:14:38 [INFO] download_channel: [131/694] Processing nsi6IAmt4Zc — ActInf Textbook Group ~ Cohort 4 ~ Meeting 10 (Chapter 4 part 2)
2026-02-15 15:14:38 [INFO] journal_utilities.downloader: Audio already exists for nsi6IAmt4Zc, skipping
2026-02-15 15:14:38 [INFO] journal_utilities.downloader: Audio for nsi6IAmt4Zc: skipped
2026-02-15 15:14:39 [INFO] download_channel: [132/694] Processing gEL56jY7CY0 — ActInf Textbook Group ~ Cohort 4 ~ Meeting 16 (Chapter 7 part 1)
2026-02-15 15:14:39 [INFO] journal_utilities.downloader: Audio already exists for gEL56jY7CY0, skipping
2026-02-15 15:14:39 [INFO] journal_utilities.downloader: Audio for gEL56jY7CY0: skipped
2026-02-15 15:14:40 [INFO] download_channel: [133/694] Processing dlZk_iF9EqM — ActInf Textbook Group ~ Cohort 4 ~ Meeting 13 (Chapter 6 part 1)
2026-02-15 15:14:40 [INFO] journal_utilities.downloader: Audio already exists for dlZk_iF9EqM, skipping
2026-02-15 15:14:40 [INFO] journal_utilities.downloader: Audio for dlZk_iF9EqM: skipped
2026-02-15 15:14:41 [INFO] download_channel: [134/694] Processing ceHICB7bm_c — ActInf Textbook Group ~ Cohort 4 ~ Meeting 4 (Chapter 1 part 2)
2026-02-15 15:14:41 [INFO] journal_utilities.downloader: Audio already exists for ceHICB7bm_c, skipping
2026-02-15 15:14:41 [INFO] journal_utilities.downloader: Audio for ceHICB7bm_c: skipped
2026-02-15 15:14:42 [INFO] download_channel: [135/694] Processing Z8hWG4Qf92w — ActInf Textbook Group ~ Cohort 4 ~ Meeting 17 (Chapter 8 part 1)
2026-02-15 15:14:42 [INFO] journal_utilities.downloader: Audio already exists for Z8hWG4Qf92w, skipping
2026-02-15 15:14:42 [INFO] journal_utilities.downloader: Audio for Z8hWG4Qf92w: skipped
2026-02-15 15:14:43 [INFO] download_channel: [136/694] Processing QdyHzs1Slec — ActInf Textbook Group ~ Cohort 4 ~ Meeting 6 (Chapter 2 part 2)
2026-02-15 15:14:43 [INFO] journal_utilities.downloader: Audio already exists for QdyHzs1Slec, skipping
2026-02-15 15:14:43 [INFO] journal_utilities.downloader: Audio for QdyHzs1Slec: skipped
2026-02-15 15:14:44 [INFO] download_channel: [137/694] Processing MIcDVLoElk8 — ActInf Textbook Group ~ Cohort 4 ~ Meeting 7 (Chapter 3 part 1)
2026-02-15 15:14:44 [INFO] journal_utilities.downloader: Audio already exists for MIcDVLoElk8, skipping
2026-02-15 15:14:44 [INFO] journal_utilities.downloader: Audio for MIcDVLoElk8: skipped
2026-02-15 15:14:45 [INFO] download_channel: [138/694] Processing Gz0yDB6VOSI — ActInf Textbook Group ~ Cohort 4 ~ Meeting 18 (Chapter 8 part 2)
2026-02-15 15:14:45 [INFO] journal_utilities.downloader: Audio already exists for Gz0yDB6VOSI, skipping
2026-02-15 15:14:45 [INFO] journal_utilities.downloader: Audio for Gz0yDB6VOSI: skipped
2026-02-15 15:14:46 [INFO] download_channel: [139/694] Processing F6-0JpsrzFA — ActInf Textbook Group ~ Cohort 4 ~ Meeting 3 (Chapter 1 part 1)
2026-02-15 15:14:46 [INFO] journal_utilities.downloader: Audio already exists for F6-0JpsrzFA, skipping
2026-02-15 15:14:46 [INFO] journal_utilities.downloader: Audio for F6-0JpsrzFA: skipped
2026-02-15 15:14:47 [INFO] download_channel: [140/694] Processing BKgKVl_soZA — ActInf Textbook Group ~ Cohort 4 ~ Meeting 8 (Chapter 3 part 2)
2026-02-15 15:14:47 [INFO] journal_utilities.downloader: Audio already exists for BKgKVl_soZA, skipping
2026-02-15 15:14:47 [INFO] journal_utilities.downloader: Audio for BKgKVl_soZA: skipped
2026-02-15 15:14:48 [INFO] download_channel: [141/694] Processing 82jRowV0oqA — ActInf Textbook Group ~ Cohort 4 ~ Meeting 22 (Chapter 10 part 2)
2026-02-15 15:14:48 [INFO] journal_utilities.downloader: Audio already exists for 82jRowV0oqA, skipping
2026-02-15 15:14:48 [INFO] journal_utilities.downloader: Audio for 82jRowV0oqA: skipped
2026-02-15 15:14:49 [INFO] download_channel: [142/694] Processing 5a8zJ25BLYU — ActInf Textbook Group ~ Cohort 4 ~ Meeting 19 (Chapter 9 part 1)
2026-02-15 15:14:49 [INFO] journal_utilities.downloader: Audio already exists for 5a8zJ25BLYU, skipping
2026-02-15 15:14:49 [INFO] journal_utilities.downloader: Audio for 5a8zJ25BLYU: skipped
2026-02-15 15:14:50 [INFO] download_channel: [143/694] Processing -j5JXt79H3w — ActInf Textbook Group ~ Cohort 4 ~ Meeting 14 (Chapter 6 part 2)
2026-02-15 15:14:50 [INFO] journal_utilities.downloader: Audio already exists for -j5JXt79H3w, skipping
2026-02-15 15:14:50 [INFO] journal_utilities.downloader: Audio for -j5JXt79H3w: skipped
2026-02-15 15:14:51 [INFO] download_channel: [144/694] Processing 3U8AXcIaUFI — ActInf Textbook Group ~ Cohort 4 ~ Meeting 1 (Onboarding)
2026-02-15 15:14:51 [INFO] journal_utilities.downloader: Audio already exists for 3U8AXcIaUFI, skipping
2026-02-15 15:14:51 [INFO] journal_utilities.downloader: Audio for 3U8AXcIaUFI: skipped
2026-02-15 15:14:52 [INFO] download_channel: [145/694] Processing 1Ooz_N1HJ58 — ActInf Textbook Group ~ Cohort 4 ~ Meeting 12 (Chapter 5 part 2)
2026-02-15 15:14:52 [INFO] journal_utilities.downloader: Audio already exists for 1Ooz_N1HJ58, skipping
2026-02-15 15:14:52 [INFO] journal_utilities.downloader: Audio for 1Ooz_N1HJ58: skipped
2026-02-15 15:14:53 [INFO] download_channel: [146/694] Processing N5H5I6cvcrQ — Karl Friston ~ Active Inference Insights 001 ~ Free Energy, Time, Consciousness
2026-02-15 15:14:53 [INFO] journal_utilities.downloader: Audio already exists for N5H5I6cvcrQ, skipping
2026-02-15 15:14:53 [INFO] journal_utilities.downloader: Audio for N5H5I6cvcrQ: skipped
2026-02-15 15:14:54 [INFO] download_channel: [147/694] Processing hZBkiePQtvc — Scientific Advisory Board (SAB) at Active Inference Institute ~ Application open for 2024
2026-02-15 15:14:54 [INFO] journal_utilities.downloader: Audio already exists for hZBkiePQtvc, skipping
2026-02-15 15:14:54 [INFO] journal_utilities.downloader: Audio for hZBkiePQtvc: skipped
2026-02-15 15:14:55 [INFO] download_channel: [148/694] Processing yRhEbr4bpB0 — Using ResearchGPT for learning Active Inference and doing Ant research
2026-02-15 15:14:55 [INFO] journal_utilities.downloader: Audio already exists for yRhEbr4bpB0, skipping
2026-02-15 15:14:55 [INFO] journal_utilities.downloader: Audio for yRhEbr4bpB0: skipped
2026-02-15 15:14:56 [INFO] download_channel: [149/694] Processing wNCZmPM0V44 — Introduction to recording & livestreaming with OBS
2026-02-15 15:14:56 [INFO] journal_utilities.downloader: Audio already exists for wNCZmPM0V44, skipping
2026-02-15 15:14:56 [INFO] journal_utilities.downloader: Audio for wNCZmPM0V44: skipped
2026-02-15 15:14:57 [INFO] download_channel: [150/694] Processing znerIJTcqME — Active Inference ~ Parr, Pezzulo, Friston ~ Chapter 10 ~ BookStream #002.03
2026-02-15 15:14:57 [INFO] journal_utilities.downloader: Audio already exists for znerIJTcqME, skipping
2026-02-15 15:14:57 [INFO] journal_utilities.downloader: Audio for znerIJTcqME: skipped
2026-02-15 15:14:58 [INFO] download_channel: [151/694] Processing GCfJupUKc0Y — Active Inference ~ Parr, Pezzulo, Friston ~ Chapter 9 ~ BookStream #002.03
2026-02-15 15:14:58 [INFO] journal_utilities.downloader: Audio already exists for GCfJupUKc0Y, skipping
2026-02-15 15:14:58 [INFO] journal_utilities.downloader: Audio for GCfJupUKc0Y: skipped
2026-02-15 15:14:59 [INFO] download_channel: [152/694] Processing XcoPRGZRO28 — ActInf Textbook Group ~ Cohort 5 ~ Onboarding & Overview (September 2023)
2026-02-15 15:14:59 [INFO] journal_utilities.downloader: Audio already exists for XcoPRGZRO28, skipping
2026-02-15 15:14:59 [INFO] journal_utilities.downloader: Audio for XcoPRGZRO28: skipped
2026-02-15 15:15:00 [INFO] download_channel: [153/694] Processing wFjXz896pKU — ActInf Textbook Group ~ Cohort 3 ~ Meeting 4 (Chapter 2, part 1)
2026-02-15 15:15:00 [INFO] journal_utilities.downloader: Audio already exists for wFjXz896pKU, skipping
2026-02-15 15:15:00 [INFO] journal_utilities.downloader: Audio for wFjXz896pKU: skipped
2026-02-15 15:15:01 [INFO] download_channel: [154/694] Processing Q5G-5FgTCFQ — ActInf Textbook Group ~ Cohort 3 ~ Meeting 17 (Chapter 7, part 2)
2026-02-15 15:15:01 [INFO] journal_utilities.downloader: Audio already exists for Q5G-5FgTCFQ, skipping
2026-02-15 15:15:01 [INFO] journal_utilities.downloader: Audio for Q5G-5FgTCFQ: skipped
2026-02-15 15:15:02 [INFO] download_channel: [155/694] Processing MJXyGtYuK1U — ActInf Textbook Group ~ Cohort 3 ~ Meeting 5 (Chapter 2, part 2)
2026-02-15 15:15:02 [INFO] journal_utilities.downloader: Audio already exists for MJXyGtYuK1U, skipping
2026-02-15 15:15:02 [INFO] journal_utilities.downloader: Audio for MJXyGtYuK1U: skipped
2026-02-15 15:15:03 [INFO] download_channel: [156/694] Processing 6w-2IBLM6KU — ActInf Textbook Group ~ Cohort 3 ~ Meeting 19 (Chapter 8, part 2)
2026-02-15 15:15:03 [INFO] journal_utilities.downloader: Audio already exists for 6w-2IBLM6KU, skipping
2026-02-15 15:15:03 [INFO] journal_utilities.downloader: Audio for 6w-2IBLM6KU: skipped
2026-02-15 15:15:04 [INFO] download_channel: [157/694] Processing 5F8kbj05KHU — ActInf Textbook Group ~ Cohort 3 ~ Meeting 15 (Chapter 6, part 2)
2026-02-15 15:15:04 [INFO] journal_utilities.downloader: Audio already exists for 5F8kbj05KHU, skipping
2026-02-15 15:15:04 [INFO] journal_utilities.downloader: Audio for 5F8kbj05KHU: skipped
2026-02-15 15:15:05 [INFO] download_channel: [158/694] Processing 4ZffpVN-Pe4 — ActInf Textbook Group ~ Cohort 3 ~ Meeting 18 (Chapter 8, part 1)
2026-02-15 15:15:05 [INFO] journal_utilities.downloader: Audio already exists for 4ZffpVN-Pe4, skipping
2026-02-15 15:15:05 [INFO] journal_utilities.downloader: Audio for 4ZffpVN-Pe4: skipped
2026-02-15 15:15:06 [INFO] download_channel: [159/694] Processing 2UBBVXykuTM — ActInf Textbook Group ~ Cohort 3 ~ Meeting 22 (Chapter 10, part 1)
2026-02-15 15:15:06 [INFO] journal_utilities.downloader: Audio already exists for 2UBBVXykuTM, skipping
2026-02-15 15:15:06 [INFO] journal_utilities.downloader: Audio for 2UBBVXykuTM: skipped
2026-02-15 15:15:07 [INFO] download_channel: [160/694] Processing ych0eX3C3YY — ActInf Textbook Group ~ Cohort 3 ~ Meeting 16 (Chapter 7, part 1)
2026-02-15 15:15:07 [INFO] journal_utilities.downloader: Audio already exists for ych0eX3C3YY, skipping
2026-02-15 15:15:07 [INFO] journal_utilities.downloader: Audio for ych0eX3C3YY: skipped
2026-02-15 15:15:08 [INFO] download_channel: [161/694] Processing wI9O5B2m3xM — ActInf Textbook Group ~ Cohort 3 ~ Meeting 14 (Chapter 6, part 1)
2026-02-15 15:15:08 [INFO] journal_utilities.downloader: Audio already exists for wI9O5B2m3xM, skipping
2026-02-15 15:15:08 [INFO] journal_utilities.downloader: Audio for wI9O5B2m3xM: skipped
2026-02-15 15:15:09 [INFO] download_channel: [162/694] Processing lMsOOXaM2-E — ActInf Textbook Group ~ Cohort 3 ~ Meeting 6 (Chapter 3, part 1)
2026-02-15 15:15:09 [INFO] journal_utilities.downloader: Audio already exists for lMsOOXaM2-E, skipping
2026-02-15 15:15:09 [INFO] journal_utilities.downloader: Audio for lMsOOXaM2-E: skipped
2026-02-15 15:15:10 [INFO] download_channel: [163/694] Processing l6aGBYmFGCc — ActInf Textbook Group ~ Cohort 3 ~ Meeting 10 (Chapter 5, part 1)
2026-02-15 15:15:10 [INFO] journal_utilities.downloader: Audio already exists for l6aGBYmFGCc, skipping
2026-02-15 15:15:10 [INFO] journal_utilities.downloader: Audio for l6aGBYmFGCc: skipped
2026-02-15 15:15:11 [INFO] download_channel: [164/694] Processing awqzJPntNz4 — ActInf Textbook Group ~ Cohort 3 ~ Meeting 3 (Chapter 1, part 2)
2026-02-15 15:15:11 [INFO] journal_utilities.downloader: Audio already exists for awqzJPntNz4, skipping
2026-02-15 15:15:11 [INFO] journal_utilities.downloader: Audio for awqzJPntNz4: skipped
2026-02-15 15:15:12 [INFO] download_channel: [165/694] Processing Ui8SwfQDhmA — ActInf Textbook Group ~ Cohort 3 ~ Meeting 11 (Chapter 5, part 2)
2026-02-15 15:15:12 [INFO] journal_utilities.downloader: Audio already exists for Ui8SwfQDhmA, skipping
2026-02-15 15:15:12 [INFO] journal_utilities.downloader: Audio for Ui8SwfQDhmA: skipped
2026-02-15 15:15:13 [INFO] download_channel: [166/694] Processing QBEOnqGqeRY — ActInf Textbook Group ~ Cohort 3 ~ Meeting 21 (Chapter 9, part 2)
2026-02-15 15:15:13 [INFO] journal_utilities.downloader: Audio already exists for QBEOnqGqeRY, skipping
2026-02-15 15:15:13 [INFO] journal_utilities.downloader: Audio for QBEOnqGqeRY: skipped
2026-02-15 15:15:14 [INFO] download_channel: [167/694] Processing Nak508NmYYA — ActInf Textbook Group ~ Cohort 3 ~ Meeting 9 (Chapter 4, part 2)
2026-02-15 15:15:14 [INFO] journal_utilities.downloader: Audio already exists for Nak508NmYYA, skipping
2026-02-15 15:15:14 [INFO] journal_utilities.downloader: Audio for Nak508NmYYA: skipped
2026-02-15 15:15:15 [INFO] download_channel: [168/694] Processing JEz3du5S1os — ActInf Textbook Group ~ Cohort 3 ~ Meeting 8 (Chapter 4, part 1)
2026-02-15 15:15:15 [INFO] journal_utilities.downloader: Audio already exists for JEz3du5S1os, skipping
2026-02-15 15:15:15 [INFO] journal_utilities.downloader: Audio for JEz3du5S1os: skipped
2026-02-15 15:15:16 [INFO] download_channel: [169/694] Processing HyKS1A0Ga8s — ActInf Textbook Group ~ Cohort 3 ~ Meeting 2 (Chapter 1, part 1)
2026-02-15 15:15:16 [INFO] journal_utilities.downloader: Audio already exists for HyKS1A0Ga8s, skipping
2026-02-15 15:15:16 [INFO] journal_utilities.downloader: Audio for HyKS1A0Ga8s: skipped
2026-02-15 15:15:17 [INFO] download_channel: [170/694] Processing G9GfOMjF4g0 — ActInf Textbook Group ~ Cohort 3 ~ Meeting 1 (Welcome and Onboarding)
2026-02-15 15:15:17 [INFO] journal_utilities.downloader: Audio already exists for G9GfOMjF4g0, skipping
2026-02-15 15:15:17 [INFO] journal_utilities.downloader: Audio for G9GfOMjF4g0: skipped
2026-02-15 15:15:18 [INFO] download_channel: [171/694] Processing F-kYst2mxTQ — ActInf Textbook Group ~ Cohort 3 ~ Meeting 20 (Chapter 9, part 1)
2026-02-15 15:15:18 [INFO] journal_utilities.downloader: Audio already exists for F-kYst2mxTQ, skipping
2026-02-15 15:15:18 [INFO] journal_utilities.downloader: Audio for F-kYst2mxTQ: skipped
2026-02-15 15:15:19 [INFO] download_channel: [172/694] Processing 0zUYswqn8aI — ActInf Textbook Group ~ Cohort 3 ~ Meeting 7 (Chapter 3, part 2)
2026-02-15 15:15:19 [INFO] journal_utilities.downloader: Audio already exists for 0zUYswqn8aI, skipping
2026-02-15 15:15:19 [INFO] journal_utilities.downloader: Audio for 0zUYswqn8aI: skipped
2026-02-15 15:15:20 [INFO] download_channel: [173/694] Processing 0x3TIoZal9Q — ActInf Textbook Group ~ Cohort 3 ~ Meeting 23 (Chapter 10, part 2)
2026-02-15 15:15:20 [INFO] journal_utilities.downloader: Audio already exists for 0x3TIoZal9Q, skipping
2026-02-15 15:15:20 [INFO] journal_utilities.downloader: Audio for 0x3TIoZal9Q: skipped
2026-02-15 15:15:21 [INFO] download_channel: [174/694] Processing PKyPg32Lq9A — ActInf Textbook Group ~ Cohort 4 ~ Meeting 9 (Chapter 4 part 1)
2026-02-15 15:15:21 [INFO] journal_utilities.downloader: Audio already exists for PKyPg32Lq9A, skipping
2026-02-15 15:15:21 [INFO] journal_utilities.downloader: Audio for PKyPg32Lq9A: skipped
2026-02-15 15:15:22 [INFO] download_channel: [175/694] Processing rs6EjQM6EdI — PerplexityAI ~ Learning and applying Active Inference & Reading the 2022 Textbook ~ July 31, 2023
2026-02-15 15:15:22 [INFO] journal_utilities.downloader: Audio already exists for rs6EjQM6EdI, skipping
2026-02-15 15:15:22 [INFO] journal_utilities.downloader: Audio for rs6EjQM6EdI: skipped
2026-02-15 15:15:23 [INFO] download_channel: [176/694] Processing kP9sKFnWBA8 — Active Inference ~ Parr, Pezzulo, Friston ~ Chapter 8 ~ BookStream #002.02
2026-02-15 15:15:23 [INFO] journal_utilities.downloader: Audio already exists for kP9sKFnWBA8, skipping
2026-02-15 15:15:23 [INFO] journal_utilities.downloader: Audio for kP9sKFnWBA8: skipped
2026-02-15 15:15:24 [INFO] download_channel: [177/694] Processing OmjS3Rhy7KY — Active Inference ~ Parr, Pezzulo, Friston ~ Chapter 7 ~ BookStream #002.02
2026-02-15 15:15:24 [INFO] journal_utilities.downloader: Audio already exists for OmjS3Rhy7KY, skipping
2026-02-15 15:15:24 [INFO] journal_utilities.downloader: Audio for OmjS3Rhy7KY: skipped
2026-02-15 15:15:25 [INFO] download_channel: [178/694] Processing o8Ykugqn730 — Active Inference ~ Parr, Pezzulo, Friston ~ Chapter 5 ~ BookStream #002.02
2026-02-15 15:15:25 [INFO] journal_utilities.downloader: Audio already exists for o8Ykugqn730, skipping
2026-02-15 15:15:25 [INFO] journal_utilities.downloader: Audio for o8Ykugqn730: skipped
2026-02-15 15:15:26 [INFO] download_channel: [179/694] Processing Tn_gJC1Z-xQ — Active Inference ~ Parr, Pezzulo, Friston ~ Chapter 4 ~ BookStream #002.02
2026-02-15 15:15:26 [INFO] journal_utilities.downloader: Audio already exists for Tn_gJC1Z-xQ, skipping
2026-02-15 15:15:26 [INFO] journal_utilities.downloader: Audio for Tn_gJC1Z-xQ: skipped
2026-02-15 15:15:27 [INFO] download_channel: [180/694] Processing IpstHOA0o3I — ChatGPT Code Interpreter: Visualizations & Dissertations ~ Active Inference Journal ~ July 10, 2023
2026-02-15 15:15:27 [INFO] journal_utilities.downloader: Audio already exists for IpstHOA0o3I, skipping
2026-02-15 15:15:27 [INFO] journal_utilities.downloader: Audio for IpstHOA0o3I: skipped
2026-02-15 15:15:28 [INFO] download_channel: [181/694] Processing Z-giW2yeZ7A — Active Inference Ontology ~ Update and call for participation (June 8, 2023)
2026-02-15 15:15:28 [INFO] journal_utilities.downloader: Audio already exists for Z-giW2yeZ7A, skipping
2026-02-15 15:15:28 [INFO] journal_utilities.downloader: Audio for Z-giW2yeZ7A: skipped
2026-02-15 15:15:29 [INFO] download_channel: [182/694] Processing kVH6fvz784g — AI x Crypto ~ Active Entity Ontology for Science & Active Blockference ~ Active Inference Institute
2026-02-15 15:15:29 [INFO] journal_utilities.downloader: Audio already exists for kVH6fvz784g, skipping
2026-02-15 15:15:29 [INFO] journal_utilities.downloader: Audio for kVH6fvz784g: skipped
2026-02-15 15:15:30 [INFO] download_channel: [183/694] Processing U0rdFwflr4M — Active Inference ~ Parr, Pezzulo, Friston ~ Chapter 2 ~ BookStream #002.01
2026-02-15 15:15:30 [INFO] journal_utilities.downloader: Audio already exists for U0rdFwflr4M, skipping
2026-02-15 15:15:30 [INFO] journal_utilities.downloader: Audio for U0rdFwflr4M: skipped
2026-02-15 15:15:31 [INFO] download_channel: [184/694] Processing rJXyQzwUFJE — Active Inference ~ Parr, Pezzulo, Friston ~ Chapter 6 ~ BookStream #002.01
2026-02-15 15:15:31 [INFO] journal_utilities.downloader: Audio already exists for rJXyQzwUFJE, skipping
2026-02-15 15:15:31 [INFO] journal_utilities.downloader: Audio for rJXyQzwUFJE: skipped
2026-02-15 15:15:32 [INFO] download_channel: [185/694] Processing PHfgUApaWgk — Active Inference ~ Parr, Pezzulo, Friston ~ Chapter 3 ~ BookStream #002.01
2026-02-15 15:15:32 [INFO] journal_utilities.downloader: Audio already exists for PHfgUApaWgk, skipping
2026-02-15 15:15:32 [INFO] journal_utilities.downloader: Audio for PHfgUApaWgk: skipped
2026-02-15 15:15:33 [INFO] download_channel: [186/694] Processing spYhr_SdqOw — Active Inference ~ Parr, Pezzulo, Friston ~ Chapter 1 ~ BookStream #002.01
2026-02-15 15:15:33 [INFO] journal_utilities.downloader: Audio already exists for spYhr_SdqOw, skipping
2026-02-15 15:15:33 [INFO] journal_utilities.downloader: Audio for spYhr_SdqOw: skipped
2026-02-15 15:15:34 [INFO] download_channel: [187/694] Processing cxJuA012HvM — 5/22/2023 Update ~ "Physics as Information Processing" at Active Inference Journal
2026-02-15 15:15:34 [INFO] journal_utilities.downloader: Audio already exists for cxJuA012HvM, skipping
2026-02-15 15:15:34 [INFO] journal_utilities.downloader: Audio for cxJuA012HvM: skipped
2026-02-15 15:15:35 [INFO] download_channel: [188/694] Processing SV0glS6stuA — “Physics as Information Processing” by Chris Fields ~ Course overview
2026-02-15 15:15:35 [INFO] journal_utilities.downloader: Audio already exists for SV0glS6stuA, skipping
2026-02-15 15:15:35 [INFO] journal_utilities.downloader: Audio for SV0glS6stuA: skipped
2026-02-15 15:15:36 [INFO] download_channel: [189/694] Processing sOo0Ti6-U54 — ActInf Textbook Group ~ Cohort 2 ~ Meeting 14 (Chapter 6, part 1)
2026-02-15 15:15:36 [INFO] journal_utilities.downloader: Audio already exists for sOo0Ti6-U54, skipping
2026-02-15 15:15:36 [INFO] journal_utilities.downloader: Audio for sOo0Ti6-U54: skipped
2026-02-15 15:15:37 [INFO] download_channel: [190/694] Processing r9Oa35eVI8c — ActInf Textbook Group ~ Cohort 2 ~ Meeting 3 (Chapter 1, part 2)
2026-02-15 15:15:37 [INFO] journal_utilities.downloader: Audio already exists for r9Oa35eVI8c, skipping
2026-02-15 15:15:37 [INFO] journal_utilities.downloader: Audio for r9Oa35eVI8c: skipped
2026-02-15 15:15:38 [INFO] download_channel: [191/694] Processing _cmYWZ8X4J4 — ActInf Textbook Group ~ Cohort 2 ~ Meeting 9 (Chapter 4, part 2)
2026-02-15 15:15:38 [INFO] journal_utilities.downloader: Audio already exists for _cmYWZ8X4J4, skipping
2026-02-15 15:15:38 [INFO] journal_utilities.downloader: Audio for _cmYWZ8X4J4: skipped
2026-02-15 15:15:39 [INFO] download_channel: [192/694] Processing Jwu2UJi5xNA — ActInf Textbook Group ~ Cohort 2 ~ Meeting 15 (Chapter 6, part 2)
2026-02-15 15:15:39 [INFO] journal_utilities.downloader: Audio already exists for Jwu2UJi5xNA, skipping
2026-02-15 15:15:39 [INFO] journal_utilities.downloader: Audio for Jwu2UJi5xNA: skipped
2026-02-15 15:15:40 [INFO] download_channel: [193/694] Processing 7bKXo3caFH8 — ActInf Textbook Group ~ Cohort 2 ~ Meeting 10 (Chapter 5, part 1)
2026-02-15 15:15:40 [INFO] journal_utilities.downloader: Audio already exists for 7bKXo3caFH8, skipping
2026-02-15 15:15:40 [INFO] journal_utilities.downloader: Audio for 7bKXo3caFH8: skipped
2026-02-15 15:15:41 [INFO] download_channel: [194/694] Processing zE3ESd6vy9I — ActInf Textbook Group ~ Cohort 2 ~ Meeting 11 (Chapter 5, part 2)
2026-02-15 15:15:41 [INFO] journal_utilities.downloader: Audio already exists for zE3ESd6vy9I, skipping
2026-02-15 15:15:41 [INFO] journal_utilities.downloader: Audio for zE3ESd6vy9I: skipped
2026-02-15 15:15:42 [INFO] download_channel: [195/694] Processing tIjKJ8RAPfA — ActInf Textbook Group ~ Cohort 2 ~ Meeting 2 (Chapter 1)
2026-02-15 15:15:42 [INFO] journal_utilities.downloader: Audio already exists for tIjKJ8RAPfA, skipping
2026-02-15 15:15:42 [INFO] journal_utilities.downloader: Audio for tIjKJ8RAPfA: skipped
2026-02-15 15:15:43 [INFO] download_channel: [196/694] Processing s8gjDh7sin4 — ActInf Textbook Group ~ Cohort 2 ~ Meeting 8 (Chapter 4, part 1)
2026-02-15 15:15:43 [INFO] journal_utilities.downloader: Audio already exists for s8gjDh7sin4, skipping
2026-02-15 15:15:43 [INFO] journal_utilities.downloader: Audio for s8gjDh7sin4: skipped
2026-02-15 15:15:44 [INFO] download_channel: [197/694] Processing mNw1JOM71Os — ActInf Textbook Group ~ Cohort 2 ~ Meeting 18 (Chapter 8, part 1)
2026-02-15 15:15:44 [INFO] journal_utilities.downloader: Audio already exists for mNw1JOM71Os, skipping
2026-02-15 15:15:44 [INFO] journal_utilities.downloader: Audio for mNw1JOM71Os: skipped
2026-02-15 15:15:45 [INFO] download_channel: [198/694] Processing mGlgngiIH40 — ActInf Textbook Group ~ Cohort 2 ~ Meeting 5 (Chapter 2, part 2)
2026-02-15 15:15:45 [INFO] journal_utilities.downloader: Audio already exists for mGlgngiIH40, skipping
2026-02-15 15:15:45 [INFO] journal_utilities.downloader: Audio for mGlgngiIH40: skipped
2026-02-15 15:15:46 [INFO] download_channel: [199/694] Processing e9Yoha7yhk8 — ActInf Textbook Group ~ Cohort 2 ~ Meeting 21 (Chapter 9, part 2)
2026-02-15 15:15:46 [INFO] journal_utilities.downloader: Audio already exists for e9Yoha7yhk8, skipping
2026-02-15 15:15:46 [INFO] journal_utilities.downloader: Audio for e9Yoha7yhk8: skipped
2026-02-15 15:15:47 [INFO] download_channel: [200/694] Processing cULb4SvpD34 — ActInf Textbook Group ~ Cohort 2 ~ Meeting 6 (Chapter 3, part 1)
2026-02-15 15:15:47 [INFO] journal_utilities.downloader: Audio already exists for cULb4SvpD34, skipping
2026-02-15 15:15:47 [INFO] journal_utilities.downloader: Audio for cULb4SvpD34: skipped
2026-02-15 15:15:48 [INFO] download_channel: [201/694] Processing YQ1galAHOIw — ActInf Textbook Group ~ Cohort 2 ~ Meeting 22 (Chapter 10, part 1)
2026-02-15 15:15:48 [INFO] journal_utilities.downloader: Audio already exists for YQ1galAHOIw, skipping
2026-02-15 15:15:48 [INFO] journal_utilities.downloader: Audio for YQ1galAHOIw: skipped
2026-02-15 15:15:49 [INFO] download_channel: [202/694] Processing WPYR76Pfzuc — ActInf Textbook Group ~ Cohort 2 ~ Meeting 4 (Chapter 2, part 1)
2026-02-15 15:15:49 [INFO] journal_utilities.downloader: Audio already exists for WPYR76Pfzuc, skipping
2026-02-15 15:15:49 [INFO] journal_utilities.downloader: Audio for WPYR76Pfzuc: skipped
2026-02-15 15:15:50 [INFO] download_channel: [203/694] Processing W4lIy05RycM — ActInf Textbook Group ~ Cohort 2 ~ Meeting 17 (Chapter 7, part 2)
2026-02-15 15:15:50 [INFO] journal_utilities.downloader: Audio already exists for W4lIy05RycM, skipping
2026-02-15 15:15:50 [INFO] journal_utilities.downloader: Audio for W4lIy05RycM: skipped
2026-02-15 15:15:51 [INFO] download_channel: [204/694] Processing QjGcN1l6NXg — ActInf Textbook Group ~ Cohort 2 ~ Meeting 20 (Chapter 9, part 1)
2026-02-15 15:15:51 [INFO] journal_utilities.downloader: Audio already exists for QjGcN1l6NXg, skipping
2026-02-15 15:15:51 [INFO] journal_utilities.downloader: Audio for QjGcN1l6NXg: skipped
2026-02-15 15:15:52 [INFO] download_channel: [205/694] Processing On8-Ngn8pIE — ActInf Textbook Group ~ Cohort 2 ~ Meeting 23 (Chapter 10, part 2)
2026-02-15 15:15:52 [INFO] journal_utilities.downloader: Audio already exists for On8-Ngn8pIE, skipping
2026-02-15 15:15:52 [INFO] journal_utilities.downloader: Audio for On8-Ngn8pIE: skipped
2026-02-15 15:15:53 [INFO] download_channel: [206/694] Processing GhUTj0OVEU8 — ActInf Textbook Group ~ Cohort 2 ~ Meeting 16 (Chapter 7, part 1)
2026-02-15 15:15:53 [INFO] journal_utilities.downloader: Audio already exists for GhUTj0OVEU8, skipping
2026-02-15 15:15:53 [INFO] journal_utilities.downloader: Audio for GhUTj0OVEU8: skipped
2026-02-15 15:15:54 [INFO] download_channel: [207/694] Processing Fg3NqmI2R1g — ActInf Textbook Group ~ Cohort 2 ~ Meeting 1 (Welcome back, Coda & Learning Practices overview)
2026-02-15 15:15:54 [INFO] journal_utilities.downloader: Audio already exists for Fg3NqmI2R1g, skipping
2026-02-15 15:15:54 [INFO] journal_utilities.downloader: Audio for Fg3NqmI2R1g: skipped
2026-02-15 15:15:55 [INFO] download_channel: [208/694] Processing 3GJS1uVnQo4 — ActInf Textbook Group ~ Cohort 2 ~ Meeting 19 (Chapter 8, part 2)
2026-02-15 15:15:55 [INFO] journal_utilities.downloader: Audio already exists for 3GJS1uVnQo4, skipping
2026-02-15 15:15:55 [INFO] journal_utilities.downloader: Audio for 3GJS1uVnQo4: skipped
2026-02-15 15:15:56 [INFO] download_channel: [209/694] Processing 1-2-DNekZdM — ActInf Textbook Group ~ Cohort 2 ~ Meeting 13 (Welcome back to part 2)
2026-02-15 15:15:56 [INFO] journal_utilities.downloader: Audio already exists for 1-2-DNekZdM, skipping
2026-02-15 15:15:56 [INFO] journal_utilities.downloader: Audio for 1-2-DNekZdM: skipped
2026-02-15 15:15:57 [INFO] download_channel: [210/694] Processing Z7Z29pu6NnY — ActInf Textbook Group ~ Cohort 1 ~ Meeting 4 (Chapter 2 pt. 1)
2026-02-15 15:15:57 [INFO] journal_utilities.downloader: Audio already exists for Z7Z29pu6NnY, skipping
2026-02-15 15:15:57 [INFO] journal_utilities.downloader: Audio for Z7Z29pu6NnY: skipped
2026-02-15 15:15:58 [INFO] download_channel: [211/694] Processing 8OT2EC-l0N4 — ActInf Textbook Group ~ Cohort 1 ~ Meeting 3 (Appendix A + Appendix B + 2nd hour discussion)
2026-02-15 15:15:58 [INFO] journal_utilities.downloader: Audio already exists for 8OT2EC-l0N4, skipping
2026-02-15 15:15:58 [INFO] journal_utilities.downloader: Audio for 8OT2EC-l0N4: skipped
2026-02-15 15:15:59 [INFO] download_channel: [212/694] Processing 7Ti-r8f15So — ActInf Textbook Group ~ Cohort 1 ~ Meeting 23 (Chapter 10, part 1)
2026-02-15 15:15:59 [INFO] journal_utilities.downloader: Audio already exists for 7Ti-r8f15So, skipping
2026-02-15 15:15:59 [INFO] journal_utilities.downloader: Audio for 7Ti-r8f15So: skipped
2026-02-15 15:16:00 [INFO] download_channel: [213/694] Processing JJaQ0F81Ucs — ActInf Textbook Group ~ Cohort 1 ~ Meeting 5 (Chapter 2 pt. 2)
2026-02-15 15:16:00 [INFO] journal_utilities.downloader: Audio already exists for JJaQ0F81Ucs, skipping
2026-02-15 15:16:00 [INFO] journal_utilities.downloader: Audio for JJaQ0F81Ucs: skipped
2026-02-15 15:16:01 [INFO] download_channel: [214/694] Processing dLWepm5noE8 — ActInf Textbook Group ~ Cohort 1 ~ Meeting 19  (Chapter 8, part 1)
2026-02-15 15:16:01 [INFO] journal_utilities.downloader: Audio already exists for dLWepm5noE8, skipping
2026-02-15 15:16:01 [INFO] journal_utilities.downloader: Audio for dLWepm5noE8: skipped
2026-02-15 15:16:02 [INFO] download_channel: [215/694] Processing wNrcVOKwpOY — ActInf Textbook Group ~ Cohort 1 ~ Meeting 18  (Chapter 7, part 2)
2026-02-15 15:16:02 [INFO] journal_utilities.downloader: Audio already exists for wNrcVOKwpOY, skipping
2026-02-15 15:16:02 [INFO] journal_utilities.downloader: Audio for wNrcVOKwpOY: skipped
2026-02-15 15:16:03 [INFO] download_channel: [216/694] Processing rvwMeZpA91U — ActInf Textbook Group ~ Cohort 1 ~ Meeting 9 (Chapter 4 pt. 2)
2026-02-15 15:16:03 [INFO] journal_utilities.downloader: Audio already exists for rvwMeZpA91U, skipping
2026-02-15 15:16:03 [INFO] journal_utilities.downloader: Audio for rvwMeZpA91U: skipped
2026-02-15 15:16:04 [INFO] download_channel: [217/694] Processing pJy1M1RnirA — ActInf Textbook Group ~ Cohort 1 ~ Meeting 2 (Chapter 1)
2026-02-15 15:16:04 [INFO] journal_utilities.downloader: Audio already exists for pJy1M1RnirA, skipping
2026-02-15 15:16:04 [INFO] journal_utilities.downloader: Audio for pJy1M1RnirA: skipped
2026-02-15 15:16:05 [INFO] download_channel: [218/694] Processing ogvzkg-0qjY — ActInf Textbook Group ~ Cohort 1 ~ Meeting 14 (Welcome back, starting of Chapters 6-10)
2026-02-15 15:16:05 [INFO] journal_utilities.downloader: Audio already exists for ogvzkg-0qjY, skipping
2026-02-15 15:16:05 [INFO] journal_utilities.downloader: Audio for ogvzkg-0qjY: skipped
2026-02-15 15:16:06 [INFO] download_channel: [219/694] Processing ogV63M3uTlQ — ActInf Textbook Group ~ Cohort 1 ~ Meeting 1 (Onboarding)
2026-02-15 15:16:06 [INFO] journal_utilities.downloader: Audio already exists for ogV63M3uTlQ, skipping
2026-02-15 15:16:06 [INFO] journal_utilities.downloader: Audio for ogV63M3uTlQ: skipped
2026-02-15 15:16:07 [INFO] download_channel: [220/694] Processing kpBrzN8X1ZA — ActInf Textbook Group ~ Cohort 1 ~ Meeting 12 (Review, Questions, Feedback)
2026-02-15 15:16:07 [INFO] journal_utilities.downloader: Audio already exists for kpBrzN8X1ZA, skipping
2026-02-15 15:16:07 [INFO] journal_utilities.downloader: Audio for kpBrzN8X1ZA: skipped
2026-02-15 15:16:08 [INFO] download_channel: [221/694] Processing ZATda5W08qY — ActInf Textbook Group ~ Cohort 1 ~ Meeting 11 (Chapter 5 pt. 2)
2026-02-15 15:16:08 [INFO] journal_utilities.downloader: Audio already exists for ZATda5W08qY, skipping
2026-02-15 15:16:08 [INFO] journal_utilities.downloader: Audio for ZATda5W08qY: skipped
2026-02-15 15:16:09 [INFO] download_channel: [222/694] Processing QvAApEfYBmk — ActInf Textbook Group ~ Cohort 1 ~ Meeting 20 (Chapter 8, part 2)
2026-02-15 15:16:09 [INFO] journal_utilities.downloader: Audio already exists for QvAApEfYBmk, skipping
2026-02-15 15:16:09 [INFO] journal_utilities.downloader: Audio for QvAApEfYBmk: skipped
2026-02-15 15:16:10 [INFO] download_channel: [223/694] Processing NT30pJ_sb6A — ActInf Textbook Group ~ Cohort 1 ~ Meeting 10 (Chapter 5 pt. 1)
2026-02-15 15:16:10 [INFO] journal_utilities.downloader: Audio already exists for NT30pJ_sb6A, skipping
2026-02-15 15:16:10 [INFO] journal_utilities.downloader: Audio for NT30pJ_sb6A: skipped
2026-02-15 15:16:11 [INFO] download_channel: [224/694] Processing MXbknE8EZp0 — ActInf Textbook Group ~ Cohort 1 ~ Meeting 6 (Chapter 3 pt. 1)
2026-02-15 15:16:11 [INFO] journal_utilities.downloader: Audio already exists for MXbknE8EZp0, skipping
2026-02-15 15:16:11 [INFO] journal_utilities.downloader: Audio for MXbknE8EZp0: skipped
2026-02-15 15:16:12 [INFO] download_channel: [225/694] Processing HCuGxvefPOE — ActInf Textbook Group ~ Cohort 1 ~ Meeting 21 (Chapter 9, part 1)
2026-02-15 15:16:12 [INFO] journal_utilities.downloader: Audio already exists for HCuGxvefPOE, skipping
2026-02-15 15:16:12 [INFO] journal_utilities.downloader: Audio for HCuGxvefPOE: skipped
2026-02-15 15:16:13 [INFO] download_channel: [226/694] Processing GYBF_c-ajgI — ActInf Textbook Group ~ Cohort 1 ~ Meeting 22 (Chapter 9, part 2)
2026-02-15 15:16:13 [INFO] journal_utilities.downloader: Audio already exists for GYBF_c-ajgI, skipping
2026-02-15 15:16:13 [INFO] journal_utilities.downloader: Audio for GYBF_c-ajgI: skipped
2026-02-15 15:16:14 [INFO] download_channel: [227/694] Processing DrNJfmf_IdA — ActInf Textbook Group ~ Cohort 1 ~ Meeting 24 (Chapter 10, part 2)
2026-02-15 15:16:14 [INFO] journal_utilities.downloader: Audio already exists for DrNJfmf_IdA, skipping
2026-02-15 15:16:14 [INFO] journal_utilities.downloader: Audio for DrNJfmf_IdA: skipped
2026-02-15 15:16:15 [INFO] download_channel: [228/694] Processing Cd6rz0HzOe8 — ActInf Textbook Group ~ Cohort 1 ~ Meeting 13 (Feedback, Next steps, Projects)
2026-02-15 15:16:15 [INFO] journal_utilities.downloader: Audio already exists for Cd6rz0HzOe8, skipping
2026-02-15 15:16:15 [INFO] journal_utilities.downloader: Audio for Cd6rz0HzOe8: skipped
2026-02-15 15:16:16 [INFO] download_channel: [229/694] Processing 8HKcr0bOLG4 — ActInf Textbook Group ~ Cohort 1 ~ Meeting 17 (Chapter 7, part 1)
2026-02-15 15:16:16 [INFO] journal_utilities.downloader: Audio already exists for 8HKcr0bOLG4, skipping
2026-02-15 15:16:16 [INFO] journal_utilities.downloader: Audio for 8HKcr0bOLG4: skipped
2026-02-15 15:16:17 [INFO] download_channel: [230/694] Processing 8DlXH6Wk_h8 — ActInf Textbook Group ~ Cohort 1 ~ Meeting 16 (Chapter 6, part 2)
2026-02-15 15:16:17 [INFO] journal_utilities.downloader: Audio already exists for 8DlXH6Wk_h8, skipping
2026-02-15 15:16:17 [INFO] journal_utilities.downloader: Audio for 8DlXH6Wk_h8: skipped
2026-02-15 15:16:18 [INFO] download_channel: [231/694] Processing 4q-UYQMMrDg — ActInf Textbook Group ~ Cohort 1 ~ Meeting 15 (Chapter 6, part 1)
2026-02-15 15:16:18 [INFO] journal_utilities.downloader: Audio already exists for 4q-UYQMMrDg, skipping
2026-02-15 15:16:18 [INFO] journal_utilities.downloader: Audio for 4q-UYQMMrDg: skipped
2026-02-15 15:16:19 [INFO] download_channel: [232/694] Processing 08iZGLAqI8E — ActInf Textbook Group ~ Cohort 1 ~ Meeting 8 (Chapter 4 pt. 1)
2026-02-15 15:16:19 [INFO] journal_utilities.downloader: Audio already exists for 08iZGLAqI8E, skipping
2026-02-15 15:16:19 [INFO] journal_utilities.downloader: Audio for 08iZGLAqI8E: skipped
2026-02-15 15:16:20 [INFO] download_channel: [233/694] Processing AKeKLERgmQA — ActInf Textbook Group ~ Cohort 1 ~ Meeting 7 (Chapter 3 pt. 2)
2026-02-15 15:16:20 [INFO] journal_utilities.downloader: Audio already exists for AKeKLERgmQA, skipping
2026-02-15 15:16:20 [INFO] journal_utilities.downloader: Audio for AKeKLERgmQA: skipped
2026-02-15 15:16:21 [INFO] download_channel: [234/694] Processing W0637hJm_D4 — Active Inference Institute ~ 2022 Quarterly Roundtable #4
2026-02-15 15:16:21 [INFO] journal_utilities.downloader: Audio already exists for W0637hJm_D4, skipping
2026-02-15 15:16:21 [INFO] journal_utilities.downloader: Audio for W0637hJm_D4: skipped
2026-02-15 15:16:22 [INFO] download_channel: [235/694] Processing tOFA7FODn8w — ActInf GuestStream #024.1 ~ Stephen Grossberg, "Explainable and Reliable AI"
2026-02-15 15:16:22 [INFO] journal_utilities.downloader: Audio already exists for tOFA7FODn8w, skipping
2026-02-15 15:16:22 [INFO] journal_utilities.downloader: Audio for tOFA7FODn8w: skipped
2026-02-15 15:16:23 [INFO] download_channel: [236/694] Processing XSYxOt8CRDI — ActInf Livestream #025.2  ~ "The Computational Boundary of a Self"
2026-02-15 15:16:23 [INFO] journal_utilities.downloader: Audio already exists for XSYxOt8CRDI, skipping
2026-02-15 15:16:23 [INFO] journal_utilities.downloader: Audio for XSYxOt8CRDI: skipped
2026-02-15 15:16:24 [INFO] download_channel: [237/694] Processing hW9IiOujS1E — Prof. Karl Friston ~ Applied Active Inference Symposium pt. 3 (Tools)
2026-02-15 15:16:24 [INFO] journal_utilities.downloader: Audio already exists for hW9IiOujS1E, skipping
2026-02-15 15:16:24 [INFO] journal_utilities.downloader: Audio for hW9IiOujS1E: skipped
2026-02-15 15:16:25 [INFO] download_channel: [238/694] Processing X2GwqUVLlcs — Prof. Karl Friston ~ Applied Active Inference Symposium pt. 2 (Communication)
2026-02-15 15:16:25 [INFO] journal_utilities.downloader: Audio already exists for X2GwqUVLlcs, skipping
2026-02-15 15:16:25 [INFO] journal_utilities.downloader: Audio for X2GwqUVLlcs: skipped
2026-02-15 15:16:26 [INFO] download_channel: [239/694] Processing INRaCBikpso — Prof. Karl Friston ~ Applied Active Inference Symposium pt. 1 (Education)
2026-02-15 15:16:26 [INFO] journal_utilities.downloader: Audio already exists for INRaCBikpso, skipping
2026-02-15 15:16:26 [INFO] journal_utilities.downloader: Audio for INRaCBikpso: skipped
2026-02-15 15:16:27 [INFO] download_channel: [240/694] Processing szCSh8pVEa4 — ActInf Livestream #020.1 ~ The Emperor’s New Markov Blankets (full upload)
2026-02-15 15:16:27 [INFO] journal_utilities.downloader: Audio already exists for szCSh8pVEa4, skipping
2026-02-15 15:16:27 [INFO] journal_utilities.downloader: Audio for szCSh8pVEa4: skipped
2026-02-15 15:16:28 [INFO] download_channel: [241/694] Processing MlvyehPDQXg — ActInf Livestream #021.02 ~ John Boik
2026-02-15 15:16:28 [INFO] journal_utilities.downloader: Audio already exists for MlvyehPDQXg, skipping
2026-02-15 15:16:28 [INFO] journal_utilities.downloader: Audio for MlvyehPDQXg: skipped
2026-02-15 15:16:29 [INFO] download_channel: [242/694] Processing y4tljwMAWho — ActInf Livestream #006.2: "A tale of two densities" (2020) REUPLOAD
2026-02-15 15:16:29 [INFO] journal_utilities.downloader: Audio already exists for y4tljwMAWho, skipping
2026-02-15 15:16:29 [INFO] journal_utilities.downloader: Audio for y4tljwMAWho: skipped
2026-02-15 15:16:30 [INFO] download_channel: [243/694] Processing ijuxHfPDd3U — ActInf Livestream #003.2  "A World Unto Itself: Human Communication as Active Inference"
2026-02-15 15:16:30 [INFO] journal_utilities.downloader: Audio already exists for ijuxHfPDd3U, skipping
2026-02-15 15:16:30 [INFO] journal_utilities.downloader: Audio for ijuxHfPDd3U: skipped
2026-02-15 15:16:31 [INFO] download_channel: [244/694] Processing QmVuId8SY8k — Karl Friston "Active inference and deep temporal models" 23.09.19
2026-02-15 15:16:31 [INFO] journal_utilities.downloader: Audio already exists for QmVuId8SY8k, skipping
2026-02-15 15:16:31 [INFO] journal_utilities.downloader: Audio for QmVuId8SY8k: skipped
2026-02-15 15:16:32 [INFO] download_channel: [245/694] Processing 2NB7hTsp_F0 — ActInf ModelStream 021.1: Melih Kandemir: "Distributional Active Inference"
2026-02-15 15:16:32 [DEBUG] journal_utilities.downloader: yt-dlp audio cmd: yt-dlp --no-warnings --cookies-from-browser safari -x --audio-format mp3 --audio-quality 0 -o data/output/audio/%(id)s.%(ext)s https://www.youtube.com/watch?v=2NB7hTsp_F0
2026-02-15 15:16:33 [ERROR] journal_utilities.downloader: Audio download failed for 2NB7hTsp_F0: ERROR: could not find safari cookies database

2026-02-15 15:16:33 [INFO] journal_utilities.downloader: Audio for 2NB7hTsp_F0: failed (ERROR: could not find safari cookies database
)
2026-02-15 15:16:34 [INFO] download_channel: [246/694] Processing dTcuDE6nUpg — ActInf GuestStream 015.4 Bobby Azarian: A Strange Loop Solution to the Hard Problem of Consciousness
2026-02-15 15:16:34 [DEBUG] journal_utilities.downloader: yt-dlp audio cmd: yt-dlp --no-warnings --cookies-from-browser safari -x --audio-format mp3 --audio-quality 0 -o data/output/audio/%(id)s.%(ext)s https://www.youtube.com/watch?v=dTcuDE6nUpg
2026-02-15 15:16:34 [ERROR] journal_utilities.downloader: Audio download failed for dTcuDE6nUpg: ERROR: could not find safari cookies database

2026-02-15 15:16:34 [INFO] journal_utilities.downloader: Audio for dTcuDE6nUpg: failed (ERROR: could not find safari cookies database
)
2026-02-15 15:16:35 [INFO] download_channel: [247/694] Processing GngvdY7-w10 — Active InferAnt Stream 017.1 ~ "Of Course I Can": Active Inference Courses for All
2026-02-15 15:16:35 [INFO] journal_utilities.downloader: Audio already exists for GngvdY7-w10, skipping
2026-02-15 15:16:35 [INFO] journal_utilities.downloader: Audio for GngvdY7-w10: skipped
2026-02-15 15:16:36 [INFO] download_channel: [248/694] Processing CFqMSSJ1X5g — ActInf ModelStream 020.1: Kenric Nelson: "Learning extreme models with the Coupled Free Energy"
2026-02-15 15:16:36 [INFO] journal_utilities.downloader: Audio already exists for CFqMSSJ1X5g, skipping
2026-02-15 15:16:36 [INFO] journal_utilities.downloader: Audio for CFqMSSJ1X5g: skipped
2026-02-15 15:16:37 [INFO] download_channel: [249/694] Processing jm70DuWHUI0 — ActInf GuestStream 126.1 ~ Distributed Information and Computation in Generic Quantum Systems
2026-02-15 15:16:37 [INFO] journal_utilities.downloader: Audio already exists for jm70DuWHUI0, skipping
2026-02-15 15:16:37 [INFO] journal_utilities.downloader: Audio for jm70DuWHUI0: skipped
2026-02-15 15:16:38 [INFO] download_channel: [250/694] Processing q6Z-4aXO36U — ActInf ModelStream 019.1: Active Inference in Discrete State Spaces from First Principles (P. Kenny)
2026-02-15 15:16:38 [INFO] journal_utilities.downloader: Audio already exists for q6Z-4aXO36U, skipping
2026-02-15 15:16:38 [INFO] journal_utilities.downloader: Audio for q6Z-4aXO36U: skipped
2026-02-15 15:16:39 [INFO] download_channel: [251/694] Processing 09FfbL1YYOI — Active Inference Institute ~ 2025 Quarterly Roundtable #4
2026-02-15 15:16:39 [INFO] journal_utilities.downloader: Audio already exists for 09FfbL1YYOI, skipping
2026-02-15 15:16:39 [INFO] journal_utilities.downloader: Audio for 09FfbL1YYOI: skipped
2026-02-15 15:16:40 [INFO] download_channel: [252/694] Processing gS-qhMNFm84 — 2025 ReviewStream
2026-02-15 15:16:40 [INFO] journal_utilities.downloader: Audio already exists for gS-qhMNFm84, skipping
2026-02-15 15:16:40 [INFO] journal_utilities.downloader: Audio for gS-qhMNFm84: skipped
2026-02-15 15:16:41 [INFO] download_channel: [253/694] Processing LmgPFAlNHNQ — ActInf GuestStream 125.1 ~ From Charles Darwin’s “Root Brain” to Nikola Tesla’s “6G World Brain”...
2026-02-15 15:16:41 [INFO] journal_utilities.downloader: Audio already exists for LmgPFAlNHNQ, skipping
2026-02-15 15:16:41 [INFO] journal_utilities.downloader: Audio for LmgPFAlNHNQ: skipped
2026-02-15 15:16:42 [INFO] download_channel: [254/694] Processing vUraSyZnsDo — Active InferAnt Stream 016.2 ~ Generative Education: What Will We Do With Our Faculties?
2026-02-15 15:16:42 [DEBUG] journal_utilities.downloader: yt-dlp audio cmd: yt-dlp --no-warnings --cookies-from-browser safari -x --audio-format mp3 --audio-quality 0 -o data/output/audio/%(id)s.%(ext)s https://www.youtube.com/watch?v=vUraSyZnsDo
2026-02-15 15:16:42 [ERROR] journal_utilities.downloader: Audio download failed for vUraSyZnsDo: ERROR: could not find safari cookies database

2026-02-15 15:16:42 [INFO] journal_utilities.downloader: Audio for vUraSyZnsDo: failed (ERROR: could not find safari cookies database
)
2026-02-15 15:16:43 [INFO] download_channel: [255/694] Processing AKyK7kKgI28 — ActInf GuestStream 124.1 ~ Ty Roachford: "PCT vs. FEP: A Comparison"
2026-02-15 15:16:43 [DEBUG] journal_utilities.downloader: yt-dlp audio cmd: yt-dlp --no-warnings --cookies-from-browser safari -x --audio-format mp3 --audio-quality 0 -o data/output/audio/%(id)s.%(ext)s https://www.youtube.com/watch?v=AKyK7kKgI28
2026-02-15 15:16:44 [ERROR] journal_utilities.downloader: Audio download failed for AKyK7kKgI28: ERROR: could not find safari cookies database

2026-02-15 15:16:44 [INFO] journal_utilities.downloader: Audio for AKyK7kKgI28: failed (ERROR: could not find safari cookies database
)
2026-02-15 15:16:45 [INFO] download_channel: [256/694] Processing GNAoP8T9WW4 — Active InferAnt Stream 016.1 ~ Actionable Template-driven Research: Operational Meta-Science
2026-02-15 15:16:45 [DEBUG] journal_utilities.downloader: yt-dlp audio cmd: yt-dlp --no-warnings --cookies-from-browser safari -x --audio-format mp3 --audio-quality 0 -o data/output/audio/%(id)s.%(ext)s https://www.youtube.com/watch?v=GNAoP8T9WW4
2026-02-15 15:16:45 [ERROR] journal_utilities.downloader: Audio download failed for GNAoP8T9WW4: ERROR: could not find safari cookies database

2026-02-15 15:16:45 [INFO] journal_utilities.downloader: Audio for GNAoP8T9WW4: failed (ERROR: could not find safari cookies database
)
2026-02-15 15:16:46 [INFO] download_channel: [257/694] Processing v7aSUMX1nfs — 5th Applied Active Inference Symposium (Part 3, Nov 14, 2025) ~ LIVE
2026-02-15 15:16:46 [DEBUG] journal_utilities.downloader: yt-dlp audio cmd: yt-dlp --no-warnings --cookies-from-browser safari -x --audio-format mp3 --audio-quality 0 -o data/output/audio/%(id)s.%(ext)s https://www.youtube.com/watch?v=v7aSUMX1nfs
2026-02-15 15:16:47 [ERROR] journal_utilities.downloader: Audio download failed for v7aSUMX1nfs: ERROR: could not find safari cookies database

2026-02-15 15:16:47 [INFO] journal_utilities.downloader: Audio for v7aSUMX1nfs: failed (ERROR: could not find safari cookies database
)
2026-02-15 15:16:48 [INFO] download_channel: [258/694] Processing VTivWre-8Kk — 5th Applied Active Inference Symposium (Part 1, Nov 12, 2025) ~ LIVE
2026-02-15 15:16:48 [DEBUG] journal_utilities.downloader: yt-dlp audio cmd: yt-dlp --no-warnings --cookies-from-browser safari -x --audio-format mp3 --audio-quality 0 -o data/output/audio/%(id)s.%(ext)s https://www.youtube.com/watch?v=VTivWre-8Kk
2026-02-15 15:16:48 [ERROR] journal_utilities.downloader: Audio download failed for VTivWre-8Kk: ERROR: could not find safari cookies database

2026-02-15 15:16:48 [INFO] journal_utilities.downloader: Audio for VTivWre-8Kk: failed (ERROR: could not find safari cookies database
)
2026-02-15 15:16:49 [INFO] download_channel: [259/694] Processing hCIxFkdu_-Y — Applied Active Inference Symposium tomorrow (Nov 11, 2025 update)
2026-02-15 15:16:49 [DEBUG] journal_utilities.downloader: yt-dlp audio cmd: yt-dlp --no-warnings --cookies-from-browser safari -x --audio-format mp3 --audio-quality 0 -o data/output/audio/%(id)s.%(ext)s https://www.youtube.com/watch?v=hCIxFkdu_-Y
2026-02-15 15:16:49 [ERROR] journal_utilities.downloader: Audio download failed for hCIxFkdu_-Y: ERROR: could not find safari cookies database

2026-02-15 15:16:49 [INFO] journal_utilities.downloader: Audio for hCIxFkdu_-Y: failed (ERROR: could not find safari cookies database
)
2026-02-15 15:16:50 [INFO] download_channel: [260/694] Processing No0GIVMujik — ActInf GuestStream 123.1 ~ Marcelo Guzman: "Learning in Physical Systems"
2026-02-15 15:16:50 [DEBUG] journal_utilities.downloader: yt-dlp audio cmd: yt-dlp --no-warnings --cookies-from-browser safari -x --audio-format mp3 --audio-quality 0 -o data/output/audio/%(id)s.%(ext)s https://www.youtube.com/watch?v=No0GIVMujik
2026-02-15 15:16:51 [ERROR] journal_utilities.downloader: Audio download failed for No0GIVMujik: ERROR: could not find safari cookies database

2026-02-15 15:16:51 [INFO] journal_utilities.downloader: Audio for No0GIVMujik: failed (ERROR: could not find safari cookies database
)
2026-02-15 15:16:52 [INFO] download_channel: [261/694] Processing nFnZSIqoFv4 — ActInf GuestStream 082.7 ~ Robert Worden "Language and Human Nature"
2026-02-15 15:16:52 [DEBUG] journal_utilities.downloader: yt-dlp audio cmd: yt-dlp --no-warnings --cookies-from-browser safari -x --audio-format mp3 --audio-quality 0 -o data/output/audio/%(id)s.%(ext)s https://www.youtube.com/watch?v=nFnZSIqoFv4
2026-02-15 15:16:52 [ERROR] journal_utilities.downloader: Audio download failed for nFnZSIqoFv4: ERROR: could not find safari cookies database

2026-02-15 15:16:52 [INFO] journal_utilities.downloader: Audio for nFnZSIqoFv4: failed (ERROR: could not find safari cookies database
)
2026-02-15 15:16:53 [INFO] download_channel: [262/694] Processing iaKDs6TQj0Q — ActInf GuestStream 122.1 ~ Radical Relation, Scaling without Hierarchies, Models without the Meat
2026-02-15 15:16:53 [DEBUG] journal_utilities.downloader: yt-dlp audio cmd: yt-dlp --no-warnings --cookies-from-browser safari -x --audio-format mp3 --audio-quality 0 -o data/output/audio/%(id)s.%(ext)s https://www.youtube.com/watch?v=iaKDs6TQj0Q
2026-02-15 15:16:54 [ERROR] journal_utilities.downloader: Audio download failed for iaKDs6TQj0Q: ERROR: could not find safari cookies database

2026-02-15 15:16:54 [INFO] journal_utilities.downloader: Audio for iaKDs6TQj0Q: failed (ERROR: could not find safari cookies database
)
2026-02-15 15:16:55 [INFO] download_channel: [263/694] Processing vUO6t1pD0Hg — ActInf GuestStream 082.6 ~ Robert Worden "A Unified Theory of Language"
2026-02-15 15:16:55 [DEBUG] journal_utilities.downloader: yt-dlp audio cmd: yt-dlp --no-warnings --cookies-from-browser safari -x --audio-format mp3 --audio-quality 0 -o data/output/audio/%(id)s.%(ext)s https://www.youtube.com/watch?v=vUO6t1pD0Hg
2026-02-15 15:16:55 [ERROR] journal_utilities.downloader: Audio download failed for vUO6t1pD0Hg: ERROR: could not find safari cookies database

2026-02-15 15:16:55 [INFO] journal_utilities.downloader: Audio for vUO6t1pD0Hg: failed (ERROR: could not find safari cookies database
)
2026-02-15 15:16:56 [INFO] download_channel: [264/694] Processing PPKFlARc7gY — Active Inference Institute ~ 2025 Quarterly Roundtable #3
2026-02-15 15:16:56 [DEBUG] journal_utilities.downloader: yt-dlp audio cmd: yt-dlp --no-warnings --cookies-from-browser safari -x --audio-format mp3 --audio-quality 0 -o data/output/audio/%(id)s.%(ext)s https://www.youtube.com/watch?v=PPKFlARc7gY
2026-02-15 15:16:56 [ERROR] journal_utilities.downloader: Audio download failed for PPKFlARc7gY: ERROR: could not find safari cookies database

2026-02-15 15:16:56 [INFO] journal_utilities.downloader: Audio for PPKFlARc7gY: failed (ERROR: could not find safari cookies database
)
2026-02-15 15:16:57 [INFO] download_channel: [265/694] Processing FeD_L8oOhIk — ActInf GuestStream 121.1 ~ Conscious active inference (Wiest and Puniani)
2026-02-15 15:16:57 [DEBUG] journal_utilities.downloader: yt-dlp audio cmd: yt-dlp --no-warnings --cookies-from-browser safari -x --audio-format mp3 --audio-quality 0 -o data/output/audio/%(id)s.%(ext)s https://www.youtube.com/watch?v=FeD_L8oOhIk
2026-02-15 15:16:58 [ERROR] journal_utilities.downloader: Audio download failed for FeD_L8oOhIk: ERROR: could not find safari cookies database

2026-02-15 15:16:58 [INFO] journal_utilities.downloader: Audio for FeD_L8oOhIk: failed (ERROR: could not find safari cookies database
)
2026-02-15 15:16:59 [INFO] download_channel: [266/694] Processing vwppypTticY — ActInf GuestStream 120.1 ~ Temporal Cognition and the Emergent Properties of Consciousness
2026-02-15 15:16:59 [DEBUG] journal_utilities.downloader: yt-dlp audio cmd: yt-dlp --no-warnings --cookies-from-browser safari -x --audio-format mp3 --audio-quality 0 -o data/output/audio/%(id)s.%(ext)s https://www.youtube.com/watch?v=vwppypTticY
2026-02-15 15:16:59 [ERROR] journal_utilities.downloader: Audio download failed for vwppypTticY: ERROR: could not find safari cookies database

2026-02-15 15:16:59 [INFO] journal_utilities.downloader: Audio for vwppypTticY: failed (ERROR: could not find safari cookies database
)
2026-02-15 15:17:00 [INFO] download_channel: [267/694] Processing O4JkF40yvqU — ActInf GuestStream 119.1 Thermal Macroeconomics: An axiomatic theory of aggregate economic phenomena
2026-02-15 15:17:00 [DEBUG] journal_utilities.downloader: yt-dlp audio cmd: yt-dlp --no-warnings --cookies-from-browser safari -x --audio-format mp3 --audio-quality 0 -o data/output/audio/%(id)s.%(ext)s https://www.youtube.com/watch?v=O4JkF40yvqU
2026-02-15 15:17:01 [ERROR] journal_utilities.downloader: Audio download failed for O4JkF40yvqU: ERROR: could not find safari cookies database

2026-02-15 15:17:01 [INFO] journal_utilities.downloader: Audio for O4JkF40yvqU: failed (ERROR: could not find safari cookies database
)
2026-02-15 15:17:02 [INFO] download_channel: [268/694] Processing 0cOV7-St2Ws — Active InferAnt Stream 015.1 ~ START/HERE: A Map & What Might Happen Next
2026-02-15 15:17:02 [DEBUG] journal_utilities.downloader: yt-dlp audio cmd: yt-dlp --no-warnings --cookies-from-browser safari -x --audio-format mp3 --audio-quality 0 -o data/output/audio/%(id)s.%(ext)s https://www.youtube.com/watch?v=0cOV7-St2Ws
2026-02-15 15:17:02 [ERROR] journal_utilities.downloader: Audio download failed for 0cOV7-St2Ws: ERROR: could not find safari cookies database

2026-02-15 15:17:02 [INFO] journal_utilities.downloader: Audio for 0cOV7-St2Ws: failed (ERROR: could not find safari cookies database
)
2026-02-15 15:17:03 [INFO] download_channel: [269/694] Processing 0t14D4epcuw — ActInf GuestStream 118.1 ~ Tadahiro Taniguchi "Co-Creative Learning via Metropolis-Hastings..."
2026-02-15 15:17:03 [DEBUG] journal_utilities.downloader: yt-dlp audio cmd: yt-dlp --no-warnings --cookies-from-browser safari -x --audio-format mp3 --audio-quality 0 -o data/output/audio/%(id)s.%(ext)s https://www.youtube.com/watch?v=0t14D4epcuw
2026-02-15 15:17:03 [ERROR] journal_utilities.downloader: Audio download failed for 0t14D4epcuw: ERROR: could not find safari cookies database

2026-02-15 15:17:03 [INFO] journal_utilities.downloader: Audio for 0t14D4epcuw: failed (ERROR: could not find safari cookies database
)
2026-02-15 15:17:04 [INFO] download_channel: [270/694] Processing rj3iBEnZvGU — ActInf GuestStream 117.1 ~ Robert Stamps: Active Inference and Artificial Spin Ice
2026-02-15 15:17:04 [DEBUG] journal_utilities.downloader: yt-dlp audio cmd: yt-dlp --no-warnings --cookies-from-browser safari -x --audio-format mp3 --audio-quality 0 -o data/output/audio/%(id)s.%(ext)s https://www.youtube.com/watch?v=rj3iBEnZvGU
2026-02-15 15:17:05 [ERROR] journal_utilities.downloader: Audio download failed for rj3iBEnZvGU: ERROR: could not find safari cookies database

2026-02-15 15:17:05 [INFO] journal_utilities.downloader: Audio for rj3iBEnZvGU: failed (ERROR: could not find safari cookies database
)
2026-02-15 15:17:06 [INFO] download_channel: [271/694] Processing 0h_mf5usgvg — ActInf GuestStream 116.1 ~ Max Aifer: "Solving the compute crisis with physics-based ASICs"
2026-02-15 15:17:06 [DEBUG] journal_utilities.downloader: yt-dlp audio cmd: yt-dlp --no-warnings --cookies-from-browser safari -x --audio-format mp3 --audio-quality 0 -o data/output/audio/%(id)s.%(ext)s https://www.youtube.com/watch?v=0h_mf5usgvg
2026-02-15 15:17:06 [ERROR] journal_utilities.downloader: Audio download failed for 0h_mf5usgvg: ERROR: could not find safari cookies database

2026-02-15 15:17:06 [INFO] journal_utilities.downloader: Audio for 0h_mf5usgvg: failed (ERROR: could not find safari cookies database
)
2026-02-15 15:17:07 [INFO] download_channel: [272/694] Processing 85ob-jrG7xQ — ActInf GuestStream 115.1 ~ Energy-Based Transformers and the Future of Scaling
2026-02-15 15:17:07 [DEBUG] journal_utilities.downloader: yt-dlp audio cmd: yt-dlp --no-warnings --cookies-from-browser safari -x --audio-format mp3 --audio-quality 0 -o data/output/audio/%(id)s.%(ext)s https://www.youtube.com/watch?v=85ob-jrG7xQ
2026-02-15 15:17:08 [ERROR] journal_utilities.downloader: Audio download failed for 85ob-jrG7xQ: ERROR: could not find safari cookies database

2026-02-15 15:17:08 [INFO] journal_utilities.downloader: Audio for 85ob-jrG7xQ: failed (ERROR: could not find safari cookies database
)
2026-02-15 15:17:09 [INFO] download_channel: [273/694] Processing C1NxyfMDP4U — ActInf GuestStream 114.1 ~ How do inner screens enable imaginative experience?
2026-02-15 15:17:09 [DEBUG] journal_utilities.downloader: yt-dlp audio cmd: yt-dlp --no-warnings --cookies-from-browser safari -x --audio-format mp3 --audio-quality 0 -o data/output/audio/%(id)s.%(ext)s https://www.youtube.com/watch?v=C1NxyfMDP4U
2026-02-15 15:17:09 [ERROR] journal_utilities.downloader: Audio download failed for C1NxyfMDP4U: ERROR: could not find safari cookies database

2026-02-15 15:17:09 [INFO] journal_utilities.downloader: Audio for C1NxyfMDP4U: failed (ERROR: could not find safari cookies database
)
2026-02-15 15:17:10 [INFO] download_channel: [274/694] Processing -cKpXSZLvMQ — Active Inference Institute ~ 2025 Quarterly Roundtable #2
2026-02-15 15:17:10 [DEBUG] journal_utilities.downloader: yt-dlp audio cmd: yt-dlp --no-warnings --cookies-from-browser safari -x --audio-format mp3 --audio-quality 0 -o data/output/audio/%(id)s.%(ext)s https://www.youtube.com/watch?v=-cKpXSZLvMQ
2026-02-15 15:17:10 [ERROR] journal_utilities.downloader: Audio download failed for -cKpXSZLvMQ: ERROR: could not find safari cookies database

2026-02-15 15:17:10 [INFO] journal_utilities.downloader: Audio for -cKpXSZLvMQ: failed (ERROR: could not find safari cookies database
)
2026-02-15 15:17:11 [INFO] download_channel: [275/694] Processing vgSYGS9l8nI — ActInf GuestStream 113.1 ~ Bayesian Mechanics of Economic Choice (Ernesto Moya-Albor et al.)
2026-02-15 15:17:11 [DEBUG] journal_utilities.downloader: yt-dlp audio cmd: yt-dlp --no-warnings --cookies-from-browser safari -x --audio-format mp3 --audio-quality 0 -o data/output/audio/%(id)s.%(ext)s https://www.youtube.com/watch?v=vgSYGS9l8nI
2026-02-15 15:17:12 [ERROR] journal_utilities.downloader: Audio download failed for vgSYGS9l8nI: ERROR: could not find safari cookies database

2026-02-15 15:17:12 [INFO] journal_utilities.downloader: Audio for vgSYGS9l8nI: failed (ERROR: could not find safari cookies database
)
2026-02-15 15:17:13 [INFO] download_channel: [276/694] Processing fTg-S81Ymto — ActInf GuestStream 112.1 ~ Brain-like variational inference (Hadi Vafaii)
2026-02-15 15:17:13 [DEBUG] journal_utilities.downloader: yt-dlp audio cmd: yt-dlp --no-warnings --cookies-from-browser safari -x --audio-format mp3 --audio-quality 0 -o data/output/audio/%(id)s.%(ext)s https://www.youtube.com/watch?v=fTg-S81Ymto
2026-02-15 15:17:13 [ERROR] journal_utilities.downloader: Audio download failed for fTg-S81Ymto: ERROR: could not find safari cookies database

2026-02-15 15:17:13 [INFO] journal_utilities.downloader: Audio for fTg-S81Ymto: failed (ERROR: could not find safari cookies database
)
2026-02-15 15:17:14 [INFO] download_channel: [277/694] Processing L0kFneuINsg — Active InferAnt Stream 014.3 ~ The Sound of Uncertainty: Auditory Rendering of Generative Models
2026-02-15 15:17:14 [DEBUG] journal_utilities.downloader: yt-dlp audio cmd: yt-dlp --no-warnings --cookies-from-browser safari -x --audio-format mp3 --audio-quality 0 -o data/output/audio/%(id)s.%(ext)s https://www.youtube.com/watch?v=L0kFneuINsg
2026-02-15 15:17:15 [ERROR] journal_utilities.downloader: Audio download failed for L0kFneuINsg: ERROR: could not find safari cookies database

2026-02-15 15:17:15 [INFO] journal_utilities.downloader: Audio for L0kFneuINsg: failed (ERROR: could not find safari cookies database
)
2026-02-15 15:17:16 [INFO] download_channel: [278/694] Processing q3kUt1xR_fo — ActInf OrgStream 009.1 ~ The Value of Open Source Software (Hoffmann, Nagle, Zhou)
2026-02-15 15:17:16 [DEBUG] journal_utilities.downloader: yt-dlp audio cmd: yt-dlp --no-warnings --cookies-from-browser safari -x --audio-format mp3 --audio-quality 0 -o data/output/audio/%(id)s.%(ext)s https://www.youtube.com/watch?v=q3kUt1xR_fo
2026-02-15 15:17:16 [ERROR] journal_utilities.downloader: Audio download failed for q3kUt1xR_fo: ERROR: could not find safari cookies database

2026-02-15 15:17:16 [INFO] journal_utilities.downloader: Audio for q3kUt1xR_fo: failed (ERROR: could not find safari cookies database
)
2026-02-15 15:17:17 [INFO] download_channel: [279/694] Processing sSStRTOxuWk — ActInf GuestStream 111.1 ~ Modeling and Predicting Self-Organization in Dynamic Systems (G Georgiev)
2026-02-15 15:17:17 [DEBUG] journal_utilities.downloader: yt-dlp audio cmd: yt-dlp --no-warnings --cookies-from-browser safari -x --audio-format mp3 --audio-quality 0 -o data/output/audio/%(id)s.%(ext)s https://www.youtube.com/watch?v=sSStRTOxuWk
2026-02-15 15:17:17 [ERROR] journal_utilities.downloader: Audio download failed for sSStRTOxuWk: ERROR: could not find safari cookies database

2026-02-15 15:17:17 [INFO] journal_utilities.downloader: Audio for sSStRTOxuWk: failed (ERROR: could not find safari cookies database
)
2026-02-15 15:17:18 [INFO] download_channel: [280/694] Processing Y3-FMoaEZYE — Active InferAnt Stream 014.2 ~ Generalized Notation Notation for Generative Model Supply Chains
2026-02-15 15:17:18 [DEBUG] journal_utilities.downloader: yt-dlp audio cmd: yt-dlp --no-warnings --cookies-from-browser safari -x --audio-format mp3 --audio-quality 0 -o data/output/audio/%(id)s.%(ext)s https://www.youtube.com/watch?v=Y3-FMoaEZYE
2026-02-15 15:17:19 [ERROR] journal_utilities.downloader: Audio download failed for Y3-FMoaEZYE: ERROR: could not find safari cookies database

2026-02-15 15:17:19 [INFO] journal_utilities.downloader: Audio for Y3-FMoaEZYE: failed (ERROR: could not find safari cookies database
)
2026-02-15 15:17:20 [INFO] download_channel: [281/694] Processing gS_WocoCJvI — ActInf GuestStream 110.1 ~ Triple equivalence for the emergence of biological intelligence (Isomura)
2026-02-15 15:17:20 [DEBUG] journal_utilities.downloader: yt-dlp audio cmd: yt-dlp --no-warnings --cookies-from-browser safari -x --audio-format mp3 --audio-quality 0 -o data/output/audio/%(id)s.%(ext)s https://www.youtube.com/watch?v=gS_WocoCJvI
2026-02-15 15:17:20 [ERROR] journal_utilities.downloader: Audio download failed for gS_WocoCJvI: ERROR: could not find safari cookies database

2026-02-15 15:17:20 [INFO] journal_utilities.downloader: Audio for gS_WocoCJvI: failed (ERROR: could not find safari cookies database
)
2026-02-15 15:17:21 [INFO] download_channel: [282/694] Processing kDLBmwMikfk — ActInf MathStream 014.1 ~ Jesse van Oostrum: A concise mathematical description of active inference
2026-02-15 15:17:21 [DEBUG] journal_utilities.downloader: yt-dlp audio cmd: yt-dlp --no-warnings --cookies-from-browser safari -x --audio-format mp3 --audio-quality 0 -o data/output/audio/%(id)s.%(ext)s https://www.youtube.com/watch?v=kDLBmwMikfk
2026-02-15 15:17:22 [ERROR] journal_utilities.downloader: Audio download failed for kDLBmwMikfk: ERROR: could not find safari cookies database

2026-02-15 15:17:22 [INFO] journal_utilities.downloader: Audio for kDLBmwMikfk: failed (ERROR: could not find safari cookies database
)
2026-02-15 15:17:23 [INFO] download_channel: [283/694] Processing aRT9n16N4J8 — ActInf GuestStream 109.1 ~ Hemming: "Free Energy, Attentional Narrowing, and Cognitive Rigidity"
2026-02-15 15:17:23 [DEBUG] journal_utilities.downloader: yt-dlp audio cmd: yt-dlp --no-warnings --cookies-from-browser safari -x --audio-format mp3 --audio-quality 0 -o data/output/audio/%(id)s.%(ext)s https://www.youtube.com/watch?v=aRT9n16N4J8
2026-02-15 15:17:23 [ERROR] journal_utilities.downloader: Audio download failed for aRT9n16N4J8: ERROR: could not find safari cookies database

2026-02-15 15:17:23 [INFO] journal_utilities.downloader: Audio for aRT9n16N4J8: failed (ERROR: could not find safari cookies database
)
2026-02-15 15:17:24 [INFO] download_channel: [284/694] Processing _YRRB5basok — ActInf GuestStream 108.1 ~ Next-Generation AI for Emergent Semantic Communications (Christo Thomas)
2026-02-15 15:17:24 [DEBUG] journal_utilities.downloader: yt-dlp audio cmd: yt-dlp --no-warnings --cookies-from-browser safari -x --audio-format mp3 --audio-quality 0 -o data/output/audio/%(id)s.%(ext)s https://www.youtube.com/watch?v=_YRRB5basok
2026-02-15 15:17:24 [ERROR] journal_utilities.downloader: Audio download failed for _YRRB5basok: ERROR: could not find safari cookies database

2026-02-15 15:17:24 [INFO] journal_utilities.downloader: Audio for _YRRB5basok: failed (ERROR: could not find safari cookies database
)
2026-02-15 15:17:25 [INFO] download_channel: [285/694] Processing 3a01ltP-p9I — ActInf GuestStream 107.1 ~ David Benrimoh "The Role of Affective States in Computational Psychiatry"
2026-02-15 15:17:25 [DEBUG] journal_utilities.downloader: yt-dlp audio cmd: yt-dlp --no-warnings --cookies-from-browser safari -x --audio-format mp3 --audio-quality 0 -o data/output/audio/%(id)s.%(ext)s https://www.youtube.com/watch?v=3a01ltP-p9I
2026-02-15 15:17:26 [ERROR] journal_utilities.downloader: Audio download failed for 3a01ltP-p9I: ERROR: could not find safari cookies database

2026-02-15 15:17:26 [INFO] journal_utilities.downloader: Audio for 3a01ltP-p9I: failed (ERROR: could not find safari cookies database
)
2026-02-15 15:17:27 [INFO] download_channel: [286/694] Processing _8xNPQEqnKE — ActInf MathStream 013.1 ~ Alexis Toumi: "DisCoPy: Monoidal Categories for Active Inference"
2026-02-15 15:17:27 [DEBUG] journal_utilities.downloader: yt-dlp audio cmd: yt-dlp --no-warnings --cookies-from-browser safari -x --audio-format mp3 --audio-quality 0 -o data/output/audio/%(id)s.%(ext)s https://www.youtube.com/watch?v=_8xNPQEqnKE
2026-02-15 15:17:27 [ERROR] journal_utilities.downloader: Audio download failed for _8xNPQEqnKE: ERROR: could not find safari cookies database

2026-02-15 15:17:27 [INFO] journal_utilities.downloader: Audio for _8xNPQEqnKE: failed (ERROR: could not find safari cookies database
)
2026-02-15 15:17:28 [INFO] download_channel: [287/694] Processing 3tYOBVIOLyU — Active InferAnt Stream 014.1 ~ Generalized Notation Notation: From Plaintext to Triple Play
2026-02-15 15:17:28 [DEBUG] journal_utilities.downloader: yt-dlp audio cmd: yt-dlp --no-warnings --cookies-from-browser safari -x --audio-format mp3 --audio-quality 0 -o data/output/audio/%(id)s.%(ext)s https://www.youtube.com/watch?v=3tYOBVIOLyU
2026-02-15 15:17:29 [ERROR] journal_utilities.downloader: Audio download failed for 3tYOBVIOLyU: ERROR: could not find safari cookies database

2026-02-15 15:17:29 [INFO] journal_utilities.downloader: Audio for 3tYOBVIOLyU: failed (ERROR: could not find safari cookies database
)
2026-02-15 15:17:30 [INFO] download_channel: [288/694] Processing pqMph8eEUs4 — ActInf GuestStream 106.1 ~  "Advances and Challenges in Foundation Agents" Bang Liu et al.
2026-02-15 15:17:30 [DEBUG] journal_utilities.downloader: yt-dlp audio cmd: yt-dlp --no-warnings --cookies-from-browser safari -x --audio-format mp3 --audio-quality 0 -o data/output/audio/%(id)s.%(ext)s https://www.youtube.com/watch?v=pqMph8eEUs4
2026-02-15 15:17:30 [ERROR] journal_utilities.downloader: Audio download failed for pqMph8eEUs4: ERROR: could not find safari cookies database

2026-02-15 15:17:30 [INFO] journal_utilities.downloader: Audio for pqMph8eEUs4: failed (ERROR: could not find safari cookies database
)
2026-02-15 15:17:31 [INFO] download_channel: [289/694] Processing TKksAVCOUCU — ActInf GuestStream 105.1 ~ Paola Di Maio: "Systemic Deviation, A Key to Explain Systemic Failures"
2026-02-15 15:17:31 [DEBUG] journal_utilities.downloader: yt-dlp audio cmd: yt-dlp --no-warnings --cookies-from-browser safari -x --audio-format mp3 --audio-quality 0 -o data/output/audio/%(id)s.%(ext)s https://www.youtube.com/watch?v=TKksAVCOUCU
2026-02-15 15:17:31 [ERROR] journal_utilities.downloader: Audio download failed for TKksAVCOUCU: ERROR: could not find safari cookies database

2026-02-15 15:17:31 [INFO] journal_utilities.downloader: Audio for TKksAVCOUCU: failed (ERROR: could not find safari cookies database
)
2026-02-15 15:17:32 [INFO] download_channel: [290/694] Processing 7vbtSdkDgc8 — ActInf ModelStream 018.1: Robust Decision-Making Via Free Energy Minimization (Russo & Jesawada)
2026-02-15 15:17:32 [DEBUG] journal_utilities.downloader: yt-dlp audio cmd: yt-dlp --no-warnings --cookies-from-browser safari -x --audio-format mp3 --audio-quality 0 -o data/output/audio/%(id)s.%(ext)s https://www.youtube.com/watch?v=7vbtSdkDgc8
2026-02-15 15:17:33 [ERROR] journal_utilities.downloader: Audio download failed for 7vbtSdkDgc8: ERROR: could not find safari cookies database

2026-02-15 15:17:33 [INFO] journal_utilities.downloader: Audio for 7vbtSdkDgc8: failed (ERROR: could not find safari cookies database
)
2026-02-15 15:17:34 [INFO] download_channel: [291/694] Processing nT11dSbr6QE — Active InferAnt Stream 013.1 ~ NoOrg is a Real Org
2026-02-15 15:17:34 [DEBUG] journal_utilities.downloader: yt-dlp audio cmd: yt-dlp --no-warnings --cookies-from-browser safari -x --audio-format mp3 --audio-quality 0 -o data/output/audio/%(id)s.%(ext)s https://www.youtube.com/watch?v=nT11dSbr6QE
2026-02-15 15:17:34 [ERROR] journal_utilities.downloader: Audio download failed for nT11dSbr6QE: ERROR: could not find safari cookies database

2026-02-15 15:17:34 [INFO] journal_utilities.downloader: Audio for nT11dSbr6QE: failed (ERROR: could not find safari cookies database
)
2026-02-15 15:17:35 [INFO] download_channel: [292/694] Processing veGQUGE0hLI — ActInf GuestStream 104.1 ~ Tadahiro Taniguchi: Collective Predictive Coding and Active Inference
2026-02-15 15:17:35 [DEBUG] journal_utilities.downloader: yt-dlp audio cmd: yt-dlp --no-warnings --cookies-from-browser safari -x --audio-format mp3 --audio-quality 0 -o data/output/audio/%(id)s.%(ext)s https://www.youtube.com/watch?v=veGQUGE0hLI
2026-02-15 15:17:36 [ERROR] journal_utilities.downloader: Audio download failed for veGQUGE0hLI: ERROR: could not find safari cookies database

2026-02-15 15:17:36 [INFO] journal_utilities.downloader: Audio for veGQUGE0hLI: failed (ERROR: could not find safari cookies database
)
2026-02-15 15:17:37 [INFO] download_channel: [293/694] Processing ZRNQ8ZzMc_c — ActInf GuestStream 103.1 ~ Tobias Plowman "The Mind in Motion": A Systems Model...
2026-02-15 15:17:37 [DEBUG] journal_utilities.downloader: yt-dlp audio cmd: yt-dlp --no-warnings --cookies-from-browser safari -x --audio-format mp3 --audio-quality 0 -o data/output/audio/%(id)s.%(ext)s https://www.youtube.com/watch?v=ZRNQ8ZzMc_c
2026-02-15 15:17:37 [ERROR] journal_utilities.downloader: Audio download failed for ZRNQ8ZzMc_c: ERROR: could not find safari cookies database

2026-02-15 15:17:37 [INFO] journal_utilities.downloader: Audio for ZRNQ8ZzMc_c: failed (ERROR: could not find safari cookies database
)
2026-02-15 15:17:38 [INFO] download_channel: [294/694] Processing EIOIMEo8vOY — Active InferAnt Stream 012.2 ~ Case of the Evolving CEREBRUM: The Curious Language of the Incident
2026-02-15 15:17:38 [DEBUG] journal_utilities.downloader: yt-dlp audio cmd: yt-dlp --no-warnings --cookies-from-browser safari -x --audio-format mp3 --audio-quality 0 -o data/output/audio/%(id)s.%(ext)s https://www.youtube.com/watch?v=EIOIMEo8vOY
2026-02-15 15:17:38 [ERROR] journal_utilities.downloader: Audio download failed for EIOIMEo8vOY: ERROR: could not find safari cookies database

2026-02-15 15:17:38 [INFO] journal_utilities.downloader: Audio for EIOIMEo8vOY: failed (ERROR: could not find safari cookies database
)
2026-02-15 15:17:39 [INFO] download_channel: [295/694] Processing p7iq4AAIwjc — ActInf GuestStream 082.5 ~ Robert Worden "Computers, Meaning and Consciousness"
2026-02-15 15:17:39 [DEBUG] journal_utilities.downloader: yt-dlp audio cmd: yt-dlp --no-warnings --cookies-from-browser safari -x --audio-format mp3 --audio-quality 0 -o data/output/audio/%(id)s.%(ext)s https://www.youtube.com/watch?v=p7iq4AAIwjc
2026-02-15 15:17:40 [ERROR] journal_utilities.downloader: Audio download failed for p7iq4AAIwjc: ERROR: could not find safari cookies database

2026-02-15 15:17:40 [INFO] journal_utilities.downloader: Audio for p7iq4AAIwjc: failed (ERROR: could not find safari cookies database
)
2026-02-15 15:17:41 [INFO] download_channel: [296/694] Processing h6426dEKaMg — ActInf MathStream 012.1 ~ ELBOing Stein: Variational Bayes with Stein Mixture Inference, Ola Rønning
2026-02-15 15:17:41 [DEBUG] journal_utilities.downloader: yt-dlp audio cmd: yt-dlp --no-warnings --cookies-from-browser safari -x --audio-format mp3 --audio-quality 0 -o data/output/audio/%(id)s.%(ext)s https://www.youtube.com/watch?v=h6426dEKaMg
2026-02-15 15:17:41 [ERROR] journal_utilities.downloader: Audio download failed for h6426dEKaMg: ERROR: could not find safari cookies database

2026-02-15 15:17:41 [INFO] journal_utilities.downloader: Audio for h6426dEKaMg: failed (ERROR: could not find safari cookies database
)
2026-02-15 15:17:42 [INFO] download_channel: [297/694] Processing gSL8PWN4soc — ActInf GuestStream 102.1 ~ Majid Beni "Scientific Explanation, Causality, and Agency"
2026-02-15 15:17:42 [DEBUG] journal_utilities.downloader: yt-dlp audio cmd: yt-dlp --no-warnings --cookies-from-browser safari -x --audio-format mp3 --audio-quality 0 -o data/output/audio/%(id)s.%(ext)s https://www.youtube.com/watch?v=gSL8PWN4soc
2026-02-15 15:17:43 [ERROR] journal_utilities.downloader: Audio download failed for gSL8PWN4soc: ERROR: could not find safari cookies database

2026-02-15 15:17:43 [INFO] journal_utilities.downloader: Audio for gSL8PWN4soc: failed (ERROR: could not find safari cookies database
)
2026-02-15 15:17:44 [INFO] download_channel: [298/694] Processing eZPshFv24_g — ActInf GuestStream 101.1 ~ Autonomous Vehicles, Diffusion-Based Motion Prediction, Active Inference
2026-02-15 15:17:44 [DEBUG] journal_utilities.downloader: yt-dlp audio cmd: yt-dlp --no-warnings --cookies-from-browser safari -x --audio-format mp3 --audio-quality 0 -o data/output/audio/%(id)s.%(ext)s https://www.youtube.com/watch?v=eZPshFv24_g
2026-02-15 15:17:44 [ERROR] journal_utilities.downloader: Audio download failed for eZPshFv24_g: ERROR: could not find safari cookies database

2026-02-15 15:17:44 [INFO] journal_utilities.downloader: Audio for eZPshFv24_g: failed (ERROR: could not find safari cookies database
)
2026-02-15 15:17:45 [INFO] download_channel: [299/694] Processing 8Ohlb8iTW0k — Active InferAnt Stream 012.1 ~ CEREBRUM: Case-Enabled Reasoning Engine with...
2026-02-15 15:17:45 [DEBUG] journal_utilities.downloader: yt-dlp audio cmd: yt-dlp --no-warnings --cookies-from-browser safari -x --audio-format mp3 --audio-quality 0 -o data/output/audio/%(id)s.%(ext)s https://www.youtube.com/watch?v=8Ohlb8iTW0k
2026-02-15 15:17:45 [ERROR] journal_utilities.downloader: Audio download failed for 8Ohlb8iTW0k: ERROR: could not find safari cookies database

2026-02-15 15:17:45 [INFO] journal_utilities.downloader: Audio for 8Ohlb8iTW0k: failed (ERROR: could not find safari cookies database
)
2026-02-15 15:17:46 [INFO] download_channel: [300/694] Processing 9LKWp5nydnA — Active InferAnt Stream 011.1 ~ April Agents Bring May Simulations: OpenManus, RxInfer.jl, and ...
2026-02-15 15:17:46 [DEBUG] journal_utilities.downloader: yt-dlp audio cmd: yt-dlp --no-warnings --cookies-from-browser safari -x --audio-format mp3 --audio-quality 0 -o data/output/audio/%(id)s.%(ext)s https://www.youtube.com/watch?v=9LKWp5nydnA
2026-02-15 15:17:47 [ERROR] journal_utilities.downloader: Audio download failed for 9LKWp5nydnA: ERROR: could not find safari cookies database

2026-02-15 15:17:47 [INFO] journal_utilities.downloader: Audio for 9LKWp5nydnA: failed (ERROR: could not find safari cookies database
)
2026-02-15 15:17:48 [INFO] download_channel: [301/694] Processing aEe8y9Ebs10 — Active Inference Institute ~ 2025 Quarterly Roundtable #1
2026-02-15 15:17:48 [DEBUG] journal_utilities.downloader: yt-dlp audio cmd: yt-dlp --no-warnings --cookies-from-browser safari -x --audio-format mp3 --audio-quality 0 -o data/output/audio/%(id)s.%(ext)s https://www.youtube.com/watch?v=aEe8y9Ebs10
2026-02-15 15:17:48 [ERROR] journal_utilities.downloader: Audio download failed for aEe8y9Ebs10: ERROR: could not find safari cookies database

2026-02-15 15:17:48 [INFO] journal_utilities.downloader: Audio for aEe8y9Ebs10: failed (ERROR: could not find safari cookies database
)
2026-02-15 15:17:49 [INFO] download_channel: [302/694] Processing pwfJQRN6iIc — ActInf ModelStream 017.1 What's Wrong with Active Inference and How Lazy Dynamics Is Set to Solve It
2026-02-15 15:17:49 [DEBUG] journal_utilities.downloader: yt-dlp audio cmd: yt-dlp --no-warnings --cookies-from-browser safari -x --audio-format mp3 --audio-quality 0 -o data/output/audio/%(id)s.%(ext)s https://www.youtube.com/watch?v=pwfJQRN6iIc
2026-02-15 15:17:50 [ERROR] journal_utilities.downloader: Audio download failed for pwfJQRN6iIc: ERROR: could not find safari cookies database

2026-02-15 15:17:50 [INFO] journal_utilities.downloader: Audio for pwfJQRN6iIc: failed (ERROR: could not find safari cookies database
)
2026-02-15 15:17:51 [INFO] download_channel: [303/694] Processing BN2akPkfNxA — ActInf GuestStream 100.1 ~ Yu Kanazawa: The free energy principle, language learning, and education
2026-02-15 15:17:51 [DEBUG] journal_utilities.downloader: yt-dlp audio cmd: yt-dlp --no-warnings --cookies-from-browser safari -x --audio-format mp3 --audio-quality 0 -o data/output/audio/%(id)s.%(ext)s https://www.youtube.com/watch?v=BN2akPkfNxA
2026-02-15 15:17:51 [ERROR] journal_utilities.downloader: Audio download failed for BN2akPkfNxA: ERROR: could not find safari cookies database

2026-02-15 15:17:51 [INFO] journal_utilities.downloader: Audio for BN2akPkfNxA: failed (ERROR: could not find safari cookies database
)
2026-02-15 15:17:52 [INFO] download_channel: [304/694] Processing NZnlrI-6mS8 — ActInf GuestStream 099.1 ~ Avel Guénin-Carlut: "From Contextuality to Social Constraints"
2026-02-15 15:17:52 [DEBUG] journal_utilities.downloader: yt-dlp audio cmd: yt-dlp --no-warnings --cookies-from-browser safari -x --audio-format mp3 --audio-quality 0 -o data/output/audio/%(id)s.%(ext)s https://www.youtube.com/watch?v=NZnlrI-6mS8
2026-02-15 15:17:52 [ERROR] journal_utilities.downloader: Audio download failed for NZnlrI-6mS8: ERROR: could not find safari cookies database

2026-02-15 15:17:52 [INFO] journal_utilities.downloader: Audio for NZnlrI-6mS8: failed (ERROR: could not find safari cookies database
)
2026-02-15 15:17:53 [INFO] download_channel: [305/694] Processing Gl7yd2MRjmk — Active InferAnt Stream 010.2 ~ plain_text too: Learning Paths, Application Guides, and More Things
2026-02-15 15:17:53 [DEBUG] journal_utilities.downloader: yt-dlp audio cmd: yt-dlp --no-warnings --cookies-from-browser safari -x --audio-format mp3 --audio-quality 0 -o data/output/audio/%(id)s.%(ext)s https://www.youtube.com/watch?v=Gl7yd2MRjmk
2026-02-15 15:17:54 [ERROR] journal_utilities.downloader: Audio download failed for Gl7yd2MRjmk: ERROR: could not find safari cookies database

2026-02-15 15:17:54 [INFO] journal_utilities.downloader: Audio for Gl7yd2MRjmk: failed (ERROR: could not find safari cookies database
)
2026-02-15 15:17:55 [INFO] download_channel: [306/694] Processing E3vyVxMZanA — ActInf GuestStream 090.2 Decoding the ARC: The Evolution of Reason in the Abstract Reasoning Corpus
2026-02-15 15:17:55 [DEBUG] journal_utilities.downloader: yt-dlp audio cmd: yt-dlp --no-warnings --cookies-from-browser safari -x --audio-format mp3 --audio-quality 0 -o data/output/audio/%(id)s.%(ext)s https://www.youtube.com/watch?v=E3vyVxMZanA
2026-02-15 15:17:55 [ERROR] journal_utilities.downloader: Audio download failed for E3vyVxMZanA: ERROR: could not find safari cookies database

2026-02-15 15:17:55 [INFO] journal_utilities.downloader: Audio for E3vyVxMZanA: failed (ERROR: could not find safari cookies database
)
2026-02-15 15:17:56 [INFO] download_channel: [307/694] Processing tU2PfMNp-OI — ActInf GuestStream 098.1 ~ Active Inference and Human-Computer Interaction
2026-02-15 15:17:56 [DEBUG] journal_utilities.downloader: yt-dlp audio cmd: yt-dlp --no-warnings --cookies-from-browser safari -x --audio-format mp3 --audio-quality 0 -o data/output/audio/%(id)s.%(ext)s https://www.youtube.com/watch?v=tU2PfMNp-OI
2026-02-15 15:17:57 [ERROR] journal_utilities.downloader: Audio download failed for tU2PfMNp-OI: ERROR: could not find safari cookies database

2026-02-15 15:17:57 [INFO] journal_utilities.downloader: Audio for tU2PfMNp-OI: failed (ERROR: could not find safari cookies database
)
2026-02-15 15:17:58 [INFO] download_channel: [308/694] Processing ed9iSi4cD3o — Active InferAnt Stream 010.1 ~ plain_text for active_inference: Modeling, Learning, and Exploration
2026-02-15 15:17:58 [DEBUG] journal_utilities.downloader: yt-dlp audio cmd: yt-dlp --no-warnings --cookies-from-browser safari -x --audio-format mp3 --audio-quality 0 -o data/output/audio/%(id)s.%(ext)s https://www.youtube.com/watch?v=ed9iSi4cD3o
2026-02-15 15:17:58 [ERROR] journal_utilities.downloader: Audio download failed for ed9iSi4cD3o: ERROR: could not find safari cookies database

2026-02-15 15:17:58 [INFO] journal_utilities.downloader: Audio for ed9iSi4cD3o: failed (ERROR: could not find safari cookies database
)
2026-02-15 15:17:59 [INFO] download_channel: [309/694] Processing dP5MwxvYSno — MathArtStream 11 ~ Feedback Welcome
2026-02-15 15:17:59 [DEBUG] journal_utilities.downloader: yt-dlp audio cmd: yt-dlp --no-warnings --cookies-from-browser safari -x --audio-format mp3 --audio-quality 0 -o data/output/audio/%(id)s.%(ext)s https://www.youtube.com/watch?v=dP5MwxvYSno
2026-02-15 15:17:59 [ERROR] journal_utilities.downloader: Audio download failed for dP5MwxvYSno: ERROR: could not find safari cookies database

2026-02-15 15:17:59 [INFO] journal_utilities.downloader: Audio for dP5MwxvYSno: failed (ERROR: could not find safari cookies database
)
2026-02-15 15:18:00 [INFO] download_channel: [310/694] Processing VLTXPOsrg_s — ActInf GuestStream 097.1 ~ Matthew Sims: Slime Mould and Philosophy
2026-02-15 15:18:00 [DEBUG] journal_utilities.downloader: yt-dlp audio cmd: yt-dlp --no-warnings --cookies-from-browser safari -x --audio-format mp3 --audio-quality 0 -o data/output/audio/%(id)s.%(ext)s https://www.youtube.com/watch?v=VLTXPOsrg_s
2026-02-15 15:18:01 [ERROR] journal_utilities.downloader: Audio download failed for VLTXPOsrg_s: ERROR: could not find safari cookies database

2026-02-15 15:18:01 [INFO] journal_utilities.downloader: Audio for VLTXPOsrg_s: failed (ERROR: could not find safari cookies database
)
2026-02-15 15:18:02 [INFO] download_channel: [311/694] Processing kCmC4i-drEY — ActInf GuestStream: Ron Itelman: Cognitive Experience Design (CXD): Designing AI Systems for Trust
2026-02-15 15:18:02 [DEBUG] journal_utilities.downloader: yt-dlp audio cmd: yt-dlp --no-warnings --cookies-from-browser safari -x --audio-format mp3 --audio-quality 0 -o data/output/audio/%(id)s.%(ext)s https://www.youtube.com/watch?v=kCmC4i-drEY
2026-02-15 15:18:02 [ERROR] journal_utilities.downloader: Audio download failed for kCmC4i-drEY: ERROR: could not find safari cookies database

2026-02-15 15:18:02 [INFO] journal_utilities.downloader: Audio for kCmC4i-drEY: failed (ERROR: could not find safari cookies database
)
2026-02-15 15:18:03 [INFO] download_channel: [312/694] Processing Y76dco2nAkQ — ActInf GuestStream 095.1 ~ Rithvik Prakki: Active Inference for Self-Organizing Multi-LLM Systems
2026-02-15 15:18:03 [DEBUG] journal_utilities.downloader: yt-dlp audio cmd: yt-dlp --no-warnings --cookies-from-browser safari -x --audio-format mp3 --audio-quality 0 -o data/output/audio/%(id)s.%(ext)s https://www.youtube.com/watch?v=Y76dco2nAkQ
2026-02-15 15:18:04 [ERROR] journal_utilities.downloader: Audio download failed for Y76dco2nAkQ: ERROR: could not find safari cookies database

2026-02-15 15:18:04 [INFO] journal_utilities.downloader: Audio for Y76dco2nAkQ: failed (ERROR: could not find safari cookies database
)
2026-02-15 15:18:05 [INFO] download_channel: [313/694] Processing cmPPvfElkCE — Active InferAnt Stream 009.1 ~ How to Accelerate? Active Inference Mountain Car in RxInfer.jl
2026-02-15 15:18:05 [DEBUG] journal_utilities.downloader: yt-dlp audio cmd: yt-dlp --no-warnings --cookies-from-browser safari -x --audio-format mp3 --audio-quality 0 -o data/output/audio/%(id)s.%(ext)s https://www.youtube.com/watch?v=cmPPvfElkCE
2026-02-15 15:18:05 [ERROR] journal_utilities.downloader: Audio download failed for cmPPvfElkCE: ERROR: could not find safari cookies database

2026-02-15 15:18:05 [INFO] journal_utilities.downloader: Audio for cmPPvfElkCE: failed (ERROR: could not find safari cookies database
)
2026-02-15 15:18:06 [INFO] download_channel: [314/694] Processing S8z_Y95WBeE — 2024 ReviewStream
2026-02-15 15:18:06 [DEBUG] journal_utilities.downloader: yt-dlp audio cmd: yt-dlp --no-warnings --cookies-from-browser safari -x --audio-format mp3 --audio-quality 0 -o data/output/audio/%(id)s.%(ext)s https://www.youtube.com/watch?v=S8z_Y95WBeE
2026-02-15 15:18:06 [ERROR] journal_utilities.downloader: Audio download failed for S8z_Y95WBeE: ERROR: could not find safari cookies database

2026-02-15 15:18:06 [INFO] journal_utilities.downloader: Audio for S8z_Y95WBeE: failed (ERROR: could not find safari cookies database
)
2026-02-15 15:18:07 [INFO] download_channel: [315/694] Processing bK3lIWs23RE — Active Inference Institute ~ 2024 Quarterly Roundtable #4
2026-02-15 15:18:07 [DEBUG] journal_utilities.downloader: yt-dlp audio cmd: yt-dlp --no-warnings --cookies-from-browser safari -x --audio-format mp3 --audio-quality 0 -o data/output/audio/%(id)s.%(ext)s https://www.youtube.com/watch?v=bK3lIWs23RE
2026-02-15 15:18:08 [ERROR] journal_utilities.downloader: Audio download failed for bK3lIWs23RE: ERROR: could not find safari cookies database

2026-02-15 15:18:08 [INFO] journal_utilities.downloader: Audio for bK3lIWs23RE: failed (ERROR: could not find safari cookies database
)
2026-02-15 15:18:09 [INFO] download_channel: [316/694] Processing 1Qr7um2W-Rc — ActInf GuestStream 094.1 ~ Joséphine Pazem:, "Free Energy Projective Simulation (FEPS)"
2026-02-15 15:18:09 [DEBUG] journal_utilities.downloader: yt-dlp audio cmd: yt-dlp --no-warnings --cookies-from-browser safari -x --audio-format mp3 --audio-quality 0 -o data/output/audio/%(id)s.%(ext)s https://www.youtube.com/watch?v=1Qr7um2W-Rc
2026-02-15 15:18:09 [ERROR] journal_utilities.downloader: Audio download failed for 1Qr7um2W-Rc: ERROR: could not find safari cookies database

2026-02-15 15:18:09 [INFO] journal_utilities.downloader: Audio for 1Qr7um2W-Rc: failed (ERROR: could not find safari cookies database
)
2026-02-15 15:18:10 [INFO] download_channel: [317/694] Processing h_tO7gZH2Ks — Active InferAnt Stream 008.1 ~ Onboarding to Active Inference across backgrounds & languages
2026-02-15 15:18:10 [DEBUG] journal_utilities.downloader: yt-dlp audio cmd: yt-dlp --no-warnings --cookies-from-browser safari -x --audio-format mp3 --audio-quality 0 -o data/output/audio/%(id)s.%(ext)s https://www.youtube.com/watch?v=h_tO7gZH2Ks
2026-02-15 15:18:11 [ERROR] journal_utilities.downloader: Audio download failed for h_tO7gZH2Ks: ERROR: could not find safari cookies database

2026-02-15 15:18:11 [INFO] journal_utilities.downloader: Audio for h_tO7gZH2Ks: failed (ERROR: could not find safari cookies database
)
2026-02-15 15:18:12 [INFO] download_channel: [318/694] Processing GVsBiTn_E6o — ActInf GuestStream 093.1 ~ Nassim Dehouche "Enhancing Population-based Search with Active Inference"
2026-02-15 15:18:12 [DEBUG] journal_utilities.downloader: yt-dlp audio cmd: yt-dlp --no-warnings --cookies-from-browser safari -x --audio-format mp3 --audio-quality 0 -o data/output/audio/%(id)s.%(ext)s https://www.youtube.com/watch?v=GVsBiTn_E6o
2026-02-15 15:18:12 [ERROR] journal_utilities.downloader: Audio download failed for GVsBiTn_E6o: ERROR: could not find safari cookies database

2026-02-15 15:18:12 [INFO] journal_utilities.downloader: Audio for GVsBiTn_E6o: failed (ERROR: could not find safari cookies database
)
2026-02-15 15:18:13 [INFO] download_channel: [319/694] Processing x6rwST67ugU — ActInf ArtStream 004.1 ~ Karin Kukkonen: "Literature as Uncertainty Practice"
2026-02-15 15:18:13 [DEBUG] journal_utilities.downloader: yt-dlp audio cmd: yt-dlp --no-warnings --cookies-from-browser safari -x --audio-format mp3 --audio-quality 0 -o data/output/audio/%(id)s.%(ext)s https://www.youtube.com/watch?v=x6rwST67ugU
2026-02-15 15:18:13 [ERROR] journal_utilities.downloader: Audio download failed for x6rwST67ugU: ERROR: could not find safari cookies database

2026-02-15 15:18:13 [INFO] journal_utilities.downloader: Audio for x6rwST67ugU: failed (ERROR: could not find safari cookies database
)
2026-02-15 15:18:14 [INFO] download_channel: [320/694] Processing pNfQqKXUdic — ActInf ModelStream 016.1: Eli Sennesh and Tommaso Salvatori "Divide-and-Conquer Predictive Coding"
2026-02-15 15:18:14 [DEBUG] journal_utilities.downloader: yt-dlp audio cmd: yt-dlp --no-warnings --cookies-from-browser safari -x --audio-format mp3 --audio-quality 0 -o data/output/audio/%(id)s.%(ext)s https://www.youtube.com/watch?v=pNfQqKXUdic
2026-02-15 15:18:15 [ERROR] journal_utilities.downloader: Audio download failed for pNfQqKXUdic: ERROR: could not find safari cookies database

2026-02-15 15:18:15 [INFO] journal_utilities.downloader: Audio for pNfQqKXUdic: failed (ERROR: could not find safari cookies database
)
2026-02-15 15:18:16 [INFO] download_channel: [321/694] Processing wDYI7pOGamI — Active InferAnt Stream 001.2 ~ FieldSHIFTing for the SoftComp Intelligent Soft Matter Workshop
2026-02-15 15:18:16 [DEBUG] journal_utilities.downloader: yt-dlp audio cmd: yt-dlp --no-warnings --cookies-from-browser safari -x --audio-format mp3 --audio-quality 0 -o data/output/audio/%(id)s.%(ext)s https://www.youtube.com/watch?v=wDYI7pOGamI
2026-02-15 15:18:16 [ERROR] journal_utilities.downloader: Audio download failed for wDYI7pOGamI: ERROR: could not find safari cookies database

2026-02-15 15:18:16 [INFO] journal_utilities.downloader: Audio for wDYI7pOGamI: failed (ERROR: could not find safari cookies database
)
2026-02-15 15:18:17 [INFO] download_channel: [322/694] Processing mcMYdZxmVo0 — Institute updates (Nov 12, 2024): Symposium tomorrow & Institute/Ecosystem paper snapshot today!
2026-02-15 15:18:17 [DEBUG] journal_utilities.downloader: yt-dlp audio cmd: yt-dlp --no-warnings --cookies-from-browser safari -x --audio-format mp3 --audio-quality 0 -o data/output/audio/%(id)s.%(ext)s https://www.youtube.com/watch?v=mcMYdZxmVo0
2026-02-15 15:18:18 [ERROR] journal_utilities.downloader: Audio download failed for mcMYdZxmVo0: ERROR: could not find safari cookies database

2026-02-15 15:18:18 [INFO] journal_utilities.downloader: Audio for mcMYdZxmVo0: failed (ERROR: could not find safari cookies database
)
2026-02-15 15:18:19 [INFO] download_channel: [323/694] Processing DAZNlhxOhSg — ActInf GuestStream 092.1 ~ Max Aifer: "Thermodynamic Linear Algebra"
2026-02-15 15:18:19 [DEBUG] journal_utilities.downloader: yt-dlp audio cmd: yt-dlp --no-warnings --cookies-from-browser safari -x --audio-format mp3 --audio-quality 0 -o data/output/audio/%(id)s.%(ext)s https://www.youtube.com/watch?v=DAZNlhxOhSg
2026-02-15 15:18:19 [ERROR] journal_utilities.downloader: Audio download failed for DAZNlhxOhSg: ERROR: could not find safari cookies database

2026-02-15 15:18:19 [INFO] journal_utilities.downloader: Audio for DAZNlhxOhSg: failed (ERROR: could not find safari cookies database
)
2026-02-15 15:18:20 [INFO] download_channel: [324/694] Processing kGRczFpO8zQ — Active InferAnt Stream 007.1 ~ AgentMaker for PyMDP for Active Inference Biofirms for Bioregionalism
2026-02-15 15:18:20 [DEBUG] journal_utilities.downloader: yt-dlp audio cmd: yt-dlp --no-warnings --cookies-from-browser safari -x --audio-format mp3 --audio-quality 0 -o data/output/audio/%(id)s.%(ext)s https://www.youtube.com/watch?v=kGRczFpO8zQ
2026-02-15 15:18:21 [ERROR] journal_utilities.downloader: Audio download failed for kGRczFpO8zQ: ERROR: could not find safari cookies database

2026-02-15 15:18:21 [INFO] journal_utilities.downloader: Audio for kGRczFpO8zQ: failed (ERROR: could not find safari cookies database
)
2026-02-15 15:18:22 [INFO] download_channel: [325/694] Processing OPapscuD05s — Active Inference LiveStream 058.1 ~ "From pixels to planning: scale-free active inference"
2026-02-15 15:18:22 [DEBUG] journal_utilities.downloader: yt-dlp audio cmd: yt-dlp --no-warnings --cookies-from-browser safari -x --audio-format mp3 --audio-quality 0 -o data/output/audio/%(id)s.%(ext)s https://www.youtube.com/watch?v=OPapscuD05s
2026-02-15 15:18:22 [ERROR] journal_utilities.downloader: Audio download failed for OPapscuD05s: ERROR: could not find safari cookies database

2026-02-15 15:18:22 [INFO] journal_utilities.downloader: Audio for OPapscuD05s: failed (ERROR: could not find safari cookies database
)
2026-02-15 15:18:23 [INFO] download_channel: [326/694] Processing QyOslBrs2qA — Active InferAnt Stream 006.1 ~ Towards (Open Source, Active Inference) Bioregional Biofirm Modeling
2026-02-15 15:18:23 [DEBUG] journal_utilities.downloader: yt-dlp audio cmd: yt-dlp --no-warnings --cookies-from-browser safari -x --audio-format mp3 --audio-quality 0 -o data/output/audio/%(id)s.%(ext)s https://www.youtube.com/watch?v=QyOslBrs2qA
2026-02-15 15:18:23 [ERROR] journal_utilities.downloader: Audio download failed for QyOslBrs2qA: ERROR: could not find safari cookies database

2026-02-15 15:18:23 [INFO] journal_utilities.downloader: Audio for QyOslBrs2qA: failed (ERROR: could not find safari cookies database
)
2026-02-15 15:18:24 [INFO] download_channel: [327/694] Processing b8meLjc8XHE — ActInf GuestStream 091.1 ~ Dall’Aglio: Consciousness Enjoying Uncertainty, Lacan Neuropsychoanalysis
2026-02-15 15:18:24 [DEBUG] journal_utilities.downloader: yt-dlp audio cmd: yt-dlp --no-warnings --cookies-from-browser safari -x --audio-format mp3 --audio-quality 0 -o data/output/audio/%(id)s.%(ext)s https://www.youtube.com/watch?v=b8meLjc8XHE
2026-02-15 15:18:25 [ERROR] journal_utilities.downloader: Audio download failed for b8meLjc8XHE: ERROR: could not find safari cookies database

2026-02-15 15:18:25 [INFO] journal_utilities.downloader: Audio for b8meLjc8XHE: failed (ERROR: could not find safari cookies database
)
2026-02-15 15:18:26 [INFO] download_channel: [328/694] Processing 8mGBPhgYGCo — ActInf GuestStream 090.1 ~ Benjamin Nelson, "Mechanics of the Mind"
2026-02-15 15:18:26 [DEBUG] journal_utilities.downloader: yt-dlp audio cmd: yt-dlp --no-warnings --cookies-from-browser safari -x --audio-format mp3 --audio-quality 0 -o data/output/audio/%(id)s.%(ext)s https://www.youtube.com/watch?v=8mGBPhgYGCo
2026-02-15 15:18:26 [ERROR] journal_utilities.downloader: Audio download failed for 8mGBPhgYGCo: ERROR: could not find safari cookies database

2026-02-15 15:18:26 [INFO] journal_utilities.downloader: Audio for 8mGBPhgYGCo: failed (ERROR: could not find safari cookies database
)
2026-02-15 15:18:27 [INFO] download_channel: [329/694] Processing _zW1BrLwACY — Active Inference LiveStream 058.0 ~ "From pixels to planning: scale-free active inference"
2026-02-15 15:18:27 [DEBUG] journal_utilities.downloader: yt-dlp audio cmd: yt-dlp --no-warnings --cookies-from-browser safari -x --audio-format mp3 --audio-quality 0 -o data/output/audio/%(id)s.%(ext)s https://www.youtube.com/watch?v=_zW1BrLwACY
2026-02-15 15:18:27 [ERROR] journal_utilities.downloader: Audio download failed for _zW1BrLwACY: ERROR: could not find safari cookies database

2026-02-15 15:18:27 [INFO] journal_utilities.downloader: Audio for _zW1BrLwACY: failed (ERROR: could not find safari cookies database
)
2026-02-15 15:18:28 [INFO] download_channel: [330/694] Processing wAd-ARzquj8 — ActInf ModelStream 015.0: Andrew Pashea "Active Agents: Agent-Based Modeling in the Social Sciences"
2026-02-15 15:18:28 [DEBUG] journal_utilities.downloader: yt-dlp audio cmd: yt-dlp --no-warnings --cookies-from-browser safari -x --audio-format mp3 --audio-quality 0 -o data/output/audio/%(id)s.%(ext)s https://www.youtube.com/watch?v=wAd-ARzquj8
2026-02-15 15:18:29 [ERROR] journal_utilities.downloader: Audio download failed for wAd-ARzquj8: ERROR: could not find safari cookies database

2026-02-15 15:18:29 [INFO] journal_utilities.downloader: Audio for wAd-ARzquj8: failed (ERROR: could not find safari cookies database
)
2026-02-15 15:18:30 [INFO] download_channel: [331/694] Processing gWJ-rG8UuFg — Active InferAnt Stream 005.1 ~ FORMINDEX: FORMIS INtegrated Database EXploration
2026-02-15 15:18:30 [DEBUG] journal_utilities.downloader: yt-dlp audio cmd: yt-dlp --no-warnings --cookies-from-browser safari -x --audio-format mp3 --audio-quality 0 -o data/output/audio/%(id)s.%(ext)s https://www.youtube.com/watch?v=gWJ-rG8UuFg
2026-02-15 15:18:30 [ERROR] journal_utilities.downloader: Audio download failed for gWJ-rG8UuFg: ERROR: could not find safari cookies database

2026-02-15 15:18:30 [INFO] journal_utilities.downloader: Audio for gWJ-rG8UuFg: failed (ERROR: could not find safari cookies database
)
2026-02-15 15:18:31 [INFO] download_channel: [332/694] Processing -nF0EXr3Rpk — Active InferAnt Stream 004.1 ~ Does Synthetic Fabric dream of Active Inference (too)?
2026-02-15 15:18:31 [DEBUG] journal_utilities.downloader: yt-dlp audio cmd: yt-dlp --no-warnings --cookies-from-browser safari -x --audio-format mp3 --audio-quality 0 -o data/output/audio/%(id)s.%(ext)s https://www.youtube.com/watch?v=-nF0EXr3Rpk
2026-02-15 15:18:32 [ERROR] journal_utilities.downloader: Audio download failed for -nF0EXr3Rpk: ERROR: could not find safari cookies database

2026-02-15 15:18:32 [INFO] journal_utilities.downloader: Audio for -nF0EXr3Rpk: failed (ERROR: could not find safari cookies database
)
2026-02-15 15:18:33 [INFO] download_channel: [333/694] Processing tlDnkNGVK1Y — Active Inference Institute ~ 2024 Quarterly Roundtable #3
2026-02-15 15:18:33 [DEBUG] journal_utilities.downloader: yt-dlp audio cmd: yt-dlp --no-warnings --cookies-from-browser safari -x --audio-format mp3 --audio-quality 0 -o data/output/audio/%(id)s.%(ext)s https://www.youtube.com/watch?v=tlDnkNGVK1Y
2026-02-15 15:18:33 [ERROR] journal_utilities.downloader: Audio download failed for tlDnkNGVK1Y: ERROR: could not find safari cookies database

2026-02-15 15:18:33 [INFO] journal_utilities.downloader: Audio for tlDnkNGVK1Y: failed (ERROR: could not find safari cookies database
)
2026-02-15 15:18:34 [INFO] download_channel: [334/694] Processing esn5C4i9Jlc — ActInf GuestStream 089.1 ~ "Generic framework for a coherent integration of experience and exposure"
2026-02-15 15:18:34 [DEBUG] journal_utilities.downloader: yt-dlp audio cmd: yt-dlp --no-warnings --cookies-from-browser safari -x --audio-format mp3 --audio-quality 0 -o data/output/audio/%(id)s.%(ext)s https://www.youtube.com/watch?v=esn5C4i9Jlc
2026-02-15 15:18:34 [ERROR] journal_utilities.downloader: Audio download failed for esn5C4i9Jlc: ERROR: could not find safari cookies database

2026-02-15 15:18:34 [INFO] journal_utilities.downloader: Audio for esn5C4i9Jlc: failed (ERROR: could not find safari cookies database
)
2026-02-15 15:18:35 [INFO] download_channel: [335/694] Processing m__QjVPk98Y — ActInf GuestStream 088.1 ~ Abdulrahman: What is the Limit of Our Brains in Predicting Future Events?
2026-02-15 15:18:35 [DEBUG] journal_utilities.downloader: yt-dlp audio cmd: yt-dlp --no-warnings --cookies-from-browser safari -x --audio-format mp3 --audio-quality 0 -o data/output/audio/%(id)s.%(ext)s https://www.youtube.com/watch?v=m__QjVPk98Y
2026-02-15 15:18:36 [ERROR] journal_utilities.downloader: Audio download failed for m__QjVPk98Y: ERROR: could not find safari cookies database

2026-02-15 15:18:36 [INFO] journal_utilities.downloader: Audio for m__QjVPk98Y: failed (ERROR: could not find safari cookies database
)
2026-02-15 15:18:37 [INFO] download_channel: [336/694] Processing Me3BitlU6Vs — ActInf ModelStream 014.1: Ran Wei, Value of Information and Reward Specification in Active Inference
2026-02-15 15:18:37 [DEBUG] journal_utilities.downloader: yt-dlp audio cmd: yt-dlp --no-warnings --cookies-from-browser safari -x --audio-format mp3 --audio-quality 0 -o data/output/audio/%(id)s.%(ext)s https://www.youtube.com/watch?v=Me3BitlU6Vs
2026-02-15 15:18:37 [ERROR] journal_utilities.downloader: Audio download failed for Me3BitlU6Vs: ERROR: could not find safari cookies database

2026-02-15 15:18:37 [INFO] journal_utilities.downloader: Audio for Me3BitlU6Vs: failed (ERROR: could not find safari cookies database
)
2026-02-15 15:18:38 [INFO] download_channel: [337/694] Processing 52eHP5ReG34 — ActInf GuestStream 087.2 ~ John Boik "CogNarr Ecosystem: Preliminary Thoughts on a Story Graph..."
2026-02-15 15:18:38 [DEBUG] journal_utilities.downloader: yt-dlp audio cmd: yt-dlp --no-warnings --cookies-from-browser safari -x --audio-format mp3 --audio-quality 0 -o data/output/audio/%(id)s.%(ext)s https://www.youtube.com/watch?v=52eHP5ReG34
2026-02-15 15:18:39 [ERROR] journal_utilities.downloader: Audio download failed for 52eHP5ReG34: ERROR: could not find safari cookies database

2026-02-15 15:18:39 [INFO] journal_utilities.downloader: Audio for 52eHP5ReG34: failed (ERROR: could not find safari cookies database
)
2026-02-15 15:18:40 [INFO] download_channel: [338/694] Processing ZfGRa_n4gB4 — ActInf ArtStream 003.1 ~ Diana Omigie: "A model of time-varying music engagement"
2026-02-15 15:18:40 [DEBUG] journal_utilities.downloader: yt-dlp audio cmd: yt-dlp --no-warnings --cookies-from-browser safari -x --audio-format mp3 --audio-quality 0 -o data/output/audio/%(id)s.%(ext)s https://www.youtube.com/watch?v=ZfGRa_n4gB4
2026-02-15 15:18:40 [ERROR] journal_utilities.downloader: Audio download failed for ZfGRa_n4gB4: ERROR: could not find safari cookies database

2026-02-15 15:18:40 [INFO] journal_utilities.downloader: Audio for ZfGRa_n4gB4: failed (ERROR: could not find safari cookies database
)
2026-02-15 15:18:41 [INFO] download_channel: [339/694] Processing 0Cx5MTNxs-0 — ActInf GuestStream 087.1 ~ John Boik "CogNarr Ecosystem: Facilitating Group Cognition at Scale"
2026-02-15 15:18:41 [DEBUG] journal_utilities.downloader: yt-dlp audio cmd: yt-dlp --no-warnings --cookies-from-browser safari -x --audio-format mp3 --audio-quality 0 -o data/output/audio/%(id)s.%(ext)s https://www.youtube.com/watch?v=0Cx5MTNxs-0
2026-02-15 15:18:41 [ERROR] journal_utilities.downloader: Audio download failed for 0Cx5MTNxs-0: ERROR: could not find safari cookies database

2026-02-15 15:18:41 [INFO] journal_utilities.downloader: Audio for 0Cx5MTNxs-0: failed (ERROR: could not find safari cookies database
)
2026-02-15 15:18:42 [INFO] download_channel: [340/694] Processing _OYKnrktAOU — Active InferAnt Stream 003.1 ~ Systems Within Systems: Blake, FOIA, Cognitive Sovereignty, and PyMDP
2026-02-15 15:18:42 [DEBUG] journal_utilities.downloader: yt-dlp audio cmd: yt-dlp --no-warnings --cookies-from-browser safari -x --audio-format mp3 --audio-quality 0 -o data/output/audio/%(id)s.%(ext)s https://www.youtube.com/watch?v=_OYKnrktAOU
2026-02-15 15:18:43 [ERROR] journal_utilities.downloader: Audio download failed for _OYKnrktAOU: ERROR: could not find safari cookies database

2026-02-15 15:18:43 [INFO] journal_utilities.downloader: Audio for _OYKnrktAOU: failed (ERROR: could not find safari cookies database
)
2026-02-15 15:18:44 [INFO] download_channel: [341/694] Processing MUaKYWKs0kk — ActInf ModelStream 013.1 ~ "Synthesizing the Born rule with reinforcement learning" Jacques Pienaar
2026-02-15 15:18:44 [DEBUG] journal_utilities.downloader: yt-dlp audio cmd: yt-dlp --no-warnings --cookies-from-browser safari -x --audio-format mp3 --audio-quality 0 -o data/output/audio/%(id)s.%(ext)s https://www.youtube.com/watch?v=MUaKYWKs0kk
2026-02-15 15:18:44 [ERROR] journal_utilities.downloader: Audio download failed for MUaKYWKs0kk: ERROR: could not find safari cookies database

2026-02-15 15:18:44 [INFO] journal_utilities.downloader: Audio for MUaKYWKs0kk: failed (ERROR: could not find safari cookies database
)
2026-02-15 15:18:45 [INFO] download_channel: [342/694] Processing pYJUgEqS42U — ActInf GuestStream 086.1 ~ Biological Neurons Compete with Deep Reinforcement Learning
2026-02-15 15:18:45 [DEBUG] journal_utilities.downloader: yt-dlp audio cmd: yt-dlp --no-warnings --cookies-from-browser safari -x --audio-format mp3 --audio-quality 0 -o data/output/audio/%(id)s.%(ext)s https://www.youtube.com/watch?v=pYJUgEqS42U
2026-02-15 15:18:46 [ERROR] journal_utilities.downloader: Audio download failed for pYJUgEqS42U: ERROR: could not find safari cookies database

2026-02-15 15:18:46 [INFO] journal_utilities.downloader: Audio for pYJUgEqS42U: failed (ERROR: could not find safari cookies database
)
2026-02-15 15:18:47 [INFO] download_channel: [343/694] Processing IPiazKlNZ4g — ActInf MathStream 011.1 ~ "Structured Active Inference", Toby St Clere Smithe
2026-02-15 15:18:47 [DEBUG] journal_utilities.downloader: yt-dlp audio cmd: yt-dlp --no-warnings --cookies-from-browser safari -x --audio-format mp3 --audio-quality 0 -o data/output/audio/%(id)s.%(ext)s https://www.youtube.com/watch?v=IPiazKlNZ4g
2026-02-15 15:18:47 [ERROR] journal_utilities.downloader: Audio download failed for IPiazKlNZ4g: ERROR: could not find safari cookies database

2026-02-15 15:18:47 [INFO] journal_utilities.downloader: Audio for IPiazKlNZ4g: failed (ERROR: could not find safari cookies database
)
2026-02-15 15:18:48 [INFO] download_channel: [344/694] Processing UB-TIIlmwlU — ActInf GuestStream 085.1 ~ David Bloomin: "[Deep] Learning Active Inference"
2026-02-15 15:18:48 [DEBUG] journal_utilities.downloader: yt-dlp audio cmd: yt-dlp --no-warnings --cookies-from-browser safari -x --audio-format mp3 --audio-quality 0 -o data/output/audio/%(id)s.%(ext)s https://www.youtube.com/watch?v=UB-TIIlmwlU
2026-02-15 15:18:48 [ERROR] journal_utilities.downloader: Audio download failed for UB-TIIlmwlU: ERROR: could not find safari cookies database

2026-02-15 15:18:48 [INFO] journal_utilities.downloader: Audio for UB-TIIlmwlU: failed (ERROR: could not find safari cookies database
)
2026-02-15 15:18:49 [INFO] download_channel: [345/694] Processing 6E4CpJvzddg — Active InferAnt Stream 001.1 ~ FieldSHIFT-2: Fully Synthetic Dissertations for All-by-All Domains
2026-02-15 15:18:49 [DEBUG] journal_utilities.downloader: yt-dlp audio cmd: yt-dlp --no-warnings --cookies-from-browser safari -x --audio-format mp3 --audio-quality 0 -o data/output/audio/%(id)s.%(ext)s https://www.youtube.com/watch?v=6E4CpJvzddg
2026-02-15 15:18:50 [ERROR] journal_utilities.downloader: Audio download failed for 6E4CpJvzddg: ERROR: could not find safari cookies database

2026-02-15 15:18:50 [INFO] journal_utilities.downloader: Audio for 6E4CpJvzddg: failed (ERROR: could not find safari cookies database
)
2026-02-15 15:18:51 [INFO] download_channel: [346/694] Processing zqOcywx40n8 — ActInf GuestStream 082.4 ~ Robert Worden "Assessment of the Brain Wave Hypothesis"
2026-02-15 15:18:51 [DEBUG] journal_utilities.downloader: yt-dlp audio cmd: yt-dlp --no-warnings --cookies-from-browser safari -x --audio-format mp3 --audio-quality 0 -o data/output/audio/%(id)s.%(ext)s https://www.youtube.com/watch?v=zqOcywx40n8
2026-02-15 15:18:51 [ERROR] journal_utilities.downloader: Audio download failed for zqOcywx40n8: ERROR: could not find safari cookies database

2026-02-15 15:18:51 [INFO] journal_utilities.downloader: Audio for zqOcywx40n8: failed (ERROR: could not find safari cookies database
)
2026-02-15 15:18:52 [INFO] download_channel: [347/694] Processing IvY4acL8YeA — ActInf GuestStream 082.3 ~ "The Projective Wave Theory of Consciousness" Worden, Rudrauf, Williford
2026-02-15 15:18:52 [DEBUG] journal_utilities.downloader: yt-dlp audio cmd: yt-dlp --no-warnings --cookies-from-browser safari -x --audio-format mp3 --audio-quality 0 -o data/output/audio/%(id)s.%(ext)s https://www.youtube.com/watch?v=IvY4acL8YeA
2026-02-15 15:18:53 [ERROR] journal_utilities.downloader: Audio download failed for IvY4acL8YeA: ERROR: could not find safari cookies database

2026-02-15 15:18:53 [INFO] journal_utilities.downloader: Audio for IvY4acL8YeA: failed (ERROR: could not find safari cookies database
)
2026-02-15 15:18:54 [INFO] download_channel: [348/694] Processing Wn65WcYGQSA — ActInf GuestStream 084.1 ~ Anthropocentric bias and the possibility of artificial cognition
2026-02-15 15:18:54 [DEBUG] journal_utilities.downloader: yt-dlp audio cmd: yt-dlp --no-warnings --cookies-from-browser safari -x --audio-format mp3 --audio-quality 0 -o data/output/audio/%(id)s.%(ext)s https://www.youtube.com/watch?v=Wn65WcYGQSA
2026-02-15 15:18:54 [ERROR] journal_utilities.downloader: Audio download failed for Wn65WcYGQSA: ERROR: could not find safari cookies database

2026-02-15 15:18:54 [INFO] journal_utilities.downloader: Audio for Wn65WcYGQSA: failed (ERROR: could not find safari cookies database
)
2026-02-15 15:18:55 [INFO] download_channel: [349/694] Processing yknM6SFlPPc — ActInf GuestStream 083.1 ~ "Embodied intelligence", Joshua Bongard
2026-02-15 15:18:55 [DEBUG] journal_utilities.downloader: yt-dlp audio cmd: yt-dlp --no-warnings --cookies-from-browser safari -x --audio-format mp3 --audio-quality 0 -o data/output/audio/%(id)s.%(ext)s https://www.youtube.com/watch?v=yknM6SFlPPc
2026-02-15 15:18:55 [ERROR] journal_utilities.downloader: Audio download failed for yknM6SFlPPc: ERROR: could not find safari cookies database

2026-02-15 15:18:55 [INFO] journal_utilities.downloader: Audio for yknM6SFlPPc: failed (ERROR: could not find safari cookies database
)
2026-02-15 15:18:56 [INFO] download_channel: [350/694] Processing 1Xu8jYKWsGM — Active Inference Insights 024 ~ Darius Parvizi-Wayne (Season Finale // Reflection)
2026-02-15 15:18:56 [DEBUG] journal_utilities.downloader: yt-dlp audio cmd: yt-dlp --no-warnings --cookies-from-browser safari -x --audio-format mp3 --audio-quality 0 -o data/output/audio/%(id)s.%(ext)s https://www.youtube.com/watch?v=1Xu8jYKWsGM
2026-02-15 15:18:57 [ERROR] journal_utilities.downloader: Audio download failed for 1Xu8jYKWsGM: ERROR: could not find safari cookies database

2026-02-15 15:18:57 [INFO] journal_utilities.downloader: Audio for 1Xu8jYKWsGM: failed (ERROR: could not find safari cookies database
)
2026-02-15 15:18:58 [INFO] download_channel: [351/694] Processing UD-VfVJ41WA — ActInf ArtStream 002.1 ~Aenne Brielmann: "Modelling individual aesthetic judgements over time"
2026-02-15 15:18:58 [DEBUG] journal_utilities.downloader: yt-dlp audio cmd: yt-dlp --no-warnings --cookies-from-browser safari -x --audio-format mp3 --audio-quality 0 -o data/output/audio/%(id)s.%(ext)s https://www.youtube.com/watch?v=UD-VfVJ41WA
2026-02-15 15:18:58 [ERROR] journal_utilities.downloader: Audio download failed for UD-VfVJ41WA: ERROR: could not find safari cookies database

2026-02-15 15:18:58 [INFO] journal_utilities.downloader: Audio for UD-VfVJ41WA: failed (ERROR: could not find safari cookies database
)
2026-02-15 15:18:59 [INFO] download_channel: [352/694] Processing VLP_jV_KRhc — Active Inference Institute ~ 2024 Quarterly Roundtable #2
2026-02-15 15:18:59 [DEBUG] journal_utilities.downloader: yt-dlp audio cmd: yt-dlp --no-warnings --cookies-from-browser safari -x --audio-format mp3 --audio-quality 0 -o data/output/audio/%(id)s.%(ext)s https://www.youtube.com/watch?v=VLP_jV_KRhc
2026-02-15 15:19:00 [ERROR] journal_utilities.downloader: Audio download failed for VLP_jV_KRhc: ERROR: could not find safari cookies database

2026-02-15 15:19:00 [INFO] journal_utilities.downloader: Audio for VLP_jV_KRhc: failed (ERROR: could not find safari cookies database
)
2026-02-15 15:19:01 [INFO] download_channel: [353/694] Processing u0y-NFl8emU — ActInf ModelStream 012.1 ~ Fisher, Whyte, and Hohwy: An Active Inference Model of the Optimism Bias
2026-02-15 15:19:01 [DEBUG] journal_utilities.downloader: yt-dlp audio cmd: yt-dlp --no-warnings --cookies-from-browser safari -x --audio-format mp3 --audio-quality 0 -o data/output/audio/%(id)s.%(ext)s https://www.youtube.com/watch?v=u0y-NFl8emU
2026-02-15 15:19:01 [ERROR] journal_utilities.downloader: Audio download failed for u0y-NFl8emU: ERROR: could not find safari cookies database

2026-02-15 15:19:01 [INFO] journal_utilities.downloader: Audio for u0y-NFl8emU: failed (ERROR: could not find safari cookies database
)
2026-02-15 15:19:02 [INFO] download_channel: [354/694] Processing Y9hP79tBXHo — ActInf ModelStream 011.1 ~ Hadi Vafaii: "Poisson Variational Autoencoder"
2026-02-15 15:19:02 [DEBUG] journal_utilities.downloader: yt-dlp audio cmd: yt-dlp --no-warnings --cookies-from-browser safari -x --audio-format mp3 --audio-quality 0 -o data/output/audio/%(id)s.%(ext)s https://www.youtube.com/watch?v=Y9hP79tBXHo
2026-02-15 15:19:02 [ERROR] journal_utilities.downloader: Audio download failed for Y9hP79tBXHo: ERROR: could not find safari cookies database

2026-02-15 15:19:02 [INFO] journal_utilities.downloader: Audio for Y9hP79tBXHo: failed (ERROR: could not find safari cookies database
)
2026-02-15 15:19:03 [INFO] download_channel: [355/694] Processing qztkjHf2g3g — Active Inference LiveStream 057.2 ~ Active Data Selection and Information Seeking
2026-02-15 15:19:03 [DEBUG] journal_utilities.downloader: yt-dlp audio cmd: yt-dlp --no-warnings --cookies-from-browser safari -x --audio-format mp3 --audio-quality 0 -o data/output/audio/%(id)s.%(ext)s https://www.youtube.com/watch?v=qztkjHf2g3g
2026-02-15 15:19:04 [ERROR] journal_utilities.downloader: Audio download failed for qztkjHf2g3g: ERROR: could not find safari cookies database

2026-02-15 15:19:04 [INFO] journal_utilities.downloader: Audio for qztkjHf2g3g: failed (ERROR: could not find safari cookies database
)
2026-02-15 15:19:05 [INFO] download_channel: [356/694] Processing gMPa_xoOctU — ActInf GuestStream 082.2 ~ Robert Worden "Three-dimensional Spatial Cognition: Bees and Bats"
2026-02-15 15:19:05 [DEBUG] journal_utilities.downloader: yt-dlp audio cmd: yt-dlp --no-warnings --cookies-from-browser safari -x --audio-format mp3 --audio-quality 0 -o data/output/audio/%(id)s.%(ext)s https://www.youtube.com/watch?v=gMPa_xoOctU
2026-02-15 15:19:05 [ERROR] journal_utilities.downloader: Audio download failed for gMPa_xoOctU: ERROR: could not find safari cookies database

2026-02-15 15:19:05 [INFO] journal_utilities.downloader: Audio for gMPa_xoOctU: failed (ERROR: could not find safari cookies database
)
2026-02-15 15:19:06 [INFO] download_channel: [357/694] Processing Fc7bUNNdTfY — ActInf GuestStream 084.1 ~ "The Nature of Habits and Agential Systems", Jesse G
2026-02-15 15:19:06 [DEBUG] journal_utilities.downloader: yt-dlp audio cmd: yt-dlp --no-warnings --cookies-from-browser safari -x --audio-format mp3 --audio-quality 0 -o data/output/audio/%(id)s.%(ext)s https://www.youtube.com/watch?v=Fc7bUNNdTfY
2026-02-15 15:19:07 [ERROR] journal_utilities.downloader: Audio download failed for Fc7bUNNdTfY: ERROR: could not find safari cookies database

2026-02-15 15:19:07 [INFO] journal_utilities.downloader: Audio for Fc7bUNNdTfY: failed (ERROR: could not find safari cookies database
)
2026-02-15 15:19:08 [INFO] download_channel: [358/694] Processing N0ozoxTgWD0 — Active Inference LiveStream 057.1 ~ Active Data Selection and Information Seeking
2026-02-15 15:19:08 [DEBUG] journal_utilities.downloader: yt-dlp audio cmd: yt-dlp --no-warnings --cookies-from-browser safari -x --audio-format mp3 --audio-quality 0 -o data/output/audio/%(id)s.%(ext)s https://www.youtube.com/watch?v=N0ozoxTgWD0
2026-02-15 15:19:08 [ERROR] journal_utilities.downloader: Audio download failed for N0ozoxTgWD0: ERROR: could not find safari cookies database

2026-02-15 15:19:08 [INFO] journal_utilities.downloader: Audio for N0ozoxTgWD0: failed (ERROR: could not find safari cookies database
)
2026-02-15 15:19:09 [INFO] download_channel: [359/694] Processing GoXtkxLGkjQ — Active Inference LiveStream 057.0 ~ Active Data Selection and Information Seeking
2026-02-15 15:19:09 [DEBUG] journal_utilities.downloader: yt-dlp audio cmd: yt-dlp --no-warnings --cookies-from-browser safari -x --audio-format mp3 --audio-quality 0 -o data/output/audio/%(id)s.%(ext)s https://www.youtube.com/watch?v=GoXtkxLGkjQ
2026-02-15 15:19:09 [ERROR] journal_utilities.downloader: Audio download failed for GoXtkxLGkjQ: ERROR: could not find safari cookies database

2026-02-15 15:19:09 [INFO] journal_utilities.downloader: Audio for GoXtkxLGkjQ: failed (ERROR: could not find safari cookies database
)
2026-02-15 15:19:10 [INFO] download_channel: [360/694] Processing 15n6WN9jGrY — ActInf GuestStream 083.1 ~ Simon Wardley
2026-02-15 15:19:10 [DEBUG] journal_utilities.downloader: yt-dlp audio cmd: yt-dlp --no-warnings --cookies-from-browser safari -x --audio-format mp3 --audio-quality 0 -o data/output/audio/%(id)s.%(ext)s https://www.youtube.com/watch?v=15n6WN9jGrY
2026-02-15 15:19:11 [ERROR] journal_utilities.downloader: Audio download failed for 15n6WN9jGrY: ERROR: could not find safari cookies database

2026-02-15 15:19:11 [INFO] journal_utilities.downloader: Audio for 15n6WN9jGrY: failed (ERROR: could not find safari cookies database
)
2026-02-15 15:19:12 [INFO] download_channel: [361/694] Processing 6gw6KEX10vo — ActInf GuestStream 082.1 ~ Robert Worden "Bayesian Model-Based Cognition: The Requirement Equation"
2026-02-15 15:19:12 [DEBUG] journal_utilities.downloader: yt-dlp audio cmd: yt-dlp --no-warnings --cookies-from-browser safari -x --audio-format mp3 --audio-quality 0 -o data/output/audio/%(id)s.%(ext)s https://www.youtube.com/watch?v=6gw6KEX10vo
2026-02-15 15:19:12 [ERROR] journal_utilities.downloader: Audio download failed for 6gw6KEX10vo: ERROR: could not find safari cookies database

2026-02-15 15:19:12 [INFO] journal_utilities.downloader: Audio for 6gw6KEX10vo: failed (ERROR: could not find safari cookies database
)
2026-02-15 15:19:13 [INFO] download_channel: [362/694] Processing q_fAglCMvPw — ActInf ArtStream 001.1 ~ "Order and change in art", Sander Van de Cruys, Jacopo Frascaroli
2026-02-15 15:19:13 [DEBUG] journal_utilities.downloader: yt-dlp audio cmd: yt-dlp --no-warnings --cookies-from-browser safari -x --audio-format mp3 --audio-quality 0 -o data/output/audio/%(id)s.%(ext)s https://www.youtube.com/watch?v=q_fAglCMvPw
2026-02-15 15:19:13 [ERROR] journal_utilities.downloader: Audio download failed for q_fAglCMvPw: ERROR: could not find safari cookies database

2026-02-15 15:19:13 [INFO] journal_utilities.downloader: Audio for q_fAglCMvPw: failed (ERROR: could not find safari cookies database
)
2026-02-15 15:19:14 [INFO] download_channel: [363/694] Processing Q-_YCWfO0b0 — ActInf GuestStream 081.1 Hannah Biddell, Ruben Laukkonen: Arousal coherence, uncertainty, well-being
2026-02-15 15:19:14 [DEBUG] journal_utilities.downloader: yt-dlp audio cmd: yt-dlp --no-warnings --cookies-from-browser safari -x --audio-format mp3 --audio-quality 0 -o data/output/audio/%(id)s.%(ext)s https://www.youtube.com/watch?v=Q-_YCWfO0b0
2026-02-15 15:19:15 [ERROR] journal_utilities.downloader: Audio download failed for Q-_YCWfO0b0: ERROR: could not find safari cookies database

2026-02-15 15:19:15 [INFO] journal_utilities.downloader: Audio for Q-_YCWfO0b0: failed (ERROR: could not find safari cookies database
)
2026-02-15 15:19:16 [INFO] download_channel: [364/694] Processing viJt9sFqWdg — ActInf GuestStream 080.1 ~ Laura Desirée Di Paolo: "Active Inference Goes to School"
2026-02-15 15:19:16 [DEBUG] journal_utilities.downloader: yt-dlp audio cmd: yt-dlp --no-warnings --cookies-from-browser safari -x --audio-format mp3 --audio-quality 0 -o data/output/audio/%(id)s.%(ext)s https://www.youtube.com/watch?v=viJt9sFqWdg
2026-02-15 15:19:16 [ERROR] journal_utilities.downloader: Audio download failed for viJt9sFqWdg: ERROR: could not find safari cookies database

2026-02-15 15:19:16 [INFO] journal_utilities.downloader: Audio for viJt9sFqWdg: failed (ERROR: could not find safari cookies database
)
2026-02-15 15:19:17 [INFO] download_channel: [365/694] Processing KwFpamHzmUc — ActInf OrgStream 008.1 ~ Nathan Schneider: "Governable Spaces: Democratic Design for Online Life"
2026-02-15 15:19:17 [DEBUG] journal_utilities.downloader: yt-dlp audio cmd: yt-dlp --no-warnings --cookies-from-browser safari -x --audio-format mp3 --audio-quality 0 -o data/output/audio/%(id)s.%(ext)s https://www.youtube.com/watch?v=KwFpamHzmUc
2026-02-15 15:19:18 [ERROR] journal_utilities.downloader: Audio download failed for KwFpamHzmUc: ERROR: could not find safari cookies database

2026-02-15 15:19:18 [INFO] journal_utilities.downloader: Audio for KwFpamHzmUc: failed (ERROR: could not find safari cookies database
)
2026-02-15 15:19:19 [INFO] download_channel: [366/694] Processing TZNXs5jP9hE — ActInf ModelStream 010.1 ~ Building a Drone with RxInfer.jl ~ Bart van Erp, Albert Podusenko
2026-02-15 15:19:19 [DEBUG] journal_utilities.downloader: yt-dlp audio cmd: yt-dlp --no-warnings --cookies-from-browser safari -x --audio-format mp3 --audio-quality 0 -o data/output/audio/%(id)s.%(ext)s https://www.youtube.com/watch?v=TZNXs5jP9hE
2026-02-15 15:19:19 [ERROR] journal_utilities.downloader: Audio download failed for TZNXs5jP9hE: ERROR: could not find safari cookies database

2026-02-15 15:19:19 [INFO] journal_utilities.downloader: Audio for TZNXs5jP9hE: failed (ERROR: could not find safari cookies database
)
2026-02-15 15:19:20 [INFO] download_channel: [367/694] Processing 7AtInJ-q7Hk — ActInf GuestStream 079.1 ~ Ryota Kanai: "Meta-Representations as Representations of Processes"
2026-02-15 15:19:20 [DEBUG] journal_utilities.downloader: yt-dlp audio cmd: yt-dlp --no-warnings --cookies-from-browser safari -x --audio-format mp3 --audio-quality 0 -o data/output/audio/%(id)s.%(ext)s https://www.youtube.com/watch?v=7AtInJ-q7Hk
2026-02-15 15:19:20 [ERROR] journal_utilities.downloader: Audio download failed for 7AtInJ-q7Hk: ERROR: could not find safari cookies database

2026-02-15 15:19:20 [INFO] journal_utilities.downloader: Audio for 7AtInJ-q7Hk: failed (ERROR: could not find safari cookies database
)
2026-02-15 15:19:21 [INFO] download_channel: [368/694] Processing BcepTxAv_xI — ActInf GuestStream 078.1 ~ Juan Diego Bogotá: "What could come before time?"
2026-02-15 15:19:21 [DEBUG] journal_utilities.downloader: yt-dlp audio cmd: yt-dlp --no-warnings --cookies-from-browser safari -x --audio-format mp3 --audio-quality 0 -o data/output/audio/%(id)s.%(ext)s https://www.youtube.com/watch?v=BcepTxAv_xI
2026-02-15 15:19:22 [ERROR] journal_utilities.downloader: Audio download failed for BcepTxAv_xI: ERROR: could not find safari cookies database

2026-02-15 15:19:22 [INFO] journal_utilities.downloader: Audio for BcepTxAv_xI: failed (ERROR: could not find safari cookies database
)
2026-02-15 15:19:23 [INFO] download_channel: [369/694] Processing xgMW47d8H2k — ActInf GuestStream 077.1 ~ Gareth Lee Stubbs: "The Police Hunch" Bayesian Brain, Active Inference
2026-02-15 15:19:23 [DEBUG] journal_utilities.downloader: yt-dlp audio cmd: yt-dlp --no-warnings --cookies-from-browser safari -x --audio-format mp3 --audio-quality 0 -o data/output/audio/%(id)s.%(ext)s https://www.youtube.com/watch?v=xgMW47d8H2k
2026-02-15 15:19:23 [ERROR] journal_utilities.downloader: Audio download failed for xgMW47d8H2k: ERROR: could not find safari cookies database

2026-02-15 15:19:23 [INFO] journal_utilities.downloader: Audio for xgMW47d8H2k: failed (ERROR: could not find safari cookies database
)
2026-02-15 15:19:24 [INFO] download_channel: [370/694] Processing Ln_g3qynnbA — Active Inference Institute ~ 2024 Quarterly Roundtable #1
2026-02-15 15:19:24 [DEBUG] journal_utilities.downloader: yt-dlp audio cmd: yt-dlp --no-warnings --cookies-from-browser safari -x --audio-format mp3 --audio-quality 0 -o data/output/audio/%(id)s.%(ext)s https://www.youtube.com/watch?v=Ln_g3qynnbA
2026-02-15 15:19:25 [ERROR] journal_utilities.downloader: Audio download failed for Ln_g3qynnbA: ERROR: could not find safari cookies database

2026-02-15 15:19:25 [INFO] journal_utilities.downloader: Audio for Ln_g3qynnbA: failed (ERROR: could not find safari cookies database
)
2026-02-15 15:19:26 [INFO] download_channel: [371/694] Processing 3iY8ICcmd2E — ActInf MathStream 010.1 ~ Thomas Varley "Generalized decomposition of multivariate information"
2026-02-15 15:19:26 [DEBUG] journal_utilities.downloader: yt-dlp audio cmd: yt-dlp --no-warnings --cookies-from-browser safari -x --audio-format mp3 --audio-quality 0 -o data/output/audio/%(id)s.%(ext)s https://www.youtube.com/watch?v=3iY8ICcmd2E
2026-02-15 15:19:26 [ERROR] journal_utilities.downloader: Audio download failed for 3iY8ICcmd2E: ERROR: could not find safari cookies database

2026-02-15 15:19:26 [INFO] journal_utilities.downloader: Audio for 3iY8ICcmd2E: failed (ERROR: could not find safari cookies database
)
2026-02-15 15:19:27 [INFO] download_channel: [372/694] Processing cPv4TVBFANc — ActInf OrgStream 007.1 ~ Jamie Joyce, John Ash: Harnessing Collective Intelligence to Map AI Debates
2026-02-15 15:19:27 [DEBUG] journal_utilities.downloader: yt-dlp audio cmd: yt-dlp --no-warnings --cookies-from-browser safari -x --audio-format mp3 --audio-quality 0 -o data/output/audio/%(id)s.%(ext)s https://www.youtube.com/watch?v=cPv4TVBFANc
2026-02-15 15:19:27 [ERROR] journal_utilities.downloader: Audio download failed for cPv4TVBFANc: ERROR: could not find safari cookies database

2026-02-15 15:19:27 [INFO] journal_utilities.downloader: Audio for cPv4TVBFANc: failed (ERROR: could not find safari cookies database
)
2026-02-15 15:19:28 [INFO] download_channel: [373/694] Processing vixLMftkUK0 — ActInf GuestStream 075.1 ~ Matsumura et al.: "Active Inference With Empathy Mechanism"
2026-02-15 15:19:28 [DEBUG] journal_utilities.downloader: yt-dlp audio cmd: yt-dlp --no-warnings --cookies-from-browser safari -x --audio-format mp3 --audio-quality 0 -o data/output/audio/%(id)s.%(ext)s https://www.youtube.com/watch?v=vixLMftkUK0
2026-02-15 15:19:29 [ERROR] journal_utilities.downloader: Audio download failed for vixLMftkUK0: ERROR: could not find safari cookies database

2026-02-15 15:19:29 [INFO] journal_utilities.downloader: Audio for vixLMftkUK0: failed (ERROR: could not find safari cookies database
)
2026-02-15 15:19:30 [INFO] download_channel: [374/694] Processing XX61J32RT9g — ActInf GuestStream 074.1 ~ Narrative Fallacy and Other Limitations of Psychodynamic Case Formulation
2026-02-15 15:19:30 [DEBUG] journal_utilities.downloader: yt-dlp audio cmd: yt-dlp --no-warnings --cookies-from-browser safari -x --audio-format mp3 --audio-quality 0 -o data/output/audio/%(id)s.%(ext)s https://www.youtube.com/watch?v=XX61J32RT9g
2026-02-15 15:19:30 [ERROR] journal_utilities.downloader: Audio download failed for XX61J32RT9g: ERROR: could not find safari cookies database

2026-02-15 15:19:30 [INFO] journal_utilities.downloader: Audio for XX61J32RT9g: failed (ERROR: could not find safari cookies database
)
2026-02-15 15:19:31 [INFO] download_channel: [375/694] Processing I3rhsT-8isk — ActInf MathStream 009.1 ~ Jonathan Gorard: A computational perspective on observation and cognition
2026-02-15 15:19:31 [DEBUG] journal_utilities.downloader: yt-dlp audio cmd: yt-dlp --no-warnings --cookies-from-browser safari -x --audio-format mp3 --audio-quality 0 -o data/output/audio/%(id)s.%(ext)s https://www.youtube.com/watch?v=I3rhsT-8isk
2026-02-15 15:19:32 [ERROR] journal_utilities.downloader: Audio download failed for I3rhsT-8isk: ERROR: could not find safari cookies database

2026-02-15 15:19:32 [INFO] journal_utilities.downloader: Audio for I3rhsT-8isk: failed (ERROR: could not find safari cookies database
)
2026-02-15 15:19:33 [INFO] download_channel: [376/694] Processing ps3B2dfmK5Y — ActInf GuestStream 073.1 ~ Lachlan Kent: "Mental gravity: Modelling the embodied self"
2026-02-15 15:19:33 [DEBUG] journal_utilities.downloader: yt-dlp audio cmd: yt-dlp --no-warnings --cookies-from-browser safari -x --audio-format mp3 --audio-quality 0 -o data/output/audio/%(id)s.%(ext)s https://www.youtube.com/watch?v=ps3B2dfmK5Y
2026-02-15 15:19:33 [ERROR] journal_utilities.downloader: Audio download failed for ps3B2dfmK5Y: ERROR: could not find safari cookies database

2026-02-15 15:19:33 [INFO] journal_utilities.downloader: Audio for ps3B2dfmK5Y: failed (ERROR: could not find safari cookies database
)
2026-02-15 15:19:34 [INFO] download_channel: [377/694] Processing jI3wnTbpkNo — ActInf GuestStream 072.1 ~ Open Source AI: The truth is the first casualty in war
2026-02-15 15:19:34 [DEBUG] journal_utilities.downloader: yt-dlp audio cmd: yt-dlp --no-warnings --cookies-from-browser safari -x --audio-format mp3 --audio-quality 0 -o data/output/audio/%(id)s.%(ext)s https://www.youtube.com/watch?v=jI3wnTbpkNo
2026-02-15 15:19:34 [ERROR] journal_utilities.downloader: Audio download failed for jI3wnTbpkNo: ERROR: could not find safari cookies database

2026-02-15 15:19:34 [INFO] journal_utilities.downloader: Audio for jI3wnTbpkNo: failed (ERROR: could not find safari cookies database
)
2026-02-15 15:19:35 [INFO] download_channel: [378/694] Processing nss0y1P3nso — ActInf GuestStream 071.1 ~ The empirical status of predictive coding and active inference
2026-02-15 15:19:35 [DEBUG] journal_utilities.downloader: yt-dlp audio cmd: yt-dlp --no-warnings --cookies-from-browser safari -x --audio-format mp3 --audio-quality 0 -o data/output/audio/%(id)s.%(ext)s https://www.youtube.com/watch?v=nss0y1P3nso
2026-02-15 15:19:36 [ERROR] journal_utilities.downloader: Audio download failed for nss0y1P3nso: ERROR: could not find safari cookies database

2026-02-15 15:19:36 [INFO] journal_utilities.downloader: Audio for nss0y1P3nso: failed (ERROR: could not find safari cookies database
)
2026-02-15 15:19:37 [INFO] download_channel: [379/694] Processing UAtfOc3Q4_0 — ActInf GuestStream 066.2 ~ Adrian Bejan, "Freedom and Evolution"
2026-02-15 15:19:37 [DEBUG] journal_utilities.downloader: yt-dlp audio cmd: yt-dlp --no-warnings --cookies-from-browser safari -x --audio-format mp3 --audio-quality 0 -o data/output/audio/%(id)s.%(ext)s https://www.youtube.com/watch?v=UAtfOc3Q4_0
2026-02-15 15:19:37 [ERROR] journal_utilities.downloader: Audio download failed for UAtfOc3Q4_0: ERROR: could not find safari cookies database

2026-02-15 15:19:37 [INFO] journal_utilities.downloader: Audio for UAtfOc3Q4_0: failed (ERROR: could not find safari cookies database
)
2026-02-15 15:19:38 [INFO] download_channel: [380/694] Processing FNgAL97_uwE — ActInf GuestStream 070.1 ~ Jerry Michalski: "Practical Collective Sensemaking"
2026-02-15 15:19:38 [DEBUG] journal_utilities.downloader: yt-dlp audio cmd: yt-dlp --no-warnings --cookies-from-browser safari -x --audio-format mp3 --audio-quality 0 -o data/output/audio/%(id)s.%(ext)s https://www.youtube.com/watch?v=FNgAL97_uwE
2026-02-15 15:19:39 [ERROR] journal_utilities.downloader: Audio download failed for FNgAL97_uwE: ERROR: could not find safari cookies database

2026-02-15 15:19:39 [INFO] journal_utilities.downloader: Audio for FNgAL97_uwE: failed (ERROR: could not find safari cookies database
)
2026-02-15 15:19:40 [INFO] download_channel: [381/694] Processing Q0ySDpKFrPA — ActInf GuestStream 069.1 ~ Andrew McLuhan: "Marshall McLuhan and Project 69"
2026-02-15 15:19:40 [DEBUG] journal_utilities.downloader: yt-dlp audio cmd: yt-dlp --no-warnings --cookies-from-browser safari -x --audio-format mp3 --audio-quality 0 -o data/output/audio/%(id)s.%(ext)s https://www.youtube.com/watch?v=Q0ySDpKFrPA
2026-02-15 15:19:40 [ERROR] journal_utilities.downloader: Audio download failed for Q0ySDpKFrPA: ERROR: could not find safari cookies database

2026-02-15 15:19:40 [INFO] journal_utilities.downloader: Audio for Q0ySDpKFrPA: failed (ERROR: could not find safari cookies database
)
2026-02-15 15:19:41 [INFO] download_channel: [382/694] Processing S-6qpCNq4uA — ActInf MathStream 008.2 ~ R Servajean: Intro to Bayesian mechanics: paths-based formalism (part 2)
2026-02-15 15:19:41 [DEBUG] journal_utilities.downloader: yt-dlp audio cmd: yt-dlp --no-warnings --cookies-from-browser safari -x --audio-format mp3 --audio-quality 0 -o data/output/audio/%(id)s.%(ext)s https://www.youtube.com/watch?v=S-6qpCNq4uA
2026-02-15 15:19:41 [ERROR] journal_utilities.downloader: Audio download failed for S-6qpCNq4uA: ERROR: could not find safari cookies database

2026-02-15 15:19:41 [INFO] journal_utilities.downloader: Audio for S-6qpCNq4uA: failed (ERROR: could not find safari cookies database
)
2026-02-15 15:19:42 [INFO] download_channel: [383/694] Processing bXOAOqJxujs — ActInf MathStream 008.1 ~ R Servajean: Intro to Bayesian mechanics: state-based formalism (part 1)
2026-02-15 15:19:42 [DEBUG] journal_utilities.downloader: yt-dlp audio cmd: yt-dlp --no-warnings --cookies-from-browser safari -x --audio-format mp3 --audio-quality 0 -o data/output/audio/%(id)s.%(ext)s https://www.youtube.com/watch?v=bXOAOqJxujs
2026-02-15 15:19:43 [ERROR] journal_utilities.downloader: Audio download failed for bXOAOqJxujs: ERROR: could not find safari cookies database

2026-02-15 15:19:43 [INFO] journal_utilities.downloader: Audio for bXOAOqJxujs: failed (ERROR: could not find safari cookies database
)
2026-02-15 15:19:44 [INFO] download_channel: [384/694] Processing 3QpD4fXqQ7w — ActInf GuestStream 068.1 ~ Darius Parvizi-Wayne, "Distrusting the policy"
2026-02-15 15:19:44 [DEBUG] journal_utilities.downloader: yt-dlp audio cmd: yt-dlp --no-warnings --cookies-from-browser safari -x --audio-format mp3 --audio-quality 0 -o data/output/audio/%(id)s.%(ext)s https://www.youtube.com/watch?v=3QpD4fXqQ7w
2026-02-15 15:19:44 [ERROR] journal_utilities.downloader: Audio download failed for 3QpD4fXqQ7w: ERROR: could not find safari cookies database

2026-02-15 15:19:44 [INFO] journal_utilities.downloader: Audio for 3QpD4fXqQ7w: failed (ERROR: could not find safari cookies database
)
2026-02-15 15:19:45 [INFO] download_channel: [385/694] Processing SerC9wYOMHs — ActInf OrgStream 006.1 ~ d20 Governance: an experimental governance environment
2026-02-15 15:19:45 [DEBUG] journal_utilities.downloader: yt-dlp audio cmd: yt-dlp --no-warnings --cookies-from-browser safari -x --audio-format mp3 --audio-quality 0 -o data/output/audio/%(id)s.%(ext)s https://www.youtube.com/watch?v=SerC9wYOMHs
2026-02-15 15:19:46 [ERROR] journal_utilities.downloader: Audio download failed for SerC9wYOMHs: ERROR: could not find safari cookies database

2026-02-15 15:19:46 [INFO] journal_utilities.downloader: Audio for SerC9wYOMHs: failed (ERROR: could not find safari cookies database
)
2026-02-15 15:19:47 [INFO] download_channel: [386/694] Processing ykmasEwYSqQ — 2023 Video ReviewStream ~ Active Inference Institute
2026-02-15 15:19:47 [DEBUG] journal_utilities.downloader: yt-dlp audio cmd: yt-dlp --no-warnings --cookies-from-browser safari -x --audio-format mp3 --audio-quality 0 -o data/output/audio/%(id)s.%(ext)s https://www.youtube.com/watch?v=ykmasEwYSqQ
2026-02-15 15:19:47 [ERROR] journal_utilities.downloader: Audio download failed for ykmasEwYSqQ: ERROR: could not find safari cookies database

2026-02-15 15:19:47 [INFO] journal_utilities.downloader: Audio for ykmasEwYSqQ: failed (ERROR: could not find safari cookies database
)
2026-02-15 15:19:48 [INFO] download_channel: [387/694] Processing rKrrpoVbwWQ — Active Inference Institute ~ 2023 Quarterly Roundtable #4
2026-02-15 15:19:48 [DEBUG] journal_utilities.downloader: yt-dlp audio cmd: yt-dlp --no-warnings --cookies-from-browser safari -x --audio-format mp3 --audio-quality 0 -o data/output/audio/%(id)s.%(ext)s https://www.youtube.com/watch?v=rKrrpoVbwWQ
2026-02-15 15:19:49 [ERROR] journal_utilities.downloader: Audio download failed for rKrrpoVbwWQ: ERROR: could not find safari cookies database

2026-02-15 15:19:49 [INFO] journal_utilities.downloader: Audio for rKrrpoVbwWQ: failed (ERROR: could not find safari cookies database
)
2026-02-15 15:19:50 [INFO] download_channel: [388/694] Processing HThdpvQzA4o — ActInf GuestStream 067.1 ~ Andrés Corrada "The logic of NTQR evaluations of noisy judges"
2026-02-15 15:19:50 [DEBUG] journal_utilities.downloader: yt-dlp audio cmd: yt-dlp --no-warnings --cookies-from-browser safari -x --audio-format mp3 --audio-quality 0 -o data/output/audio/%(id)s.%(ext)s https://www.youtube.com/watch?v=HThdpvQzA4o
2026-02-15 15:19:50 [ERROR] journal_utilities.downloader: Audio download failed for HThdpvQzA4o: ERROR: could not find safari cookies database

2026-02-15 15:19:50 [INFO] journal_utilities.downloader: Audio for HThdpvQzA4o: failed (ERROR: could not find safari cookies database
)
2026-02-15 15:19:51 [INFO] download_channel: [389/694] Processing rF3zyjv2Drw — ActInf GuestStream 066.1 ~ Adrian Bejan, "The Physics of Life: How to Predict Evolution"
2026-02-15 15:19:51 [DEBUG] journal_utilities.downloader: yt-dlp audio cmd: yt-dlp --no-warnings --cookies-from-browser safari -x --audio-format mp3 --audio-quality 0 -o data/output/audio/%(id)s.%(ext)s https://www.youtube.com/watch?v=rF3zyjv2Drw
2026-02-15 15:19:51 [ERROR] journal_utilities.downloader: Audio download failed for rF3zyjv2Drw: ERROR: could not find safari cookies database

2026-02-15 15:19:51 [INFO] journal_utilities.downloader: Audio for rF3zyjv2Drw: failed (ERROR: could not find safari cookies database
)
2026-02-15 15:19:52 [INFO] download_channel: [390/694] Processing eMtgUJl68jg — ActInf GuestStream 065.1 ~ Phoebe Klett, "Towards Bayesian World Models"
2026-02-15 15:19:52 [DEBUG] journal_utilities.downloader: yt-dlp audio cmd: yt-dlp --no-warnings --cookies-from-browser safari -x --audio-format mp3 --audio-quality 0 -o data/output/audio/%(id)s.%(ext)s https://www.youtube.com/watch?v=eMtgUJl68jg
2026-02-15 15:19:53 [ERROR] journal_utilities.downloader: Audio download failed for eMtgUJl68jg: ERROR: could not find safari cookies database

2026-02-15 15:19:53 [INFO] journal_utilities.downloader: Audio for eMtgUJl68jg: failed (ERROR: could not find safari cookies database
)
2026-02-15 15:19:54 [INFO] download_channel: [391/694] Processing PQGoQYpyqUY — ActInf GuestStream 064.1 ~ Elliot Murphy "ROSE: A neurocomputational architecture for syntax"
2026-02-15 15:19:54 [DEBUG] journal_utilities.downloader: yt-dlp audio cmd: yt-dlp --no-warnings --cookies-from-browser safari -x --audio-format mp3 --audio-quality 0 -o data/output/audio/%(id)s.%(ext)s https://www.youtube.com/watch?v=PQGoQYpyqUY
2026-02-15 15:19:54 [ERROR] journal_utilities.downloader: Audio download failed for PQGoQYpyqUY: ERROR: could not find safari cookies database

2026-02-15 15:19:54 [INFO] journal_utilities.downloader: Audio for PQGoQYpyqUY: failed (ERROR: could not find safari cookies database
)
2026-02-15 15:19:55 [INFO] download_channel: [392/694] Processing 0CY0fTqtdHo — Active Inference LiveStream 056.2 Neural Generative Coding, Active Inference, and Mortal Computation
2026-02-15 15:19:55 [DEBUG] journal_utilities.downloader: yt-dlp audio cmd: yt-dlp --no-warnings --cookies-from-browser safari -x --audio-format mp3 --audio-quality 0 -o data/output/audio/%(id)s.%(ext)s https://www.youtube.com/watch?v=0CY0fTqtdHo
2026-02-15 15:19:56 [ERROR] journal_utilities.downloader: Audio download failed for 0CY0fTqtdHo: ERROR: could not find safari cookies database

2026-02-15 15:19:56 [INFO] journal_utilities.downloader: Audio for 0CY0fTqtdHo: failed (ERROR: could not find safari cookies database
)
2026-02-15 15:19:57 [INFO] download_channel: [393/694] Processing q8OIuyFXqQ0 — ActInf OrgStream 005.1 ~ Anna-Marie Swan, "Ecological Organisations"
2026-02-15 15:19:57 [DEBUG] journal_utilities.downloader: yt-dlp audio cmd: yt-dlp --no-warnings --cookies-from-browser safari -x --audio-format mp3 --audio-quality 0 -o data/output/audio/%(id)s.%(ext)s https://www.youtube.com/watch?v=q8OIuyFXqQ0
2026-02-15 15:19:57 [ERROR] journal_utilities.downloader: Audio download failed for q8OIuyFXqQ0: ERROR: could not find safari cookies database

2026-02-15 15:19:57 [INFO] journal_utilities.downloader: Audio for q8OIuyFXqQ0: failed (ERROR: could not find safari cookies database
)
2026-02-15 15:19:58 [INFO] download_channel: [394/694] Processing N7QSuazEEhE — ActInf Livestream 055.2 ~ "Realising Synthetic Active Inference Agents” Part I & Part II
2026-02-15 15:19:58 [DEBUG] journal_utilities.downloader: yt-dlp audio cmd: yt-dlp --no-warnings --cookies-from-browser safari -x --audio-format mp3 --audio-quality 0 -o data/output/audio/%(id)s.%(ext)s https://www.youtube.com/watch?v=N7QSuazEEhE
2026-02-15 15:19:58 [ERROR] journal_utilities.downloader: Audio download failed for N7QSuazEEhE: ERROR: could not find safari cookies database

2026-02-15 15:19:58 [INFO] journal_utilities.downloader: Audio for N7QSuazEEhE: failed (ERROR: could not find safari cookies database
)
2026-02-15 15:19:59 [INFO] download_channel: [395/694] Processing BMrgdUnF2iI — Active Inference LiveStream 056.1 ~ Neural coding, Predictive processing, and Cognitive modeling
2026-02-15 15:19:59 [DEBUG] journal_utilities.downloader: yt-dlp audio cmd: yt-dlp --no-warnings --cookies-from-browser safari -x --audio-format mp3 --audio-quality 0 -o data/output/audio/%(id)s.%(ext)s https://www.youtube.com/watch?v=BMrgdUnF2iI
2026-02-15 15:20:00 [ERROR] journal_utilities.downloader: Audio download failed for BMrgdUnF2iI: ERROR: could not find safari cookies database

2026-02-15 15:20:00 [INFO] journal_utilities.downloader: Audio for BMrgdUnF2iI: failed (ERROR: could not find safari cookies database
)
2026-02-15 15:20:01 [INFO] download_channel: [396/694] Processing 6Yr_g9j4kso — ActInf GuestStream 063.1 ~ "Incorporating (variational) free energy models into mechanisms"
2026-02-15 15:20:01 [DEBUG] journal_utilities.downloader: yt-dlp audio cmd: yt-dlp --no-warnings --cookies-from-browser safari -x --audio-format mp3 --audio-quality 0 -o data/output/audio/%(id)s.%(ext)s https://www.youtube.com/watch?v=6Yr_g9j4kso
2026-02-15 15:20:01 [ERROR] journal_utilities.downloader: Audio download failed for 6Yr_g9j4kso: ERROR: could not find safari cookies database

2026-02-15 15:20:01 [INFO] journal_utilities.downloader: Audio for 6Yr_g9j4kso: failed (ERROR: could not find safari cookies database
)
2026-02-15 15:20:02 [INFO] download_channel: [397/694] Processing KX62d4gvFAY — Active Inference LiveStream 056.0 ~ Neural coding, Predictive processing, and Cognitive modeling.
2026-02-15 15:20:02 [DEBUG] journal_utilities.downloader: yt-dlp audio cmd: yt-dlp --no-warnings --cookies-from-browser safari -x --audio-format mp3 --audio-quality 0 -o data/output/audio/%(id)s.%(ext)s https://www.youtube.com/watch?v=KX62d4gvFAY
2026-02-15 15:20:03 [ERROR] journal_utilities.downloader: Audio download failed for KX62d4gvFAY: ERROR: could not find safari cookies database

2026-02-15 15:20:03 [INFO] journal_utilities.downloader: Audio for KX62d4gvFAY: failed (ERROR: could not find safari cookies database
)
2026-02-15 15:20:04 [INFO] download_channel: [398/694] Processing cGW-ZAvybz8 — Conclusion (Discussion) ~ Active Inference for the Social Sciences 2023
2026-02-15 15:20:04 [DEBUG] journal_utilities.downloader: yt-dlp audio cmd: yt-dlp --no-warnings --cookies-from-browser safari -x --audio-format mp3 --audio-quality 0 -o data/output/audio/%(id)s.%(ext)s https://www.youtube.com/watch?v=cGW-ZAvybz8
2026-02-15 15:20:04 [ERROR] journal_utilities.downloader: Audio download failed for cGW-ZAvybz8: ERROR: could not find safari cookies database

2026-02-15 15:20:04 [INFO] journal_utilities.downloader: Audio for cGW-ZAvybz8: failed (ERROR: could not find safari cookies database
)
2026-02-15 15:20:05 [INFO] download_channel: [399/694] Processing YNsUMgOQYpk — ActInf Livestream 055.1 ~ "Realising Synthetic Active Inference Agents” Part I & Part II
2026-02-15 15:20:05 [DEBUG] journal_utilities.downloader: yt-dlp audio cmd: yt-dlp --no-warnings --cookies-from-browser safari -x --audio-format mp3 --audio-quality 0 -o data/output/audio/%(id)s.%(ext)s https://www.youtube.com/watch?v=YNsUMgOQYpk
2026-02-15 15:20:05 [ERROR] journal_utilities.downloader: Audio download failed for YNsUMgOQYpk: ERROR: could not find safari cookies database

2026-02-15 15:20:05 [INFO] journal_utilities.downloader: Audio for YNsUMgOQYpk: failed (ERROR: could not find safari cookies database
)
2026-02-15 15:20:06 [INFO] download_channel: [400/694] Processing ciFMH8svne4 — ActInf GuestStream 062.1 ~ Michael Carl, "Deep temporal Models of the Translation Process"
2026-02-15 15:20:06 [DEBUG] journal_utilities.downloader: yt-dlp audio cmd: yt-dlp --no-warnings --cookies-from-browser safari -x --audio-format mp3 --audio-quality 0 -o data/output/audio/%(id)s.%(ext)s https://www.youtube.com/watch?v=ciFMH8svne4
2026-02-15 15:20:07 [ERROR] journal_utilities.downloader: Audio download failed for ciFMH8svne4: ERROR: could not find safari cookies database

2026-02-15 15:20:07 [INFO] journal_utilities.downloader: Audio for ciFMH8svne4: failed (ERROR: could not find safari cookies database
)
2026-02-15 15:20:08 [INFO] download_channel: [401/694] Processing dAolShffDWo — "Physics as Information Processing" ~ Ander Aguirre ~ Discussion 6
2026-02-15 15:20:08 [DEBUG] journal_utilities.downloader: yt-dlp audio cmd: yt-dlp --no-warnings --cookies-from-browser safari -x --audio-format mp3 --audio-quality 0 -o data/output/audio/%(id)s.%(ext)s https://www.youtube.com/watch?v=dAolShffDWo
2026-02-15 15:20:08 [ERROR] journal_utilities.downloader: Audio download failed for dAolShffDWo: ERROR: could not find safari cookies database

2026-02-15 15:20:08 [INFO] journal_utilities.downloader: Audio for dAolShffDWo: failed (ERROR: could not find safari cookies database
)
2026-02-15 15:20:09 [INFO] download_channel: [402/694] Processing pJit1ONOYcM — Social constraints (Discussion) ~ Avel Guénin-Carlut ~ ActInf Social Sciences 2023
2026-02-15 15:20:09 [DEBUG] journal_utilities.downloader: yt-dlp audio cmd: yt-dlp --no-warnings --cookies-from-browser safari -x --audio-format mp3 --audio-quality 0 -o data/output/audio/%(id)s.%(ext)s https://www.youtube.com/watch?v=pJit1ONOYcM
2026-02-15 15:20:10 [ERROR] journal_utilities.downloader: Audio download failed for pJit1ONOYcM: ERROR: could not find safari cookies database

2026-02-15 15:20:10 [INFO] journal_utilities.downloader: Audio for pJit1ONOYcM: failed (ERROR: could not find safari cookies database
)
2026-02-15 15:20:11 [INFO] download_channel: [403/694] Processing nuUWmwrz6cI — ActInf Livestream 055.0 ~ "Realising Synthetic Active Inference Agents” Part I & Part II
2026-02-15 15:20:11 [DEBUG] journal_utilities.downloader: yt-dlp audio cmd: yt-dlp --no-warnings --cookies-from-browser safari -x --audio-format mp3 --audio-quality 0 -o data/output/audio/%(id)s.%(ext)s https://www.youtube.com/watch?v=nuUWmwrz6cI
2026-02-15 15:20:11 [ERROR] journal_utilities.downloader: Audio download failed for nuUWmwrz6cI: ERROR: could not find safari cookies database

2026-02-15 15:20:11 [INFO] journal_utilities.downloader: Audio for nuUWmwrz6cI: failed (ERROR: could not find safari cookies database
)
2026-02-15 15:20:12 [INFO] download_channel: [404/694] Processing vh8Q6Bc-TQA — ActInf GuestStream 061.1 ~  Shagor Rahman: "Myth of objectivity and the origin of symbols"
2026-02-15 15:20:12 [DEBUG] journal_utilities.downloader: yt-dlp audio cmd: yt-dlp --no-warnings --cookies-from-browser safari -x --audio-format mp3 --audio-quality 0 -o data/output/audio/%(id)s.%(ext)s https://www.youtube.com/watch?v=vh8Q6Bc-TQA
2026-02-15 15:20:12 [ERROR] journal_utilities.downloader: Audio download failed for vh8Q6Bc-TQA: ERROR: could not find safari cookies database

2026-02-15 15:20:12 [INFO] journal_utilities.downloader: Audio for vh8Q6Bc-TQA: failed (ERROR: could not find safari cookies database
)
2026-02-15 15:20:13 [INFO] download_channel: [405/694] Processing TubYmyvsynA — ActInf GuestStream 060.1 ~ "Reflections and implications of a naïve attitude to architecture"
2026-02-15 15:20:13 [DEBUG] journal_utilities.downloader: yt-dlp audio cmd: yt-dlp --no-warnings --cookies-from-browser safari -x --audio-format mp3 --audio-quality 0 -o data/output/audio/%(id)s.%(ext)s https://www.youtube.com/watch?v=TubYmyvsynA
2026-02-15 15:20:14 [ERROR] journal_utilities.downloader: Audio download failed for TubYmyvsynA: ERROR: could not find safari cookies database

2026-02-15 15:20:14 [INFO] journal_utilities.downloader: Audio for TubYmyvsynA: failed (ERROR: could not find safari cookies database
)
2026-02-15 15:20:15 [INFO] download_channel: [406/694] Processing StyeVhPobXg — Social constraints (Lecture) ~ Avel Guénin-Carlut ~ ActInf Social Sciences 2023
2026-02-15 15:20:15 [DEBUG] journal_utilities.downloader: yt-dlp audio cmd: yt-dlp --no-warnings --cookies-from-browser safari -x --audio-format mp3 --audio-quality 0 -o data/output/audio/%(id)s.%(ext)s https://www.youtube.com/watch?v=StyeVhPobXg
2026-02-15 15:20:15 [ERROR] journal_utilities.downloader: Audio download failed for StyeVhPobXg: ERROR: could not find safari cookies database

2026-02-15 15:20:15 [INFO] journal_utilities.downloader: Audio for StyeVhPobXg: failed (ERROR: could not find safari cookies database
)
2026-02-15 15:20:16 [INFO] download_channel: [407/694] Processing knhfxLxyeyQ — ActInf GuestStream 059.1 ~ David Tuckett, "Conviction Narrative Theory"
2026-02-15 15:20:16 [DEBUG] journal_utilities.downloader: yt-dlp audio cmd: yt-dlp --no-warnings --cookies-from-browser safari -x --audio-format mp3 --audio-quality 0 -o data/output/audio/%(id)s.%(ext)s https://www.youtube.com/watch?v=knhfxLxyeyQ
2026-02-15 15:20:17 [ERROR] journal_utilities.downloader: Audio download failed for knhfxLxyeyQ: ERROR: could not find safari cookies database

2026-02-15 15:20:17 [INFO] journal_utilities.downloader: Audio for knhfxLxyeyQ: failed (ERROR: could not find safari cookies database
)
2026-02-15 15:20:18 [INFO] download_channel: [408/694] Processing bSPQ3BkqTh4 — "Physics as Information Processing" ~ Chris Fields ~ Lecture 6
2026-02-15 15:20:18 [DEBUG] journal_utilities.downloader: yt-dlp audio cmd: yt-dlp --no-warnings --cookies-from-browser safari -x --audio-format mp3 --audio-quality 0 -o data/output/audio/%(id)s.%(ext)s https://www.youtube.com/watch?v=bSPQ3BkqTh4
2026-02-15 15:20:18 [ERROR] journal_utilities.downloader: Audio download failed for bSPQ3BkqTh4: ERROR: could not find safari cookies database

2026-02-15 15:20:18 [INFO] journal_utilities.downloader: Audio for bSPQ3BkqTh4: failed (ERROR: could not find safari cookies database
)
2026-02-15 15:20:19 [INFO] download_channel: [409/694] Processing _NfqCpsZPeM — "Physics as Information Processing" ~ Ander Aguirre ~ Discussion 5
2026-02-15 15:20:19 [DEBUG] journal_utilities.downloader: yt-dlp audio cmd: yt-dlp --no-warnings --cookies-from-browser safari -x --audio-format mp3 --audio-quality 0 -o data/output/audio/%(id)s.%(ext)s https://www.youtube.com/watch?v=_NfqCpsZPeM
2026-02-15 15:20:19 [ERROR] journal_utilities.downloader: Audio download failed for _NfqCpsZPeM: ERROR: could not find safari cookies database

2026-02-15 15:20:19 [INFO] journal_utilities.downloader: Audio for _NfqCpsZPeM: failed (ERROR: could not find safari cookies database
)
2026-02-15 15:20:20 [INFO] download_channel: [410/694] Processing 93-rNtJR-9I — Active Inference Institute ~ 2023 Quarterly Roundtable #3
2026-02-15 15:20:20 [DEBUG] journal_utilities.downloader: yt-dlp audio cmd: yt-dlp --no-warnings --cookies-from-browser safari -x --audio-format mp3 --audio-quality 0 -o data/output/audio/%(id)s.%(ext)s https://www.youtube.com/watch?v=93-rNtJR-9I
2026-02-15 15:20:21 [ERROR] journal_utilities.downloader: Audio download failed for 93-rNtJR-9I: ERROR: could not find safari cookies database

2026-02-15 15:20:21 [INFO] journal_utilities.downloader: Audio for 93-rNtJR-9I: failed (ERROR: could not find safari cookies database
)
2026-02-15 15:20:22 [INFO] download_channel: [411/694] Processing MzYmdBaJIYc — ActInf MorphStream 001.1 ~ David Kappel and Sarah Hamburg
2026-02-15 15:20:22 [DEBUG] journal_utilities.downloader: yt-dlp audio cmd: yt-dlp --no-warnings --cookies-from-browser safari -x --audio-format mp3 --audio-quality 0 -o data/output/audio/%(id)s.%(ext)s https://www.youtube.com/watch?v=MzYmdBaJIYc
2026-02-15 15:20:22 [ERROR] journal_utilities.downloader: Audio download failed for MzYmdBaJIYc: ERROR: could not find safari cookies database

2026-02-15 15:20:22 [INFO] journal_utilities.downloader: Audio for MzYmdBaJIYc: failed (ERROR: could not find safari cookies database
)
2026-02-15 15:20:23 [INFO] download_channel: [412/694] Processing Qbmuu61dnWY — Norms, Scripts, Narratives, Languages (Lecture) ~ Mahault Albarracin ~ ActInf Social Sciences 2023
2026-02-15 15:20:23 [DEBUG] journal_utilities.downloader: yt-dlp audio cmd: yt-dlp --no-warnings --cookies-from-browser safari -x --audio-format mp3 --audio-quality 0 -o data/output/audio/%(id)s.%(ext)s https://www.youtube.com/watch?v=Qbmuu61dnWY
2026-02-15 15:20:24 [ERROR] journal_utilities.downloader: Audio download failed for Qbmuu61dnWY: ERROR: could not find safari cookies database

2026-02-15 15:20:24 [INFO] journal_utilities.downloader: Audio for Qbmuu61dnWY: failed (ERROR: could not find safari cookies database
)
2026-02-15 15:20:25 [INFO] download_channel: [413/694] Processing Sz7ZP2N6DuE — ActInf GuestStream 058.1 ~ Working with Gerald Edelman
2026-02-15 15:20:25 [DEBUG] journal_utilities.downloader: yt-dlp audio cmd: yt-dlp --no-warnings --cookies-from-browser safari -x --audio-format mp3 --audio-quality 0 -o data/output/audio/%(id)s.%(ext)s https://www.youtube.com/watch?v=Sz7ZP2N6DuE
2026-02-15 15:20:25 [ERROR] journal_utilities.downloader: Audio download failed for Sz7ZP2N6DuE: ERROR: could not find safari cookies database

2026-02-15 15:20:25 [INFO] journal_utilities.downloader: Audio for Sz7ZP2N6DuE: failed (ERROR: could not find safari cookies database
)
2026-02-15 15:20:26 [INFO] download_channel: [414/694] Processing kJUVdt-fN7U — ActInf MathStream 007.1 ~ "Constructor Theory as Process Theory", Vincent Wang-Mascianica et al.
2026-02-15 15:20:26 [DEBUG] journal_utilities.downloader: yt-dlp audio cmd: yt-dlp --no-warnings --cookies-from-browser safari -x --audio-format mp3 --audio-quality 0 -o data/output/audio/%(id)s.%(ext)s https://www.youtube.com/watch?v=kJUVdt-fN7U
2026-02-15 15:20:27 [ERROR] journal_utilities.downloader: Audio download failed for kJUVdt-fN7U: ERROR: could not find safari cookies database

2026-02-15 15:20:27 [INFO] journal_utilities.downloader: Audio for kJUVdt-fN7U: failed (ERROR: could not find safari cookies database
)
2026-02-15 15:20:28 [INFO] download_channel: [415/694] Processing 1uIRljnLtc4 — ActInf GuestStream 057.1~ Andy Keller, "Natural Neural Structure in Artificial Neural Networks"
2026-02-15 15:20:28 [DEBUG] journal_utilities.downloader: yt-dlp audio cmd: yt-dlp --no-warnings --cookies-from-browser safari -x --audio-format mp3 --audio-quality 0 -o data/output/audio/%(id)s.%(ext)s https://www.youtube.com/watch?v=1uIRljnLtc4
2026-02-15 15:20:28 [ERROR] journal_utilities.downloader: Audio download failed for 1uIRljnLtc4: ERROR: could not find safari cookies database

2026-02-15 15:20:28 [INFO] journal_utilities.downloader: Audio for 1uIRljnLtc4: failed (ERROR: could not find safari cookies database
)
2026-02-15 15:20:29 [INFO] download_channel: [416/694] Processing h0Tfm2lw6PQ — ActInf GuestStream 056.1 ~ Grégoire Sergeant, "Agency with structured latent state-spaces"
2026-02-15 15:20:29 [DEBUG] journal_utilities.downloader: yt-dlp audio cmd: yt-dlp --no-warnings --cookies-from-browser safari -x --audio-format mp3 --audio-quality 0 -o data/output/audio/%(id)s.%(ext)s https://www.youtube.com/watch?v=h0Tfm2lw6PQ
2026-02-15 15:20:29 [ERROR] journal_utilities.downloader: Audio download failed for h0Tfm2lw6PQ: ERROR: could not find safari cookies database

2026-02-15 15:20:29 [INFO] journal_utilities.downloader: Audio for h0Tfm2lw6PQ: failed (ERROR: could not find safari cookies database
)
2026-02-15 15:20:30 [INFO] download_channel: [417/694] Processing Il9sBNAia7g — "Physics as Information Processing" ~ Chris Fields ~ Lecture 5
2026-02-15 15:20:30 [DEBUG] journal_utilities.downloader: yt-dlp audio cmd: yt-dlp --no-warnings --cookies-from-browser safari -x --audio-format mp3 --audio-quality 0 -o data/output/audio/%(id)s.%(ext)s https://www.youtube.com/watch?v=Il9sBNAia7g
2026-02-15 15:20:31 [ERROR] journal_utilities.downloader: Audio download failed for Il9sBNAia7g: ERROR: could not find safari cookies database

2026-02-15 15:20:31 [INFO] journal_utilities.downloader: Audio for Il9sBNAia7g: failed (ERROR: could not find safari cookies database
)
2026-02-15 15:20:32 [INFO] download_channel: [418/694] Processing MrAiB9X7Ock — Semiotics and Semantics (Discussion) ~ Lorena Sganzerla ~ Active Inference for Social Sciences 2023
2026-02-15 15:20:32 [DEBUG] journal_utilities.downloader: yt-dlp audio cmd: yt-dlp --no-warnings --cookies-from-browser safari -x --audio-format mp3 --audio-quality 0 -o data/output/audio/%(id)s.%(ext)s https://www.youtube.com/watch?v=MrAiB9X7Ock
2026-02-15 15:20:32 [ERROR] journal_utilities.downloader: Audio download failed for MrAiB9X7Ock: ERROR: could not find safari cookies database

2026-02-15 15:20:32 [INFO] journal_utilities.downloader: Audio for MrAiB9X7Ock: failed (ERROR: could not find safari cookies database
)
2026-02-15 15:20:33 [INFO] download_channel: [419/694] Processing p1GMPGBJGfw — ActInf MathStream #006.1 ~ Sean Tull "Active Inference in String Diagrams"
2026-02-15 15:20:33 [DEBUG] journal_utilities.downloader: yt-dlp audio cmd: yt-dlp --no-warnings --cookies-from-browser safari -x --audio-format mp3 --audio-quality 0 -o data/output/audio/%(id)s.%(ext)s https://www.youtube.com/watch?v=p1GMPGBJGfw
2026-02-15 15:20:34 [ERROR] journal_utilities.downloader: Audio download failed for p1GMPGBJGfw: ERROR: could not find safari cookies database

2026-02-15 15:20:34 [INFO] journal_utilities.downloader: Audio for p1GMPGBJGfw: failed (ERROR: could not find safari cookies database
)
2026-02-15 15:20:35 [INFO] download_channel: [420/694] Processing a4DC1YCVpsU — ActInf GuestStream 055.1~ James Pang & Alex Fornito "Geometric constraints on human brain function"
2026-02-15 15:20:35 [DEBUG] journal_utilities.downloader: yt-dlp audio cmd: yt-dlp --no-warnings --cookies-from-browser safari -x --audio-format mp3 --audio-quality 0 -o data/output/audio/%(id)s.%(ext)s https://www.youtube.com/watch?v=a4DC1YCVpsU
2026-02-15 15:20:35 [ERROR] journal_utilities.downloader: Audio download failed for a4DC1YCVpsU: ERROR: could not find safari cookies database

2026-02-15 15:20:35 [INFO] journal_utilities.downloader: Audio for a4DC1YCVpsU: failed (ERROR: could not find safari cookies database
)
2026-02-15 15:20:36 [INFO] download_channel: [421/694] Processing 4ijYLWm4P2I — Semiotics and Semantics (Lecture) ~ Lorena Sganzerla ~ Active Inference for the Social Sciences 2023
2026-02-15 15:20:36 [DEBUG] journal_utilities.downloader: yt-dlp audio cmd: yt-dlp --no-warnings --cookies-from-browser safari -x --audio-format mp3 --audio-quality 0 -o data/output/audio/%(id)s.%(ext)s https://www.youtube.com/watch?v=4ijYLWm4P2I
2026-02-15 15:20:36 [ERROR] journal_utilities.downloader: Audio download failed for 4ijYLWm4P2I: ERROR: could not find safari cookies database

2026-02-15 15:20:36 [INFO] journal_utilities.downloader: Audio for 4ijYLWm4P2I: failed (ERROR: could not find safari cookies database
)
2026-02-15 15:20:37 [INFO] download_channel: [422/694] Processing jWEcQVcgleM — "Physics as Information Processing" ~ Ander Aguirre ~ Discussion 4
2026-02-15 15:20:37 [DEBUG] journal_utilities.downloader: yt-dlp audio cmd: yt-dlp --no-warnings --cookies-from-browser safari -x --audio-format mp3 --audio-quality 0 -o data/output/audio/%(id)s.%(ext)s https://www.youtube.com/watch?v=jWEcQVcgleM
2026-02-15 15:20:38 [ERROR] journal_utilities.downloader: Audio download failed for jWEcQVcgleM: ERROR: could not find safari cookies database

2026-02-15 15:20:38 [INFO] journal_utilities.downloader: Audio for jWEcQVcgleM: failed (ERROR: could not find safari cookies database
)
2026-02-15 15:20:39 [INFO] download_channel: [423/694] Processing bhLPZaLmi2k — ActInf GuestStream 054.1 ~ A Gómez-Emilsson & C Percy ~ Electromagnetic Field Topology Consciousness
2026-02-15 15:20:39 [DEBUG] journal_utilities.downloader: yt-dlp audio cmd: yt-dlp --no-warnings --cookies-from-browser safari -x --audio-format mp3 --audio-quality 0 -o data/output/audio/%(id)s.%(ext)s https://www.youtube.com/watch?v=bhLPZaLmi2k
2026-02-15 15:20:39 [ERROR] journal_utilities.downloader: Audio download failed for bhLPZaLmi2k: ERROR: could not find safari cookies database

2026-02-15 15:20:39 [INFO] journal_utilities.downloader: Audio for bhLPZaLmi2k: failed (ERROR: could not find safari cookies database
)
2026-02-15 15:20:40 [INFO] download_channel: [424/694] Processing _GHJO_bnyrY — ActInf GuestStream 053.1 ~ A case for chaos theory inclusion in neuropsychoanalytic modeling
2026-02-15 15:20:40 [DEBUG] journal_utilities.downloader: yt-dlp audio cmd: yt-dlp --no-warnings --cookies-from-browser safari -x --audio-format mp3 --audio-quality 0 -o data/output/audio/%(id)s.%(ext)s https://www.youtube.com/watch?v=_GHJO_bnyrY
2026-02-15 15:20:41 [ERROR] journal_utilities.downloader: Audio download failed for _GHJO_bnyrY: ERROR: could not find safari cookies database

2026-02-15 15:20:41 [INFO] journal_utilities.downloader: Audio for _GHJO_bnyrY: failed (ERROR: could not find safari cookies database
)
2026-02-15 15:20:42 [INFO] download_channel: [425/694] Processing PVeyvHSAwmk — 3rd Applied Active Inference Symposium ~ "Enacting Ecosystems of Shared Intelligence" ~ 2nd session
2026-02-15 15:20:42 [DEBUG] journal_utilities.downloader: yt-dlp audio cmd: yt-dlp --no-warnings --cookies-from-browser safari -x --audio-format mp3 --audio-quality 0 -o data/output/audio/%(id)s.%(ext)s https://www.youtube.com/watch?v=PVeyvHSAwmk
2026-02-15 15:20:42 [ERROR] journal_utilities.downloader: Audio download failed for PVeyvHSAwmk: ERROR: could not find safari cookies database

2026-02-15 15:20:42 [INFO] journal_utilities.downloader: Audio for PVeyvHSAwmk: failed (ERROR: could not find safari cookies database
)
2026-02-15 15:20:43 [INFO] download_channel: [426/694] Processing rIemcswLfGg — 3rd Applied Active Inference Symposium ~ "Enacting Ecosystems of Shared Intelligence" ~ 1st session
2026-02-15 15:20:43 [DEBUG] journal_utilities.downloader: yt-dlp audio cmd: yt-dlp --no-warnings --cookies-from-browser safari -x --audio-format mp3 --audio-quality 0 -o data/output/audio/%(id)s.%(ext)s https://www.youtube.com/watch?v=rIemcswLfGg
2026-02-15 15:20:44 [ERROR] journal_utilities.downloader: Audio download failed for rIemcswLfGg: ERROR: could not find safari cookies database

2026-02-15 15:20:44 [INFO] journal_utilities.downloader: Audio for rIemcswLfGg: failed (ERROR: could not find safari cookies database
)
2026-02-15 15:20:45 [INFO] download_channel: [427/694] Processing 2IxxzY2ZDHA — Collective Behavior (Discussion) ~ Daniel Friedman ~ Active Inference for the Social Sciences 2023
2026-02-15 15:20:45 [DEBUG] journal_utilities.downloader: yt-dlp audio cmd: yt-dlp --no-warnings --cookies-from-browser safari -x --audio-format mp3 --audio-quality 0 -o data/output/audio/%(id)s.%(ext)s https://www.youtube.com/watch?v=2IxxzY2ZDHA
2026-02-15 15:20:45 [ERROR] journal_utilities.downloader: Audio download failed for 2IxxzY2ZDHA: ERROR: could not find safari cookies database

2026-02-15 15:20:45 [INFO] journal_utilities.downloader: Audio for 2IxxzY2ZDHA: failed (ERROR: could not find safari cookies database
)
2026-02-15 15:20:46 [INFO] download_channel: [428/694] Processing KPeOC9eNDnA — ActInf GuestStream 052.1 ~ A ElSaid, T Desell, A Ororbia "Ant-Based Neural Topology Search"
2026-02-15 15:20:46 [DEBUG] journal_utilities.downloader: yt-dlp audio cmd: yt-dlp --no-warnings --cookies-from-browser safari -x --audio-format mp3 --audio-quality 0 -o data/output/audio/%(id)s.%(ext)s https://www.youtube.com/watch?v=KPeOC9eNDnA
2026-02-15 15:20:46 [ERROR] journal_utilities.downloader: Audio download failed for KPeOC9eNDnA: ERROR: could not find safari cookies database

2026-02-15 15:20:46 [INFO] journal_utilities.downloader: Audio for KPeOC9eNDnA: failed (ERROR: could not find safari cookies database
)
2026-02-15 15:20:47 [INFO] download_channel: [429/694] Processing k55mAFCIQ60 — "Physics as Information Processing" ~ Chris Fields ~ Lecture 4
2026-02-15 15:20:47 [DEBUG] journal_utilities.downloader: yt-dlp audio cmd: yt-dlp --no-warnings --cookies-from-browser safari -x --audio-format mp3 --audio-quality 0 -o data/output/audio/%(id)s.%(ext)s https://www.youtube.com/watch?v=k55mAFCIQ60
2026-02-15 15:20:48 [ERROR] journal_utilities.downloader: Audio download failed for k55mAFCIQ60: ERROR: could not find safari cookies database

2026-02-15 15:20:48 [INFO] journal_utilities.downloader: Audio for k55mAFCIQ60: failed (ERROR: could not find safari cookies database
)
2026-02-15 15:20:49 [INFO] download_channel: [430/694] Processing ran1M2UmD80 — Collective Behavior (Lecture) ~ Daniel Friedman ~ Active Inference for the Social Sciences 2023
2026-02-15 15:20:49 [DEBUG] journal_utilities.downloader: yt-dlp audio cmd: yt-dlp --no-warnings --cookies-from-browser safari -x --audio-format mp3 --audio-quality 0 -o data/output/audio/%(id)s.%(ext)s https://www.youtube.com/watch?v=ran1M2UmD80
2026-02-15 15:20:49 [ERROR] journal_utilities.downloader: Audio download failed for ran1M2UmD80: ERROR: could not find safari cookies database

2026-02-15 15:20:49 [INFO] journal_utilities.downloader: Audio for ran1M2UmD80: failed (ERROR: could not find safari cookies database
)
2026-02-15 15:20:50 [INFO] download_channel: [431/694] Processing hOto96Q8sYQ — "Physics as Information Processing" ~ Ander Aguirre ~ Discussion 3
2026-02-15 15:20:50 [DEBUG] journal_utilities.downloader: yt-dlp audio cmd: yt-dlp --no-warnings --cookies-from-browser safari -x --audio-format mp3 --audio-quality 0 -o data/output/audio/%(id)s.%(ext)s https://www.youtube.com/watch?v=hOto96Q8sYQ
2026-02-15 15:20:51 [ERROR] journal_utilities.downloader: Audio download failed for hOto96Q8sYQ: ERROR: could not find safari cookies database

2026-02-15 15:20:51 [INFO] journal_utilities.downloader: Audio for hOto96Q8sYQ: failed (ERROR: could not find safari cookies database
)
2026-02-15 15:20:52 [INFO] download_channel: [432/694] Processing 3_5pTCguAv4 — Active Inference BookStream 002.02 ~ Parr, Pezzulo, Friston ~ Chapters 4, 5, 7, 8
2026-02-15 15:20:52 [DEBUG] journal_utilities.downloader: yt-dlp audio cmd: yt-dlp --no-warnings --cookies-from-browser safari -x --audio-format mp3 --audio-quality 0 -o data/output/audio/%(id)s.%(ext)s https://www.youtube.com/watch?v=3_5pTCguAv4
2026-02-15 15:20:52 [ERROR] journal_utilities.downloader: Audio download failed for 3_5pTCguAv4: ERROR: could not find safari cookies database

2026-02-15 15:20:52 [INFO] journal_utilities.downloader: Audio for 3_5pTCguAv4: failed (ERROR: could not find safari cookies database
)
2026-02-15 15:20:53 [INFO] download_channel: [433/694] Processing NOj0mB8I6BI — ActInf GuestStream 051.1 ~ Tommaso Salvatori "Causal Inference via Predictive Coding"
2026-02-15 15:20:53 [DEBUG] journal_utilities.downloader: yt-dlp audio cmd: yt-dlp --no-warnings --cookies-from-browser safari -x --audio-format mp3 --audio-quality 0 -o data/output/audio/%(id)s.%(ext)s https://www.youtube.com/watch?v=NOj0mB8I6BI
2026-02-15 15:20:53 [ERROR] journal_utilities.downloader: Audio download failed for NOj0mB8I6BI: ERROR: could not find safari cookies database

2026-02-15 15:20:53 [INFO] journal_utilities.downloader: Audio for NOj0mB8I6BI: failed (ERROR: could not find safari cookies database
)
2026-02-15 15:20:54 [INFO] download_channel: [434/694] Processing vBk0zZEy59E — ActInf GuestStream 050.1 ~ Valeria Becattini & Anna Ciaunica, "Selfless Minds, Unlimited Bodies?"
2026-02-15 15:20:54 [DEBUG] journal_utilities.downloader: yt-dlp audio cmd: yt-dlp --no-warnings --cookies-from-browser safari -x --audio-format mp3 --audio-quality 0 -o data/output/audio/%(id)s.%(ext)s https://www.youtube.com/watch?v=vBk0zZEy59E
2026-02-15 15:20:55 [ERROR] journal_utilities.downloader: Audio download failed for vBk0zZEy59E: ERROR: could not find safari cookies database

2026-02-15 15:20:55 [INFO] journal_utilities.downloader: Audio for vBk0zZEy59E: failed (ERROR: could not find safari cookies database
)
2026-02-15 15:20:56 [INFO] download_channel: [435/694] Processing dUXfgzKHV1c — ActInf GuestStream 049.1 ~ "Clickbait, consciousness science, and responsible journalism"
2026-02-15 15:20:56 [DEBUG] journal_utilities.downloader: yt-dlp audio cmd: yt-dlp --no-warnings --cookies-from-browser safari -x --audio-format mp3 --audio-quality 0 -o data/output/audio/%(id)s.%(ext)s https://www.youtube.com/watch?v=dUXfgzKHV1c
2026-02-15 15:20:56 [ERROR] journal_utilities.downloader: Audio download failed for dUXfgzKHV1c: ERROR: could not find safari cookies database

2026-02-15 15:20:56 [INFO] journal_utilities.downloader: Audio for dUXfgzKHV1c: failed (ERROR: could not find safari cookies database
)
2026-02-15 15:20:57 [INFO] download_channel: [436/694] Processing u6taX0npOY8 — Basics of Active Inference (Discussion) ~ Ben White ~ Active Inference for the Social Sciences 2023
2026-02-15 15:20:57 [DEBUG] journal_utilities.downloader: yt-dlp audio cmd: yt-dlp --no-warnings --cookies-from-browser safari -x --audio-format mp3 --audio-quality 0 -o data/output/audio/%(id)s.%(ext)s https://www.youtube.com/watch?v=u6taX0npOY8
2026-02-15 15:20:57 [ERROR] journal_utilities.downloader: Audio download failed for u6taX0npOY8: ERROR: could not find safari cookies database

2026-02-15 15:20:57 [INFO] journal_utilities.downloader: Audio for u6taX0npOY8: failed (ERROR: could not find safari cookies database
)
2026-02-15 15:20:58 [INFO] download_channel: [437/694] Processing aFwuucck7a8 — ActInf GuestStream 048.1 ~ Arthur Juliani & Adam Safron "Deep CANALs"
2026-02-15 15:20:58 [DEBUG] journal_utilities.downloader: yt-dlp audio cmd: yt-dlp --no-warnings --cookies-from-browser safari -x --audio-format mp3 --audio-quality 0 -o data/output/audio/%(id)s.%(ext)s https://www.youtube.com/watch?v=aFwuucck7a8
2026-02-15 15:20:59 [ERROR] journal_utilities.downloader: Audio download failed for aFwuucck7a8: ERROR: could not find safari cookies database

2026-02-15 15:20:59 [INFO] journal_utilities.downloader: Audio for aFwuucck7a8: failed (ERROR: could not find safari cookies database
)
2026-02-15 15:21:00 [INFO] download_channel: [438/694] Processing QqEp4jtaQ2E — ActInf MathStream 005.1 ~ Cristian Bodnar  "Topological Deep Learning: Graphs, Complexes, Sheaves"
2026-02-15 15:21:00 [DEBUG] journal_utilities.downloader: yt-dlp audio cmd: yt-dlp --no-warnings --cookies-from-browser safari -x --audio-format mp3 --audio-quality 0 -o data/output/audio/%(id)s.%(ext)s https://www.youtube.com/watch?v=QqEp4jtaQ2E
2026-02-15 15:21:00 [ERROR] journal_utilities.downloader: Audio download failed for QqEp4jtaQ2E: ERROR: could not find safari cookies database

2026-02-15 15:21:00 [INFO] journal_utilities.downloader: Audio for QqEp4jtaQ2E: failed (ERROR: could not find safari cookies database
)
2026-02-15 15:21:01 [INFO] download_channel: [439/694] Processing CEKWhxnH3-E — ActInf ModelStream 009.1 ~ Aswin Paul "On efficient computation in active inference"
2026-02-15 15:21:01 [DEBUG] journal_utilities.downloader: yt-dlp audio cmd: yt-dlp --no-warnings --cookies-from-browser safari -x --audio-format mp3 --audio-quality 0 -o data/output/audio/%(id)s.%(ext)s https://www.youtube.com/watch?v=CEKWhxnH3-E
2026-02-15 15:21:02 [ERROR] journal_utilities.downloader: Audio download failed for CEKWhxnH3-E: ERROR: could not find safari cookies database

2026-02-15 15:21:02 [INFO] journal_utilities.downloader: Audio for CEKWhxnH3-E: failed (ERROR: could not find safari cookies database
)
2026-02-15 15:21:03 [INFO] download_channel: [440/694] Processing TOZp_XNYijQ — "Physics as Information Processing" ~ Chris Fields ~ Lecture 3
2026-02-15 15:21:03 [DEBUG] journal_utilities.downloader: yt-dlp audio cmd: yt-dlp --no-warnings --cookies-from-browser safari -x --audio-format mp3 --audio-quality 0 -o data/output/audio/%(id)s.%(ext)s https://www.youtube.com/watch?v=TOZp_XNYijQ
2026-02-15 15:21:03 [ERROR] journal_utilities.downloader: Audio download failed for TOZp_XNYijQ: ERROR: could not find safari cookies database

2026-02-15 15:21:03 [INFO] journal_utilities.downloader: Audio for TOZp_XNYijQ: failed (ERROR: could not find safari cookies database
)
2026-02-15 15:21:04 [INFO] download_channel: [441/694] Processing BNLnbOFdgc0 — Basics of Active Inference (Lecture) ~ Ben White ~ Active Inference for the Social Sciences 2023
2026-02-15 15:21:04 [DEBUG] journal_utilities.downloader: yt-dlp audio cmd: yt-dlp --no-warnings --cookies-from-browser safari -x --audio-format mp3 --audio-quality 0 -o data/output/audio/%(id)s.%(ext)s https://www.youtube.com/watch?v=BNLnbOFdgc0
2026-02-15 15:21:05 [ERROR] journal_utilities.downloader: Audio download failed for BNLnbOFdgc0: ERROR: could not find safari cookies database

2026-02-15 15:21:05 [INFO] journal_utilities.downloader: Audio for BNLnbOFdgc0: failed (ERROR: could not find safari cookies database
)
2026-02-15 15:21:06 [INFO] download_channel: [442/694] Processing O6adLcDhOYU — ActInf GuestStream 047.1 ~ "Predicting & Reflecting Framework for Dual Process Theory" Bellini-Leite
2026-02-15 15:21:06 [DEBUG] journal_utilities.downloader: yt-dlp audio cmd: yt-dlp --no-warnings --cookies-from-browser safari -x --audio-format mp3 --audio-quality 0 -o data/output/audio/%(id)s.%(ext)s https://www.youtube.com/watch?v=O6adLcDhOYU
2026-02-15 15:21:06 [ERROR] journal_utilities.downloader: Audio download failed for O6adLcDhOYU: ERROR: could not find safari cookies database

2026-02-15 15:21:06 [INFO] journal_utilities.downloader: Audio for O6adLcDhOYU: failed (ERROR: could not find safari cookies database
)
2026-02-15 15:21:07 [INFO] download_channel: [443/694] Processing JkORFoyk8o8 — Introduction (Lecture) ~ Avel Guénin-Carlut ~ Active Inference for the Social Sciences 2023
2026-02-15 15:21:07 [DEBUG] journal_utilities.downloader: yt-dlp audio cmd: yt-dlp --no-warnings --cookies-from-browser safari -x --audio-format mp3 --audio-quality 0 -o data/output/audio/%(id)s.%(ext)s https://www.youtube.com/watch?v=JkORFoyk8o8
2026-02-15 15:21:07 [ERROR] journal_utilities.downloader: Audio download failed for JkORFoyk8o8: ERROR: could not find safari cookies database

2026-02-15 15:21:07 [INFO] journal_utilities.downloader: Audio for JkORFoyk8o8: failed (ERROR: could not find safari cookies database
)
2026-02-15 15:21:08 [INFO] download_channel: [444/694] Processing hSj7eOYuZe4 — "Physics as Information Processing" ~ Ander Aguirre ~ Discussion 2
2026-02-15 15:21:08 [DEBUG] journal_utilities.downloader: yt-dlp audio cmd: yt-dlp --no-warnings --cookies-from-browser safari -x --audio-format mp3 --audio-quality 0 -o data/output/audio/%(id)s.%(ext)s https://www.youtube.com/watch?v=hSj7eOYuZe4
2026-02-15 15:21:09 [ERROR] journal_utilities.downloader: Audio download failed for hSj7eOYuZe4: ERROR: could not find safari cookies database

2026-02-15 15:21:09 [INFO] journal_utilities.downloader: Audio for hSj7eOYuZe4: failed (ERROR: could not find safari cookies database
)
2026-02-15 15:21:10 [INFO] download_channel: [445/694] Processing aJ9Py86ZFjU — Active Inference Institute ~ 2023 Quarterly Roundtable #2
2026-02-15 15:21:10 [DEBUG] journal_utilities.downloader: yt-dlp audio cmd: yt-dlp --no-warnings --cookies-from-browser safari -x --audio-format mp3 --audio-quality 0 -o data/output/audio/%(id)s.%(ext)s https://www.youtube.com/watch?v=aJ9Py86ZFjU
2026-02-15 15:21:10 [ERROR] journal_utilities.downloader: Audio download failed for aJ9Py86ZFjU: ERROR: could not find safari cookies database

2026-02-15 15:21:10 [INFO] journal_utilities.downloader: Audio for aJ9Py86ZFjU: failed (ERROR: could not find safari cookies database
)
2026-02-15 15:21:11 [INFO] download_channel: [446/694] Processing dUW8cD8XUec — ActInf GuestStream 046.1 ~ Denise Holt, "Active Inference AI & the Spatial Web"
2026-02-15 15:21:11 [DEBUG] journal_utilities.downloader: yt-dlp audio cmd: yt-dlp --no-warnings --cookies-from-browser safari -x --audio-format mp3 --audio-quality 0 -o data/output/audio/%(id)s.%(ext)s https://www.youtube.com/watch?v=dUW8cD8XUec
2026-02-15 15:21:12 [ERROR] journal_utilities.downloader: Audio download failed for dUW8cD8XUec: ERROR: could not find safari cookies database

2026-02-15 15:21:12 [INFO] journal_utilities.downloader: Audio for dUW8cD8XUec: failed (ERROR: could not find safari cookies database
)
2026-02-15 15:21:13 [INFO] download_channel: [447/694] Processing y0Jyj6LAb8g — ActInf GuestStream 045.1 ~ Ramstead & Albarracin: "The inner screen model of consciousness"
2026-02-15 15:21:13 [DEBUG] journal_utilities.downloader: yt-dlp audio cmd: yt-dlp --no-warnings --cookies-from-browser safari -x --audio-format mp3 --audio-quality 0 -o data/output/audio/%(id)s.%(ext)s https://www.youtube.com/watch?v=y0Jyj6LAb8g
2026-02-15 15:21:13 [ERROR] journal_utilities.downloader: Audio download failed for y0Jyj6LAb8g: ERROR: could not find safari cookies database

2026-02-15 15:21:13 [INFO] journal_utilities.downloader: Audio for y0Jyj6LAb8g: failed (ERROR: could not find safari cookies database
)
2026-02-15 15:21:14 [INFO] download_channel: [448/694] Processing WkWIqpxWRM4 — "Physics as Information Processing" ~ Chris Fields ~ Lecture 2
2026-02-15 15:21:14 [DEBUG] journal_utilities.downloader: yt-dlp audio cmd: yt-dlp --no-warnings --cookies-from-browser safari -x --audio-format mp3 --audio-quality 0 -o data/output/audio/%(id)s.%(ext)s https://www.youtube.com/watch?v=WkWIqpxWRM4
2026-02-15 15:21:14 [ERROR] journal_utilities.downloader: Audio download failed for WkWIqpxWRM4: ERROR: could not find safari cookies database

2026-02-15 15:21:14 [INFO] journal_utilities.downloader: Audio for WkWIqpxWRM4: failed (ERROR: could not find safari cookies database
)
2026-02-15 15:21:15 [INFO] download_channel: [449/694] Processing GfImcptiLsY — Active Inference LiveStream 054.2 ~ “...Compositional Account of the Bayesian Brain” (Smithe)
2026-02-15 15:21:15 [DEBUG] journal_utilities.downloader: yt-dlp audio cmd: yt-dlp --no-warnings --cookies-from-browser safari -x --audio-format mp3 --audio-quality 0 -o data/output/audio/%(id)s.%(ext)s https://www.youtube.com/watch?v=GfImcptiLsY
2026-02-15 15:21:16 [ERROR] journal_utilities.downloader: Audio download failed for GfImcptiLsY: ERROR: could not find safari cookies database

2026-02-15 15:21:16 [INFO] journal_utilities.downloader: Audio for GfImcptiLsY: failed (ERROR: could not find safari cookies database
)
2026-02-15 15:21:17 [INFO] download_channel: [450/694] Processing FymR0rKdLZo — ActInf GuestStream 044.1 ~ Tsuchiya & Saigo: Category Theory, Consciousness, Integrated Information
2026-02-15 15:21:17 [DEBUG] journal_utilities.downloader: yt-dlp audio cmd: yt-dlp --no-warnings --cookies-from-browser safari -x --audio-format mp3 --audio-quality 0 -o data/output/audio/%(id)s.%(ext)s https://www.youtube.com/watch?v=FymR0rKdLZo
2026-02-15 15:21:17 [ERROR] journal_utilities.downloader: Audio download failed for FymR0rKdLZo: ERROR: could not find safari cookies database

2026-02-15 15:21:17 [INFO] journal_utilities.downloader: Audio for FymR0rKdLZo: failed (ERROR: could not find safari cookies database
)
2026-02-15 15:21:18 [INFO] download_channel: [451/694] Processing fzFDvJhrn0U — Active Inference LiveStream 054.1 ~ “...Compositional Account of the Bayesian Brain” (Smithe)
2026-02-15 15:21:18 [DEBUG] journal_utilities.downloader: yt-dlp audio cmd: yt-dlp --no-warnings --cookies-from-browser safari -x --audio-format mp3 --audio-quality 0 -o data/output/audio/%(id)s.%(ext)s https://www.youtube.com/watch?v=fzFDvJhrn0U
2026-02-15 15:21:19 [ERROR] journal_utilities.downloader: Audio download failed for fzFDvJhrn0U: ERROR: could not find safari cookies database

2026-02-15 15:21:19 [INFO] journal_utilities.downloader: Audio for fzFDvJhrn0U: failed (ERROR: could not find safari cookies database
)
2026-02-15 15:21:20 [INFO] download_channel: [452/694] Processing rOoTkgLI1Z8 — "Physics as Information Processing" ~ Ander Aguirre ~ Discussion 1
2026-02-15 15:21:20 [DEBUG] journal_utilities.downloader: yt-dlp audio cmd: yt-dlp --no-warnings --cookies-from-browser safari -x --audio-format mp3 --audio-quality 0 -o data/output/audio/%(id)s.%(ext)s https://www.youtube.com/watch?v=rOoTkgLI1Z8
2026-02-15 15:21:20 [ERROR] journal_utilities.downloader: Audio download failed for rOoTkgLI1Z8: ERROR: could not find safari cookies database

2026-02-15 15:21:20 [INFO] journal_utilities.downloader: Audio for rOoTkgLI1Z8: failed (ERROR: could not find safari cookies database
)
2026-02-15 15:21:21 [INFO] download_channel: [453/694] Processing S-tFHIqtbSI — ActInf GuestStream #015.3 ~ Bobby Azarian: "The Teleological Stance: The Free Energy Principle..."
2026-02-15 15:21:21 [DEBUG] journal_utilities.downloader: yt-dlp audio cmd: yt-dlp --no-warnings --cookies-from-browser safari -x --audio-format mp3 --audio-quality 0 -o data/output/audio/%(id)s.%(ext)s https://www.youtube.com/watch?v=S-tFHIqtbSI
2026-02-15 15:21:21 [ERROR] journal_utilities.downloader: Audio download failed for S-tFHIqtbSI: ERROR: could not find safari cookies database

2026-02-15 15:21:21 [INFO] journal_utilities.downloader: Audio for S-tFHIqtbSI: failed (ERROR: could not find safari cookies database
)
2026-02-15 15:21:22 [INFO] download_channel: [454/694] Processing HK9ZkbxieLY — Active Inference LiveStream 054.0 ~ “...Compositional Account of the Bayesian Brain” (Smithe)
2026-02-15 15:21:22 [DEBUG] journal_utilities.downloader: yt-dlp audio cmd: yt-dlp --no-warnings --cookies-from-browser safari -x --audio-format mp3 --audio-quality 0 -o data/output/audio/%(id)s.%(ext)s https://www.youtube.com/watch?v=HK9ZkbxieLY
2026-02-15 15:21:23 [ERROR] journal_utilities.downloader: Audio download failed for HK9ZkbxieLY: ERROR: could not find safari cookies database

2026-02-15 15:21:23 [INFO] journal_utilities.downloader: Audio for HK9ZkbxieLY: failed (ERROR: could not find safari cookies database
)
2026-02-15 15:21:24 [INFO] download_channel: [455/694] Processing FV7pW4p60VI — Active Inference BookStream 002.01 ~ Parr, Pezzulo, Friston ~ Chapters 1, 2, 3, 6
2026-02-15 15:21:24 [DEBUG] journal_utilities.downloader: yt-dlp audio cmd: yt-dlp --no-warnings --cookies-from-browser safari -x --audio-format mp3 --audio-quality 0 -o data/output/audio/%(id)s.%(ext)s https://www.youtube.com/watch?v=FV7pW4p60VI
2026-02-15 15:21:24 [ERROR] journal_utilities.downloader: Audio download failed for FV7pW4p60VI: ERROR: could not find safari cookies database

2026-02-15 15:21:24 [INFO] journal_utilities.downloader: Audio for FV7pW4p60VI: failed (ERROR: could not find safari cookies database
)
2026-02-15 15:21:25 [INFO] download_channel: [456/694] Processing RpOrRw4EhTo — "Physics as Information Processing" ~ Chris Fields ~ Lecture 1
2026-02-15 15:21:25 [DEBUG] journal_utilities.downloader: yt-dlp audio cmd: yt-dlp --no-warnings --cookies-from-browser safari -x --audio-format mp3 --audio-quality 0 -o data/output/audio/%(id)s.%(ext)s https://www.youtube.com/watch?v=RpOrRw4EhTo
2026-02-15 15:21:26 [ERROR] journal_utilities.downloader: Audio download failed for RpOrRw4EhTo: ERROR: could not find safari cookies database

2026-02-15 15:21:26 [INFO] journal_utilities.downloader: Audio for RpOrRw4EhTo: failed (ERROR: could not find safari cookies database
)
2026-02-15 15:21:27 [INFO] download_channel: [457/694] Processing ChO1u1mJRGE — ActInf GuestStream 043.1 ~ Tom Froese: "Irruption Theory: Enactive Account of Motivated Activity"
2026-02-15 15:21:27 [DEBUG] journal_utilities.downloader: yt-dlp audio cmd: yt-dlp --no-warnings --cookies-from-browser safari -x --audio-format mp3 --audio-quality 0 -o data/output/audio/%(id)s.%(ext)s https://www.youtube.com/watch?v=ChO1u1mJRGE
2026-02-15 15:21:27 [ERROR] journal_utilities.downloader: Audio download failed for ChO1u1mJRGE: ERROR: could not find safari cookies database

2026-02-15 15:21:27 [INFO] journal_utilities.downloader: Audio for ChO1u1mJRGE: failed (ERROR: could not find safari cookies database
)
2026-02-15 15:21:28 [INFO] download_channel: [458/694] Processing 6bZYptbETAw — ActInf GuestStream 042.1 ~ Bogotá & Djebbara: "Time-consciousness in computational phenomenology"
2026-02-15 15:21:28 [DEBUG] journal_utilities.downloader: yt-dlp audio cmd: yt-dlp --no-warnings --cookies-from-browser safari -x --audio-format mp3 --audio-quality 0 -o data/output/audio/%(id)s.%(ext)s https://www.youtube.com/watch?v=6bZYptbETAw
2026-02-15 15:21:29 [ERROR] journal_utilities.downloader: Audio download failed for 6bZYptbETAw: ERROR: could not find safari cookies database

2026-02-15 15:21:29 [INFO] journal_utilities.downloader: Audio for 6bZYptbETAw: failed (ERROR: could not find safari cookies database
)
2026-02-15 15:21:30 [INFO] download_channel: [459/694] Processing EEyVd9d3D5U — ActInf GuestStream 041.1 ~ "A conversation on Chomsky & Large Language Models" ~ Murphy & Piantadosi
2026-02-15 15:21:30 [DEBUG] journal_utilities.downloader: yt-dlp audio cmd: yt-dlp --no-warnings --cookies-from-browser safari -x --audio-format mp3 --audio-quality 0 -o data/output/audio/%(id)s.%(ext)s https://www.youtube.com/watch?v=EEyVd9d3D5U
2026-02-15 15:21:30 [ERROR] journal_utilities.downloader: Audio download failed for EEyVd9d3D5U: ERROR: could not find safari cookies database

2026-02-15 15:21:30 [INFO] journal_utilities.downloader: Audio for EEyVd9d3D5U: failed (ERROR: could not find safari cookies database
)
2026-02-15 15:21:31 [INFO] download_channel: [460/694] Processing xXAllRLtyoc — ActInf OrgStream #004.1 ~ "Plural Publics", Shrey Jain
2026-02-15 15:21:31 [DEBUG] journal_utilities.downloader: yt-dlp audio cmd: yt-dlp --no-warnings --cookies-from-browser safari -x --audio-format mp3 --audio-quality 0 -o data/output/audio/%(id)s.%(ext)s https://www.youtube.com/watch?v=xXAllRLtyoc
2026-02-15 15:21:31 [ERROR] journal_utilities.downloader: Audio download failed for xXAllRLtyoc: ERROR: could not find safari cookies database

2026-02-15 15:21:31 [INFO] journal_utilities.downloader: Audio for xXAllRLtyoc: failed (ERROR: could not find safari cookies database
)
2026-02-15 15:21:32 [INFO] download_channel: [461/694] Processing XYMPAAynUu8 — Active Inference Institute ~ 2023 Quarterly Roundtable #1
2026-02-15 15:21:32 [DEBUG] journal_utilities.downloader: yt-dlp audio cmd: yt-dlp --no-warnings --cookies-from-browser safari -x --audio-format mp3 --audio-quality 0 -o data/output/audio/%(id)s.%(ext)s https://www.youtube.com/watch?v=XYMPAAynUu8
2026-02-15 15:21:33 [ERROR] journal_utilities.downloader: Audio download failed for XYMPAAynUu8: ERROR: could not find safari cookies database

2026-02-15 15:21:33 [INFO] journal_utilities.downloader: Audio for XYMPAAynUu8: failed (ERROR: could not find safari cookies database
)
2026-02-15 15:21:34 [INFO] download_channel: [462/694] Processing L6dhr5hUu8o — ActInf Livestream #053.2 ~ "Snakes and Ladders in Paleoanthropology" & "To copy or not to copy…"
2026-02-15 15:21:34 [DEBUG] journal_utilities.downloader: yt-dlp audio cmd: yt-dlp --no-warnings --cookies-from-browser safari -x --audio-format mp3 --audio-quality 0 -o data/output/audio/%(id)s.%(ext)s https://www.youtube.com/watch?v=L6dhr5hUu8o
2026-02-15 15:21:34 [ERROR] journal_utilities.downloader: Audio download failed for L6dhr5hUu8o: ERROR: could not find safari cookies database

2026-02-15 15:21:34 [INFO] journal_utilities.downloader: Audio for L6dhr5hUu8o: failed (ERROR: could not find safari cookies database
)
2026-02-15 15:21:35 [INFO] download_channel: [463/694] Processing eZDSNPFS0Fs — ActInf GuestStream #040.1 ~ Wanja Wiese ~ Could large language models be conscious?
2026-02-15 15:21:35 [DEBUG] journal_utilities.downloader: yt-dlp audio cmd: yt-dlp --no-warnings --cookies-from-browser safari -x --audio-format mp3 --audio-quality 0 -o data/output/audio/%(id)s.%(ext)s https://www.youtube.com/watch?v=eZDSNPFS0Fs
2026-02-15 15:21:36 [ERROR] journal_utilities.downloader: Audio download failed for eZDSNPFS0Fs: ERROR: could not find safari cookies database

2026-02-15 15:21:36 [INFO] journal_utilities.downloader: Audio for eZDSNPFS0Fs: failed (ERROR: could not find safari cookies database
)
2026-02-15 15:21:37 [INFO] download_channel: [464/694] Processing 5IGzzm28qec — Active Inference BookStream #001.012 ~ "Governing Continuous Transformation"
2026-02-15 15:21:37 [DEBUG] journal_utilities.downloader: yt-dlp audio cmd: yt-dlp --no-warnings --cookies-from-browser safari -x --audio-format mp3 --audio-quality 0 -o data/output/audio/%(id)s.%(ext)s https://www.youtube.com/watch?v=5IGzzm28qec
2026-02-15 15:21:37 [ERROR] journal_utilities.downloader: Audio download failed for 5IGzzm28qec: ERROR: could not find safari cookies database

2026-02-15 15:21:37 [INFO] journal_utilities.downloader: Audio for 5IGzzm28qec: failed (ERROR: could not find safari cookies database
)
2026-02-15 15:21:38 [INFO] download_channel: [465/694] Processing iHgxmn0ockg — ActInf Livestream #053.1 ~ "Snakes and Ladders in Paleoanthropology" & "To copy or not to copy…"
2026-02-15 15:21:38 [DEBUG] journal_utilities.downloader: yt-dlp audio cmd: yt-dlp --no-warnings --cookies-from-browser safari -x --audio-format mp3 --audio-quality 0 -o data/output/audio/%(id)s.%(ext)s https://www.youtube.com/watch?v=iHgxmn0ockg
2026-02-15 15:21:38 [ERROR] journal_utilities.downloader: Audio download failed for iHgxmn0ockg: ERROR: could not find safari cookies database

2026-02-15 15:21:38 [INFO] journal_utilities.downloader: Audio for iHgxmn0ockg: failed (ERROR: could not find safari cookies database
)
2026-02-15 15:21:39 [INFO] download_channel: [466/694] Processing c7ybFyP9KrI — ActInf Livestream #053.0 ~ "Snakes and Ladders in Paleoanthropology" & "To copy or not to copy…"
2026-02-15 15:21:39 [DEBUG] journal_utilities.downloader: yt-dlp audio cmd: yt-dlp --no-warnings --cookies-from-browser safari -x --audio-format mp3 --audio-quality 0 -o data/output/audio/%(id)s.%(ext)s https://www.youtube.com/watch?v=c7ybFyP9KrI
2026-02-15 15:21:40 [ERROR] journal_utilities.downloader: Audio download failed for c7ybFyP9KrI: ERROR: could not find safari cookies database

2026-02-15 15:21:40 [INFO] journal_utilities.downloader: Audio for c7ybFyP9KrI: failed (ERROR: could not find safari cookies database
)
2026-02-15 15:21:41 [INFO] download_channel: [467/694] Processing jXEJO_5g0ho — ActInf GuestStream #039.1 ~ Sources of Richness and Ineffability for Phenomenally Conscious States
2026-02-15 15:21:41 [DEBUG] journal_utilities.downloader: yt-dlp audio cmd: yt-dlp --no-warnings --cookies-from-browser safari -x --audio-format mp3 --audio-quality 0 -o data/output/audio/%(id)s.%(ext)s https://www.youtube.com/watch?v=jXEJO_5g0ho
2026-02-15 15:21:41 [ERROR] journal_utilities.downloader: Audio download failed for jXEJO_5g0ho: ERROR: could not find safari cookies database

2026-02-15 15:21:41 [INFO] journal_utilities.downloader: Audio for jXEJO_5g0ho: failed (ERROR: could not find safari cookies database
)
2026-02-15 15:21:42 [INFO] download_channel: [468/694] Processing eIZjx0miM9o — Active Inference BookStream #001.010 ~ "Governing Continuous Transformation"
2026-02-15 15:21:42 [DEBUG] journal_utilities.downloader: yt-dlp audio cmd: yt-dlp --no-warnings --cookies-from-browser safari -x --audio-format mp3 --audio-quality 0 -o data/output/audio/%(id)s.%(ext)s https://www.youtube.com/watch?v=eIZjx0miM9o
2026-02-15 15:21:43 [ERROR] journal_utilities.downloader: Audio download failed for eIZjx0miM9o: ERROR: could not find safari cookies database

2026-02-15 15:21:43 [INFO] journal_utilities.downloader: Audio for eIZjx0miM9o: failed (ERROR: could not find safari cookies database
)
2026-02-15 15:21:44 [INFO] download_channel: [469/694] Processing RO3XVXqvAII — ActInf Livestream #052.2 ~ Geometric Methods for Sampling, Optimisation, Inference and Adaptive...
2026-02-15 15:21:44 [DEBUG] journal_utilities.downloader: yt-dlp audio cmd: yt-dlp --no-warnings --cookies-from-browser safari -x --audio-format mp3 --audio-quality 0 -o data/output/audio/%(id)s.%(ext)s https://www.youtube.com/watch?v=RO3XVXqvAII
2026-02-15 15:21:44 [ERROR] journal_utilities.downloader: Audio download failed for RO3XVXqvAII: ERROR: could not find safari cookies database

2026-02-15 15:21:44 [INFO] journal_utilities.downloader: Audio for RO3XVXqvAII: failed (ERROR: could not find safari cookies database
)
2026-02-15 15:21:45 [INFO] download_channel: [470/694] Processing mrFZwfYuthk — ActInf GuestStream #038.1 ~ Max Berg "Oversampled and undersolved"
2026-02-15 15:21:45 [DEBUG] journal_utilities.downloader: yt-dlp audio cmd: yt-dlp --no-warnings --cookies-from-browser safari -x --audio-format mp3 --audio-quality 0 -o data/output/audio/%(id)s.%(ext)s https://www.youtube.com/watch?v=mrFZwfYuthk
2026-02-15 15:21:45 [ERROR] journal_utilities.downloader: Audio download failed for mrFZwfYuthk: ERROR: could not find safari cookies database

2026-02-15 15:21:45 [INFO] journal_utilities.downloader: Audio for mrFZwfYuthk: failed (ERROR: could not find safari cookies database
)
2026-02-15 15:21:46 [INFO] download_channel: [471/694] Processing 00O1QK9FWh8 — ActInf Livestream #052.1 ~ Geometric Methods for Sampling, Optimisation, Inference and Adaptive...
2026-02-15 15:21:46 [DEBUG] journal_utilities.downloader: yt-dlp audio cmd: yt-dlp --no-warnings --cookies-from-browser safari -x --audio-format mp3 --audio-quality 0 -o data/output/audio/%(id)s.%(ext)s https://www.youtube.com/watch?v=00O1QK9FWh8
2026-02-15 15:21:47 [ERROR] journal_utilities.downloader: Audio download failed for 00O1QK9FWh8: ERROR: could not find safari cookies database

2026-02-15 15:21:47 [INFO] journal_utilities.downloader: Audio for 00O1QK9FWh8: failed (ERROR: could not find safari cookies database
)
2026-02-15 15:21:48 [INFO] download_channel: [472/694] Processing LPj_ok8Pxxw — ActInf Livestream #052.0 ~ Geometric Methods for Sampling, Optimisation, Inference and Adaptive...
2026-02-15 15:21:48 [DEBUG] journal_utilities.downloader: yt-dlp audio cmd: yt-dlp --no-warnings --cookies-from-browser safari -x --audio-format mp3 --audio-quality 0 -o data/output/audio/%(id)s.%(ext)s https://www.youtube.com/watch?v=LPj_ok8Pxxw
2026-02-15 15:21:48 [ERROR] journal_utilities.downloader: Audio download failed for LPj_ok8Pxxw: ERROR: could not find safari cookies database

2026-02-15 15:21:48 [INFO] journal_utilities.downloader: Audio for LPj_ok8Pxxw: failed (ERROR: could not find safari cookies database
)
2026-02-15 15:21:49 [INFO] download_channel: [473/694] Processing xwybWzLFXGY — ActInf GuestStream #037.1 ~ Baba Brinkman
2026-02-15 15:21:49 [DEBUG] journal_utilities.downloader: yt-dlp audio cmd: yt-dlp --no-warnings --cookies-from-browser safari -x --audio-format mp3 --audio-quality 0 -o data/output/audio/%(id)s.%(ext)s https://www.youtube.com/watch?v=xwybWzLFXGY
2026-02-15 15:21:50 [ERROR] journal_utilities.downloader: Audio download failed for xwybWzLFXGY: ERROR: could not find safari cookies database

2026-02-15 15:21:50 [INFO] journal_utilities.downloader: Audio for xwybWzLFXGY: failed (ERROR: could not find safari cookies database
)
2026-02-15 15:21:51 [INFO] download_channel: [474/694] Processing xlrZ00NQNHo — Active Inference BookStream #002.1 ~ Thomas Parr ~ Active Inference and Free Energy Principle...
2026-02-15 15:21:51 [DEBUG] journal_utilities.downloader: yt-dlp audio cmd: yt-dlp --no-warnings --cookies-from-browser safari -x --audio-format mp3 --audio-quality 0 -o data/output/audio/%(id)s.%(ext)s https://www.youtube.com/watch?v=xlrZ00NQNHo
2026-02-15 15:21:51 [ERROR] journal_utilities.downloader: Audio download failed for xlrZ00NQNHo: ERROR: could not find safari cookies database

2026-02-15 15:21:51 [INFO] journal_utilities.downloader: Audio for xlrZ00NQNHo: failed (ERROR: could not find safari cookies database
)
2026-02-15 15:21:52 [INFO] download_channel: [475/694] Processing DQhPABvJBFk — Active Inference BookStream #001.2 ~ "Governing Continuous Transformation"
2026-02-15 15:21:52 [DEBUG] journal_utilities.downloader: yt-dlp audio cmd: yt-dlp --no-warnings --cookies-from-browser safari -x --audio-format mp3 --audio-quality 0 -o data/output/audio/%(id)s.%(ext)s https://www.youtube.com/watch?v=DQhPABvJBFk
2026-02-15 15:21:52 [ERROR] journal_utilities.downloader: Audio download failed for DQhPABvJBFk: ERROR: could not find safari cookies database

2026-02-15 15:21:52 [INFO] journal_utilities.downloader: Audio for DQhPABvJBFk: failed (ERROR: could not find safari cookies database
)
2026-02-15 15:21:53 [INFO] download_channel: [476/694] Processing j5FVxPubslo — ActInf GuestStream #036.1 ~ Ben Falandays, "A Potential Mechanism for Gibsonian Resonance"
2026-02-15 15:21:53 [DEBUG] journal_utilities.downloader: yt-dlp audio cmd: yt-dlp --no-warnings --cookies-from-browser safari -x --audio-format mp3 --audio-quality 0 -o data/output/audio/%(id)s.%(ext)s https://www.youtube.com/watch?v=j5FVxPubslo
2026-02-15 15:21:54 [ERROR] journal_utilities.downloader: Audio download failed for j5FVxPubslo: ERROR: could not find safari cookies database

2026-02-15 15:21:54 [INFO] journal_utilities.downloader: Audio for j5FVxPubslo: failed (ERROR: could not find safari cookies database
)
2026-02-15 15:21:55 [INFO] download_channel: [477/694] Processing 3oFfxaKBBXY — Active Inference BookStream #001.09 ~ "Governing Continuous Transformation"
2026-02-15 15:21:55 [DEBUG] journal_utilities.downloader: yt-dlp audio cmd: yt-dlp --no-warnings --cookies-from-browser safari -x --audio-format mp3 --audio-quality 0 -o data/output/audio/%(id)s.%(ext)s https://www.youtube.com/watch?v=3oFfxaKBBXY
2026-02-15 15:21:55 [ERROR] journal_utilities.downloader: Audio download failed for 3oFfxaKBBXY: ERROR: could not find safari cookies database

2026-02-15 15:21:55 [INFO] journal_utilities.downloader: Audio for 3oFfxaKBBXY: failed (ERROR: could not find safari cookies database
)
2026-02-15 15:21:56 [INFO] download_channel: [478/694] Processing yNZg5b63hb8 — Active Inference BookStream #001.08 ~ "Governing Continuous Transformation"
2026-02-15 15:21:56 [DEBUG] journal_utilities.downloader: yt-dlp audio cmd: yt-dlp --no-warnings --cookies-from-browser safari -x --audio-format mp3 --audio-quality 0 -o data/output/audio/%(id)s.%(ext)s https://www.youtube.com/watch?v=yNZg5b63hb8
2026-02-15 15:21:57 [ERROR] journal_utilities.downloader: Audio download failed for yNZg5b63hb8: ERROR: could not find safari cookies database

2026-02-15 15:21:57 [INFO] journal_utilities.downloader: Audio for yNZg5b63hb8: failed (ERROR: could not find safari cookies database
)
2026-02-15 15:21:58 [INFO] download_channel: [479/694] Processing Fh1e4sKh3Vs — ActInf ModelStream #008.1 ~ Tom Ringstrom ~ Reward is Not Necessary
2026-02-15 15:21:58 [DEBUG] journal_utilities.downloader: yt-dlp audio cmd: yt-dlp --no-warnings --cookies-from-browser safari -x --audio-format mp3 --audio-quality 0 -o data/output/audio/%(id)s.%(ext)s https://www.youtube.com/watch?v=Fh1e4sKh3Vs
2026-02-15 15:21:58 [ERROR] journal_utilities.downloader: Audio download failed for Fh1e4sKh3Vs: ERROR: could not find safari cookies database

2026-02-15 15:21:58 [INFO] journal_utilities.downloader: Audio for Fh1e4sKh3Vs: failed (ERROR: could not find safari cookies database
)
2026-02-15 15:21:59 [INFO] download_channel: [480/694] Processing 0_yvUA0lsdI — Active Inference BookStream #001.07 ~ "Governing Continuous Transformation"
2026-02-15 15:21:59 [DEBUG] journal_utilities.downloader: yt-dlp audio cmd: yt-dlp --no-warnings --cookies-from-browser safari -x --audio-format mp3 --audio-quality 0 -o data/output/audio/%(id)s.%(ext)s https://www.youtube.com/watch?v=0_yvUA0lsdI
2026-02-15 15:21:59 [ERROR] journal_utilities.downloader: Audio download failed for 0_yvUA0lsdI: ERROR: could not find safari cookies database

2026-02-15 15:21:59 [INFO] journal_utilities.downloader: Audio for 0_yvUA0lsdI: failed (ERROR: could not find safari cookies database
)
2026-02-15 15:22:00 [INFO] download_channel: [481/694] Processing tbHZC6D39C4 — ActInf GuestStream #035.1 ~ Jordan Hall & Matthew Pirkowski
2026-02-15 15:22:00 [DEBUG] journal_utilities.downloader: yt-dlp audio cmd: yt-dlp --no-warnings --cookies-from-browser safari -x --audio-format mp3 --audio-quality 0 -o data/output/audio/%(id)s.%(ext)s https://www.youtube.com/watch?v=tbHZC6D39C4
2026-02-15 15:22:01 [ERROR] journal_utilities.downloader: Audio download failed for tbHZC6D39C4: ERROR: could not find safari cookies database

2026-02-15 15:22:01 [INFO] journal_utilities.downloader: Audio for tbHZC6D39C4: failed (ERROR: could not find safari cookies database
)
2026-02-15 15:22:02 [INFO] download_channel: [482/694] Processing 9IPx38SHGqw — ActInf GuestStream #034.1 ~ Avel Guénin-Carlut ~ "Physics of Creation"
2026-02-15 15:22:02 [DEBUG] journal_utilities.downloader: yt-dlp audio cmd: yt-dlp --no-warnings --cookies-from-browser safari -x --audio-format mp3 --audio-quality 0 -o data/output/audio/%(id)s.%(ext)s https://www.youtube.com/watch?v=9IPx38SHGqw
2026-02-15 15:22:02 [ERROR] journal_utilities.downloader: Audio download failed for 9IPx38SHGqw: ERROR: could not find safari cookies database

2026-02-15 15:22:02 [INFO] journal_utilities.downloader: Audio for 9IPx38SHGqw: failed (ERROR: could not find safari cookies database
)
2026-02-15 15:22:03 [INFO] download_channel: [483/694] Processing uX8iSoDR83g — Active Inference ModelStream 007.2 ~ pymdp
2026-02-15 15:22:03 [DEBUG] journal_utilities.downloader: yt-dlp audio cmd: yt-dlp --no-warnings --cookies-from-browser safari -x --audio-format mp3 --audio-quality 0 -o data/output/audio/%(id)s.%(ext)s https://www.youtube.com/watch?v=uX8iSoDR83g
2026-02-15 15:22:04 [ERROR] journal_utilities.downloader: Audio download failed for uX8iSoDR83g: ERROR: could not find safari cookies database

2026-02-15 15:22:04 [INFO] journal_utilities.downloader: Audio for uX8iSoDR83g: failed (ERROR: could not find safari cookies database
)
2026-02-15 15:22:05 [INFO] download_channel: [484/694] Processing 0P_6ME2LpCw — Active Inference BookStream #001.06 ~ "Governing Continuous Transformation"
2026-02-15 15:22:05 [DEBUG] journal_utilities.downloader: yt-dlp audio cmd: yt-dlp --no-warnings --cookies-from-browser safari -x --audio-format mp3 --audio-quality 0 -o data/output/audio/%(id)s.%(ext)s https://www.youtube.com/watch?v=0P_6ME2LpCw
2026-02-15 15:22:05 [ERROR] journal_utilities.downloader: Audio download failed for 0P_6ME2LpCw: ERROR: could not find safari cookies database

2026-02-15 15:22:05 [INFO] journal_utilities.downloader: Audio for 0P_6ME2LpCw: failed (ERROR: could not find safari cookies database
)
2026-02-15 15:22:06 [INFO] download_channel: [485/694] Processing zICcGukKbAA — ActInf GuestStream #033.1 ~ "A taxonomy of surprise definitions", Alireza Modirshanechi
2026-02-15 15:22:06 [DEBUG] journal_utilities.downloader: yt-dlp audio cmd: yt-dlp --no-warnings --cookies-from-browser safari -x --audio-format mp3 --audio-quality 0 -o data/output/audio/%(id)s.%(ext)s https://www.youtube.com/watch?v=zICcGukKbAA
2026-02-15 15:22:06 [ERROR] journal_utilities.downloader: Audio download failed for zICcGukKbAA: ERROR: could not find safari cookies database

2026-02-15 15:22:06 [INFO] journal_utilities.downloader: Audio for zICcGukKbAA: failed (ERROR: could not find safari cookies database
)
2026-02-15 15:22:07 [INFO] download_channel: [486/694] Processing FB_93-zDqNo — Active Inference BookStream #001.1 ~ "Governing Continuous Transformation"
2026-02-15 15:22:07 [DEBUG] journal_utilities.downloader: yt-dlp audio cmd: yt-dlp --no-warnings --cookies-from-browser safari -x --audio-format mp3 --audio-quality 0 -o data/output/audio/%(id)s.%(ext)s https://www.youtube.com/watch?v=FB_93-zDqNo
2026-02-15 15:22:08 [ERROR] journal_utilities.downloader: Audio download failed for FB_93-zDqNo: ERROR: could not find safari cookies database

2026-02-15 15:22:08 [INFO] journal_utilities.downloader: Audio for FB_93-zDqNo: failed (ERROR: could not find safari cookies database
)
2026-02-15 15:22:09 [INFO] download_channel: [487/694] Processing 0pMxBM3ahwQ — ActInf GuestStream #032.1 ~ Adam Pease "A Neuro-Symbolic Approach to Language Understanding"
2026-02-15 15:22:09 [DEBUG] journal_utilities.downloader: yt-dlp audio cmd: yt-dlp --no-warnings --cookies-from-browser safari -x --audio-format mp3 --audio-quality 0 -o data/output/audio/%(id)s.%(ext)s https://www.youtube.com/watch?v=0pMxBM3ahwQ
2026-02-15 15:22:09 [ERROR] journal_utilities.downloader: Audio download failed for 0pMxBM3ahwQ: ERROR: could not find safari cookies database

2026-02-15 15:22:09 [INFO] journal_utilities.downloader: Audio for 0pMxBM3ahwQ: failed (ERROR: could not find safari cookies database
)
2026-02-15 15:22:10 [INFO] download_channel: [488/694] Processing BPzwSTalH5E — Active Inference BookStream #001.04 ~ "Governing Continuous Transformation"
2026-02-15 15:22:10 [DEBUG] journal_utilities.downloader: yt-dlp audio cmd: yt-dlp --no-warnings --cookies-from-browser safari -x --audio-format mp3 --audio-quality 0 -o data/output/audio/%(id)s.%(ext)s https://www.youtube.com/watch?v=BPzwSTalH5E
2026-02-15 15:22:11 [ERROR] journal_utilities.downloader: Audio download failed for BPzwSTalH5E: ERROR: could not find safari cookies database

2026-02-15 15:22:11 [INFO] journal_utilities.downloader: Audio for BPzwSTalH5E: failed (ERROR: could not find safari cookies database
)
2026-02-15 15:22:12 [INFO] download_channel: [489/694] Processing 4IL6KtlCn_o — 2022 Active Inference Livestream Review
2026-02-15 15:22:12 [DEBUG] journal_utilities.downloader: yt-dlp audio cmd: yt-dlp --no-warnings --cookies-from-browser safari -x --audio-format mp3 --audio-quality 0 -o data/output/audio/%(id)s.%(ext)s https://www.youtube.com/watch?v=4IL6KtlCn_o
2026-02-15 15:22:12 [ERROR] journal_utilities.downloader: Audio download failed for 4IL6KtlCn_o: ERROR: could not find safari cookies database

2026-02-15 15:22:12 [INFO] journal_utilities.downloader: Audio for 4IL6KtlCn_o: failed (ERROR: could not find safari cookies database
)
2026-02-15 15:22:13 [INFO] download_channel: [490/694] Processing rCmq0TVGpW0 — Active Inference BookStream #001.03 ~ "Governing Continuous Transformation"
2026-02-15 15:22:13 [DEBUG] journal_utilities.downloader: yt-dlp audio cmd: yt-dlp --no-warnings --cookies-from-browser safari -x --audio-format mp3 --audio-quality 0 -o data/output/audio/%(id)s.%(ext)s https://www.youtube.com/watch?v=rCmq0TVGpW0
2026-02-15 15:22:13 [ERROR] journal_utilities.downloader: Audio download failed for rCmq0TVGpW0: ERROR: could not find safari cookies database

2026-02-15 15:22:13 [INFO] journal_utilities.downloader: Audio for rCmq0TVGpW0: failed (ERROR: could not find safari cookies database
)
2026-02-15 15:22:14 [INFO] download_channel: [491/694] Processing d8c0iFU8vms — Active Inference BookStream #001.02 ~ "Governing Continuous Transformation"
2026-02-15 15:22:14 [DEBUG] journal_utilities.downloader: yt-dlp audio cmd: yt-dlp --no-warnings --cookies-from-browser safari -x --audio-format mp3 --audio-quality 0 -o data/output/audio/%(id)s.%(ext)s https://www.youtube.com/watch?v=d8c0iFU8vms
2026-02-15 15:22:15 [ERROR] journal_utilities.downloader: Audio download failed for d8c0iFU8vms: ERROR: could not find safari cookies database

2026-02-15 15:22:15 [INFO] journal_utilities.downloader: Audio for d8c0iFU8vms: failed (ERROR: could not find safari cookies database
)
2026-02-15 15:22:16 [INFO] download_channel: [492/694] Processing 57-aRIjUrC4 — ActInf GuestStream #031.1 ~ Brett Kagan & Adeel Razi
2026-02-15 15:22:16 [DEBUG] journal_utilities.downloader: yt-dlp audio cmd: yt-dlp --no-warnings --cookies-from-browser safari -x --audio-format mp3 --audio-quality 0 -o data/output/audio/%(id)s.%(ext)s https://www.youtube.com/watch?v=57-aRIjUrC4
2026-02-15 15:22:16 [ERROR] journal_utilities.downloader: Audio download failed for 57-aRIjUrC4: ERROR: could not find safari cookies database

2026-02-15 15:22:16 [INFO] journal_utilities.downloader: Audio for 57-aRIjUrC4: failed (ERROR: could not find safari cookies database
)
2026-02-15 15:22:17 [INFO] download_channel: [493/694] Processing thO3nsvgego — Active Inference BookStream #001.01 ~ "Governing Continuous Transformation"
2026-02-15 15:22:17 [DEBUG] journal_utilities.downloader: yt-dlp audio cmd: yt-dlp --no-warnings --cookies-from-browser safari -x --audio-format mp3 --audio-quality 0 -o data/output/audio/%(id)s.%(ext)s https://www.youtube.com/watch?v=thO3nsvgego
2026-02-15 15:22:18 [ERROR] journal_utilities.downloader: Audio download failed for thO3nsvgego: ERROR: could not find safari cookies database

2026-02-15 15:22:18 [INFO] journal_utilities.downloader: Audio for thO3nsvgego: failed (ERROR: could not find safari cookies database
)
2026-02-15 15:22:19 [INFO] download_channel: [494/694] Processing skf3sOM-7WI — Active Inference ModelStream 007.1 ~ Conor Heins & Daphne Demekas ~ pymdp
2026-02-15 15:22:19 [DEBUG] journal_utilities.downloader: yt-dlp audio cmd: yt-dlp --no-warnings --cookies-from-browser safari -x --audio-format mp3 --audio-quality 0 -o data/output/audio/%(id)s.%(ext)s https://www.youtube.com/watch?v=skf3sOM-7WI
2026-02-15 15:22:19 [ERROR] journal_utilities.downloader: Audio download failed for skf3sOM-7WI: ERROR: could not find safari cookies database

2026-02-15 15:22:19 [INFO] journal_utilities.downloader: Audio for skf3sOM-7WI: failed (ERROR: could not find safari cookies database
)
2026-02-15 15:22:20 [INFO] download_channel: [495/694] Processing hY_CajLpt9Q — ActInf Livestream #051.2 ~ “Canonical neural networks perform active inference"
2026-02-15 15:22:20 [DEBUG] journal_utilities.downloader: yt-dlp audio cmd: yt-dlp --no-warnings --cookies-from-browser safari -x --audio-format mp3 --audio-quality 0 -o data/output/audio/%(id)s.%(ext)s https://www.youtube.com/watch?v=hY_CajLpt9Q
2026-02-15 15:22:20 [ERROR] journal_utilities.downloader: Audio download failed for hY_CajLpt9Q: ERROR: could not find safari cookies database

2026-02-15 15:22:20 [INFO] journal_utilities.downloader: Audio for hY_CajLpt9Q: failed (ERROR: could not find safari cookies database
)
2026-02-15 15:22:21 [INFO] download_channel: [496/694] Processing OwGNVmQIO9E — ActInf OrgStream #003.1 ~ Bijan Khezri
2026-02-15 15:22:21 [DEBUG] journal_utilities.downloader: yt-dlp audio cmd: yt-dlp --no-warnings --cookies-from-browser safari -x --audio-format mp3 --audio-quality 0 -o data/output/audio/%(id)s.%(ext)s https://www.youtube.com/watch?v=OwGNVmQIO9E
2026-02-15 15:22:22 [ERROR] journal_utilities.downloader: Audio download failed for OwGNVmQIO9E: ERROR: could not find safari cookies database

2026-02-15 15:22:22 [INFO] journal_utilities.downloader: Audio for OwGNVmQIO9E: failed (ERROR: could not find safari cookies database
)
2026-02-15 15:22:23 [INFO] download_channel: [497/694] Processing 4o-LmkycAC0 — ActInf Livestream #050.2 ~ "Interoception as modeling, allostasis as control"
2026-02-15 15:22:23 [DEBUG] journal_utilities.downloader: yt-dlp audio cmd: yt-dlp --no-warnings --cookies-from-browser safari -x --audio-format mp3 --audio-quality 0 -o data/output/audio/%(id)s.%(ext)s https://www.youtube.com/watch?v=4o-LmkycAC0
2026-02-15 15:22:23 [ERROR] journal_utilities.downloader: Audio download failed for 4o-LmkycAC0: ERROR: could not find safari cookies database

2026-02-15 15:22:23 [INFO] journal_utilities.downloader: Audio for 4o-LmkycAC0: failed (ERROR: could not find safari cookies database
)
2026-02-15 15:22:24 [INFO] download_channel: [498/694] Processing IM_NlUzyq8M — ActInf Livestream #051.1 ~ “Canonical neural networks perform active inference"
2026-02-15 15:22:24 [DEBUG] journal_utilities.downloader: yt-dlp audio cmd: yt-dlp --no-warnings --cookies-from-browser safari -x --audio-format mp3 --audio-quality 0 -o data/output/audio/%(id)s.%(ext)s https://www.youtube.com/watch?v=IM_NlUzyq8M
2026-02-15 15:22:25 [ERROR] journal_utilities.downloader: Audio download failed for IM_NlUzyq8M: ERROR: could not find safari cookies database

2026-02-15 15:22:25 [INFO] journal_utilities.downloader: Audio for IM_NlUzyq8M: failed (ERROR: could not find safari cookies database
)
2026-02-15 15:22:26 [INFO] download_channel: [499/694] Processing ZASG-rtkXDk — ActInf Livestream #051.0 ~ “Canonical neural networks perform active inference"
2026-02-15 15:22:26 [DEBUG] journal_utilities.downloader: yt-dlp audio cmd: yt-dlp --no-warnings --cookies-from-browser safari -x --audio-format mp3 --audio-quality 0 -o data/output/audio/%(id)s.%(ext)s https://www.youtube.com/watch?v=ZASG-rtkXDk
2026-02-15 15:22:26 [ERROR] journal_utilities.downloader: Audio download failed for ZASG-rtkXDk: ERROR: could not find safari cookies database

2026-02-15 15:22:26 [INFO] journal_utilities.downloader: Audio for ZASG-rtkXDk: failed (ERROR: could not find safari cookies database
)
2026-02-15 15:22:27 [INFO] download_channel: [500/694] Processing tGd-mgSdbio — ActInf Livestream #050.1~ "Interoception as modeling, allostasis as control"
2026-02-15 15:22:27 [DEBUG] journal_utilities.downloader: yt-dlp audio cmd: yt-dlp --no-warnings --cookies-from-browser safari -x --audio-format mp3 --audio-quality 0 -o data/output/audio/%(id)s.%(ext)s https://www.youtube.com/watch?v=tGd-mgSdbio
2026-02-15 15:22:28 [ERROR] journal_utilities.downloader: Audio download failed for tGd-mgSdbio: ERROR: could not find safari cookies database

2026-02-15 15:22:28 [INFO] journal_utilities.downloader: Audio for tGd-mgSdbio: failed (ERROR: could not find safari cookies database
)
2026-02-15 15:22:29 [INFO] download_channel: [501/694] Processing l7r0ISlr-Hc — ActInf Livestream #050.0~ "Interoception as modeling, allostasis as control"
2026-02-15 15:22:29 [DEBUG] journal_utilities.downloader: yt-dlp audio cmd: yt-dlp --no-warnings --cookies-from-browser safari -x --audio-format mp3 --audio-quality 0 -o data/output/audio/%(id)s.%(ext)s https://www.youtube.com/watch?v=l7r0ISlr-Hc
2026-02-15 15:22:29 [ERROR] journal_utilities.downloader: Audio download failed for l7r0ISlr-Hc: ERROR: could not find safari cookies database

2026-02-15 15:22:29 [INFO] journal_utilities.downloader: Audio for l7r0ISlr-Hc: failed (ERROR: could not find safari cookies database
)
2026-02-15 15:22:30 [INFO] download_channel: [502/694] Processing QUBmgn7K_4E — Active Inference GuestStream #030.1 ~ Kyrtin Atreides ~ "The Human Governance Problem"
2026-02-15 15:22:30 [DEBUG] journal_utilities.downloader: yt-dlp audio cmd: yt-dlp --no-warnings --cookies-from-browser safari -x --audio-format mp3 --audio-quality 0 -o data/output/audio/%(id)s.%(ext)s https://www.youtube.com/watch?v=QUBmgn7K_4E
2026-02-15 15:22:30 [ERROR] journal_utilities.downloader: Audio download failed for QUBmgn7K_4E: ERROR: could not find safari cookies database

2026-02-15 15:22:30 [INFO] journal_utilities.downloader: Audio for QUBmgn7K_4E: failed (ERROR: could not find safari cookies database
)
2026-02-15 15:22:31 [INFO] download_channel: [503/694] Processing KqiLO9Dfj-4 — ActInf GuestStream #028.1 ~ Reconceiving rationality: situating rationality into enactive cognition
2026-02-15 15:22:31 [DEBUG] journal_utilities.downloader: yt-dlp audio cmd: yt-dlp --no-warnings --cookies-from-browser safari -x --audio-format mp3 --audio-quality 0 -o data/output/audio/%(id)s.%(ext)s https://www.youtube.com/watch?v=KqiLO9Dfj-4
2026-02-15 15:22:32 [ERROR] journal_utilities.downloader: Audio download failed for KqiLO9Dfj-4: ERROR: could not find safari cookies database

2026-02-15 15:22:32 [INFO] journal_utilities.downloader: Audio for KqiLO9Dfj-4: failed (ERROR: could not find safari cookies database
)
2026-02-15 15:22:33 [INFO] download_channel: [504/694] Processing 2SuBJBEg9LI — ActInf Livestream #049.2 ~ "A Worked Example of the Bayesian Mechanics of Classical Objects"
2026-02-15 15:22:33 [DEBUG] journal_utilities.downloader: yt-dlp audio cmd: yt-dlp --no-warnings --cookies-from-browser safari -x --audio-format mp3 --audio-quality 0 -o data/output/audio/%(id)s.%(ext)s https://www.youtube.com/watch?v=2SuBJBEg9LI
2026-02-15 15:22:33 [ERROR] journal_utilities.downloader: Audio download failed for 2SuBJBEg9LI: ERROR: could not find safari cookies database

2026-02-15 15:22:33 [INFO] journal_utilities.downloader: Audio for 2SuBJBEg9LI: failed (ERROR: could not find safari cookies database
)
2026-02-15 15:22:34 [INFO] download_channel: [505/694] Processing dAtC-Enmc8M — ActInf Livestream #049.1 ~ "A Worked Example of the Bayesian Mechanics of Classical Objects"
2026-02-15 15:22:34 [DEBUG] journal_utilities.downloader: yt-dlp audio cmd: yt-dlp --no-warnings --cookies-from-browser safari -x --audio-format mp3 --audio-quality 0 -o data/output/audio/%(id)s.%(ext)s https://www.youtube.com/watch?v=dAtC-Enmc8M
2026-02-15 15:22:35 [ERROR] journal_utilities.downloader: Audio download failed for dAtC-Enmc8M: ERROR: could not find safari cookies database

2026-02-15 15:22:35 [INFO] journal_utilities.downloader: Audio for dAtC-Enmc8M: failed (ERROR: could not find safari cookies database
)
2026-02-15 15:22:36 [INFO] download_channel: [506/694] Processing OtX2Fpzn7KA — ActInf Livestream #049.0 ~ "A Worked Example of the Bayesian Mechanics of Classical Objects"
2026-02-15 15:22:36 [DEBUG] journal_utilities.downloader: yt-dlp audio cmd: yt-dlp --no-warnings --cookies-from-browser safari -x --audio-format mp3 --audio-quality 0 -o data/output/audio/%(id)s.%(ext)s https://www.youtube.com/watch?v=OtX2Fpzn7KA
2026-02-15 15:22:36 [ERROR] journal_utilities.downloader: Audio download failed for OtX2Fpzn7KA: ERROR: could not find safari cookies database

2026-02-15 15:22:36 [INFO] journal_utilities.downloader: Audio for OtX2Fpzn7KA: failed (ERROR: could not find safari cookies database
)
2026-02-15 15:22:37 [INFO] download_channel: [507/694] Processing DJ9n6a8mMzM — Active Inference Institute ~ 2022 Quarterly Roundtable #3
2026-02-15 15:22:37 [DEBUG] journal_utilities.downloader: yt-dlp audio cmd: yt-dlp --no-warnings --cookies-from-browser safari -x --audio-format mp3 --audio-quality 0 -o data/output/audio/%(id)s.%(ext)s https://www.youtube.com/watch?v=DJ9n6a8mMzM
2026-02-15 15:22:37 [ERROR] journal_utilities.downloader: Audio download failed for DJ9n6a8mMzM: ERROR: could not find safari cookies database

2026-02-15 15:22:37 [INFO] journal_utilities.downloader: Audio for DJ9n6a8mMzM: failed (ERROR: could not find safari cookies database
)
2026-02-15 15:22:38 [INFO] download_channel: [508/694] Processing Sb8A0jNzWPE — Active Inference ~ Twitter Spaces #002 ~ Web3 survive without cognitive modeling? 👀
2026-02-15 15:22:38 [DEBUG] journal_utilities.downloader: yt-dlp audio cmd: yt-dlp --no-warnings --cookies-from-browser safari -x --audio-format mp3 --audio-quality 0 -o data/output/audio/%(id)s.%(ext)s https://www.youtube.com/watch?v=Sb8A0jNzWPE
2026-02-15 15:22:39 [ERROR] journal_utilities.downloader: Audio download failed for Sb8A0jNzWPE: ERROR: could not find safari cookies database

2026-02-15 15:22:39 [INFO] journal_utilities.downloader: Audio for Sb8A0jNzWPE: failed (ERROR: could not find safari cookies database
)
2026-02-15 15:22:40 [INFO] download_channel: [509/694] Processing hIIyYu2C-SI — ActInf Livestream #048.2 ~ "Communication as Socially Extended Active Inference"
2026-02-15 15:22:40 [DEBUG] journal_utilities.downloader: yt-dlp audio cmd: yt-dlp --no-warnings --cookies-from-browser safari -x --audio-format mp3 --audio-quality 0 -o data/output/audio/%(id)s.%(ext)s https://www.youtube.com/watch?v=hIIyYu2C-SI
2026-02-15 15:22:40 [ERROR] journal_utilities.downloader: Audio download failed for hIIyYu2C-SI: ERROR: could not find safari cookies database

2026-02-15 15:22:40 [INFO] journal_utilities.downloader: Audio for hIIyYu2C-SI: failed (ERROR: could not find safari cookies database
)
2026-02-15 15:22:41 [INFO] download_channel: [510/694] Processing aN1GXOZp6xY — ActInf MathStream #004.1 ~ David Spivak
2026-02-15 15:22:41 [DEBUG] journal_utilities.downloader: yt-dlp audio cmd: yt-dlp --no-warnings --cookies-from-browser safari -x --audio-format mp3 --audio-quality 0 -o data/output/audio/%(id)s.%(ext)s https://www.youtube.com/watch?v=aN1GXOZp6xY
2026-02-15 15:22:42 [ERROR] journal_utilities.downloader: Audio download failed for aN1GXOZp6xY: ERROR: could not find safari cookies database

2026-02-15 15:22:42 [INFO] journal_utilities.downloader: Audio for aN1GXOZp6xY: failed (ERROR: could not find safari cookies database
)
2026-02-15 15:22:43 [INFO] download_channel: [511/694] Processing Pw2vxMRxF5o — Active Inference GuestStream #027.1 ~ John Vervaeke
2026-02-15 15:22:43 [DEBUG] journal_utilities.downloader: yt-dlp audio cmd: yt-dlp --no-warnings --cookies-from-browser safari -x --audio-format mp3 --audio-quality 0 -o data/output/audio/%(id)s.%(ext)s https://www.youtube.com/watch?v=Pw2vxMRxF5o
2026-02-15 15:22:43 [ERROR] journal_utilities.downloader: Audio download failed for Pw2vxMRxF5o: ERROR: could not find safari cookies database

2026-02-15 15:22:43 [INFO] journal_utilities.downloader: Audio for Pw2vxMRxF5o: failed (ERROR: could not find safari cookies database
)
2026-02-15 15:22:44 [INFO] download_channel: [512/694] Processing nWFM5zrdmG8 — ActInf Livestream #048.1 ~ "Communication as Socially Extended Active Inference"
2026-02-15 15:22:44 [DEBUG] journal_utilities.downloader: yt-dlp audio cmd: yt-dlp --no-warnings --cookies-from-browser safari -x --audio-format mp3 --audio-quality 0 -o data/output/audio/%(id)s.%(ext)s https://www.youtube.com/watch?v=nWFM5zrdmG8
2026-02-15 15:22:44 [ERROR] journal_utilities.downloader: Audio download failed for nWFM5zrdmG8: ERROR: could not find safari cookies database

2026-02-15 15:22:44 [INFO] journal_utilities.downloader: Audio for nWFM5zrdmG8: failed (ERROR: could not find safari cookies database
)
2026-02-15 15:22:45 [INFO] download_channel: [513/694] Processing zqiZjjY9H7M — ActInf Livestream #048.0 ~ "Communication as Socially Extended Active Inference"
2026-02-15 15:22:45 [DEBUG] journal_utilities.downloader: yt-dlp audio cmd: yt-dlp --no-warnings --cookies-from-browser safari -x --audio-format mp3 --audio-quality 0 -o data/output/audio/%(id)s.%(ext)s https://www.youtube.com/watch?v=zqiZjjY9H7M
2026-02-15 15:22:46 [ERROR] journal_utilities.downloader: Audio download failed for zqiZjjY9H7M: ERROR: could not find safari cookies database

2026-02-15 15:22:46 [INFO] journal_utilities.downloader: Audio for zqiZjjY9H7M: failed (ERROR: could not find safari cookies database
)
2026-02-15 15:22:47 [INFO] download_channel: [514/694] Processing xBKRLG97cz4 — ActInf ModelStream #006.1 ~ "Branching Time Active Inference: the theory and its generality"
2026-02-15 15:22:47 [DEBUG] journal_utilities.downloader: yt-dlp audio cmd: yt-dlp --no-warnings --cookies-from-browser safari -x --audio-format mp3 --audio-quality 0 -o data/output/audio/%(id)s.%(ext)s https://www.youtube.com/watch?v=xBKRLG97cz4
2026-02-15 15:22:47 [ERROR] journal_utilities.downloader: Audio download failed for xBKRLG97cz4: ERROR: could not find safari cookies database

2026-02-15 15:22:47 [INFO] journal_utilities.downloader: Audio for xBKRLG97cz4: failed (ERROR: could not find safari cookies database
)
2026-02-15 15:22:48 [INFO] download_channel: [515/694] Processing riJYh87FPx4 — ActInf Livestream #047.2 ~ “Enactive-Dynamic Social Cognition" & “Active Inference and Abduction”
2026-02-15 15:22:48 [DEBUG] journal_utilities.downloader: yt-dlp audio cmd: yt-dlp --no-warnings --cookies-from-browser safari -x --audio-format mp3 --audio-quality 0 -o data/output/audio/%(id)s.%(ext)s https://www.youtube.com/watch?v=riJYh87FPx4
2026-02-15 15:22:49 [ERROR] journal_utilities.downloader: Audio download failed for riJYh87FPx4: ERROR: could not find safari cookies database

2026-02-15 15:22:49 [INFO] journal_utilities.downloader: Audio for riJYh87FPx4: failed (ERROR: could not find safari cookies database
)
2026-02-15 15:22:50 [INFO] download_channel: [516/694] Processing J7cu4slfIBA — ActInf GuestStream #026.1 ~ "From Users to (Sense)Makers" and Stigmergic Annotation
2026-02-15 15:22:50 [DEBUG] journal_utilities.downloader: yt-dlp audio cmd: yt-dlp --no-warnings --cookies-from-browser safari -x --audio-format mp3 --audio-quality 0 -o data/output/audio/%(id)s.%(ext)s https://www.youtube.com/watch?v=J7cu4slfIBA
2026-02-15 15:22:50 [ERROR] journal_utilities.downloader: Audio download failed for J7cu4slfIBA: ERROR: could not find safari cookies database

2026-02-15 15:22:50 [INFO] journal_utilities.downloader: Audio for J7cu4slfIBA: failed (ERROR: could not find safari cookies database
)
2026-02-15 15:22:51 [INFO] download_channel: [517/694] Processing 1yYFJnf_mHY — ActInf Livestream #047.1 ~ “Enactive-Dynamic Social Cognition" & “Active Inference and Abduction”
2026-02-15 15:22:51 [DEBUG] journal_utilities.downloader: yt-dlp audio cmd: yt-dlp --no-warnings --cookies-from-browser safari -x --audio-format mp3 --audio-quality 0 -o data/output/audio/%(id)s.%(ext)s https://www.youtube.com/watch?v=1yYFJnf_mHY
2026-02-15 15:22:51 [ERROR] journal_utilities.downloader: Audio download failed for 1yYFJnf_mHY: ERROR: could not find safari cookies database

2026-02-15 15:22:51 [INFO] journal_utilities.downloader: Audio for 1yYFJnf_mHY: failed (ERROR: could not find safari cookies database
)
2026-02-15 15:22:52 [INFO] download_channel: [518/694] Processing ZYhrtsyzS_w — ActInf GuestStream #025.1 ~ "Autistic-Like Traits, Positive Schizotypy, Predictive Mind”
2026-02-15 15:22:52 [DEBUG] journal_utilities.downloader: yt-dlp audio cmd: yt-dlp --no-warnings --cookies-from-browser safari -x --audio-format mp3 --audio-quality 0 -o data/output/audio/%(id)s.%(ext)s https://www.youtube.com/watch?v=ZYhrtsyzS_w
2026-02-15 15:22:53 [ERROR] journal_utilities.downloader: Audio download failed for ZYhrtsyzS_w: ERROR: could not find safari cookies database

2026-02-15 15:22:53 [INFO] journal_utilities.downloader: Audio for ZYhrtsyzS_w: failed (ERROR: could not find safari cookies database
)
2026-02-15 15:22:54 [INFO] download_channel: [519/694] Processing WKjqw3My_xM — ActInf Livestream #047.0 ~ “Enactive-Dynamic Social Cognition" & “Active Inference and Abduction”
2026-02-15 15:22:54 [DEBUG] journal_utilities.downloader: yt-dlp audio cmd: yt-dlp --no-warnings --cookies-from-browser safari -x --audio-format mp3 --audio-quality 0 -o data/output/audio/%(id)s.%(ext)s https://www.youtube.com/watch?v=WKjqw3My_xM
2026-02-15 15:22:54 [ERROR] journal_utilities.downloader: Audio download failed for WKjqw3My_xM: ERROR: could not find safari cookies database

2026-02-15 15:22:54 [INFO] journal_utilities.downloader: Audio for WKjqw3My_xM: failed (ERROR: could not find safari cookies database
)
2026-02-15 15:22:55 [INFO] download_channel: [520/694] Processing dTVHHenms_Y — 2nd Applied Active Inference Symposium on "Robotics" ~ 2nd session
2026-02-15 15:22:55 [DEBUG] journal_utilities.downloader: yt-dlp audio cmd: yt-dlp --no-warnings --cookies-from-browser safari -x --audio-format mp3 --audio-quality 0 -o data/output/audio/%(id)s.%(ext)s https://www.youtube.com/watch?v=dTVHHenms_Y
2026-02-15 15:22:56 [ERROR] journal_utilities.downloader: Audio download failed for dTVHHenms_Y: ERROR: could not find safari cookies database

2026-02-15 15:22:56 [INFO] journal_utilities.downloader: Audio for dTVHHenms_Y: failed (ERROR: could not find safari cookies database
)
2026-02-15 15:22:57 [INFO] download_channel: [521/694] Processing zm2d9o5n0PU — 2nd Applied Active Inference Symposium on "Robotics" ~ 1st session
2026-02-15 15:22:57 [DEBUG] journal_utilities.downloader: yt-dlp audio cmd: yt-dlp --no-warnings --cookies-from-browser safari -x --audio-format mp3 --audio-quality 0 -o data/output/audio/%(id)s.%(ext)s https://www.youtube.com/watch?v=zm2d9o5n0PU
2026-02-15 15:22:57 [ERROR] journal_utilities.downloader: Audio download failed for zm2d9o5n0PU: ERROR: could not find safari cookies database

2026-02-15 15:22:57 [INFO] journal_utilities.downloader: Audio for zm2d9o5n0PU: failed (ERROR: could not find safari cookies database
)
2026-02-15 15:22:58 [INFO] download_channel: [522/694] Processing WEfc9X437yY — ActInf GuestStream #015.2 ~ Bobby Azarian "The Integrated Evolutionary Synthesis"
2026-02-15 15:22:58 [DEBUG] journal_utilities.downloader: yt-dlp audio cmd: yt-dlp --no-warnings --cookies-from-browser safari -x --audio-format mp3 --audio-quality 0 -o data/output/audio/%(id)s.%(ext)s https://www.youtube.com/watch?v=WEfc9X437yY
2026-02-15 15:22:58 [ERROR] journal_utilities.downloader: Audio download failed for WEfc9X437yY: ERROR: could not find safari cookies database

2026-02-15 15:22:58 [INFO] journal_utilities.downloader: Audio for WEfc9X437yY: failed (ERROR: could not find safari cookies database
)
2026-02-15 15:22:59 [INFO] download_channel: [523/694] Processing 2s27lSZDqGM — ActInfLab ~ 2022 Quarterly Roundtable #2
2026-02-15 15:22:59 [DEBUG] journal_utilities.downloader: yt-dlp audio cmd: yt-dlp --no-warnings --cookies-from-browser safari -x --audio-format mp3 --audio-quality 0 -o data/output/audio/%(id)s.%(ext)s https://www.youtube.com/watch?v=2s27lSZDqGM
2026-02-15 15:23:00 [ERROR] journal_utilities.downloader: Audio download failed for 2s27lSZDqGM: ERROR: could not find safari cookies database

2026-02-15 15:23:00 [INFO] journal_utilities.downloader: Audio for 2s27lSZDqGM: failed (ERROR: could not find safari cookies database
)
2026-02-15 15:23:01 [INFO] download_channel: [524/694] Processing 7_YNInrALU8 — ActInf Livestream #046.2 ~ "Active inference models do not contradict folk psychology"
2026-02-15 15:23:01 [DEBUG] journal_utilities.downloader: yt-dlp audio cmd: yt-dlp --no-warnings --cookies-from-browser safari -x --audio-format mp3 --audio-quality 0 -o data/output/audio/%(id)s.%(ext)s https://www.youtube.com/watch?v=7_YNInrALU8
2026-02-15 15:23:01 [ERROR] journal_utilities.downloader: Audio download failed for 7_YNInrALU8: ERROR: could not find safari cookies database

2026-02-15 15:23:01 [INFO] journal_utilities.downloader: Audio for 7_YNInrALU8: failed (ERROR: could not find safari cookies database
)
2026-02-15 15:23:02 [INFO] download_channel: [525/694] Processing JPsdk7pVa1I — ActInf Livestream #046.1 ~ "Active inference models do not contradict folk psychology"
2026-02-15 15:23:02 [DEBUG] journal_utilities.downloader: yt-dlp audio cmd: yt-dlp --no-warnings --cookies-from-browser safari -x --audio-format mp3 --audio-quality 0 -o data/output/audio/%(id)s.%(ext)s https://www.youtube.com/watch?v=JPsdk7pVa1I
2026-02-15 15:23:03 [ERROR] journal_utilities.downloader: Audio download failed for JPsdk7pVa1I: ERROR: could not find safari cookies database

2026-02-15 15:23:03 [INFO] journal_utilities.downloader: Audio for JPsdk7pVa1I: failed (ERROR: could not find safari cookies database
)
2026-02-15 15:23:04 [INFO] download_channel: [526/694] Processing igY9iyowesc — ActInf GuestStream #023.1 ~ Maxwell Ramstead, Dalton Sakthivadivel, et al.
2026-02-15 15:23:04 [DEBUG] journal_utilities.downloader: yt-dlp audio cmd: yt-dlp --no-warnings --cookies-from-browser safari -x --audio-format mp3 --audio-quality 0 -o data/output/audio/%(id)s.%(ext)s https://www.youtube.com/watch?v=igY9iyowesc
2026-02-15 15:23:04 [ERROR] journal_utilities.downloader: Audio download failed for igY9iyowesc: ERROR: could not find safari cookies database

2026-02-15 15:23:04 [INFO] journal_utilities.downloader: Audio for igY9iyowesc: failed (ERROR: could not find safari cookies database
)
2026-02-15 15:23:05 [INFO] download_channel: [527/694] Processing c0_Vf5_qiWk — ActInf GuestStream #016.2 ~ Mark Solms "Consciousness as Precision Optimization"
2026-02-15 15:23:05 [DEBUG] journal_utilities.downloader: yt-dlp audio cmd: yt-dlp --no-warnings --cookies-from-browser safari -x --audio-format mp3 --audio-quality 0 -o data/output/audio/%(id)s.%(ext)s https://www.youtube.com/watch?v=c0_Vf5_qiWk
2026-02-15 15:23:05 [ERROR] journal_utilities.downloader: Audio download failed for c0_Vf5_qiWk: ERROR: could not find safari cookies database

2026-02-15 15:23:05 [INFO] journal_utilities.downloader: Audio for c0_Vf5_qiWk: failed (ERROR: could not find safari cookies database
)
2026-02-15 15:23:06 [INFO] download_channel: [528/694] Processing skcKoCcAQJI — ActInf Livestream #046.0 ~ "Active inference models do not contradict folk psychology"
2026-02-15 15:23:06 [DEBUG] journal_utilities.downloader: yt-dlp audio cmd: yt-dlp --no-warnings --cookies-from-browser safari -x --audio-format mp3 --audio-quality 0 -o data/output/audio/%(id)s.%(ext)s https://www.youtube.com/watch?v=skcKoCcAQJI
2026-02-15 15:23:07 [ERROR] journal_utilities.downloader: Audio download failed for skcKoCcAQJI: ERROR: could not find safari cookies database

2026-02-15 15:23:07 [INFO] journal_utilities.downloader: Audio for skcKoCcAQJI: failed (ERROR: could not find safari cookies database
)
2026-02-15 15:23:08 [INFO] download_channel: [529/694] Processing S5-jXzhiG18 — ActInf Livestream #045.2 ~ "The free energy principle made simpler but not too simple"
2026-02-15 15:23:08 [DEBUG] journal_utilities.downloader: yt-dlp audio cmd: yt-dlp --no-warnings --cookies-from-browser safari -x --audio-format mp3 --audio-quality 0 -o data/output/audio/%(id)s.%(ext)s https://www.youtube.com/watch?v=S5-jXzhiG18
2026-02-15 15:23:08 [ERROR] journal_utilities.downloader: Audio download failed for S5-jXzhiG18: ERROR: could not find safari cookies database

2026-02-15 15:23:08 [INFO] journal_utilities.downloader: Audio for S5-jXzhiG18: failed (ERROR: could not find safari cookies database
)
2026-02-15 15:23:09 [INFO] download_channel: [530/694] Processing V0l9fOJgbtc — ActInf Livestream #045.1 ~ "The free energy principle made simpler but not too simple"
2026-02-15 15:23:09 [DEBUG] journal_utilities.downloader: yt-dlp audio cmd: yt-dlp --no-warnings --cookies-from-browser safari -x --audio-format mp3 --audio-quality 0 -o data/output/audio/%(id)s.%(ext)s https://www.youtube.com/watch?v=V0l9fOJgbtc
2026-02-15 15:23:10 [ERROR] journal_utilities.downloader: Audio download failed for V0l9fOJgbtc: ERROR: could not find safari cookies database

2026-02-15 15:23:10 [INFO] journal_utilities.downloader: Audio for V0l9fOJgbtc: failed (ERROR: could not find safari cookies database
)
2026-02-15 15:23:11 [INFO] download_channel: [531/694] Processing 9MQQKaKEXs0 — ActInf Livestream #045.0 ~ "The free energy principle made simpler but not too simple"
2026-02-15 15:23:11 [DEBUG] journal_utilities.downloader: yt-dlp audio cmd: yt-dlp --no-warnings --cookies-from-browser safari -x --audio-format mp3 --audio-quality 0 -o data/output/audio/%(id)s.%(ext)s https://www.youtube.com/watch?v=9MQQKaKEXs0
2026-02-15 15:23:11 [ERROR] journal_utilities.downloader: Audio download failed for 9MQQKaKEXs0: ERROR: could not find safari cookies database

2026-02-15 15:23:11 [INFO] journal_utilities.downloader: Audio for 9MQQKaKEXs0: failed (ERROR: could not find safari cookies database
)
2026-02-15 15:23:12 [INFO] download_channel: [532/694] Processing epoHxFdzFkw — ActInf Livestream #044.2 ~ Therapeutic Alliance as Active Inference: The Role of Therapeutic Touch..
2026-02-15 15:23:12 [DEBUG] journal_utilities.downloader: yt-dlp audio cmd: yt-dlp --no-warnings --cookies-from-browser safari -x --audio-format mp3 --audio-quality 0 -o data/output/audio/%(id)s.%(ext)s https://www.youtube.com/watch?v=epoHxFdzFkw
2026-02-15 15:23:13 [ERROR] journal_utilities.downloader: Audio download failed for epoHxFdzFkw: ERROR: could not find safari cookies database

2026-02-15 15:23:13 [INFO] journal_utilities.downloader: Audio for epoHxFdzFkw: failed (ERROR: could not find safari cookies database
)
2026-02-15 15:23:14 [INFO] download_channel: [533/694] Processing y1vtKYzVUaY — ActInf Livestream #044.1 ~ Therapeutic Alliance as Active Inference: The Role of Therapeutic Touch..
2026-02-15 15:23:14 [DEBUG] journal_utilities.downloader: yt-dlp audio cmd: yt-dlp --no-warnings --cookies-from-browser safari -x --audio-format mp3 --audio-quality 0 -o data/output/audio/%(id)s.%(ext)s https://www.youtube.com/watch?v=y1vtKYzVUaY
2026-02-15 15:23:14 [ERROR] journal_utilities.downloader: Audio download failed for y1vtKYzVUaY: ERROR: could not find safari cookies database

2026-02-15 15:23:14 [INFO] journal_utilities.downloader: Audio for y1vtKYzVUaY: failed (ERROR: could not find safari cookies database
)
2026-02-15 15:23:15 [INFO] download_channel: [534/694] Processing yNubOHOJeIQ — ActInf Livestream #044.0 ~ Therapeutic Alliance as Active Inference: The Role of Therapeutic Touch
2026-02-15 15:23:15 [DEBUG] journal_utilities.downloader: yt-dlp audio cmd: yt-dlp --no-warnings --cookies-from-browser safari -x --audio-format mp3 --audio-quality 0 -o data/output/audio/%(id)s.%(ext)s https://www.youtube.com/watch?v=yNubOHOJeIQ
2026-02-15 15:23:16 [ERROR] journal_utilities.downloader: Audio download failed for yNubOHOJeIQ: ERROR: could not find safari cookies database

2026-02-15 15:23:16 [INFO] journal_utilities.downloader: Audio for yNubOHOJeIQ: failed (ERROR: could not find safari cookies database
)
2026-02-15 15:23:17 [INFO] download_channel: [535/694] Processing X0Q6JLDYWJo — ActInf Livestream #043.2 ~ "Predictive Coding: a Theoretical and Experimental Review"
2026-02-15 15:23:17 [DEBUG] journal_utilities.downloader: yt-dlp audio cmd: yt-dlp --no-warnings --cookies-from-browser safari -x --audio-format mp3 --audio-quality 0 -o data/output/audio/%(id)s.%(ext)s https://www.youtube.com/watch?v=X0Q6JLDYWJo
2026-02-15 15:23:17 [ERROR] journal_utilities.downloader: Audio download failed for X0Q6JLDYWJo: ERROR: could not find safari cookies database

2026-02-15 15:23:17 [INFO] journal_utilities.downloader: Audio for X0Q6JLDYWJo: failed (ERROR: could not find safari cookies database
)
2026-02-15 15:23:18 [INFO] download_channel: [536/694] Processing O4u8PRzk1vY — ActInf Livestream #043.1 ~ "Predictive Coding: a Theoretical and Experimental Review"
2026-02-15 15:23:18 [DEBUG] journal_utilities.downloader: yt-dlp audio cmd: yt-dlp --no-warnings --cookies-from-browser safari -x --audio-format mp3 --audio-quality 0 -o data/output/audio/%(id)s.%(ext)s https://www.youtube.com/watch?v=O4u8PRzk1vY
2026-02-15 15:23:18 [ERROR] journal_utilities.downloader: Audio download failed for O4u8PRzk1vY: ERROR: could not find safari cookies database

2026-02-15 15:23:18 [INFO] journal_utilities.downloader: Audio for O4u8PRzk1vY: failed (ERROR: could not find safari cookies database
)
2026-02-15 15:23:19 [INFO] download_channel: [537/694] Processing 4VApGjFESlE — ActInf GuestStream #022.1 ~ Anna Lembke, "Dopamine Nation"
2026-02-15 15:23:19 [DEBUG] journal_utilities.downloader: yt-dlp audio cmd: yt-dlp --no-warnings --cookies-from-browser safari -x --audio-format mp3 --audio-quality 0 -o data/output/audio/%(id)s.%(ext)s https://www.youtube.com/watch?v=4VApGjFESlE
2026-02-15 15:23:20 [ERROR] journal_utilities.downloader: Audio download failed for 4VApGjFESlE: ERROR: could not find safari cookies database

2026-02-15 15:23:20 [INFO] journal_utilities.downloader: Audio for 4VApGjFESlE: failed (ERROR: could not find safari cookies database
)
2026-02-15 15:23:21 [INFO] download_channel: [538/694] Processing cLe-rBtRXiQ — ActInf Livestream #043.0 ~ "Predictive Coding: a Theoretical and Experimental Review"
2026-02-15 15:23:21 [DEBUG] journal_utilities.downloader: yt-dlp audio cmd: yt-dlp --no-warnings --cookies-from-browser safari -x --audio-format mp3 --audio-quality 0 -o data/output/audio/%(id)s.%(ext)s https://www.youtube.com/watch?v=cLe-rBtRXiQ
2026-02-15 15:23:21 [ERROR] journal_utilities.downloader: Audio download failed for cLe-rBtRXiQ: ERROR: could not find safari cookies database

2026-02-15 15:23:21 [INFO] journal_utilities.downloader: Audio for cLe-rBtRXiQ: failed (ERROR: could not find safari cookies database
)
2026-02-15 15:23:22 [INFO] download_channel: [539/694] Processing IXJn-BMsKVw — ActInf Livestream #042.2 ~ "Robot navigation as hierarchical active inference"
2026-02-15 15:23:22 [DEBUG] journal_utilities.downloader: yt-dlp audio cmd: yt-dlp --no-warnings --cookies-from-browser safari -x --audio-format mp3 --audio-quality 0 -o data/output/audio/%(id)s.%(ext)s https://www.youtube.com/watch?v=IXJn-BMsKVw
2026-02-15 15:23:23 [ERROR] journal_utilities.downloader: Audio download failed for IXJn-BMsKVw: ERROR: could not find safari cookies database

2026-02-15 15:23:23 [INFO] journal_utilities.downloader: Audio for IXJn-BMsKVw: failed (ERROR: could not find safari cookies database
)
2026-02-15 15:23:24 [INFO] download_channel: [540/694] Processing _MH7E58zKxY — ActInf GuestStream #021.1 ~ Adam Safron
2026-02-15 15:23:24 [DEBUG] journal_utilities.downloader: yt-dlp audio cmd: yt-dlp --no-warnings --cookies-from-browser safari -x --audio-format mp3 --audio-quality 0 -o data/output/audio/%(id)s.%(ext)s https://www.youtube.com/watch?v=_MH7E58zKxY
2026-02-15 15:23:24 [ERROR] journal_utilities.downloader: Audio download failed for _MH7E58zKxY: ERROR: could not find safari cookies database

2026-02-15 15:23:24 [INFO] journal_utilities.downloader: Audio for _MH7E58zKxY: failed (ERROR: could not find safari cookies database
)
2026-02-15 15:23:25 [INFO] download_channel: [541/694] Processing SwUzTlGNI2A — ActInf GuestStream #021.1 ~  Shannon Proksch "Coordination Dynamics of Multi-agent Interaction"
2026-02-15 15:23:25 [DEBUG] journal_utilities.downloader: yt-dlp audio cmd: yt-dlp --no-warnings --cookies-from-browser safari -x --audio-format mp3 --audio-quality 0 -o data/output/audio/%(id)s.%(ext)s https://www.youtube.com/watch?v=SwUzTlGNI2A
2026-02-15 15:23:25 [ERROR] journal_utilities.downloader: Audio download failed for SwUzTlGNI2A: ERROR: could not find safari cookies database

2026-02-15 15:23:25 [INFO] journal_utilities.downloader: Audio for SwUzTlGNI2A: failed (ERROR: could not find safari cookies database
)
2026-02-15 15:23:26 [INFO] download_channel: [542/694] Processing UUQIVqcI-yw — ActInf Livestream #042.1 ~ "Robot navigation as hierarchical active inference"
2026-02-15 15:23:26 [DEBUG] journal_utilities.downloader: yt-dlp audio cmd: yt-dlp --no-warnings --cookies-from-browser safari -x --audio-format mp3 --audio-quality 0 -o data/output/audio/%(id)s.%(ext)s https://www.youtube.com/watch?v=UUQIVqcI-yw
2026-02-15 15:23:27 [ERROR] journal_utilities.downloader: Audio download failed for UUQIVqcI-yw: ERROR: could not find safari cookies database

2026-02-15 15:23:27 [INFO] journal_utilities.downloader: Audio for UUQIVqcI-yw: failed (ERROR: could not find safari cookies database
)
2026-02-15 15:23:28 [INFO] download_channel: [543/694] Processing Dl6v-3COgCo — ActInf Livestream #042.0 ~ "Robot navigation as hierarchical active inference"
2026-02-15 15:23:28 [DEBUG] journal_utilities.downloader: yt-dlp audio cmd: yt-dlp --no-warnings --cookies-from-browser safari -x --audio-format mp3 --audio-quality 0 -o data/output/audio/%(id)s.%(ext)s https://www.youtube.com/watch?v=Dl6v-3COgCo
2026-02-15 15:23:28 [ERROR] journal_utilities.downloader: Audio download failed for Dl6v-3COgCo: ERROR: could not find safari cookies database

2026-02-15 15:23:28 [INFO] journal_utilities.downloader: Audio for Dl6v-3COgCo: failed (ERROR: could not find safari cookies database
)
2026-02-15 15:23:29 [INFO] download_channel: [544/694] Processing RB2axUYnE8I — ActInf Livestream #041.2, Extended active inference: Constructing predictive cognition beyond skulls
2026-02-15 15:23:29 [DEBUG] journal_utilities.downloader: yt-dlp audio cmd: yt-dlp --no-warnings --cookies-from-browser safari -x --audio-format mp3 --audio-quality 0 -o data/output/audio/%(id)s.%(ext)s https://www.youtube.com/watch?v=RB2axUYnE8I
2026-02-15 15:23:29 [ERROR] journal_utilities.downloader: Audio download failed for RB2axUYnE8I: ERROR: could not find safari cookies database

2026-02-15 15:23:29 [INFO] journal_utilities.downloader: Audio for RB2axUYnE8I: failed (ERROR: could not find safari cookies database
)
2026-02-15 15:23:30 [INFO] download_channel: [545/694] Processing H6rjjPZE5hs — ActInf Livestream #041.1, Extended active inference: Constructing predictive cognition beyond skulls
2026-02-15 15:23:30 [DEBUG] journal_utilities.downloader: yt-dlp audio cmd: yt-dlp --no-warnings --cookies-from-browser safari -x --audio-format mp3 --audio-quality 0 -o data/output/audio/%(id)s.%(ext)s https://www.youtube.com/watch?v=H6rjjPZE5hs
2026-02-15 15:23:31 [ERROR] journal_utilities.downloader: Audio download failed for H6rjjPZE5hs: ERROR: could not find safari cookies database

2026-02-15 15:23:31 [INFO] journal_utilities.downloader: Audio for H6rjjPZE5hs: failed (ERROR: could not find safari cookies database
)
2026-02-15 15:23:32 [INFO] download_channel: [546/694] Processing VsOqIxNYpPQ — ActInf Livestream #041.0, Extended active inference: Constructing predictive cognition beyond skulls
2026-02-15 15:23:32 [DEBUG] journal_utilities.downloader: yt-dlp audio cmd: yt-dlp --no-warnings --cookies-from-browser safari -x --audio-format mp3 --audio-quality 0 -o data/output/audio/%(id)s.%(ext)s https://www.youtube.com/watch?v=VsOqIxNYpPQ
2026-02-15 15:23:32 [ERROR] journal_utilities.downloader: Audio download failed for VsOqIxNYpPQ: ERROR: could not find safari cookies database

2026-02-15 15:23:32 [INFO] journal_utilities.downloader: Audio for VsOqIxNYpPQ: failed (ERROR: could not find safari cookies database
)
2026-02-15 15:23:33 [INFO] download_channel: [547/694] Processing ozuzf6Pvlyg — ActInfLab 2022 Quarterly Roundtable #1
2026-02-15 15:23:33 [DEBUG] journal_utilities.downloader: yt-dlp audio cmd: yt-dlp --no-warnings --cookies-from-browser safari -x --audio-format mp3 --audio-quality 0 -o data/output/audio/%(id)s.%(ext)s https://www.youtube.com/watch?v=ozuzf6Pvlyg
2026-02-15 15:23:34 [ERROR] journal_utilities.downloader: Audio download failed for ozuzf6Pvlyg: ERROR: could not find safari cookies database

2026-02-15 15:23:34 [INFO] journal_utilities.downloader: Audio for ozuzf6Pvlyg: failed (ERROR: could not find safari cookies database
)
2026-02-15 15:23:35 [INFO] download_channel: [548/694] Processing e_JGrt4jbhE — ActInf GuestStream #019.1 ~ Marco Facchin: Extended Predictive Minds: do Markov Blankets Matter?
2026-02-15 15:23:35 [DEBUG] journal_utilities.downloader: yt-dlp audio cmd: yt-dlp --no-warnings --cookies-from-browser safari -x --audio-format mp3 --audio-quality 0 -o data/output/audio/%(id)s.%(ext)s https://www.youtube.com/watch?v=e_JGrt4jbhE
2026-02-15 15:23:35 [ERROR] journal_utilities.downloader: Audio download failed for e_JGrt4jbhE: ERROR: could not find safari cookies database

2026-02-15 15:23:35 [INFO] journal_utilities.downloader: Audio for e_JGrt4jbhE: failed (ERROR: could not find safari cookies database
)
2026-02-15 15:23:36 [INFO] download_channel: [549/694] Processing Cgo-0UU848M — ActInf Livestream #040.2 ~ "A free energy principle for generic quantum systems"
2026-02-15 15:23:36 [DEBUG] journal_utilities.downloader: yt-dlp audio cmd: yt-dlp --no-warnings --cookies-from-browser safari -x --audio-format mp3 --audio-quality 0 -o data/output/audio/%(id)s.%(ext)s https://www.youtube.com/watch?v=Cgo-0UU848M
2026-02-15 15:23:36 [ERROR] journal_utilities.downloader: Audio download failed for Cgo-0UU848M: ERROR: could not find safari cookies database

2026-02-15 15:23:36 [INFO] journal_utilities.downloader: Audio for Cgo-0UU848M: failed (ERROR: could not find safari cookies database
)
2026-02-15 15:23:37 [INFO] download_channel: [550/694] Processing NkJKl_yF274 — ActInf Livestream #040.1 ~ "A free energy principle for generic quantum systems"
2026-02-15 15:23:37 [DEBUG] journal_utilities.downloader: yt-dlp audio cmd: yt-dlp --no-warnings --cookies-from-browser safari -x --audio-format mp3 --audio-quality 0 -o data/output/audio/%(id)s.%(ext)s https://www.youtube.com/watch?v=NkJKl_yF274
2026-02-15 15:23:38 [ERROR] journal_utilities.downloader: Audio download failed for NkJKl_yF274: ERROR: could not find safari cookies database

2026-02-15 15:23:38 [INFO] journal_utilities.downloader: Audio for NkJKl_yF274: failed (ERROR: could not find safari cookies database
)
2026-02-15 15:23:39 [INFO] download_channel: [551/694] Processing 9zq1JUnN_eg — ActInf GuestStream #018.1 ~ Michael Kirchhoff & Julian Kiverstein
2026-02-15 15:23:39 [DEBUG] journal_utilities.downloader: yt-dlp audio cmd: yt-dlp --no-warnings --cookies-from-browser safari -x --audio-format mp3 --audio-quality 0 -o data/output/audio/%(id)s.%(ext)s https://www.youtube.com/watch?v=9zq1JUnN_eg
2026-02-15 15:23:39 [ERROR] journal_utilities.downloader: Audio download failed for 9zq1JUnN_eg: ERROR: could not find safari cookies database

2026-02-15 15:23:39 [INFO] journal_utilities.downloader: Audio for 9zq1JUnN_eg: failed (ERROR: could not find safari cookies database
)
2026-02-15 15:23:40 [INFO] download_channel: [552/694] Processing -qZYxSbJ38E — ActInf Livestream #040.0 ~ "A free energy principle for generic quantum systems"
2026-02-15 15:23:40 [DEBUG] journal_utilities.downloader: yt-dlp audio cmd: yt-dlp --no-warnings --cookies-from-browser safari -x --audio-format mp3 --audio-quality 0 -o data/output/audio/%(id)s.%(ext)s https://www.youtube.com/watch?v=-qZYxSbJ38E
2026-02-15 15:23:41 [ERROR] journal_utilities.downloader: Audio download failed for -qZYxSbJ38E: ERROR: could not find safari cookies database

2026-02-15 15:23:41 [INFO] journal_utilities.downloader: Audio for -qZYxSbJ38E: failed (ERROR: could not find safari cookies database
)
2026-02-15 15:23:42 [INFO] download_channel: [553/694] Processing aEYQCmFl1Bw — ActInf GuestStream #017.1 ~ Mahault Albarracin "Epistemic Communities under Active Inference"
2026-02-15 15:23:42 [DEBUG] journal_utilities.downloader: yt-dlp audio cmd: yt-dlp --no-warnings --cookies-from-browser safari -x --audio-format mp3 --audio-quality 0 -o data/output/audio/%(id)s.%(ext)s https://www.youtube.com/watch?v=aEYQCmFl1Bw
2026-02-15 15:23:42 [ERROR] journal_utilities.downloader: Audio download failed for aEYQCmFl1Bw: ERROR: could not find safari cookies database

2026-02-15 15:23:42 [INFO] journal_utilities.downloader: Audio for aEYQCmFl1Bw: failed (ERROR: could not find safari cookies database
)
2026-02-15 15:23:43 [INFO] download_channel: [554/694] Processing KbyPFR7xUDo — ActInf Livestream #039.2 ~ "Morphogenesis as Bayesian inference...."
2026-02-15 15:23:43 [DEBUG] journal_utilities.downloader: yt-dlp audio cmd: yt-dlp --no-warnings --cookies-from-browser safari -x --audio-format mp3 --audio-quality 0 -o data/output/audio/%(id)s.%(ext)s https://www.youtube.com/watch?v=KbyPFR7xUDo
2026-02-15 15:23:43 [ERROR] journal_utilities.downloader: Audio download failed for KbyPFR7xUDo: ERROR: could not find safari cookies database

2026-02-15 15:23:43 [INFO] journal_utilities.downloader: Audio for KbyPFR7xUDo: failed (ERROR: could not find safari cookies database
)
2026-02-15 15:23:44 [INFO] download_channel: [555/694] Processing R4C_DgP_khY — ActInf Livestream #039.1 ~ "Morphogenesis as Bayesian inference...."
2026-02-15 15:23:44 [DEBUG] journal_utilities.downloader: yt-dlp audio cmd: yt-dlp --no-warnings --cookies-from-browser safari -x --audio-format mp3 --audio-quality 0 -o data/output/audio/%(id)s.%(ext)s https://www.youtube.com/watch?v=R4C_DgP_khY
2026-02-15 15:23:45 [ERROR] journal_utilities.downloader: Audio download failed for R4C_DgP_khY: ERROR: could not find safari cookies database

2026-02-15 15:23:45 [INFO] journal_utilities.downloader: Audio for R4C_DgP_khY: failed (ERROR: could not find safari cookies database
)
2026-02-15 15:23:46 [INFO] download_channel: [556/694] Processing yC-hgjv3ANk — ActInf Livestream #039.0 ~ "Morphogenesis as Bayesian inference"
2026-02-15 15:23:46 [DEBUG] journal_utilities.downloader: yt-dlp audio cmd: yt-dlp --no-warnings --cookies-from-browser safari -x --audio-format mp3 --audio-quality 0 -o data/output/audio/%(id)s.%(ext)s https://www.youtube.com/watch?v=yC-hgjv3ANk
2026-02-15 15:23:46 [ERROR] journal_utilities.downloader: Audio download failed for yC-hgjv3ANk: ERROR: could not find safari cookies database

2026-02-15 15:23:46 [INFO] journal_utilities.downloader: Audio for yC-hgjv3ANk: failed (ERROR: could not find safari cookies database
)
2026-02-15 15:23:47 [INFO] download_channel: [557/694] Processing 0OQx04x8-zA — ActInf Livestream #038.2 ~ "The evolution of brain architectures for predictive coding and ActInf"
2026-02-15 15:23:47 [DEBUG] journal_utilities.downloader: yt-dlp audio cmd: yt-dlp --no-warnings --cookies-from-browser safari -x --audio-format mp3 --audio-quality 0 -o data/output/audio/%(id)s.%(ext)s https://www.youtube.com/watch?v=0OQx04x8-zA
2026-02-15 15:23:47 [ERROR] journal_utilities.downloader: Audio download failed for 0OQx04x8-zA: ERROR: could not find safari cookies database

2026-02-15 15:23:47 [INFO] journal_utilities.downloader: Audio for 0OQx04x8-zA: failed (ERROR: could not find safari cookies database
)
2026-02-15 15:23:49 [INFO] download_channel: [558/694] Processing azwqMjgfY8Y — ActInf Livestream #038.1 ~ "The evolution of brain architectures for predictive coding and ActInf"
2026-02-15 15:23:49 [DEBUG] journal_utilities.downloader: yt-dlp audio cmd: yt-dlp --no-warnings --cookies-from-browser safari -x --audio-format mp3 --audio-quality 0 -o data/output/audio/%(id)s.%(ext)s https://www.youtube.com/watch?v=azwqMjgfY8Y
2026-02-15 15:23:49 [ERROR] journal_utilities.downloader: Audio download failed for azwqMjgfY8Y: ERROR: could not find safari cookies database

2026-02-15 15:23:49 [INFO] journal_utilities.downloader: Audio for azwqMjgfY8Y: failed (ERROR: could not find safari cookies database
)
2026-02-15 15:23:50 [INFO] download_channel: [559/694] Processing cOo4juE_zcI — ActInf Livestream #038.0 ~ Brain architectures for predictive coding and active inference
2026-02-15 15:23:50 [DEBUG] journal_utilities.downloader: yt-dlp audio cmd: yt-dlp --no-warnings --cookies-from-browser safari -x --audio-format mp3 --audio-quality 0 -o data/output/audio/%(id)s.%(ext)s https://www.youtube.com/watch?v=cOo4juE_zcI
2026-02-15 15:23:50 [ERROR] journal_utilities.downloader: Audio download failed for cOo4juE_zcI: ERROR: could not find safari cookies database

2026-02-15 15:23:50 [INFO] journal_utilities.downloader: Audio for cOo4juE_zcI: failed (ERROR: could not find safari cookies database
)
2026-02-15 15:23:51 [INFO] download_channel: [560/694] Processing 6WP7mY13lzc — ActInf Livestream #037.2 ~ "Free Energy: A User's Guide"
2026-02-15 15:23:51 [DEBUG] journal_utilities.downloader: yt-dlp audio cmd: yt-dlp --no-warnings --cookies-from-browser safari -x --audio-format mp3 --audio-quality 0 -o data/output/audio/%(id)s.%(ext)s https://www.youtube.com/watch?v=6WP7mY13lzc
2026-02-15 15:23:52 [ERROR] journal_utilities.downloader: Audio download failed for 6WP7mY13lzc: ERROR: could not find safari cookies database

2026-02-15 15:23:52 [INFO] journal_utilities.downloader: Audio for 6WP7mY13lzc: failed (ERROR: could not find safari cookies database
)
2026-02-15 15:23:53 [INFO] download_channel: [561/694] Processing GHcpJ_bMuu4 — ActInf Livestream #037.1 ~ "Free Energy: A User's Guide"
2026-02-15 15:23:53 [DEBUG] journal_utilities.downloader: yt-dlp audio cmd: yt-dlp --no-warnings --cookies-from-browser safari -x --audio-format mp3 --audio-quality 0 -o data/output/audio/%(id)s.%(ext)s https://www.youtube.com/watch?v=GHcpJ_bMuu4
2026-02-15 15:23:53 [ERROR] journal_utilities.downloader: Audio download failed for GHcpJ_bMuu4: ERROR: could not find safari cookies database

2026-02-15 15:23:53 [INFO] journal_utilities.downloader: Audio for GHcpJ_bMuu4: failed (ERROR: could not find safari cookies database
)
2026-02-15 15:23:54 [INFO] download_channel: [562/694] Processing chpbMBgDR84 — ActInf Livestream #037.0 ~ "Free Energy: A User's Guide"
2026-02-15 15:23:54 [DEBUG] journal_utilities.downloader: yt-dlp audio cmd: yt-dlp --no-warnings --cookies-from-browser safari -x --audio-format mp3 --audio-quality 0 -o data/output/audio/%(id)s.%(ext)s https://www.youtube.com/watch?v=chpbMBgDR84
2026-02-15 15:23:55 [ERROR] journal_utilities.downloader: Audio download failed for chpbMBgDR84: ERROR: could not find safari cookies database

2026-02-15 15:23:55 [INFO] journal_utilities.downloader: Audio for chpbMBgDR84: failed (ERROR: could not find safari cookies database
)
2026-02-15 15:23:56 [INFO] download_channel: [563/694] Processing GR07coJNPUE — ActInf ModelStream #005.1~ "Contrastive Active Inference"
2026-02-15 15:23:56 [DEBUG] journal_utilities.downloader: yt-dlp audio cmd: yt-dlp --no-warnings --cookies-from-browser safari -x --audio-format mp3 --audio-quality 0 -o data/output/audio/%(id)s.%(ext)s https://www.youtube.com/watch?v=GR07coJNPUE
2026-02-15 15:23:56 [ERROR] journal_utilities.downloader: Audio download failed for GR07coJNPUE: ERROR: could not find safari cookies database

2026-02-15 15:23:56 [INFO] journal_utilities.downloader: Audio for GR07coJNPUE: failed (ERROR: could not find safari cookies database
)
2026-02-15 15:23:57 [INFO] download_channel: [564/694] Processing Lo95GakwV5w — ActInf Livestream #036.2 ~ "Modelling ourselves: what the free energy principle reveals......"
2026-02-15 15:23:57 [DEBUG] journal_utilities.downloader: yt-dlp audio cmd: yt-dlp --no-warnings --cookies-from-browser safari -x --audio-format mp3 --audio-quality 0 -o data/output/audio/%(id)s.%(ext)s https://www.youtube.com/watch?v=Lo95GakwV5w
2026-02-15 15:23:58 [ERROR] journal_utilities.downloader: Audio download failed for Lo95GakwV5w: ERROR: could not find safari cookies database

2026-02-15 15:23:58 [INFO] journal_utilities.downloader: Audio for Lo95GakwV5w: failed (ERROR: could not find safari cookies database
)
2026-02-15 15:23:59 [INFO] download_channel: [565/694] Processing NHfGuwoCXI8 — ActInf GuestStream #016.1 ~ Mark Solms "Consciousness as Precision Optimization"
2026-02-15 15:23:59 [DEBUG] journal_utilities.downloader: yt-dlp audio cmd: yt-dlp --no-warnings --cookies-from-browser safari -x --audio-format mp3 --audio-quality 0 -o data/output/audio/%(id)s.%(ext)s https://www.youtube.com/watch?v=NHfGuwoCXI8
2026-02-15 15:23:59 [ERROR] journal_utilities.downloader: Audio download failed for NHfGuwoCXI8: ERROR: could not find safari cookies database

2026-02-15 15:23:59 [INFO] journal_utilities.downloader: Audio for NHfGuwoCXI8: failed (ERROR: could not find safari cookies database
)
2026-02-15 15:24:00 [INFO] download_channel: [566/694] Processing eUBT37LMlLo — ActInf OrgStream #002.1 ~ Eugene Leventhal
2026-02-15 15:24:00 [DEBUG] journal_utilities.downloader: yt-dlp audio cmd: yt-dlp --no-warnings --cookies-from-browser safari -x --audio-format mp3 --audio-quality 0 -o data/output/audio/%(id)s.%(ext)s https://www.youtube.com/watch?v=eUBT37LMlLo
2026-02-15 15:24:00 [ERROR] journal_utilities.downloader: Audio download failed for eUBT37LMlLo: ERROR: could not find safari cookies database

2026-02-15 15:24:00 [INFO] journal_utilities.downloader: Audio for eUBT37LMlLo: failed (ERROR: could not find safari cookies database
)
2026-02-15 15:24:01 [INFO] download_channel: [567/694] Processing YKn2njZ_ICg — ActInf Livestream #036.1 ~ "Modelling ourselves: what the free energy principle reveals......"
2026-02-15 15:24:01 [DEBUG] journal_utilities.downloader: yt-dlp audio cmd: yt-dlp --no-warnings --cookies-from-browser safari -x --audio-format mp3 --audio-quality 0 -o data/output/audio/%(id)s.%(ext)s https://www.youtube.com/watch?v=YKn2njZ_ICg
2026-02-15 15:24:02 [ERROR] journal_utilities.downloader: Audio download failed for YKn2njZ_ICg: ERROR: could not find safari cookies database

2026-02-15 15:24:02 [INFO] journal_utilities.downloader: Audio for YKn2njZ_ICg: failed (ERROR: could not find safari cookies database
)
2026-02-15 15:24:03 [INFO] download_channel: [568/694] Processing _JCaic5Cxms — ActInf GuestStream #015.1: Bobby Azarian, Universal Bayesianism: A New Kind of Theory of Everything
2026-02-15 15:24:03 [DEBUG] journal_utilities.downloader: yt-dlp audio cmd: yt-dlp --no-warnings --cookies-from-browser safari -x --audio-format mp3 --audio-quality 0 -o data/output/audio/%(id)s.%(ext)s https://www.youtube.com/watch?v=_JCaic5Cxms
2026-02-15 15:24:03 [ERROR] journal_utilities.downloader: Audio download failed for _JCaic5Cxms: ERROR: could not find safari cookies database

2026-02-15 15:24:03 [INFO] journal_utilities.downloader: Audio for _JCaic5Cxms: failed (ERROR: could not find safari cookies database
)
2026-02-15 15:24:04 [INFO] download_channel: [569/694] Processing 99xQbWozPjc — ActInf Livestream #036.0 ~ "Modelling ourselves: what the free energy principle reveals......"
2026-02-15 15:24:04 [DEBUG] journal_utilities.downloader: yt-dlp audio cmd: yt-dlp --no-warnings --cookies-from-browser safari -x --audio-format mp3 --audio-quality 0 -o data/output/audio/%(id)s.%(ext)s https://www.youtube.com/watch?v=99xQbWozPjc
2026-02-15 15:24:05 [ERROR] journal_utilities.downloader: Audio download failed for 99xQbWozPjc: ERROR: could not find safari cookies database

2026-02-15 15:24:05 [INFO] journal_utilities.downloader: Audio for 99xQbWozPjc: failed (ERROR: could not find safari cookies database
)
2026-02-15 15:24:06 [INFO] download_channel: [570/694] Processing sQWSkDQvnqk — ActInf Livestream #035.2 ~ "A tale of two architectures free energy, its models, and modularity"
2026-02-15 15:24:06 [DEBUG] journal_utilities.downloader: yt-dlp audio cmd: yt-dlp --no-warnings --cookies-from-browser safari -x --audio-format mp3 --audio-quality 0 -o data/output/audio/%(id)s.%(ext)s https://www.youtube.com/watch?v=sQWSkDQvnqk
2026-02-15 15:24:06 [ERROR] journal_utilities.downloader: Audio download failed for sQWSkDQvnqk: ERROR: could not find safari cookies database

2026-02-15 15:24:06 [INFO] journal_utilities.downloader: Audio for sQWSkDQvnqk: failed (ERROR: could not find safari cookies database
)
2026-02-15 15:24:07 [INFO] download_channel: [571/694] Processing mjL3cGYEMNg — ActInf GuestStream #014.1 ~ Osteopathy and Mental Health (Bohlen, Esteves, Cerritelli, Shaw)
2026-02-15 15:24:07 [DEBUG] journal_utilities.downloader: yt-dlp audio cmd: yt-dlp --no-warnings --cookies-from-browser safari -x --audio-format mp3 --audio-quality 0 -o data/output/audio/%(id)s.%(ext)s https://www.youtube.com/watch?v=mjL3cGYEMNg
2026-02-15 15:24:07 [ERROR] journal_utilities.downloader: Audio download failed for mjL3cGYEMNg: ERROR: could not find safari cookies database

2026-02-15 15:24:07 [INFO] journal_utilities.downloader: Audio for mjL3cGYEMNg: failed (ERROR: could not find safari cookies database
)
2026-02-15 15:24:09 [INFO] download_channel: [572/694] Processing RoMCBXy-7E0 — ActInf Livestream #035.1 ~ "A tale of two architectures free energy, its models, and modularity"
2026-02-15 15:24:09 [DEBUG] journal_utilities.downloader: yt-dlp audio cmd: yt-dlp --no-warnings --cookies-from-browser safari -x --audio-format mp3 --audio-quality 0 -o data/output/audio/%(id)s.%(ext)s https://www.youtube.com/watch?v=RoMCBXy-7E0
2026-02-15 15:24:09 [ERROR] journal_utilities.downloader: Audio download failed for RoMCBXy-7E0: ERROR: could not find safari cookies database

2026-02-15 15:24:09 [INFO] journal_utilities.downloader: Audio for RoMCBXy-7E0: failed (ERROR: could not find safari cookies database
)
2026-02-15 15:24:10 [INFO] download_channel: [573/694] Processing e-Ck8sxCME0 — ActInf Livestream #035.0 ~ "A tale of two architectures free energy, its models, and modularity"
2026-02-15 15:24:10 [DEBUG] journal_utilities.downloader: yt-dlp audio cmd: yt-dlp --no-warnings --cookies-from-browser safari -x --audio-format mp3 --audio-quality 0 -o data/output/audio/%(id)s.%(ext)s https://www.youtube.com/watch?v=e-Ck8sxCME0
2026-02-15 15:24:10 [ERROR] journal_utilities.downloader: Audio download failed for e-Ck8sxCME0: ERROR: could not find safari cookies database

2026-02-15 15:24:10 [INFO] journal_utilities.downloader: Audio for e-Ck8sxCME0: failed (ERROR: could not find safari cookies database
)
2026-02-15 15:24:11 [INFO] download_channel: [574/694] Processing 4hTT6fUTMM8 — ActInf ReviewStream 2021 ~ End of 2021 paper review stream
2026-02-15 15:24:11 [DEBUG] journal_utilities.downloader: yt-dlp audio cmd: yt-dlp --no-warnings --cookies-from-browser safari -x --audio-format mp3 --audio-quality 0 -o data/output/audio/%(id)s.%(ext)s https://www.youtube.com/watch?v=4hTT6fUTMM8
2026-02-15 15:24:12 [ERROR] journal_utilities.downloader: Audio download failed for 4hTT6fUTMM8: ERROR: could not find safari cookies database

2026-02-15 15:24:12 [INFO] journal_utilities.downloader: Audio for 4hTT6fUTMM8: failed (ERROR: could not find safari cookies database
)
2026-02-15 15:24:13 [INFO] download_channel: [575/694] Processing -Y4OVfbxlMM — ActInf Livestream #032.3 ~ "Stochastic Chaos and Markov Blankets"
2026-02-15 15:24:13 [DEBUG] journal_utilities.downloader: yt-dlp audio cmd: yt-dlp --no-warnings --cookies-from-browser safari -x --audio-format mp3 --audio-quality 0 -o data/output/audio/%(id)s.%(ext)s https://www.youtube.com/watch?v=-Y4OVfbxlMM
2026-02-15 15:24:13 [ERROR] journal_utilities.downloader: Audio download failed for -Y4OVfbxlMM: ERROR: could not find safari cookies database

2026-02-15 15:24:13 [INFO] journal_utilities.downloader: Audio for -Y4OVfbxlMM: failed (ERROR: could not find safari cookies database
)
2026-02-15 15:24:14 [INFO] download_channel: [576/694] Processing vkZ_vnN0--Y — ActInf Livestream #034.2 ~ "The free energy principle: it’s not about what it takes..."
2026-02-15 15:24:14 [DEBUG] journal_utilities.downloader: yt-dlp audio cmd: yt-dlp --no-warnings --cookies-from-browser safari -x --audio-format mp3 --audio-quality 0 -o data/output/audio/%(id)s.%(ext)s https://www.youtube.com/watch?v=vkZ_vnN0--Y
2026-02-15 15:24:15 [ERROR] journal_utilities.downloader: Audio download failed for vkZ_vnN0--Y: ERROR: could not find safari cookies database

2026-02-15 15:24:15 [INFO] journal_utilities.downloader: Audio for vkZ_vnN0--Y: failed (ERROR: could not find safari cookies database
)
2026-02-15 15:24:16 [INFO] download_channel: [577/694] Processing 3SjbReGPZME — Active Inference ~ Twitter spaces #001 ~ December 9th 2021
2026-02-15 15:24:16 [DEBUG] journal_utilities.downloader: yt-dlp audio cmd: yt-dlp --no-warnings --cookies-from-browser safari -x --audio-format mp3 --audio-quality 0 -o data/output/audio/%(id)s.%(ext)s https://www.youtube.com/watch?v=3SjbReGPZME
2026-02-15 15:24:16 [ERROR] journal_utilities.downloader: Audio download failed for 3SjbReGPZME: ERROR: could not find safari cookies database

2026-02-15 15:24:16 [INFO] journal_utilities.downloader: Audio for 3SjbReGPZME: failed (ERROR: could not find safari cookies database
)
2026-02-15 15:24:17 [INFO] download_channel: [578/694] Processing JtXvkawQ1rY — ActInf Livestream #034.1 ~ "The free energy principle: it’s not about what it takes..."
2026-02-15 15:24:17 [DEBUG] journal_utilities.downloader: yt-dlp audio cmd: yt-dlp --no-warnings --cookies-from-browser safari -x --audio-format mp3 --audio-quality 0 -o data/output/audio/%(id)s.%(ext)s https://www.youtube.com/watch?v=JtXvkawQ1rY
2026-02-15 15:24:18 [ERROR] journal_utilities.downloader: Audio download failed for JtXvkawQ1rY: ERROR: could not find safari cookies database

2026-02-15 15:24:18 [INFO] journal_utilities.downloader: Audio for JtXvkawQ1rY: failed (ERROR: could not find safari cookies database
)
2026-02-15 15:24:19 [INFO] download_channel: [579/694] Processing Ga8EZMGO460 — ActInf Livestream #034.0 ~ "The free energy principle: it’s not about what it takes...."
2026-02-15 15:24:19 [DEBUG] journal_utilities.downloader: yt-dlp audio cmd: yt-dlp --no-warnings --cookies-from-browser safari -x --audio-format mp3 --audio-quality 0 -o data/output/audio/%(id)s.%(ext)s https://www.youtube.com/watch?v=Ga8EZMGO460
2026-02-15 15:24:20 [ERROR] journal_utilities.downloader: Audio download failed for Ga8EZMGO460: ERROR: could not find safari cookies database

2026-02-15 15:24:20 [INFO] journal_utilities.downloader: Audio for Ga8EZMGO460: failed (ERROR: could not find safari cookies database
)
2026-02-15 15:24:21 [INFO] download_channel: [580/694] Processing S5nXqPysU3I — ActInf Livestream #033.2 ~ "Thinking like a State - Embodied intelligence in the deep history...."
2026-02-15 15:24:21 [DEBUG] journal_utilities.downloader: yt-dlp audio cmd: yt-dlp --no-warnings --cookies-from-browser safari -x --audio-format mp3 --audio-quality 0 -o data/output/audio/%(id)s.%(ext)s https://www.youtube.com/watch?v=S5nXqPysU3I
2026-02-15 15:24:21 [ERROR] journal_utilities.downloader: Audio download failed for S5nXqPysU3I: ERROR: could not find safari cookies database

2026-02-15 15:24:21 [INFO] journal_utilities.downloader: Audio for S5nXqPysU3I: failed (ERROR: could not find safari cookies database
)
2026-02-15 15:24:22 [INFO] download_channel: [581/694] Processing LQuXltGQ8Xk — ActInf Livestream #033.1 ~ "Thinking like a State - Embodied intelligence in the deep history...."
2026-02-15 15:24:22 [DEBUG] journal_utilities.downloader: yt-dlp audio cmd: yt-dlp --no-warnings --cookies-from-browser safari -x --audio-format mp3 --audio-quality 0 -o data/output/audio/%(id)s.%(ext)s https://www.youtube.com/watch?v=LQuXltGQ8Xk
2026-02-15 15:24:23 [ERROR] journal_utilities.downloader: Audio download failed for LQuXltGQ8Xk: ERROR: could not find safari cookies database

2026-02-15 15:24:23 [INFO] journal_utilities.downloader: Audio for LQuXltGQ8Xk: failed (ERROR: could not find safari cookies database
)
2026-02-15 15:24:24 [INFO] download_channel: [582/694] Processing iIfDvVRgsjQ — ActInf Livestream #033.0 ~ "Thinking like a State - Embodied intelligence in the deep history...."
2026-02-15 15:24:24 [DEBUG] journal_utilities.downloader: yt-dlp audio cmd: yt-dlp --no-warnings --cookies-from-browser safari -x --audio-format mp3 --audio-quality 0 -o data/output/audio/%(id)s.%(ext)s https://www.youtube.com/watch?v=iIfDvVRgsjQ
2026-02-15 15:24:24 [ERROR] journal_utilities.downloader: Audio download failed for iIfDvVRgsjQ: ERROR: could not find safari cookies database

2026-02-15 15:24:24 [INFO] journal_utilities.downloader: Audio for iIfDvVRgsjQ: failed (ERROR: could not find safari cookies database
)
2026-02-15 15:24:25 [INFO] download_channel: [583/694] Processing ElKVfCJrIHM — ActInf Livestream #032.2 ~ "Stochastic Chaos and Markov Blankets"
2026-02-15 15:24:25 [DEBUG] journal_utilities.downloader: yt-dlp audio cmd: yt-dlp --no-warnings --cookies-from-browser safari -x --audio-format mp3 --audio-quality 0 -o data/output/audio/%(id)s.%(ext)s https://www.youtube.com/watch?v=ElKVfCJrIHM
2026-02-15 15:24:25 [ERROR] journal_utilities.downloader: Audio download failed for ElKVfCJrIHM: ERROR: could not find safari cookies database

2026-02-15 15:24:25 [INFO] journal_utilities.downloader: Audio for ElKVfCJrIHM: failed (ERROR: could not find safari cookies database
)
2026-02-15 15:24:26 [INFO] download_channel: [584/694] Processing wqoeyrW2Yqg — ActInf Livestream #032.1 ~ "Stochastic Chaos and Markov Blankets"
2026-02-15 15:24:26 [DEBUG] journal_utilities.downloader: yt-dlp audio cmd: yt-dlp --no-warnings --cookies-from-browser safari -x --audio-format mp3 --audio-quality 0 -o data/output/audio/%(id)s.%(ext)s https://www.youtube.com/watch?v=wqoeyrW2Yqg
2026-02-15 15:24:27 [ERROR] journal_utilities.downloader: Audio download failed for wqoeyrW2Yqg: ERROR: could not find safari cookies database

2026-02-15 15:24:27 [INFO] journal_utilities.downloader: Audio for wqoeyrW2Yqg: failed (ERROR: could not find safari cookies database
)
2026-02-15 15:24:28 [INFO] download_channel: [585/694] Processing eVbWeWEX9dA — ActInf GuestStream #013.1 ~ Adam Safron
2026-02-15 15:24:28 [DEBUG] journal_utilities.downloader: yt-dlp audio cmd: yt-dlp --no-warnings --cookies-from-browser safari -x --audio-format mp3 --audio-quality 0 -o data/output/audio/%(id)s.%(ext)s https://www.youtube.com/watch?v=eVbWeWEX9dA
2026-02-15 15:24:28 [ERROR] journal_utilities.downloader: Audio download failed for eVbWeWEX9dA: ERROR: could not find safari cookies database

2026-02-15 15:24:28 [INFO] journal_utilities.downloader: Audio for eVbWeWEX9dA: failed (ERROR: could not find safari cookies database
)
2026-02-15 15:24:29 [INFO] download_channel: [586/694] Processing 7_JLMK3agpA — ActInf Livestream #032.0 ~ "Stochastic Chaos and Markov Blankets"
2026-02-15 15:24:29 [DEBUG] journal_utilities.downloader: yt-dlp audio cmd: yt-dlp --no-warnings --cookies-from-browser safari -x --audio-format mp3 --audio-quality 0 -o data/output/audio/%(id)s.%(ext)s https://www.youtube.com/watch?v=7_JLMK3agpA
2026-02-15 15:24:30 [ERROR] journal_utilities.downloader: Audio download failed for 7_JLMK3agpA: ERROR: could not find safari cookies database

2026-02-15 15:24:30 [INFO] journal_utilities.downloader: Audio for 7_JLMK3agpA: failed (ERROR: could not find safari cookies database
)
2026-02-15 15:24:31 [INFO] download_channel: [587/694] Processing j4dt5a1f30g — ActInfLab 2021 Quarterly Roundtable #4
2026-02-15 15:24:31 [DEBUG] journal_utilities.downloader: yt-dlp audio cmd: yt-dlp --no-warnings --cookies-from-browser safari -x --audio-format mp3 --audio-quality 0 -o data/output/audio/%(id)s.%(ext)s https://www.youtube.com/watch?v=j4dt5a1f30g
2026-02-15 15:24:31 [ERROR] journal_utilities.downloader: Audio download failed for j4dt5a1f30g: ERROR: could not find safari cookies database

2026-02-15 15:24:31 [INFO] journal_utilities.downloader: Audio for j4dt5a1f30g: failed (ERROR: could not find safari cookies database
)
2026-02-15 15:24:32 [INFO] download_channel: [588/694] Processing bUr87RcOQUQ — ActInf OrgStream #001.1 ~ Richard D. Bartlett
2026-02-15 15:24:32 [DEBUG] journal_utilities.downloader: yt-dlp audio cmd: yt-dlp --no-warnings --cookies-from-browser safari -x --audio-format mp3 --audio-quality 0 -o data/output/audio/%(id)s.%(ext)s https://www.youtube.com/watch?v=bUr87RcOQUQ
2026-02-15 15:24:33 [ERROR] journal_utilities.downloader: Audio download failed for bUr87RcOQUQ: ERROR: could not find safari cookies database

2026-02-15 15:24:33 [INFO] journal_utilities.downloader: Audio for bUr87RcOQUQ: failed (ERROR: could not find safari cookies database
)
2026-02-15 15:24:34 [INFO] download_channel: [589/694] Processing GYJ0UC6ykxk — ActInf Livestream #031.2 ~ "Non-equilibrium Thermodynamics and the Free Energy Principle in Biology"
2026-02-15 15:24:34 [DEBUG] journal_utilities.downloader: yt-dlp audio cmd: yt-dlp --no-warnings --cookies-from-browser safari -x --audio-format mp3 --audio-quality 0 -o data/output/audio/%(id)s.%(ext)s https://www.youtube.com/watch?v=GYJ0UC6ykxk
2026-02-15 15:24:34 [ERROR] journal_utilities.downloader: Audio download failed for GYJ0UC6ykxk: ERROR: could not find safari cookies database

2026-02-15 15:24:34 [INFO] journal_utilities.downloader: Audio for GYJ0UC6ykxk: failed (ERROR: could not find safari cookies database
)
2026-02-15 15:24:35 [INFO] download_channel: [590/694] Processing zVvTAnRwigQ — ActInf GuestStream #012.1 ~ Martin Butz
2026-02-15 15:24:35 [DEBUG] journal_utilities.downloader: yt-dlp audio cmd: yt-dlp --no-warnings --cookies-from-browser safari -x --audio-format mp3 --audio-quality 0 -o data/output/audio/%(id)s.%(ext)s https://www.youtube.com/watch?v=zVvTAnRwigQ
2026-02-15 15:24:35 [ERROR] journal_utilities.downloader: Audio download failed for zVvTAnRwigQ: ERROR: could not find safari cookies database

2026-02-15 15:24:35 [INFO] journal_utilities.downloader: Audio for zVvTAnRwigQ: failed (ERROR: could not find safari cookies database
)
2026-02-15 15:24:36 [INFO] download_channel: [591/694] Processing Zvwt-98kcFM — ActInf GuestStream #011.1 ~ Gregg Henriques
2026-02-15 15:24:36 [DEBUG] journal_utilities.downloader: yt-dlp audio cmd: yt-dlp --no-warnings --cookies-from-browser safari -x --audio-format mp3 --audio-quality 0 -o data/output/audio/%(id)s.%(ext)s https://www.youtube.com/watch?v=Zvwt-98kcFM
2026-02-15 15:24:37 [ERROR] journal_utilities.downloader: Audio download failed for Zvwt-98kcFM: ERROR: could not find safari cookies database

2026-02-15 15:24:37 [INFO] journal_utilities.downloader: Audio for Zvwt-98kcFM: failed (ERROR: could not find safari cookies database
)
2026-02-15 15:24:38 [INFO] download_channel: [592/694] Processing 4XR8mIw9gcc — ActInf Livestream #031.1 ~ "Non-equilibrium Thermodynamics and the Free Energy Principle in Biology"
2026-02-15 15:24:38 [DEBUG] journal_utilities.downloader: yt-dlp audio cmd: yt-dlp --no-warnings --cookies-from-browser safari -x --audio-format mp3 --audio-quality 0 -o data/output/audio/%(id)s.%(ext)s https://www.youtube.com/watch?v=4XR8mIw9gcc
2026-02-15 15:24:38 [ERROR] journal_utilities.downloader: Audio download failed for 4XR8mIw9gcc: ERROR: could not find safari cookies database

2026-02-15 15:24:38 [INFO] journal_utilities.downloader: Audio for 4XR8mIw9gcc: failed (ERROR: could not find safari cookies database
)
2026-02-15 15:24:39 [INFO] download_channel: [593/694] Processing imPNfqsHbjI — ActInf Livestream #031.0 ~ "Non-equilibrium Thermodynamics and the Free Energy Principle in Biology"
2026-02-15 15:24:39 [DEBUG] journal_utilities.downloader: yt-dlp audio cmd: yt-dlp --no-warnings --cookies-from-browser safari -x --audio-format mp3 --audio-quality 0 -o data/output/audio/%(id)s.%(ext)s https://www.youtube.com/watch?v=imPNfqsHbjI
2026-02-15 15:24:40 [ERROR] journal_utilities.downloader: Audio download failed for imPNfqsHbjI: ERROR: could not find safari cookies database

2026-02-15 15:24:40 [INFO] journal_utilities.downloader: Audio for imPNfqsHbjI: failed (ERROR: could not find safari cookies database
)
2026-02-15 15:24:41 [INFO] download_channel: [594/694] Processing VXLNOfkH5Rg — ActInf Livestream #030.2 ~ “How to count biological minds: symbiosis, the free energy principle..."
2026-02-15 15:24:41 [DEBUG] journal_utilities.downloader: yt-dlp audio cmd: yt-dlp --no-warnings --cookies-from-browser safari -x --audio-format mp3 --audio-quality 0 -o data/output/audio/%(id)s.%(ext)s https://www.youtube.com/watch?v=VXLNOfkH5Rg
2026-02-15 15:24:41 [ERROR] journal_utilities.downloader: Audio download failed for VXLNOfkH5Rg: ERROR: could not find safari cookies database

2026-02-15 15:24:41 [INFO] journal_utilities.downloader: Audio for VXLNOfkH5Rg: failed (ERROR: could not find safari cookies database
)
2026-02-15 15:24:42 [INFO] download_channel: [595/694] Processing 5H164LqEwiA — ActInf Livestream #030.1 ~ “How to count biological minds: symbiosis, the free energy principle..."
2026-02-15 15:24:42 [DEBUG] journal_utilities.downloader: yt-dlp audio cmd: yt-dlp --no-warnings --cookies-from-browser safari -x --audio-format mp3 --audio-quality 0 -o data/output/audio/%(id)s.%(ext)s https://www.youtube.com/watch?v=5H164LqEwiA
2026-02-15 15:24:42 [ERROR] journal_utilities.downloader: Audio download failed for 5H164LqEwiA: ERROR: could not find safari cookies database

2026-02-15 15:24:42 [INFO] journal_utilities.downloader: Audio for 5H164LqEwiA: failed (ERROR: could not find safari cookies database
)
2026-02-15 15:24:43 [INFO] download_channel: [596/694] Processing N3WUpVH8-D8 — ActInf Livestream #030.0 ~ “How to count biological minds: symbiosis, the free energy principle..."
2026-02-15 15:24:43 [DEBUG] journal_utilities.downloader: yt-dlp audio cmd: yt-dlp --no-warnings --cookies-from-browser safari -x --audio-format mp3 --audio-quality 0 -o data/output/audio/%(id)s.%(ext)s https://www.youtube.com/watch?v=N3WUpVH8-D8
2026-02-15 15:24:44 [ERROR] journal_utilities.downloader: Audio download failed for N3WUpVH8-D8: ERROR: could not find safari cookies database

2026-02-15 15:24:44 [INFO] journal_utilities.downloader: Audio for N3WUpVH8-D8: failed (ERROR: could not find safari cookies database
)
2026-02-15 15:24:45 [INFO] download_channel: [597/694] Processing Z4S5JVoeGBw — ActInf Livestream #029.2 ~ “Active Inferants: An Active Inference Framework for Ant Colony Behavior”
2026-02-15 15:24:45 [DEBUG] journal_utilities.downloader: yt-dlp audio cmd: yt-dlp --no-warnings --cookies-from-browser safari -x --audio-format mp3 --audio-quality 0 -o data/output/audio/%(id)s.%(ext)s https://www.youtube.com/watch?v=Z4S5JVoeGBw
2026-02-15 15:24:45 [ERROR] journal_utilities.downloader: Audio download failed for Z4S5JVoeGBw: ERROR: could not find safari cookies database

2026-02-15 15:24:45 [INFO] journal_utilities.downloader: Audio for Z4S5JVoeGBw: failed (ERROR: could not find safari cookies database
)
2026-02-15 15:24:46 [INFO] download_channel: [598/694] Processing Z0fpX5Lpp0Y — ActInf Livestream #029.1 ~ “Active Inferants: An Active Inference Framework for Ant Colony Behavior”
2026-02-15 15:24:46 [DEBUG] journal_utilities.downloader: yt-dlp audio cmd: yt-dlp --no-warnings --cookies-from-browser safari -x --audio-format mp3 --audio-quality 0 -o data/output/audio/%(id)s.%(ext)s https://www.youtube.com/watch?v=Z0fpX5Lpp0Y
2026-02-15 15:24:47 [ERROR] journal_utilities.downloader: Audio download failed for Z0fpX5Lpp0Y: ERROR: could not find safari cookies database

2026-02-15 15:24:47 [INFO] journal_utilities.downloader: Audio for Z0fpX5Lpp0Y: failed (ERROR: could not find safari cookies database
)
2026-02-15 15:24:48 [INFO] download_channel: [599/694] Processing SNbfAkOokAI — ActInf Livestream #029.0 ~ “Active Inferants: An Active Inference Framework for Ant Colony Behavior”
2026-02-15 15:24:48 [DEBUG] journal_utilities.downloader: yt-dlp audio cmd: yt-dlp --no-warnings --cookies-from-browser safari -x --audio-format mp3 --audio-quality 0 -o data/output/audio/%(id)s.%(ext)s https://www.youtube.com/watch?v=SNbfAkOokAI
2026-02-15 15:24:48 [ERROR] journal_utilities.downloader: Audio download failed for SNbfAkOokAI: ERROR: could not find safari cookies database

2026-02-15 15:24:48 [INFO] journal_utilities.downloader: Audio for SNbfAkOokAI: failed (ERROR: could not find safari cookies database
)
2026-02-15 15:24:49 [INFO] download_channel: [600/694] Processing sEyNwzUuiII — ActInf Livestream #028.2 ~ “Towards a computational phenomenology of mental action"
2026-02-15 15:24:49 [DEBUG] journal_utilities.downloader: yt-dlp audio cmd: yt-dlp --no-warnings --cookies-from-browser safari -x --audio-format mp3 --audio-quality 0 -o data/output/audio/%(id)s.%(ext)s https://www.youtube.com/watch?v=sEyNwzUuiII
2026-02-15 15:24:49 [ERROR] journal_utilities.downloader: Audio download failed for sEyNwzUuiII: ERROR: could not find safari cookies database

2026-02-15 15:24:49 [INFO] journal_utilities.downloader: Audio for sEyNwzUuiII: failed (ERROR: could not find safari cookies database
)
2026-02-15 15:24:50 [INFO] download_channel: [601/694] Processing Hvr-RgWZ7p4 — ActInf GuestStream #010.1 ~ Philip Gerrans
2026-02-15 15:24:50 [DEBUG] journal_utilities.downloader: yt-dlp audio cmd: yt-dlp --no-warnings --cookies-from-browser safari -x --audio-format mp3 --audio-quality 0 -o data/output/audio/%(id)s.%(ext)s https://www.youtube.com/watch?v=Hvr-RgWZ7p4
2026-02-15 15:24:51 [ERROR] journal_utilities.downloader: Audio download failed for Hvr-RgWZ7p4: ERROR: could not find safari cookies database

2026-02-15 15:24:51 [INFO] journal_utilities.downloader: Audio for Hvr-RgWZ7p4: failed (ERROR: could not find safari cookies database
)
2026-02-15 15:24:52 [INFO] download_channel: [602/694] Processing eX5jt3HP27c — ActInf Livestream #028.1 ~ “Towards a computational phenomenology of mental action"
2026-02-15 15:24:52 [DEBUG] journal_utilities.downloader: yt-dlp audio cmd: yt-dlp --no-warnings --cookies-from-browser safari -x --audio-format mp3 --audio-quality 0 -o data/output/audio/%(id)s.%(ext)s https://www.youtube.com/watch?v=eX5jt3HP27c
2026-02-15 15:24:52 [ERROR] journal_utilities.downloader: Audio download failed for eX5jt3HP27c: ERROR: could not find safari cookies database

2026-02-15 15:24:52 [INFO] journal_utilities.downloader: Audio for eX5jt3HP27c: failed (ERROR: could not find safari cookies database
)
2026-02-15 15:24:53 [INFO] download_channel: [603/694] Processing sjdjRJMRVfw — ActInf Livestream #028.0 ~ “Towards a computational phenomenology of mental action"
2026-02-15 15:24:53 [DEBUG] journal_utilities.downloader: yt-dlp audio cmd: yt-dlp --no-warnings --cookies-from-browser safari -x --audio-format mp3 --audio-quality 0 -o data/output/audio/%(id)s.%(ext)s https://www.youtube.com/watch?v=sjdjRJMRVfw
2026-02-15 15:24:54 [ERROR] journal_utilities.downloader: Audio download failed for sjdjRJMRVfw: ERROR: could not find safari cookies database

2026-02-15 15:24:54 [INFO] journal_utilities.downloader: Audio for sjdjRJMRVfw: failed (ERROR: could not find safari cookies database
)
2026-02-15 15:24:55 [INFO] download_channel: [604/694] Processing MWWV3U-Llk4 — ActInf Livestream #027.2 ~ “Active Inference: Applicability to Different Types of ..."
2026-02-15 15:24:55 [DEBUG] journal_utilities.downloader: yt-dlp audio cmd: yt-dlp --no-warnings --cookies-from-browser safari -x --audio-format mp3 --audio-quality 0 -o data/output/audio/%(id)s.%(ext)s https://www.youtube.com/watch?v=MWWV3U-Llk4
2026-02-15 15:24:55 [ERROR] journal_utilities.downloader: Audio download failed for MWWV3U-Llk4: ERROR: could not find safari cookies database

2026-02-15 15:24:55 [INFO] journal_utilities.downloader: Audio for MWWV3U-Llk4: failed (ERROR: could not find safari cookies database
)
2026-02-15 15:24:56 [INFO] download_channel: [605/694] Processing Oq2oM55OKzE — ActInf Livestream #027.1 ~ “Active Inference: Applicability to Different Types of ..."
2026-02-15 15:24:56 [DEBUG] journal_utilities.downloader: yt-dlp audio cmd: yt-dlp --no-warnings --cookies-from-browser safari -x --audio-format mp3 --audio-quality 0 -o data/output/audio/%(id)s.%(ext)s https://www.youtube.com/watch?v=Oq2oM55OKzE
2026-02-15 15:24:56 [ERROR] journal_utilities.downloader: Audio download failed for Oq2oM55OKzE: ERROR: could not find safari cookies database

2026-02-15 15:24:56 [INFO] journal_utilities.downloader: Audio for Oq2oM55OKzE: failed (ERROR: could not find safari cookies database
)
2026-02-15 15:24:57 [INFO] download_channel: [606/694] Processing qw0SkhnHWWI — ActInf Livestream #027.0 ~ “Active Inference: Applicability to Different Types of ..."
2026-02-15 15:24:57 [DEBUG] journal_utilities.downloader: yt-dlp audio cmd: yt-dlp --no-warnings --cookies-from-browser safari -x --audio-format mp3 --audio-quality 0 -o data/output/audio/%(id)s.%(ext)s https://www.youtube.com/watch?v=qw0SkhnHWWI
2026-02-15 15:24:58 [ERROR] journal_utilities.downloader: Audio download failed for qw0SkhnHWWI: ERROR: could not find safari cookies database

2026-02-15 15:24:58 [INFO] journal_utilities.downloader: Audio for qw0SkhnHWWI: failed (ERROR: could not find safari cookies database
)
2026-02-15 15:24:59 [INFO] download_channel: [607/694] Processing odkks5F9ZMM — ActInf GuestStream #009.1 ~ "Collective intelligence and active inference"
2026-02-15 15:24:59 [DEBUG] journal_utilities.downloader: yt-dlp audio cmd: yt-dlp --no-warnings --cookies-from-browser safari -x --audio-format mp3 --audio-quality 0 -o data/output/audio/%(id)s.%(ext)s https://www.youtube.com/watch?v=odkks5F9ZMM
2026-02-15 15:24:59 [ERROR] journal_utilities.downloader: Audio download failed for odkks5F9ZMM: ERROR: could not find safari cookies database

2026-02-15 15:24:59 [INFO] journal_utilities.downloader: Audio for odkks5F9ZMM: failed (ERROR: could not find safari cookies database
)
2026-02-15 15:25:00 [INFO] download_channel: [608/694] Processing uePR4DQv0yI — ActInf ModelStream #004.1 ~ "Implementing Active Inference by Message Passing in a Factor Graph"
2026-02-15 15:25:00 [DEBUG] journal_utilities.downloader: yt-dlp audio cmd: yt-dlp --no-warnings --cookies-from-browser safari -x --audio-format mp3 --audio-quality 0 -o data/output/audio/%(id)s.%(ext)s https://www.youtube.com/watch?v=uePR4DQv0yI
2026-02-15 15:25:01 [ERROR] journal_utilities.downloader: Audio download failed for uePR4DQv0yI: ERROR: could not find safari cookies database

2026-02-15 15:25:01 [INFO] journal_utilities.downloader: Audio for uePR4DQv0yI: failed (ERROR: could not find safari cookies database
)
2026-02-15 15:25:02 [INFO] download_channel: [609/694] Processing SH2v6joMD4k — ActInf Livestream #026.2 ~ “Bayesian Mechanics for Stationary Processes”
2026-02-15 15:25:02 [DEBUG] journal_utilities.downloader: yt-dlp audio cmd: yt-dlp --no-warnings --cookies-from-browser safari -x --audio-format mp3 --audio-quality 0 -o data/output/audio/%(id)s.%(ext)s https://www.youtube.com/watch?v=SH2v6joMD4k
2026-02-15 15:25:02 [ERROR] journal_utilities.downloader: Audio download failed for SH2v6joMD4k: ERROR: could not find safari cookies database

2026-02-15 15:25:02 [INFO] journal_utilities.downloader: Audio for SH2v6joMD4k: failed (ERROR: could not find safari cookies database
)
2026-02-15 15:25:03 [INFO] download_channel: [610/694] Processing 1rHz3Ir5v9c — ActInf Livestream #026.1 ~ “Bayesian Mechanics for Stationary Processes”
2026-02-15 15:25:03 [DEBUG] journal_utilities.downloader: yt-dlp audio cmd: yt-dlp --no-warnings --cookies-from-browser safari -x --audio-format mp3 --audio-quality 0 -o data/output/audio/%(id)s.%(ext)s https://www.youtube.com/watch?v=1rHz3Ir5v9c
2026-02-15 15:25:03 [ERROR] journal_utilities.downloader: Audio download failed for 1rHz3Ir5v9c: ERROR: could not find safari cookies database

2026-02-15 15:25:03 [INFO] journal_utilities.downloader: Audio for 1rHz3Ir5v9c: failed (ERROR: could not find safari cookies database
)
2026-02-15 15:25:04 [INFO] download_channel: [611/694] Processing m8gUev5aVFs — ActInf GuestStream #008.1 ~ "Exploring the Predictive Dynamics of Happiness and Well-Being"
2026-02-15 15:25:04 [DEBUG] journal_utilities.downloader: yt-dlp audio cmd: yt-dlp --no-warnings --cookies-from-browser safari -x --audio-format mp3 --audio-quality 0 -o data/output/audio/%(id)s.%(ext)s https://www.youtube.com/watch?v=m8gUev5aVFs
2026-02-15 15:25:05 [ERROR] journal_utilities.downloader: Audio download failed for m8gUev5aVFs: ERROR: could not find safari cookies database

2026-02-15 15:25:05 [INFO] journal_utilities.downloader: Audio for m8gUev5aVFs: failed (ERROR: could not find safari cookies database
)
2026-02-15 15:25:06 [INFO] download_channel: [612/694] Processing eZlG_J7sPj4 — ActInf Livestream #026.0 ~ “Bayesian Mechanics for Stationary Processes”
2026-02-15 15:25:06 [DEBUG] journal_utilities.downloader: yt-dlp audio cmd: yt-dlp --no-warnings --cookies-from-browser safari -x --audio-format mp3 --audio-quality 0 -o data/output/audio/%(id)s.%(ext)s https://www.youtube.com/watch?v=eZlG_J7sPj4
2026-02-15 15:25:06 [ERROR] journal_utilities.downloader: Audio download failed for eZlG_J7sPj4: ERROR: could not find safari cookies database

2026-02-15 15:25:06 [INFO] journal_utilities.downloader: Audio for eZlG_J7sPj4: failed (ERROR: could not find safari cookies database
)
2026-02-15 15:25:07 [INFO] download_channel: [613/694] Processing hGoZierAPbU — ActInfLab 2021 Quarterly Roundtable #3
2026-02-15 15:25:07 [DEBUG] journal_utilities.downloader: yt-dlp audio cmd: yt-dlp --no-warnings --cookies-from-browser safari -x --audio-format mp3 --audio-quality 0 -o data/output/audio/%(id)s.%(ext)s https://www.youtube.com/watch?v=hGoZierAPbU
2026-02-15 15:25:08 [ERROR] journal_utilities.downloader: Audio download failed for hGoZierAPbU: ERROR: could not find safari cookies database

2026-02-15 15:25:08 [INFO] journal_utilities.downloader: Audio for hGoZierAPbU: failed (ERROR: could not find safari cookies database
)
2026-02-15 15:25:09 [INFO] download_channel: [614/694] Processing v0oJvbVuAF0 — ActInf Livestream #025.1 ~ "The Computational Boundary of a Self"
2026-02-15 15:25:09 [DEBUG] journal_utilities.downloader: yt-dlp audio cmd: yt-dlp --no-warnings --cookies-from-browser safari -x --audio-format mp3 --audio-quality 0 -o data/output/audio/%(id)s.%(ext)s https://www.youtube.com/watch?v=v0oJvbVuAF0
2026-02-15 15:25:09 [ERROR] journal_utilities.downloader: Audio download failed for v0oJvbVuAF0: ERROR: could not find safari cookies database

2026-02-15 15:25:09 [INFO] journal_utilities.downloader: Audio for v0oJvbVuAF0: failed (ERROR: could not find safari cookies database
)
2026-02-15 15:25:10 [INFO] download_channel: [615/694] Processing 4JfGs_m5QHo — ActInf Livestream #025.0 ~ "The Computational Boundary of a Self"
2026-02-15 15:25:10 [DEBUG] journal_utilities.downloader: yt-dlp audio cmd: yt-dlp --no-warnings --cookies-from-browser safari -x --audio-format mp3 --audio-quality 0 -o data/output/audio/%(id)s.%(ext)s https://www.youtube.com/watch?v=4JfGs_m5QHo
2026-02-15 15:25:10 [ERROR] journal_utilities.downloader: Audio download failed for 4JfGs_m5QHo: ERROR: could not find safari cookies database

2026-02-15 15:25:10 [INFO] journal_utilities.downloader: Audio for 4JfGs_m5QHo: failed (ERROR: could not find safari cookies database
)
2026-02-15 15:25:11 [INFO] download_channel: [616/694] Processing lqxl8w_JGek — ActInf Livestream #024.2 ~ "An empirical evaluation of active inference in multi-armed bandits"
2026-02-15 15:25:11 [DEBUG] journal_utilities.downloader: yt-dlp audio cmd: yt-dlp --no-warnings --cookies-from-browser safari -x --audio-format mp3 --audio-quality 0 -o data/output/audio/%(id)s.%(ext)s https://www.youtube.com/watch?v=lqxl8w_JGek
2026-02-15 15:25:12 [ERROR] journal_utilities.downloader: Audio download failed for lqxl8w_JGek: ERROR: could not find safari cookies database

2026-02-15 15:25:12 [INFO] journal_utilities.downloader: Audio for lqxl8w_JGek: failed (ERROR: could not find safari cookies database
)
2026-02-15 15:25:13 [INFO] download_channel: [617/694] Processing a089q9RaI14 — ActInf Livestream #024.1 ~ "An empirical evaluation of active inference in multi-armed bandits"
2026-02-15 15:25:13 [DEBUG] journal_utilities.downloader: yt-dlp audio cmd: yt-dlp --no-warnings --cookies-from-browser safari -x --audio-format mp3 --audio-quality 0 -o data/output/audio/%(id)s.%(ext)s https://www.youtube.com/watch?v=a089q9RaI14
2026-02-15 15:25:13 [ERROR] journal_utilities.downloader: Audio download failed for a089q9RaI14: ERROR: could not find safari cookies database

2026-02-15 15:25:13 [INFO] journal_utilities.downloader: Audio for a089q9RaI14: failed (ERROR: could not find safari cookies database
)
2026-02-15 15:25:14 [INFO] download_channel: [618/694] Processing Fx7xWUU1MlI — ActInf Livestream #024.0 ~ "An empirical evaluation of active inference in multi-armed bandits"
2026-02-15 15:25:14 [DEBUG] journal_utilities.downloader: yt-dlp audio cmd: yt-dlp --no-warnings --cookies-from-browser safari -x --audio-format mp3 --audio-quality 0 -o data/output/audio/%(id)s.%(ext)s https://www.youtube.com/watch?v=Fx7xWUU1MlI
2026-02-15 15:25:15 [ERROR] journal_utilities.downloader: Audio download failed for Fx7xWUU1MlI: ERROR: could not find safari cookies database

2026-02-15 15:25:15 [INFO] journal_utilities.downloader: Audio for Fx7xWUU1MlI: failed (ERROR: could not find safari cookies database
)
2026-02-15 15:25:16 [INFO] download_channel: [619/694] Processing bjYUbKlfHUo — ActInf Livestream #023.2 ~  "Embodied skillful performance: where the action is"
2026-02-15 15:25:16 [DEBUG] journal_utilities.downloader: yt-dlp audio cmd: yt-dlp --no-warnings --cookies-from-browser safari -x --audio-format mp3 --audio-quality 0 -o data/output/audio/%(id)s.%(ext)s https://www.youtube.com/watch?v=bjYUbKlfHUo
2026-02-15 15:25:16 [ERROR] journal_utilities.downloader: Audio download failed for bjYUbKlfHUo: ERROR: could not find safari cookies database

2026-02-15 15:25:16 [INFO] journal_utilities.downloader: Audio for bjYUbKlfHUo: failed (ERROR: could not find safari cookies database
)
2026-02-15 15:25:17 [INFO] download_channel: [620/694] Processing PgzQrHSu1CU — ActInf Livestream #023.1 ~  "Embodied skillful performance: where the action is"
2026-02-15 15:25:17 [DEBUG] journal_utilities.downloader: yt-dlp audio cmd: yt-dlp --no-warnings --cookies-from-browser safari -x --audio-format mp3 --audio-quality 0 -o data/output/audio/%(id)s.%(ext)s https://www.youtube.com/watch?v=PgzQrHSu1CU
2026-02-15 15:25:17 [ERROR] journal_utilities.downloader: Audio download failed for PgzQrHSu1CU: ERROR: could not find safari cookies database

2026-02-15 15:25:17 [INFO] journal_utilities.downloader: Audio for PgzQrHSu1CU: failed (ERROR: could not find safari cookies database
)
2026-02-15 15:25:18 [INFO] download_channel: [621/694] Processing AUXWQzpr2x8 — ActInfLab 2021 Quarterly Roundtable #2
2026-02-15 15:25:18 [DEBUG] journal_utilities.downloader: yt-dlp audio cmd: yt-dlp --no-warnings --cookies-from-browser safari -x --audio-format mp3 --audio-quality 0 -o data/output/audio/%(id)s.%(ext)s https://www.youtube.com/watch?v=AUXWQzpr2x8
2026-02-15 15:25:19 [ERROR] journal_utilities.downloader: Audio download failed for AUXWQzpr2x8: ERROR: could not find safari cookies database

2026-02-15 15:25:19 [INFO] journal_utilities.downloader: Audio for AUXWQzpr2x8: failed (ERROR: could not find safari cookies database
)
2026-02-15 15:25:20 [INFO] download_channel: [622/694] Processing YjTD_Ifw_qA — ActInf GuestStream #007.1 ~ How particular is the physics of the Free Energy Principle?
2026-02-15 15:25:20 [DEBUG] journal_utilities.downloader: yt-dlp audio cmd: yt-dlp --no-warnings --cookies-from-browser safari -x --audio-format mp3 --audio-quality 0 -o data/output/audio/%(id)s.%(ext)s https://www.youtube.com/watch?v=YjTD_Ifw_qA
2026-02-15 15:25:20 [ERROR] journal_utilities.downloader: Audio download failed for YjTD_Ifw_qA: ERROR: could not find safari cookies database

2026-02-15 15:25:20 [INFO] journal_utilities.downloader: Audio for YjTD_Ifw_qA: failed (ERROR: could not find safari cookies database
)
2026-02-15 15:25:21 [INFO] download_channel: [623/694] Processing 8JrGE02KzuY — ActInf Livestream #023.0 ~ "Embodied skillful performance: where the action is"
2026-02-15 15:25:21 [DEBUG] journal_utilities.downloader: yt-dlp audio cmd: yt-dlp --no-warnings --cookies-from-browser safari -x --audio-format mp3 --audio-quality 0 -o data/output/audio/%(id)s.%(ext)s https://www.youtube.com/watch?v=8JrGE02KzuY
2026-02-15 15:25:22 [ERROR] journal_utilities.downloader: Audio download failed for 8JrGE02KzuY: ERROR: could not find safari cookies database

2026-02-15 15:25:22 [INFO] journal_utilities.downloader: Audio for 8JrGE02KzuY: failed (ERROR: could not find safari cookies database
)
2026-02-15 15:25:23 [INFO] download_channel: [624/694] Processing G-S-kq42evw — ActInf ModelStream #003.1 ~ Ozan Catal & Tim Verbelen
2026-02-15 15:25:23 [DEBUG] journal_utilities.downloader: yt-dlp audio cmd: yt-dlp --no-warnings --cookies-from-browser safari -x --audio-format mp3 --audio-quality 0 -o data/output/audio/%(id)s.%(ext)s https://www.youtube.com/watch?v=G-S-kq42evw
2026-02-15 15:25:23 [ERROR] journal_utilities.downloader: Audio download failed for G-S-kq42evw: ERROR: could not find safari cookies database

2026-02-15 15:25:23 [INFO] journal_utilities.downloader: Audio for G-S-kq42evw: failed (ERROR: could not find safari cookies database
)
2026-02-15 15:25:24 [INFO] download_channel: [625/694] Processing wiUDw6vk644 — ActInf Livestream #022.2 ~ Psychophysical identity and free energy
2026-02-15 15:25:24 [DEBUG] journal_utilities.downloader: yt-dlp audio cmd: yt-dlp --no-warnings --cookies-from-browser safari -x --audio-format mp3 --audio-quality 0 -o data/output/audio/%(id)s.%(ext)s https://www.youtube.com/watch?v=wiUDw6vk644
2026-02-15 15:25:24 [ERROR] journal_utilities.downloader: Audio download failed for wiUDw6vk644: ERROR: could not find safari cookies database

2026-02-15 15:25:24 [INFO] journal_utilities.downloader: Audio for wiUDw6vk644: failed (ERROR: could not find safari cookies database
)
2026-02-15 15:25:25 [INFO] download_channel: [626/694] Processing v60cQUiu1NE — ActInf Livestream #022.1 ~ Psychophysical identity and free energy
2026-02-15 15:25:25 [DEBUG] journal_utilities.downloader: yt-dlp audio cmd: yt-dlp --no-warnings --cookies-from-browser safari -x --audio-format mp3 --audio-quality 0 -o data/output/audio/%(id)s.%(ext)s https://www.youtube.com/watch?v=v60cQUiu1NE
2026-02-15 15:25:26 [ERROR] journal_utilities.downloader: Audio download failed for v60cQUiu1NE: ERROR: could not find safari cookies database

2026-02-15 15:25:26 [INFO] journal_utilities.downloader: Audio for v60cQUiu1NE: failed (ERROR: could not find safari cookies database
)
2026-02-15 15:25:27 [INFO] download_channel: [627/694] Processing bNB-7nQDdwM — ActInf Livestream #022.0 ~ "Psychophysical identity and free energy"
2026-02-15 15:25:27 [DEBUG] journal_utilities.downloader: yt-dlp audio cmd: yt-dlp --no-warnings --cookies-from-browser safari -x --audio-format mp3 --audio-quality 0 -o data/output/audio/%(id)s.%(ext)s https://www.youtube.com/watch?v=bNB-7nQDdwM
2026-02-15 15:25:27 [ERROR] journal_utilities.downloader: Audio download failed for bNB-7nQDdwM: ERROR: could not find safari cookies database

2026-02-15 15:25:27 [INFO] journal_utilities.downloader: Audio for bNB-7nQDdwM: failed (ERROR: could not find safari cookies database
)
2026-02-15 15:25:28 [INFO] download_channel: [628/694] Processing i5WwQ4WXGNo — ActInf Livestream #021.2 ~ John Boik
2026-02-15 15:25:28 [DEBUG] journal_utilities.downloader: yt-dlp audio cmd: yt-dlp --no-warnings --cookies-from-browser safari -x --audio-format mp3 --audio-quality 0 -o data/output/audio/%(id)s.%(ext)s https://www.youtube.com/watch?v=i5WwQ4WXGNo
2026-02-15 15:25:29 [ERROR] journal_utilities.downloader: Audio download failed for i5WwQ4WXGNo: ERROR: could not find safari cookies database

2026-02-15 15:25:29 [INFO] journal_utilities.downloader: Audio for i5WwQ4WXGNo: failed (ERROR: could not find safari cookies database
)
2026-02-15 15:25:30 [INFO] download_channel: [629/694] Processing lwVIUz7O0jg — ActInf GuestStream #006.1 -- Anna Ciaunica
2026-02-15 15:25:30 [DEBUG] journal_utilities.downloader: yt-dlp audio cmd: yt-dlp --no-warnings --cookies-from-browser safari -x --audio-format mp3 --audio-quality 0 -o data/output/audio/%(id)s.%(ext)s https://www.youtube.com/watch?v=lwVIUz7O0jg
2026-02-15 15:25:30 [ERROR] journal_utilities.downloader: Audio download failed for lwVIUz7O0jg: ERROR: could not find safari cookies database

2026-02-15 15:25:30 [INFO] journal_utilities.downloader: Audio for lwVIUz7O0jg: failed (ERROR: could not find safari cookies database
)
2026-02-15 15:25:31 [INFO] download_channel: [630/694] Processing mbEqoCV16q4 — ActInf Livestream #021.1 ~ John Boik
2026-02-15 15:25:31 [DEBUG] journal_utilities.downloader: yt-dlp audio cmd: yt-dlp --no-warnings --cookies-from-browser safari -x --audio-format mp3 --audio-quality 0 -o data/output/audio/%(id)s.%(ext)s https://www.youtube.com/watch?v=mbEqoCV16q4
2026-02-15 15:25:31 [ERROR] journal_utilities.downloader: Audio download failed for mbEqoCV16q4: ERROR: could not find safari cookies database

2026-02-15 15:25:31 [INFO] journal_utilities.downloader: Audio for mbEqoCV16q4: failed (ERROR: could not find safari cookies database
)
2026-02-15 15:25:32 [INFO] download_channel: [631/694] Processing Sxst-xBTMvU — ActInf GuestStream #005.1 ~ Martin Biehl
2026-02-15 15:25:32 [DEBUG] journal_utilities.downloader: yt-dlp audio cmd: yt-dlp --no-warnings --cookies-from-browser safari -x --audio-format mp3 --audio-quality 0 -o data/output/audio/%(id)s.%(ext)s https://www.youtube.com/watch?v=Sxst-xBTMvU
2026-02-15 15:25:33 [ERROR] journal_utilities.downloader: Audio download failed for Sxst-xBTMvU: ERROR: could not find safari cookies database

2026-02-15 15:25:33 [INFO] journal_utilities.downloader: Audio for Sxst-xBTMvU: failed (ERROR: could not find safari cookies database
)
2026-02-15 15:25:34 [INFO] download_channel: [632/694] Processing PakWPvu07OM — ActInf Livestream #021.04 ~ John Boik
2026-02-15 15:25:34 [DEBUG] journal_utilities.downloader: yt-dlp audio cmd: yt-dlp --no-warnings --cookies-from-browser safari -x --audio-format mp3 --audio-quality 0 -o data/output/audio/%(id)s.%(ext)s https://www.youtube.com/watch?v=PakWPvu07OM
2026-02-15 15:25:34 [ERROR] journal_utilities.downloader: Audio download failed for PakWPvu07OM: ERROR: could not find safari cookies database

2026-02-15 15:25:34 [INFO] journal_utilities.downloader: Audio for PakWPvu07OM: failed (ERROR: could not find safari cookies database
)
2026-02-15 15:25:35 [INFO] download_channel: [633/694] Processing q3qBepJf3vA — ActInf Livestream #020.2 ~ The Emperor’s New Markov Blankets
2026-02-15 15:25:35 [DEBUG] journal_utilities.downloader: yt-dlp audio cmd: yt-dlp --no-warnings --cookies-from-browser safari -x --audio-format mp3 --audio-quality 0 -o data/output/audio/%(id)s.%(ext)s https://www.youtube.com/watch?v=q3qBepJf3vA
2026-02-15 15:25:36 [ERROR] journal_utilities.downloader: Audio download failed for q3qBepJf3vA: ERROR: could not find safari cookies database

2026-02-15 15:25:36 [INFO] journal_utilities.downloader: Audio for q3qBepJf3vA: failed (ERROR: could not find safari cookies database
)
2026-02-15 15:25:37 [INFO] download_channel: [634/694] Processing idO34jucRIw — ActInf Livestream #021.03 ~ John Boik
2026-02-15 15:25:37 [DEBUG] journal_utilities.downloader: yt-dlp audio cmd: yt-dlp --no-warnings --cookies-from-browser safari -x --audio-format mp3 --audio-quality 0 -o data/output/audio/%(id)s.%(ext)s https://www.youtube.com/watch?v=idO34jucRIw
2026-02-15 15:25:37 [ERROR] journal_utilities.downloader: Audio download failed for idO34jucRIw: ERROR: could not find safari cookies database

2026-02-15 15:25:37 [INFO] journal_utilities.downloader: Audio for idO34jucRIw: failed (ERROR: could not find safari cookies database
)
2026-02-15 15:25:38 [INFO] download_channel: [635/694] Processing UDm0lriAIJw — ActInf ModelStream #002.1 ~ Noor Sajid & Philip Ball
2026-02-15 15:25:38 [DEBUG] journal_utilities.downloader: yt-dlp audio cmd: yt-dlp --no-warnings --cookies-from-browser safari -x --audio-format mp3 --audio-quality 0 -o data/output/audio/%(id)s.%(ext)s https://www.youtube.com/watch?v=UDm0lriAIJw
2026-02-15 15:25:38 [ERROR] journal_utilities.downloader: Audio download failed for UDm0lriAIJw: ERROR: could not find safari cookies database

2026-02-15 15:25:38 [INFO] journal_utilities.downloader: Audio for UDm0lriAIJw: failed (ERROR: could not find safari cookies database
)
2026-02-15 15:25:39 [INFO] download_channel: [636/694] Processing 1VTviUyntt8 — ActInf Livestream #020.0 ~ The Emperor’s New Markov Blankets
2026-02-15 15:25:39 [DEBUG] journal_utilities.downloader: yt-dlp audio cmd: yt-dlp --no-warnings --cookies-from-browser safari -x --audio-format mp3 --audio-quality 0 -o data/output/audio/%(id)s.%(ext)s https://www.youtube.com/watch?v=1VTviUyntt8
2026-02-15 15:25:40 [ERROR] journal_utilities.downloader: Audio download failed for 1VTviUyntt8: ERROR: could not find safari cookies database

2026-02-15 15:25:40 [INFO] journal_utilities.downloader: Audio for 1VTviUyntt8: failed (ERROR: could not find safari cookies database
)
2026-02-15 15:25:41 [INFO] download_channel: [637/694] Processing qEkW4YsN5PY — ActInf GuestStream #004.1 ~ Elliot Murphy
2026-02-15 15:25:41 [DEBUG] journal_utilities.downloader: yt-dlp audio cmd: yt-dlp --no-warnings --cookies-from-browser safari -x --audio-format mp3 --audio-quality 0 -o data/output/audio/%(id)s.%(ext)s https://www.youtube.com/watch?v=qEkW4YsN5PY
2026-02-15 15:25:41 [ERROR] journal_utilities.downloader: Audio download failed for qEkW4YsN5PY: ERROR: could not find safari cookies database

2026-02-15 15:25:41 [INFO] journal_utilities.downloader: Audio for qEkW4YsN5PY: failed (ERROR: could not find safari cookies database
)
2026-02-15 15:25:42 [INFO] download_channel: [638/694] Processing z_hArARMQ20 — ActInf Livestream #019.2 ~ Deeply Felt Affect: The Emergence of Valence in Deep Active Inference
2026-02-15 15:25:42 [DEBUG] journal_utilities.downloader: yt-dlp audio cmd: yt-dlp --no-warnings --cookies-from-browser safari -x --audio-format mp3 --audio-quality 0 -o data/output/audio/%(id)s.%(ext)s https://www.youtube.com/watch?v=z_hArARMQ20
2026-02-15 15:25:43 [ERROR] journal_utilities.downloader: Audio download failed for z_hArARMQ20: ERROR: could not find safari cookies database

2026-02-15 15:25:43 [INFO] journal_utilities.downloader: Audio for z_hArARMQ20: failed (ERROR: could not find safari cookies database
)
2026-02-15 15:25:44 [INFO] download_channel: [639/694] Processing YS2X_oW6NrM — ActInf GuestStream #003.1 ~ Sarah Hashkes, "Active Inference, VR, and Psychedelics"
2026-02-15 15:25:44 [DEBUG] journal_utilities.downloader: yt-dlp audio cmd: yt-dlp --no-warnings --cookies-from-browser safari -x --audio-format mp3 --audio-quality 0 -o data/output/audio/%(id)s.%(ext)s https://www.youtube.com/watch?v=YS2X_oW6NrM
2026-02-15 15:25:44 [ERROR] journal_utilities.downloader: Audio download failed for YS2X_oW6NrM: ERROR: could not find safari cookies database

2026-02-15 15:25:44 [INFO] journal_utilities.downloader: Audio for YS2X_oW6NrM: failed (ERROR: could not find safari cookies database
)
2026-02-15 15:25:45 [INFO] download_channel: [640/694] Processing z9ZCjd2rqGY — ActInf Livestream #021.01 ~ John Boik
2026-02-15 15:25:45 [DEBUG] journal_utilities.downloader: yt-dlp audio cmd: yt-dlp --no-warnings --cookies-from-browser safari -x --audio-format mp3 --audio-quality 0 -o data/output/audio/%(id)s.%(ext)s https://www.youtube.com/watch?v=z9ZCjd2rqGY
2026-02-15 15:25:46 [ERROR] journal_utilities.downloader: Audio download failed for z9ZCjd2rqGY: ERROR: could not find safari cookies database

2026-02-15 15:25:46 [INFO] journal_utilities.downloader: Audio for z9ZCjd2rqGY: failed (ERROR: could not find safari cookies database
)
2026-02-15 15:25:47 [INFO] download_channel: [641/694] Processing SMQvRspIzpQ — ActInf Livestream #019.1 ~ Deeply Felt Affect: The Emergence of Valence in Deep Active Inference
2026-02-15 15:25:47 [DEBUG] journal_utilities.downloader: yt-dlp audio cmd: yt-dlp --no-warnings --cookies-from-browser safari -x --audio-format mp3 --audio-quality 0 -o data/output/audio/%(id)s.%(ext)s https://www.youtube.com/watch?v=SMQvRspIzpQ
2026-02-15 15:25:47 [ERROR] journal_utilities.downloader: Audio download failed for SMQvRspIzpQ: ERROR: could not find safari cookies database

2026-02-15 15:25:47 [INFO] journal_utilities.downloader: Audio for SMQvRspIzpQ: failed (ERROR: could not find safari cookies database
)
2026-02-15 15:25:48 [INFO] download_channel: [642/694] Processing 1FbOzAJ8CRQ — ActInf Livestream #019.0 ~ Deeply Felt Affect: The Emergence of Valence in Deep Active Inference
2026-02-15 15:25:48 [DEBUG] journal_utilities.downloader: yt-dlp audio cmd: yt-dlp --no-warnings --cookies-from-browser safari -x --audio-format mp3 --audio-quality 0 -o data/output/audio/%(id)s.%(ext)s https://www.youtube.com/watch?v=1FbOzAJ8CRQ
2026-02-15 15:25:48 [ERROR] journal_utilities.downloader: Audio download failed for 1FbOzAJ8CRQ: ERROR: could not find safari cookies database

2026-02-15 15:25:48 [INFO] journal_utilities.downloader: Audio for 1FbOzAJ8CRQ: failed (ERROR: could not find safari cookies database
)
2026-02-15 15:25:49 [INFO] download_channel: [643/694] Processing 3iQBiClVHuo — ActInf Livestream #018.2 ~ The predictive global neuronal workspace: A formal act inf model
2026-02-15 15:25:49 [DEBUG] journal_utilities.downloader: yt-dlp audio cmd: yt-dlp --no-warnings --cookies-from-browser safari -x --audio-format mp3 --audio-quality 0 -o data/output/audio/%(id)s.%(ext)s https://www.youtube.com/watch?v=3iQBiClVHuo
2026-02-15 15:25:50 [ERROR] journal_utilities.downloader: Audio download failed for 3iQBiClVHuo: ERROR: could not find safari cookies database

2026-02-15 15:25:50 [INFO] journal_utilities.downloader: Audio for 3iQBiClVHuo: failed (ERROR: could not find safari cookies database
)
2026-02-15 15:25:51 [INFO] download_channel: [644/694] Processing Y8Y4f-SEcsI — ActInf Livestream #018.1 ~ The predictive global neuronal workspace: A formal act inf model
2026-02-15 15:25:51 [DEBUG] journal_utilities.downloader: yt-dlp audio cmd: yt-dlp --no-warnings --cookies-from-browser safari -x --audio-format mp3 --audio-quality 0 -o data/output/audio/%(id)s.%(ext)s https://www.youtube.com/watch?v=Y8Y4f-SEcsI
2026-02-15 15:25:51 [ERROR] journal_utilities.downloader: Audio download failed for Y8Y4f-SEcsI: ERROR: could not find safari cookies database

2026-02-15 15:25:51 [INFO] journal_utilities.downloader: Audio for Y8Y4f-SEcsI: failed (ERROR: could not find safari cookies database
)
2026-02-15 15:25:52 [INFO] download_channel: [645/694] Processing 5oSqT8a6-dQ — ActInf GuestStream #002.1 ~ Dimitris Bolis, PhD
2026-02-15 15:25:52 [DEBUG] journal_utilities.downloader: yt-dlp audio cmd: yt-dlp --no-warnings --cookies-from-browser safari -x --audio-format mp3 --audio-quality 0 -o data/output/audio/%(id)s.%(ext)s https://www.youtube.com/watch?v=5oSqT8a6-dQ
2026-02-15 15:25:53 [ERROR] journal_utilities.downloader: Audio download failed for 5oSqT8a6-dQ: ERROR: could not find safari cookies database

2026-02-15 15:25:53 [INFO] journal_utilities.downloader: Audio for 5oSqT8a6-dQ: failed (ERROR: could not find safari cookies database
)
2026-02-15 15:25:54 [INFO] download_channel: [646/694] Processing 1z1MHiHiYuM — ActInf Livestream #018.0 ~ The predictive global neuronal workspace: A formal act inf model
2026-02-15 15:25:54 [DEBUG] journal_utilities.downloader: yt-dlp audio cmd: yt-dlp --no-warnings --cookies-from-browser safari -x --audio-format mp3 --audio-quality 0 -o data/output/audio/%(id)s.%(ext)s https://www.youtube.com/watch?v=1z1MHiHiYuM
2026-02-15 15:25:54 [ERROR] journal_utilities.downloader: Audio download failed for 1z1MHiHiYuM: ERROR: could not find safari cookies database

2026-02-15 15:25:54 [INFO] journal_utilities.downloader: Audio for 1z1MHiHiYuM: failed (ERROR: could not find safari cookies database
)
2026-02-15 15:25:55 [INFO] download_channel: [647/694] Processing zF-EUnA-di4 — ActInf Livestream #017.2 ~ Information flow in context-dependent hierarchical Bayesian inference
2026-02-15 15:25:55 [DEBUG] journal_utilities.downloader: yt-dlp audio cmd: yt-dlp --no-warnings --cookies-from-browser safari -x --audio-format mp3 --audio-quality 0 -o data/output/audio/%(id)s.%(ext)s https://www.youtube.com/watch?v=zF-EUnA-di4
2026-02-15 15:25:55 [ERROR] journal_utilities.downloader: Audio download failed for zF-EUnA-di4: ERROR: could not find safari cookies database

2026-02-15 15:25:55 [INFO] journal_utilities.downloader: Audio for zF-EUnA-di4: failed (ERROR: could not find safari cookies database
)
2026-02-15 15:25:56 [INFO] download_channel: [648/694] Processing ldg2An-tEIE — ActInf Livestream #017.1 ~ Information flow in context-dependent hierarchical Bayesian inference
2026-02-15 15:25:56 [DEBUG] journal_utilities.downloader: yt-dlp audio cmd: yt-dlp --no-warnings --cookies-from-browser safari -x --audio-format mp3 --audio-quality 0 -o data/output/audio/%(id)s.%(ext)s https://www.youtube.com/watch?v=ldg2An-tEIE
2026-02-15 15:25:57 [ERROR] journal_utilities.downloader: Audio download failed for ldg2An-tEIE: ERROR: could not find safari cookies database

2026-02-15 15:25:57 [INFO] journal_utilities.downloader: Audio for ldg2An-tEIE: failed (ERROR: could not find safari cookies database
)
2026-02-15 15:25:58 [INFO] download_channel: [649/694] Processing o7sJ-5vFJGk — ActInf Livestream #017.0 ~ Information flow in context-dependent hierarchical Bayesian inference
2026-02-15 15:25:58 [DEBUG] journal_utilities.downloader: yt-dlp audio cmd: yt-dlp --no-warnings --cookies-from-browser safari -x --audio-format mp3 --audio-quality 0 -o data/output/audio/%(id)s.%(ext)s https://www.youtube.com/watch?v=o7sJ-5vFJGk
2026-02-15 15:25:58 [ERROR] journal_utilities.downloader: Audio download failed for o7sJ-5vFJGk: ERROR: could not find safari cookies database

2026-02-15 15:25:58 [INFO] journal_utilities.downloader: Audio for o7sJ-5vFJGk: failed (ERROR: could not find safari cookies database
)
2026-02-15 15:25:59 [INFO] download_channel: [650/694] Processing jaw0QmAvAQU — ActInfLab ~ 2021 Quarterly Roundtable #1
2026-02-15 15:25:59 [DEBUG] journal_utilities.downloader: yt-dlp audio cmd: yt-dlp --no-warnings --cookies-from-browser safari -x --audio-format mp3 --audio-quality 0 -o data/output/audio/%(id)s.%(ext)s https://www.youtube.com/watch?v=jaw0QmAvAQU
2026-02-15 15:26:00 [ERROR] journal_utilities.downloader: Audio download failed for jaw0QmAvAQU: ERROR: could not find safari cookies database

2026-02-15 15:26:00 [INFO] journal_utilities.downloader: Audio for jaw0QmAvAQU: failed (ERROR: could not find safari cookies database
)
2026-02-15 15:26:01 [INFO] download_channel: [651/694] Processing HZoZtiSwMvA — ActInf GuestStream #001.1 ~ Majid D. Beni “A critical analysis of Markovian monism"
2026-02-15 15:26:01 [DEBUG] journal_utilities.downloader: yt-dlp audio cmd: yt-dlp --no-warnings --cookies-from-browser safari -x --audio-format mp3 --audio-quality 0 -o data/output/audio/%(id)s.%(ext)s https://www.youtube.com/watch?v=HZoZtiSwMvA
2026-02-15 15:26:01 [ERROR] journal_utilities.downloader: Audio download failed for HZoZtiSwMvA: ERROR: could not find safari cookies database

2026-02-15 15:26:01 [INFO] journal_utilities.downloader: Audio for HZoZtiSwMvA: failed (ERROR: could not find safari cookies database
)
2026-02-15 15:26:02 [INFO] download_channel: [652/694] Processing 93lAa-xEmHY — ActInf Livestream #016.2: “Neural correlates of consciousness under the FEP"
2026-02-15 15:26:02 [DEBUG] journal_utilities.downloader: yt-dlp audio cmd: yt-dlp --no-warnings --cookies-from-browser safari -x --audio-format mp3 --audio-quality 0 -o data/output/audio/%(id)s.%(ext)s https://www.youtube.com/watch?v=93lAa-xEmHY
2026-02-15 15:26:02 [ERROR] journal_utilities.downloader: Audio download failed for 93lAa-xEmHY: ERROR: could not find safari cookies database

2026-02-15 15:26:02 [INFO] journal_utilities.downloader: Audio for 93lAa-xEmHY: failed (ERROR: could not find safari cookies database
)
2026-02-15 15:26:03 [INFO] download_channel: [653/694] Processing P6LiF4gTfUo — ActInf Livestream #016.1: “Neural correlates of consciousness under the FEP"
2026-02-15 15:26:03 [DEBUG] journal_utilities.downloader: yt-dlp audio cmd: yt-dlp --no-warnings --cookies-from-browser safari -x --audio-format mp3 --audio-quality 0 -o data/output/audio/%(id)s.%(ext)s https://www.youtube.com/watch?v=P6LiF4gTfUo
2026-02-15 15:26:04 [ERROR] journal_utilities.downloader: Audio download failed for P6LiF4gTfUo: ERROR: could not find safari cookies database

2026-02-15 15:26:04 [INFO] journal_utilities.downloader: Audio for P6LiF4gTfUo: failed (ERROR: could not find safari cookies database
)
2026-02-15 15:26:05 [INFO] download_channel: [654/694] Processing i13aBAWuJxk — ActInf Livestream #016.0: “Neural correlates of consciousness under the FEP"
2026-02-15 15:26:05 [DEBUG] journal_utilities.downloader: yt-dlp audio cmd: yt-dlp --no-warnings --cookies-from-browser safari -x --audio-format mp3 --audio-quality 0 -o data/output/audio/%(id)s.%(ext)s https://www.youtube.com/watch?v=i13aBAWuJxk
2026-02-15 15:26:05 [ERROR] journal_utilities.downloader: Audio download failed for i13aBAWuJxk: ERROR: could not find safari cookies database

2026-02-15 15:26:05 [INFO] journal_utilities.downloader: Audio for i13aBAWuJxk: failed (ERROR: could not find safari cookies database
)
2026-02-15 15:26:06 [INFO] download_channel: [655/694] Processing iJp_Tm6Ej68 — ActInf Livestream #015.2 ~ “Free-Energy Principle, Computationalism and Realism: a Tragedy"
2026-02-15 15:26:06 [DEBUG] journal_utilities.downloader: yt-dlp audio cmd: yt-dlp --no-warnings --cookies-from-browser safari -x --audio-format mp3 --audio-quality 0 -o data/output/audio/%(id)s.%(ext)s https://www.youtube.com/watch?v=iJp_Tm6Ej68
2026-02-15 15:26:07 [ERROR] journal_utilities.downloader: Audio download failed for iJp_Tm6Ej68: ERROR: could not find safari cookies database

2026-02-15 15:26:07 [INFO] journal_utilities.downloader: Audio for iJp_Tm6Ej68: failed (ERROR: could not find safari cookies database
)
2026-02-15 15:26:08 [INFO] download_channel: [656/694] Processing QRGaGmT-VFM — ActInf ModelStream #001.4: "A Step-by-Step Tutorial on Active Inference"
2026-02-15 15:26:08 [DEBUG] journal_utilities.downloader: yt-dlp audio cmd: yt-dlp --no-warnings --cookies-from-browser safari -x --audio-format mp3 --audio-quality 0 -o data/output/audio/%(id)s.%(ext)s https://www.youtube.com/watch?v=QRGaGmT-VFM
2026-02-15 15:26:08 [ERROR] journal_utilities.downloader: Audio download failed for QRGaGmT-VFM: ERROR: could not find safari cookies database

2026-02-15 15:26:08 [INFO] journal_utilities.downloader: Audio for QRGaGmT-VFM: failed (ERROR: could not find safari cookies database
)
2026-02-15 15:26:09 [INFO] download_channel: [657/694] Processing 5VPKmVoRvRY — ActInf Livestream #015.1 ~ “Free-Energy Principle, Computationalism and Realism: a Tragedy"
2026-02-15 15:26:09 [DEBUG] journal_utilities.downloader: yt-dlp audio cmd: yt-dlp --no-warnings --cookies-from-browser safari -x --audio-format mp3 --audio-quality 0 -o data/output/audio/%(id)s.%(ext)s https://www.youtube.com/watch?v=5VPKmVoRvRY
2026-02-15 15:26:09 [ERROR] journal_utilities.downloader: Audio download failed for 5VPKmVoRvRY: ERROR: could not find safari cookies database

2026-02-15 15:26:09 [INFO] journal_utilities.downloader: Audio for 5VPKmVoRvRY: failed (ERROR: could not find safari cookies database
)
2026-02-15 15:26:10 [INFO] download_channel: [658/694] Processing vacR2gYgOxk — ActInf ModelStream #001.3: "A Step-by-Step Tutorial on Active Inference"
2026-02-15 15:26:10 [DEBUG] journal_utilities.downloader: yt-dlp audio cmd: yt-dlp --no-warnings --cookies-from-browser safari -x --audio-format mp3 --audio-quality 0 -o data/output/audio/%(id)s.%(ext)s https://www.youtube.com/watch?v=vacR2gYgOxk
2026-02-15 15:26:11 [ERROR] journal_utilities.downloader: Audio download failed for vacR2gYgOxk: ERROR: could not find safari cookies database

2026-02-15 15:26:11 [INFO] journal_utilities.downloader: Audio for vacR2gYgOxk: failed (ERROR: could not find safari cookies database
)
2026-02-15 15:26:12 [INFO] download_channel: [659/694] Processing 6Z-6p1XPn8A — ActInf Livestream #015.0 ~ “Free-Energy Principle, Computationalism and Realism: a Tragedy"
2026-02-15 15:26:12 [DEBUG] journal_utilities.downloader: yt-dlp audio cmd: yt-dlp --no-warnings --cookies-from-browser safari -x --audio-format mp3 --audio-quality 0 -o data/output/audio/%(id)s.%(ext)s https://www.youtube.com/watch?v=6Z-6p1XPn8A
2026-02-15 15:26:12 [ERROR] journal_utilities.downloader: Audio download failed for 6Z-6p1XPn8A: ERROR: could not find safari cookies database

2026-02-15 15:26:12 [INFO] journal_utilities.downloader: Audio for 6Z-6p1XPn8A: failed (ERROR: could not find safari cookies database
)
2026-02-15 15:26:13 [INFO] download_channel: [660/694] Processing 4Mu8lDqzBog — ActInf Livestream #014.2 ~ The Math is not the Territory: Navigating the Free Energy Principle
2026-02-15 15:26:13 [DEBUG] journal_utilities.downloader: yt-dlp audio cmd: yt-dlp --no-warnings --cookies-from-browser safari -x --audio-format mp3 --audio-quality 0 -o data/output/audio/%(id)s.%(ext)s https://www.youtube.com/watch?v=4Mu8lDqzBog
2026-02-15 15:26:14 [ERROR] journal_utilities.downloader: Audio download failed for 4Mu8lDqzBog: ERROR: could not find safari cookies database

2026-02-15 15:26:14 [INFO] journal_utilities.downloader: Audio for 4Mu8lDqzBog: failed (ERROR: could not find safari cookies database
)
2026-02-15 15:26:15 [INFO] download_channel: [661/694] Processing bDJbEofbvyk — ActInf ModelStream #001.2: "A Step-by-Step Tutorial on Active Inference"
2026-02-15 15:26:15 [DEBUG] journal_utilities.downloader: yt-dlp audio cmd: yt-dlp --no-warnings --cookies-from-browser safari -x --audio-format mp3 --audio-quality 0 -o data/output/audio/%(id)s.%(ext)s https://www.youtube.com/watch?v=bDJbEofbvyk
2026-02-15 15:26:15 [ERROR] journal_utilities.downloader: Audio download failed for bDJbEofbvyk: ERROR: could not find safari cookies database

2026-02-15 15:26:15 [INFO] journal_utilities.downloader: Audio for bDJbEofbvyk: failed (ERROR: could not find safari cookies database
)
2026-02-15 15:26:16 [INFO] download_channel: [662/694] Processing gQQyd8Hd3AA — ActInf Livestream #014.1 ~ The Math is not the Territory: Navigating the Free Energy Principle
2026-02-15 15:26:16 [DEBUG] journal_utilities.downloader: yt-dlp audio cmd: yt-dlp --no-warnings --cookies-from-browser safari -x --audio-format mp3 --audio-quality 0 -o data/output/audio/%(id)s.%(ext)s https://www.youtube.com/watch?v=gQQyd8Hd3AA
2026-02-15 15:26:16 [ERROR] journal_utilities.downloader: Audio download failed for gQQyd8Hd3AA: ERROR: could not find safari cookies database

2026-02-15 15:26:16 [INFO] journal_utilities.downloader: Audio for gQQyd8Hd3AA: failed (ERROR: could not find safari cookies database
)
2026-02-15 15:26:17 [INFO] download_channel: [663/694] Processing Uheml5XRCWk — ActInf Livestream #014.0 ~ The Math is not the Territory: Navigating the Free Energy Principle
2026-02-15 15:26:17 [DEBUG] journal_utilities.downloader: yt-dlp audio cmd: yt-dlp --no-warnings --cookies-from-browser safari -x --audio-format mp3 --audio-quality 0 -o data/output/audio/%(id)s.%(ext)s https://www.youtube.com/watch?v=Uheml5XRCWk
2026-02-15 15:26:18 [ERROR] journal_utilities.downloader: Audio download failed for Uheml5XRCWk: ERROR: could not find safari cookies database

2026-02-15 15:26:18 [INFO] journal_utilities.downloader: Audio for Uheml5XRCWk: failed (ERROR: could not find safari cookies database
)
2026-02-15 15:26:19 [INFO] download_channel: [664/694] Processing H5AolqFl2Nw — ActInf ModelStream #001.1: "A Step-by-Step Tutorial on Active Inference"
2026-02-15 15:26:19 [DEBUG] journal_utilities.downloader: yt-dlp audio cmd: yt-dlp --no-warnings --cookies-from-browser safari -x --audio-format mp3 --audio-quality 0 -o data/output/audio/%(id)s.%(ext)s https://www.youtube.com/watch?v=H5AolqFl2Nw
2026-02-15 15:26:19 [ERROR] journal_utilities.downloader: Audio download failed for H5AolqFl2Nw: ERROR: could not find safari cookies database

2026-02-15 15:26:19 [INFO] journal_utilities.downloader: Audio for H5AolqFl2Nw: failed (ERROR: could not find safari cookies database
)
2026-02-15 15:26:20 [INFO] download_channel: [665/694] Processing PyyHd4P8dbs — ActInf Livestream #013.2: "Cybernetic Big Five Theory with the Free Energy Principle"
2026-02-15 15:26:20 [DEBUG] journal_utilities.downloader: yt-dlp audio cmd: yt-dlp --no-warnings --cookies-from-browser safari -x --audio-format mp3 --audio-quality 0 -o data/output/audio/%(id)s.%(ext)s https://www.youtube.com/watch?v=PyyHd4P8dbs
2026-02-15 15:26:21 [ERROR] journal_utilities.downloader: Audio download failed for PyyHd4P8dbs: ERROR: could not find safari cookies database

2026-02-15 15:26:21 [INFO] journal_utilities.downloader: Audio for PyyHd4P8dbs: failed (ERROR: could not find safari cookies database
)
2026-02-15 15:26:22 [INFO] download_channel: [666/694] Processing QG2gOoX4XdA — ActInf Livestream #013.1: "Cybernetic Big Five Theory with the Free Energy Principle..."
2026-02-15 15:26:22 [DEBUG] journal_utilities.downloader: yt-dlp audio cmd: yt-dlp --no-warnings --cookies-from-browser safari -x --audio-format mp3 --audio-quality 0 -o data/output/audio/%(id)s.%(ext)s https://www.youtube.com/watch?v=QG2gOoX4XdA
2026-02-15 15:26:22 [ERROR] journal_utilities.downloader: Audio download failed for QG2gOoX4XdA: ERROR: could not find safari cookies database

2026-02-15 15:26:22 [INFO] journal_utilities.downloader: Audio for QG2gOoX4XdA: failed (ERROR: could not find safari cookies database
)
2026-02-15 15:26:23 [INFO] download_channel: [667/694] Processing 8dPps0qLrp4 — ActInf Livestream #013.0: "Cybernetic Big Five Theory with the Free Energy Principle"
2026-02-15 15:26:23 [DEBUG] journal_utilities.downloader: yt-dlp audio cmd: yt-dlp --no-warnings --cookies-from-browser safari -x --audio-format mp3 --audio-quality 0 -o data/output/audio/%(id)s.%(ext)s https://www.youtube.com/watch?v=8dPps0qLrp4
2026-02-15 15:26:23 [ERROR] journal_utilities.downloader: Audio download failed for 8dPps0qLrp4: ERROR: could not find safari cookies database

2026-02-15 15:26:23 [INFO] journal_utilities.downloader: Audio for 8dPps0qLrp4: failed (ERROR: could not find safari cookies database
)
2026-02-15 15:26:24 [INFO] download_channel: [668/694] Processing qGQljJRCB0g — ActInf Livestream #012.0: 2020 Review and 2021 Directions
2026-02-15 15:26:24 [DEBUG] journal_utilities.downloader: yt-dlp audio cmd: yt-dlp --no-warnings --cookies-from-browser safari -x --audio-format mp3 --audio-quality 0 -o data/output/audio/%(id)s.%(ext)s https://www.youtube.com/watch?v=qGQljJRCB0g
2026-02-15 15:26:25 [ERROR] journal_utilities.downloader: Audio download failed for qGQljJRCB0g: ERROR: could not find safari cookies database

2026-02-15 15:26:25 [INFO] journal_utilities.downloader: Audio for qGQljJRCB0g: failed (ERROR: could not find safari cookies database
)
2026-02-15 15:26:26 [INFO] download_channel: [669/694] Processing gx9yAF607ko — ActInf Livestream #011.2 "Sophisticated Affective Inference Simulating Anticipatory" (2020)
2026-02-15 15:26:26 [DEBUG] journal_utilities.downloader: yt-dlp audio cmd: yt-dlp --no-warnings --cookies-from-browser safari -x --audio-format mp3 --audio-quality 0 -o data/output/audio/%(id)s.%(ext)s https://www.youtube.com/watch?v=gx9yAF607ko
2026-02-15 15:26:26 [ERROR] journal_utilities.downloader: Audio download failed for gx9yAF607ko: ERROR: could not find safari cookies database

2026-02-15 15:26:26 [INFO] journal_utilities.downloader: Audio for gx9yAF607ko: failed (ERROR: could not find safari cookies database
)
2026-02-15 15:26:27 [INFO] download_channel: [670/694] Processing xCqavxpiw44 — ActInf Livestream #011.1 "Sophisticated Affective Inference Simulating Anticipatory" (2020)
2026-02-15 15:26:27 [DEBUG] journal_utilities.downloader: yt-dlp audio cmd: yt-dlp --no-warnings --cookies-from-browser safari -x --audio-format mp3 --audio-quality 0 -o data/output/audio/%(id)s.%(ext)s https://www.youtube.com/watch?v=xCqavxpiw44
2026-02-15 15:26:28 [ERROR] journal_utilities.downloader: Audio download failed for xCqavxpiw44: ERROR: could not find safari cookies database

2026-02-15 15:26:28 [INFO] journal_utilities.downloader: Audio for xCqavxpiw44: failed (ERROR: could not find safari cookies database
)
2026-02-15 15:26:29 [INFO] download_channel: [671/694] Processing HSu9sDa6-BQ — ActInf Livestream #011.0 "Sophisticated Affective Inference Simulating Anticipatory" (2020)
2026-02-15 15:26:29 [DEBUG] journal_utilities.downloader: yt-dlp audio cmd: yt-dlp --no-warnings --cookies-from-browser safari -x --audio-format mp3 --audio-quality 0 -o data/output/audio/%(id)s.%(ext)s https://www.youtube.com/watch?v=HSu9sDa6-BQ
2026-02-15 15:26:29 [ERROR] journal_utilities.downloader: Audio download failed for HSu9sDa6-BQ: ERROR: could not find safari cookies database

2026-02-15 15:26:29 [INFO] journal_utilities.downloader: Audio for HSu9sDa6-BQ: failed (ERROR: could not find safari cookies database
)
2026-02-15 15:26:30 [INFO] download_channel: [672/694] Processing IGKUS1W25rY — ActInf Livestream #010.2: "A variational approach to scripts" (2020)
2026-02-15 15:26:30 [DEBUG] journal_utilities.downloader: yt-dlp audio cmd: yt-dlp --no-warnings --cookies-from-browser safari -x --audio-format mp3 --audio-quality 0 -o data/output/audio/%(id)s.%(ext)s https://www.youtube.com/watch?v=IGKUS1W25rY
2026-02-15 15:26:31 [ERROR] journal_utilities.downloader: Audio download failed for IGKUS1W25rY: ERROR: could not find safari cookies database

2026-02-15 15:26:31 [INFO] journal_utilities.downloader: Audio for IGKUS1W25rY: failed (ERROR: could not find safari cookies database
)
2026-02-15 15:26:32 [INFO] download_channel: [673/694] Processing 3Sg1sAlgQaM — Active Inference Stream #010.1: "A variational approach to scripts" (2020)
2026-02-15 15:26:32 [DEBUG] journal_utilities.downloader: yt-dlp audio cmd: yt-dlp --no-warnings --cookies-from-browser safari -x --audio-format mp3 --audio-quality 0 -o data/output/audio/%(id)s.%(ext)s https://www.youtube.com/watch?v=3Sg1sAlgQaM
2026-02-15 15:26:32 [ERROR] journal_utilities.downloader: Audio download failed for 3Sg1sAlgQaM: ERROR: could not find safari cookies database

2026-02-15 15:26:32 [INFO] journal_utilities.downloader: Audio for 3Sg1sAlgQaM: failed (ERROR: could not find safari cookies database
)
2026-02-15 15:26:33 [INFO] download_channel: [674/694] Processing 5DB77oxbABo — ActInf Livestream #010.0: "A variational approach to scripts" (2020)
2026-02-15 15:26:33 [DEBUG] journal_utilities.downloader: yt-dlp audio cmd: yt-dlp --no-warnings --cookies-from-browser safari -x --audio-format mp3 --audio-quality 0 -o data/output/audio/%(id)s.%(ext)s https://www.youtube.com/watch?v=5DB77oxbABo
2026-02-15 15:26:33 [ERROR] journal_utilities.downloader: Audio download failed for 5DB77oxbABo: ERROR: could not find safari cookies database

2026-02-15 15:26:33 [INFO] journal_utilities.downloader: Audio for 5DB77oxbABo: failed (ERROR: could not find safari cookies database
)
2026-02-15 15:26:34 [INFO] download_channel: [675/694] Processing XYRKlh2c-ps — Active Inference Stream #009.2: “The Projective Consciousness Model and Phenomenal Selfhood" (2018)
2026-02-15 15:26:34 [DEBUG] journal_utilities.downloader: yt-dlp audio cmd: yt-dlp --no-warnings --cookies-from-browser safari -x --audio-format mp3 --audio-quality 0 -o data/output/audio/%(id)s.%(ext)s https://www.youtube.com/watch?v=XYRKlh2c-ps
2026-02-15 15:26:35 [ERROR] journal_utilities.downloader: Audio download failed for XYRKlh2c-ps: ERROR: could not find safari cookies database

2026-02-15 15:26:35 [INFO] journal_utilities.downloader: Audio for XYRKlh2c-ps: failed (ERROR: could not find safari cookies database
)
2026-02-15 15:26:36 [INFO] download_channel: [676/694] Processing pSWRTkmR8eg — Active Inference Stream #009.1: “The Projective Consciousness Model and Phenomenal Selfhood" (2018)
2026-02-15 15:26:36 [DEBUG] journal_utilities.downloader: yt-dlp audio cmd: yt-dlp --no-warnings --cookies-from-browser safari -x --audio-format mp3 --audio-quality 0 -o data/output/audio/%(id)s.%(ext)s https://www.youtube.com/watch?v=pSWRTkmR8eg
2026-02-15 15:26:36 [ERROR] journal_utilities.downloader: Audio download failed for pSWRTkmR8eg: ERROR: could not find safari cookies database

2026-02-15 15:26:36 [INFO] journal_utilities.downloader: Audio for pSWRTkmR8eg: failed (ERROR: could not find safari cookies database
)
2026-02-15 15:26:37 [INFO] download_channel: [677/694] Processing XnOfWFnN2iI — ActInf Livestream #009.0: “The Projective Consciousness Model and Phenomenal Selfhood" (2018)
2026-02-15 15:26:37 [DEBUG] journal_utilities.downloader: yt-dlp audio cmd: yt-dlp --no-warnings --cookies-from-browser safari -x --audio-format mp3 --audio-quality 0 -o data/output/audio/%(id)s.%(ext)s https://www.youtube.com/watch?v=XnOfWFnN2iI
2026-02-15 15:26:38 [ERROR] journal_utilities.downloader: Audio download failed for XnOfWFnN2iI: ERROR: could not find safari cookies database

2026-02-15 15:26:38 [INFO] journal_utilities.downloader: Audio for XnOfWFnN2iI: failed (ERROR: could not find safari cookies database
)
2026-02-15 15:26:39 [INFO] download_channel: [678/694] Processing gv8RuRiZTQA — ActInf Livestream #008.2: “Scaling active inference" (2019)
2026-02-15 15:26:39 [DEBUG] journal_utilities.downloader: yt-dlp audio cmd: yt-dlp --no-warnings --cookies-from-browser safari -x --audio-format mp3 --audio-quality 0 -o data/output/audio/%(id)s.%(ext)s https://www.youtube.com/watch?v=gv8RuRiZTQA
2026-02-15 15:26:39 [ERROR] journal_utilities.downloader: Audio download failed for gv8RuRiZTQA: ERROR: could not find safari cookies database

2026-02-15 15:26:39 [INFO] journal_utilities.downloader: Audio for gv8RuRiZTQA: failed (ERROR: could not find safari cookies database
)
2026-02-15 15:26:40 [INFO] download_channel: [679/694] Processing zG0qP7un91k — ActInf Livestream #008.1: “Scaling active inference" (2019)
2026-02-15 15:26:40 [DEBUG] journal_utilities.downloader: yt-dlp audio cmd: yt-dlp --no-warnings --cookies-from-browser safari -x --audio-format mp3 --audio-quality 0 -o data/output/audio/%(id)s.%(ext)s https://www.youtube.com/watch?v=zG0qP7un91k
2026-02-15 15:26:40 [ERROR] journal_utilities.downloader: Audio download failed for zG0qP7un91k: ERROR: could not find safari cookies database

2026-02-15 15:26:40 [INFO] journal_utilities.downloader: Audio for zG0qP7un91k: failed (ERROR: could not find safari cookies database
)
2026-02-15 15:26:41 [INFO] download_channel: [680/694] Processing kXw1CPRkJCw — ActInf Livestream #008.0: “Scaling active inference" (2019)
2026-02-15 15:26:41 [DEBUG] journal_utilities.downloader: yt-dlp audio cmd: yt-dlp --no-warnings --cookies-from-browser safari -x --audio-format mp3 --audio-quality 0 -o data/output/audio/%(id)s.%(ext)s https://www.youtube.com/watch?v=kXw1CPRkJCw
2026-02-15 15:26:42 [ERROR] journal_utilities.downloader: Audio download failed for kXw1CPRkJCw: ERROR: could not find safari cookies database

2026-02-15 15:26:42 [INFO] journal_utilities.downloader: Audio for kXw1CPRkJCw: failed (ERROR: could not find safari cookies database
)
2026-02-15 15:26:43 [INFO] download_channel: [681/694] Processing qf4S9bK5VKQ — ActInf Livestream #007.2: "Variational ecology and the physics of sentient systems" (2019)
2026-02-15 15:26:43 [DEBUG] journal_utilities.downloader: yt-dlp audio cmd: yt-dlp --no-warnings --cookies-from-browser safari -x --audio-format mp3 --audio-quality 0 -o data/output/audio/%(id)s.%(ext)s https://www.youtube.com/watch?v=qf4S9bK5VKQ
2026-02-15 15:26:43 [ERROR] journal_utilities.downloader: Audio download failed for qf4S9bK5VKQ: ERROR: could not find safari cookies database

2026-02-15 15:26:43 [INFO] journal_utilities.downloader: Audio for qf4S9bK5VKQ: failed (ERROR: could not find safari cookies database
)
2026-02-15 15:26:44 [INFO] download_channel: [682/694] Processing 72g62XJ-SpA — ActInf Livestream #007.1: "Variational ecology and the physics of sentient systems" (2019)
2026-02-15 15:26:44 [DEBUG] journal_utilities.downloader: yt-dlp audio cmd: yt-dlp --no-warnings --cookies-from-browser safari -x --audio-format mp3 --audio-quality 0 -o data/output/audio/%(id)s.%(ext)s https://www.youtube.com/watch?v=72g62XJ-SpA
2026-02-15 15:26:44 [ERROR] journal_utilities.downloader: Audio download failed for 72g62XJ-SpA: ERROR: could not find safari cookies database

2026-02-15 15:26:44 [INFO] journal_utilities.downloader: Audio for 72g62XJ-SpA: failed (ERROR: could not find safari cookies database
)
2026-02-15 15:26:45 [INFO] download_channel: [683/694] Processing 7cJ8dmO3qlY — ActInf Livestream #007.0: "Variational ecology and the physics of sentient systems" (2019)
2026-02-15 15:26:45 [DEBUG] journal_utilities.downloader: yt-dlp audio cmd: yt-dlp --no-warnings --cookies-from-browser safari -x --audio-format mp3 --audio-quality 0 -o data/output/audio/%(id)s.%(ext)s https://www.youtube.com/watch?v=7cJ8dmO3qlY
2026-02-15 15:26:46 [ERROR] journal_utilities.downloader: Audio download failed for 7cJ8dmO3qlY: ERROR: could not find safari cookies database

2026-02-15 15:26:46 [INFO] journal_utilities.downloader: Audio for 7cJ8dmO3qlY: failed (ERROR: could not find safari cookies database
)
2026-02-15 15:26:47 [INFO] download_channel: [684/694] Processing HQadNEGAtbY — ActInf Livestream #006.2 ~ "A tale of two densities: active inference is enactive inference" (2020)
2026-02-15 15:26:47 [DEBUG] journal_utilities.downloader: yt-dlp audio cmd: yt-dlp --no-warnings --cookies-from-browser safari -x --audio-format mp3 --audio-quality 0 -o data/output/audio/%(id)s.%(ext)s https://www.youtube.com/watch?v=HQadNEGAtbY
2026-02-15 15:26:47 [ERROR] journal_utilities.downloader: Audio download failed for HQadNEGAtbY: ERROR: could not find safari cookies database

2026-02-15 15:26:47 [INFO] journal_utilities.downloader: Audio for HQadNEGAtbY: failed (ERROR: could not find safari cookies database
)
2026-02-15 15:26:48 [INFO] download_channel: [685/694] Processing 9IIsoNMRSb8 — ActInf Livestream #006.1: "A tale of two densities: active inference is enactive..." (2020)
2026-02-15 15:26:48 [DEBUG] journal_utilities.downloader: yt-dlp audio cmd: yt-dlp --no-warnings --cookies-from-browser safari -x --audio-format mp3 --audio-quality 0 -o data/output/audio/%(id)s.%(ext)s https://www.youtube.com/watch?v=9IIsoNMRSb8
2026-02-15 15:26:49 [ERROR] journal_utilities.downloader: Audio download failed for 9IIsoNMRSb8: ERROR: could not find safari cookies database

2026-02-15 15:26:49 [INFO] journal_utilities.downloader: Audio for 9IIsoNMRSb8: failed (ERROR: could not find safari cookies database
)
2026-02-15 15:26:50 [INFO] download_channel: [686/694] Processing jHWCQ1dpoK0 — Active Inference LiveStream 006.0: "A tale of two densities: active inference is enactive..." (2020)
2026-02-15 15:26:50 [DEBUG] journal_utilities.downloader: yt-dlp audio cmd: yt-dlp --no-warnings --cookies-from-browser safari -x --audio-format mp3 --audio-quality 0 -o data/output/audio/%(id)s.%(ext)s https://www.youtube.com/watch?v=jHWCQ1dpoK0
2026-02-15 15:26:50 [ERROR] journal_utilities.downloader: Audio download failed for jHWCQ1dpoK0: ERROR: could not find safari cookies database

2026-02-15 15:26:50 [INFO] journal_utilities.downloader: Audio for jHWCQ1dpoK0: failed (ERROR: could not find safari cookies database
)
2026-02-15 15:26:51 [INFO] download_channel: [687/694] Processing V7yNq_KpHo8 — ActInf Livestream #005.2 ~ "Multiscale integration: beyond internalism and externalism" (2019)
2026-02-15 15:26:51 [DEBUG] journal_utilities.downloader: yt-dlp audio cmd: yt-dlp --no-warnings --cookies-from-browser safari -x --audio-format mp3 --audio-quality 0 -o data/output/audio/%(id)s.%(ext)s https://www.youtube.com/watch?v=V7yNq_KpHo8
2026-02-15 15:26:52 [ERROR] journal_utilities.downloader: Audio download failed for V7yNq_KpHo8: ERROR: could not find safari cookies database

2026-02-15 15:26:52 [INFO] journal_utilities.downloader: Audio for V7yNq_KpHo8: failed (ERROR: could not find safari cookies database
)
2026-02-15 15:26:53 [INFO] download_channel: [688/694] Processing B6Uqf_T-nec — ActInf Livestream #005.1: "Multiscale integration: beyond internalism and externalism" (2019)
2026-02-15 15:26:53 [DEBUG] journal_utilities.downloader: yt-dlp audio cmd: yt-dlp --no-warnings --cookies-from-browser safari -x --audio-format mp3 --audio-quality 0 -o data/output/audio/%(id)s.%(ext)s https://www.youtube.com/watch?v=B6Uqf_T-nec
2026-02-15 15:26:53 [ERROR] journal_utilities.downloader: Audio download failed for B6Uqf_T-nec: ERROR: could not find safari cookies database

2026-02-15 15:26:53 [INFO] journal_utilities.downloader: Audio for B6Uqf_T-nec: failed (ERROR: could not find safari cookies database
)
2026-02-15 15:26:54 [INFO] download_channel: [689/694] Processing g2n47dPUyNY — ActInf Livestream #005.0: Context for "Multiscale integration: beyond internalism..." (2019)
2026-02-15 15:26:54 [DEBUG] journal_utilities.downloader: yt-dlp audio cmd: yt-dlp --no-warnings --cookies-from-browser safari -x --audio-format mp3 --audio-quality 0 -o data/output/audio/%(id)s.%(ext)s https://www.youtube.com/watch?v=g2n47dPUyNY
2026-02-15 15:26:54 [ERROR] journal_utilities.downloader: Audio download failed for g2n47dPUyNY: ERROR: could not find safari cookies database

2026-02-15 15:26:54 [INFO] journal_utilities.downloader: Audio for g2n47dPUyNY: failed (ERROR: could not find safari cookies database
)
2026-02-15 15:26:55 [INFO] download_channel: [690/694] Processing SAc1F1AWRAs — ActInf Livestream #004.2:  “Cultural Affordances: Scaffolding Local Worlds"
2026-02-15 15:26:55 [DEBUG] journal_utilities.downloader: yt-dlp audio cmd: yt-dlp --no-warnings --cookies-from-browser safari -x --audio-format mp3 --audio-quality 0 -o data/output/audio/%(id)s.%(ext)s https://www.youtube.com/watch?v=SAc1F1AWRAs
2026-02-15 15:26:56 [ERROR] journal_utilities.downloader: Audio download failed for SAc1F1AWRAs: ERROR: could not find safari cookies database

2026-02-15 15:26:56 [INFO] journal_utilities.downloader: Audio for SAc1F1AWRAs: failed (ERROR: could not find safari cookies database
)
2026-02-15 15:26:57 [INFO] download_channel: [691/694] Processing Y6qx6C1tmjs — ActInf Livestream #004.1 “Cultural Affordances: Scaffolding Local Worlds"
2026-02-15 15:26:57 [DEBUG] journal_utilities.downloader: yt-dlp audio cmd: yt-dlp --no-warnings --cookies-from-browser safari -x --audio-format mp3 --audio-quality 0 -o data/output/audio/%(id)s.%(ext)s https://www.youtube.com/watch?v=Y6qx6C1tmjs
2026-02-15 15:26:57 [ERROR] journal_utilities.downloader: Audio download failed for Y6qx6C1tmjs: ERROR: could not find safari cookies database

2026-02-15 15:26:57 [INFO] journal_utilities.downloader: Audio for Y6qx6C1tmjs: failed (ERROR: could not find safari cookies database
)
2026-02-15 15:26:58 [INFO] download_channel: [692/694] Processing mz7L4GD5g-E — ActInf Livestream #003.1 "A World Unto Itself: Human Communication as Active Inference"
2026-02-15 15:26:58 [DEBUG] journal_utilities.downloader: yt-dlp audio cmd: yt-dlp --no-warnings --cookies-from-browser safari -x --audio-format mp3 --audio-quality 0 -o data/output/audio/%(id)s.%(ext)s https://www.youtube.com/watch?v=mz7L4GD5g-E
2026-02-15 15:26:59 [ERROR] journal_utilities.downloader: Audio download failed for mz7L4GD5g-E: ERROR: could not find safari cookies database

2026-02-15 15:26:59 [INFO] journal_utilities.downloader: Audio for mz7L4GD5g-E: failed (ERROR: could not find safari cookies database
)
2026-02-15 15:27:00 [INFO] download_channel: [693/694] Processing 601-lt_8eVE — Active Inference Livestream #002.1 "Is the free-energy principle a formal theory of semantics?"
2026-02-15 15:27:00 [DEBUG] journal_utilities.downloader: yt-dlp audio cmd: yt-dlp --no-warnings --cookies-from-browser safari -x --audio-format mp3 --audio-quality 0 -o data/output/audio/%(id)s.%(ext)s https://www.youtube.com/watch?v=601-lt_8eVE
2026-02-15 15:27:00 [ERROR] journal_utilities.downloader: Audio download failed for 601-lt_8eVE: ERROR: could not find safari cookies database

2026-02-15 15:27:00 [INFO] journal_utilities.downloader: Audio for 601-lt_8eVE: failed (ERROR: could not find safari cookies database
)
2026-02-15 15:27:01 [INFO] download_channel: [694/694] Processing C94WDXAe4EE — ActInf Livestream #001.1 ~ “Narrative as active inference"
2026-02-15 15:27:01 [DEBUG] journal_utilities.downloader: yt-dlp audio cmd: yt-dlp --no-warnings --cookies-from-browser safari -x --audio-format mp3 --audio-quality 0 -o data/output/audio/%(id)s.%(ext)s https://www.youtube.com/watch?v=C94WDXAe4EE
2026-02-15 15:27:01 [ERROR] journal_utilities.downloader: Audio download failed for C94WDXAe4EE: ERROR: could not find safari cookies database

2026-02-15 15:27:01 [INFO] journal_utilities.downloader: Audio for C94WDXAe4EE: failed (ERROR: could not find safari cookies database
)
2026-02-15 15:27:01 [INFO] journal_utilities.downloader: Saved download manifest to data/output/download_manifest.json (694 videos)
2026-02-15 15:27:01 [INFO] download_channel: ============================================================
2026-02-15 15:27:01 [INFO] download_channel: DOWNLOAD COMPLETE
2026-02-15 15:27:01 [INFO] download_channel:   Total videos processed: 694
2026-02-15 15:27:01 [INFO] download_channel:   Successful downloads:   0
2026-02-15 15:27:01 [INFO] download_channel:   Skipped (existing):     251
2026-02-15 15:27:01 [INFO] download_channel:   Failed:                 443
2026-02-15 15:27:01 [INFO] download_channel:   Manifest saved to:      data/output/download_manifest.json
2026-02-15 15:27:01 [INFO] download_channel: ============================================================
