2026-02-16 04:22:40 [INFO] download_channel: ============================================================
2026-02-16 04:22:40 [INFO] download_channel: Active Inference Channel Downloader
2026-02-16 04:22:40 [INFO] download_channel: ============================================================
2026-02-16 04:22:40 [INFO] download_channel: Loading channel manifest from data/output/channel_videos.json
2026-02-16 04:22:40 [INFO] journal_utilities.channel: Loading channel manifest from data/output/channel_videos.json
2026-02-16 04:22:40 [INFO] journal_utilities.channel: Loaded manifest with 694 videos
2026-02-16 04:22:40 [INFO] download_channel: Channel manifest: 694 videos
2026-02-16 04:22:40 [INFO] download_channel: Starting downloads: 694 videos | transcripts=False audio=True video=False
2026-02-16 04:22:40 [INFO] download_channel: [1/694] Processing 5uTr029Vzkg — 5th Applied Active Inference Symposium (Part 2, Nov 13, 2025) ~ (Full reupload)
2026-02-16 04:22:40 [INFO] journal_utilities.downloader: Audio already exists for 5uTr029Vzkg, skipping
2026-02-16 04:22:40 [INFO] journal_utilities.downloader: Audio for 5uTr029Vzkg: skipped
2026-02-16 04:22:42 [INFO] download_channel: [2/694] Processing qUJK1IDxKzg — Generalized Coordinates in RxInfer.jl
2026-02-16 04:22:42 [INFO] journal_utilities.downloader: Audio already exists for qUJK1IDxKzg, skipping
2026-02-16 04:22:42 [INFO] journal_utilities.downloader: Audio for qUJK1IDxKzg: skipped
2026-02-16 04:22:44 [INFO] download_channel: [3/694] Processing tmsY1ep8ZF4 — ActInf Textbook Group ~ Cohort 7 ~ Session 25 (Chapter 10) ~ 4/24/2025
2026-02-16 04:22:44 [INFO] journal_utilities.downloader: Audio already exists for tmsY1ep8ZF4, skipping
2026-02-16 04:22:44 [INFO] journal_utilities.downloader: Audio for tmsY1ep8ZF4: skipped
2026-02-16 04:22:46 [INFO] download_channel: [4/694] Processing tg1LkHTy0h0 — ActInf Textbook Group ~ Cohort 7 ~ Session 4 (Chapter 2, part 2) ~ 8/12/2024
2026-02-16 04:22:46 [INFO] journal_utilities.downloader: Audio already exists for tg1LkHTy0h0, skipping
2026-02-16 04:22:46 [INFO] journal_utilities.downloader: Audio for tg1LkHTy0h0: skipped
2026-02-16 04:22:48 [INFO] download_channel: [5/694] Processing rblchIvoEIY — ActInf Textbook Group ~ Cohort 7 ~ Session 3 (Modeling & General Discussion) ~ 7/29/2024
2026-02-16 04:22:48 [INFO] journal_utilities.downloader: Audio already exists for rblchIvoEIY, skipping
2026-02-16 04:22:48 [INFO] journal_utilities.downloader: Audio for rblchIvoEIY: skipped
2026-02-16 04:22:50 [INFO] download_channel: [6/694] Processing oDneqzXQNJo — ActInf Textbook Group ~ Cohort 7 ~ Session 5 (Chapter 2 +++ Open Discussion) ~ 8/12/2024
2026-02-16 04:22:50 [INFO] journal_utilities.downloader: Audio already exists for oDneqzXQNJo, skipping
2026-02-16 04:22:50 [INFO] journal_utilities.downloader: Audio for oDneqzXQNJo: skipped
2026-02-16 04:22:52 [INFO] download_channel: [7/694] Processing hHhIUocRkts — ActInf Textbook Group ~ Cohort 7 ~ Session 24 (Chapter 10) ~ 4/17/2025
2026-02-16 04:22:52 [INFO] journal_utilities.downloader: Audio already exists for hHhIUocRkts, skipping
2026-02-16 04:22:52 [INFO] journal_utilities.downloader: Audio for hHhIUocRkts: skipped
2026-02-16 04:22:54 [INFO] download_channel: [8/694] Processing h-TSZspHRvE — ActInf Textbook Group ~ Cohort 7 ~ Session 23 (Chapter 9) ~ 4/10/2025
2026-02-16 04:22:54 [INFO] journal_utilities.downloader: Audio already exists for h-TSZspHRvE, skipping
2026-02-16 04:22:54 [INFO] journal_utilities.downloader: Audio for h-TSZspHRvE: skipped
2026-02-16 04:22:56 [INFO] download_channel: [9/694] Processing fJTlecxnGD4 — ActInf Textbook Group ~ Cohort 7 ~ Session 20 (Chapter 8) ~ 3/20/2025
2026-02-16 04:22:56 [INFO] journal_utilities.downloader: Audio already exists for fJTlecxnGD4, skipping
2026-02-16 04:22:56 [INFO] journal_utilities.downloader: Audio for fJTlecxnGD4: skipped
2026-02-16 04:22:58 [INFO] download_channel: [10/694] Processing ee7P_RFYOFI — ActInf Textbook Group ~ Cohort 7 ~ Session 11 (Chapter 4) ~ 9/23/2024
2026-02-16 04:22:58 [INFO] journal_utilities.downloader: Audio already exists for ee7P_RFYOFI, skipping
2026-02-16 04:22:58 [INFO] journal_utilities.downloader: Audio for ee7P_RFYOFI: skipped
2026-02-16 04:23:00 [INFO] download_channel: [11/694] Processing c0oEqJhXSts — ActInf Textbook Group ~ Cohort 7 ~ Session 16 (Chapter 6) ~ 2/20/2025
2026-02-16 04:23:00 [INFO] journal_utilities.downloader: Audio already exists for c0oEqJhXSts, skipping
2026-02-16 04:23:00 [INFO] journal_utilities.downloader: Audio for c0oEqJhXSts: skipped
2026-02-16 04:23:02 [INFO] download_channel: [12/694] Processing YyKoz1yeEPQ — ActInf Textbook Group ~ Cohort 7 ~ Session 4 (Chapter 2, part 1) ~ 8/5/2024
2026-02-16 04:23:02 [INFO] journal_utilities.downloader: Audio already exists for YyKoz1yeEPQ, skipping
2026-02-16 04:23:02 [INFO] journal_utilities.downloader: Audio for YyKoz1yeEPQ: skipped
2026-02-16 04:23:04 [INFO] download_channel: [13/694] Processing Vp07CwdeD5o — ActInf Textbook Group ~ Cohort 7 ~ Session 1 (Chapter 1, Part 1) ~ 7/15/2024
2026-02-16 04:23:04 [INFO] journal_utilities.downloader: Audio already exists for Vp07CwdeD5o, skipping
2026-02-16 04:23:04 [INFO] journal_utilities.downloader: Audio for Vp07CwdeD5o: skipped
2026-02-16 04:23:06 [INFO] download_channel: [14/694] Processing P0uVOg81qE8 — ActInf Textbook Group ~ Cohort 7 ~ Session 21 (Chapter 8) ~ 3/27/2025
2026-02-16 04:23:06 [INFO] journal_utilities.downloader: Audio already exists for P0uVOg81qE8, skipping
2026-02-16 04:23:06 [INFO] journal_utilities.downloader: Audio for P0uVOg81qE8: skipped
2026-02-16 04:23:08 [INFO] download_channel: [15/694] Processing M3r2AMBFZBo — ActInf Textbook Group ~ Cohort 7 ~ Session 6 (Chapter 3) ~ 8/26/2024
2026-02-16 04:23:08 [INFO] journal_utilities.downloader: Audio already exists for M3r2AMBFZBo, skipping
2026-02-16 04:23:08 [INFO] journal_utilities.downloader: Audio for M3r2AMBFZBo: skipped
2026-02-16 04:23:10 [INFO] download_channel: [16/694] Processing KrzDtSB9KWw — ActInf Textbook Group ~ Cohort 7 ~ Session 22 (Chapter 9) ~ 4/3/2025
2026-02-16 04:23:10 [INFO] journal_utilities.downloader: Audio already exists for KrzDtSB9KWw, skipping
2026-02-16 04:23:10 [INFO] journal_utilities.downloader: Audio for KrzDtSB9KWw: skipped
2026-02-16 04:23:12 [INFO] download_channel: [17/694] Processing G2BaTneyOLA — ActInf Textbook Group ~ Cohort 8 ~ Session 7 (Chapter 4) ~ 4/3/2025
2026-02-16 04:23:12 [INFO] journal_utilities.downloader: Audio already exists for G2BaTneyOLA, skipping
2026-02-16 04:23:12 [INFO] journal_utilities.downloader: Audio for G2BaTneyOLA: skipped
2026-02-16 04:23:14 [INFO] download_channel: [18/694] Processing CV7fsxhgVe0 — ActInf Textbook Group ~ Cohort 7 ~ Session 17 (Chapter 6) ~ 2/27/2025
2026-02-16 04:23:14 [INFO] journal_utilities.downloader: Audio already exists for CV7fsxhgVe0, skipping
2026-02-16 04:23:14 [INFO] journal_utilities.downloader: Audio for CV7fsxhgVe0: skipped
2026-02-16 04:23:16 [INFO] download_channel: [19/694] Processing 4ufIGiX0BWw — ActInf Textbook Group ~ Cohort 7 ~ Session 19 (Chapter 7) ~ 3/13/2025
2026-02-16 04:23:16 [INFO] journal_utilities.downloader: Audio already exists for 4ufIGiX0BWw, skipping
2026-02-16 04:23:16 [INFO] journal_utilities.downloader: Audio for 4ufIGiX0BWw: skipped
2026-02-16 04:23:18 [INFO] download_channel: [20/694] Processing 3zdTINcxZC0 — ActInf Textbook Group ~ Cohort 7 ~ Session 18 (Chapter 7) ~ 3/6/2025
2026-02-16 04:23:18 [INFO] journal_utilities.downloader: Audio already exists for 3zdTINcxZC0, skipping
2026-02-16 04:23:18 [INFO] journal_utilities.downloader: Audio for 3zdTINcxZC0: skipped
2026-02-16 04:23:20 [INFO] download_channel: [21/694] Processing 0FNa9vMVZ5I — ActInf Textbook Group ~ Cohort 7 ~ Session 2 (Chapter 1, Part 2) ~ 7/22/2024
2026-02-16 04:23:20 [INFO] journal_utilities.downloader: Audio already exists for 0FNa9vMVZ5I, skipping
2026-02-16 04:23:20 [INFO] journal_utilities.downloader: Audio for 0FNa9vMVZ5I: skipped
2026-02-16 04:23:22 [INFO] download_channel: [22/694] Processing -7YZ8olj7Wo — ActInf Textbook Group ~ Cohort 7 ~ Session 7 (Chapter 4) ~ 9/16/2024
2026-02-16 04:23:22 [INFO] journal_utilities.downloader: Audio already exists for -7YZ8olj7Wo, skipping
2026-02-16 04:23:22 [INFO] journal_utilities.downloader: Audio for -7YZ8olj7Wo: skipped
2026-02-16 04:23:24 [INFO] download_channel: [23/694] Processing TaFwI2zr_lE — Audio-Visual Production project at the Institute seeks participants for 2025!
2026-02-16 04:23:24 [INFO] journal_utilities.downloader: Audio already exists for TaFwI2zr_lE, skipping
2026-02-16 04:23:24 [INFO] journal_utilities.downloader: Audio for TaFwI2zr_lE: skipped
2026-02-16 04:23:26 [INFO] download_channel: [24/694] Processing UYD8CR_Xorg — Bert Berkers: "Towards Autonomous Urban Digital Twins"
2026-02-16 04:23:26 [INFO] journal_utilities.downloader: Audio already exists for UYD8CR_Xorg, skipping
2026-02-16 04:23:26 [INFO] journal_utilities.downloader: Audio for UYD8CR_Xorg: skipped
2026-02-16 04:23:28 [INFO] download_channel: [25/694] Processing ynekj8F4zeY — William Gebhardt: “An Introduction to NGC-Learn: A Computational Neuroscience Library“
2026-02-16 04:23:28 [INFO] journal_utilities.downloader: Audio already exists for ynekj8F4zeY, skipping
2026-02-16 04:23:28 [INFO] journal_utilities.downloader: Audio for ynekj8F4zeY: skipped
2026-02-16 04:23:30 [INFO] download_channel: [26/694] Processing q5ZKdxc2tZI — John H Clippinger “Workshop part 1: Introduction to Applying Active Inference“
2026-02-16 04:23:30 [INFO] journal_utilities.downloader: Audio already exists for q5ZKdxc2tZI, skipping
2026-02-16 04:23:30 [INFO] journal_utilities.downloader: Audio for q5ZKdxc2tZI: skipped
2026-02-16 04:23:32 [INFO] download_channel: [27/694] Processing p77yZJ0Bf38 — Octopus: “Cognitive Bifurcations and Mathematical Explorations“
2026-02-16 04:23:32 [INFO] journal_utilities.downloader: Audio already exists for p77yZJ0Bf38, skipping
2026-02-16 04:23:32 [INFO] journal_utilities.downloader: Audio for p77yZJ0Bf38: skipped
2026-02-16 04:23:34 [INFO] download_channel: [28/694] Processing olybbchPgEY — John Boik: “CogNarr Ecosystem: Facilitating Group Cognition at Scale“
2026-02-16 04:23:34 [INFO] journal_utilities.downloader: Audio already exists for olybbchPgEY, skipping
2026-02-16 04:23:34 [INFO] journal_utilities.downloader: Audio for olybbchPgEY: skipped
2026-02-16 04:23:36 [INFO] download_channel: [29/694] Processing jnavry7c11A — Michael Lennon : “Co-inferencing Organizational Symbiosis“
2026-02-16 04:23:36 [INFO] journal_utilities.downloader: Audio already exists for jnavry7c11A, skipping
2026-02-16 04:23:36 [INFO] journal_utilities.downloader: Audio for jnavry7c11A: skipped
2026-02-16 04:23:38 [INFO] download_channel: [30/694] Processing geITY8aJJEA — Dmitry Bagaev: “RxInfer.jl updates and development“
2026-02-16 04:23:38 [INFO] journal_utilities.downloader: Audio already exists for geITY8aJJEA, skipping
2026-02-16 04:23:38 [INFO] journal_utilities.downloader: Audio for geITY8aJJEA: skipped
2026-02-16 04:23:40 [INFO] download_channel: [31/694] Processing gEmvzUQjQVI — Steffen Bollman & Bradly Alicea: “Open Strategies Interest Group“
2026-02-16 04:23:40 [INFO] journal_utilities.downloader: Audio already exists for gEmvzUQjQVI, skipping
2026-02-16 04:23:40 [INFO] journal_utilities.downloader: Audio for gEmvzUQjQVI: skipped
2026-02-16 04:23:42 [INFO] download_channel: [32/694] Processing fbz2VUi-MOo — Livestream 058.2: "From pixels to planning: scale free active inference"
2026-02-16 04:23:42 [INFO] journal_utilities.downloader: Audio already exists for fbz2VUi-MOo, skipping
2026-02-16 04:23:42 [INFO] journal_utilities.downloader: Audio for fbz2VUi-MOo: skipped
2026-02-16 04:23:44 [INFO] download_channel: [33/694] Processing bPJMnFeaoOc — Alex Kiefer: “Resilience from an active inference perspective“
2026-02-16 04:23:44 [INFO] journal_utilities.downloader: Audio already exists for bPJMnFeaoOc, skipping
2026-02-16 04:23:44 [INFO] journal_utilities.downloader: Audio for bPJMnFeaoOc: skipped
2026-02-16 04:23:46 [INFO] download_channel: [34/694] Processing _gjGH0Y_Cgo — Denise Holt: “The Potential Impact of Decentralized AI through Active Inference and Spatial Web“
2026-02-16 04:23:46 [INFO] journal_utilities.downloader: Audio already exists for _gjGH0Y_Cgo, skipping
2026-02-16 04:23:46 [INFO] journal_utilities.downloader: Audio for _gjGH0Y_Cgo: skipped
2026-02-16 04:23:48 [INFO] download_channel: [35/694] Processing _D3uUU1N0bw — "Accounting for Multi scalar and Conscious Psychobiological Phenomena via Quantum Entanglement"
2026-02-16 04:23:48 [INFO] journal_utilities.downloader: Audio already exists for _D3uUU1N0bw, skipping
2026-02-16 04:23:48 [INFO] journal_utilities.downloader: Audio for _D3uUU1N0bw: skipped
2026-02-16 04:23:50 [INFO] download_channel: [36/694] Processing WxTOeCnQNmY — Karl Friston & Alexander Ororbia: “First Day ~ Symposium Roundtable Discussion“
2026-02-16 04:23:50 [INFO] journal_utilities.downloader: Audio already exists for WxTOeCnQNmY, skipping
2026-02-16 04:23:50 [INFO] journal_utilities.downloader: Audio for WxTOeCnQNmY: skipped
2026-02-16 04:23:52 [INFO] download_channel: [37/694] Processing TsQQX3ZdEmA — Anna Pereira: “Research Fellow Update“
2026-02-16 04:23:52 [INFO] journal_utilities.downloader: Audio already exists for TsQQX3ZdEmA, skipping
2026-02-16 04:23:52 [INFO] journal_utilities.downloader: Audio for TsQQX3ZdEmA: skipped
2026-02-16 04:23:54 [INFO] download_channel: [38/694] Processing P3h51-J4g8M — Matthew Brown: “Real-Time Active Inference for Adaptive Robotic Control“
2026-02-16 04:23:54 [INFO] journal_utilities.downloader: Audio already exists for P3h51-J4g8M, skipping
2026-02-16 04:23:54 [INFO] journal_utilities.downloader: Audio for P3h51-J4g8M: skipped
2026-02-16 04:23:56 [INFO] download_channel: [39/694] Processing OCCIDeeKOMA — Bridging Biology and Al Active Inference for Biologically Plausible Decision Making Models
2026-02-16 04:23:56 [INFO] journal_utilities.downloader: Audio already exists for OCCIDeeKOMA, skipping
2026-02-16 04:23:56 [INFO] journal_utilities.downloader: Audio for OCCIDeeKOMA: skipped
2026-02-16 04:23:58 [INFO] download_channel: [40/694] Processing MRTULbP1ZKs — Introducing Activelnference jl, a julia package for simulating active inference models and fitting t
2026-02-16 04:23:58 [INFO] journal_utilities.downloader: Audio already exists for MRTULbP1ZKs, skipping
2026-02-16 04:23:58 [INFO] journal_utilities.downloader: Audio for MRTULbP1ZKs: skipped
2026-02-16 04:24:00 [INFO] download_channel: [41/694] Processing LI_ZIXys1xU — A convergence of TAME (Levin 2022) and Active Inference FEP perspectives on dissociative experiences
2026-02-16 04:24:00 [INFO] journal_utilities.downloader: Audio already exists for LI_ZIXys1xU, skipping
2026-02-16 04:24:00 [INFO] journal_utilities.downloader: Audio for LI_ZIXys1xU: skipped
2026-02-16 04:24:02 [INFO] download_channel: [42/694] Processing KR9KCKQ-KJo — Viet Dung Nguyen "Dynamic Prior Preference Learning for Scalable, Robust Deep Active Inference"
2026-02-16 04:24:02 [INFO] journal_utilities.downloader: Audio already exists for KR9KCKQ-KJo, skipping
2026-02-16 04:24:02 [INFO] journal_utilities.downloader: Audio for KR9KCKQ-KJo: skipped
2026-02-16 04:24:04 [INFO] download_channel: [43/694] Processing G_Jksni5o8I — Giacomo Rossettini: “Placebo, nocebo and contextual effects: the missed link in clinical practice“
2026-02-16 04:24:04 [INFO] journal_utilities.downloader: Audio already exists for G_Jksni5o8I, skipping
2026-02-16 04:24:04 [INFO] journal_utilities.downloader: Audio for G_Jksni5o8I: skipped
2026-02-16 04:24:06 [INFO] download_channel: [44/694] Processing FlZa_odQymU — Bradly Alicea: “An Overview of Open Source and Open Science“
2026-02-16 04:24:06 [INFO] journal_utilities.downloader: Audio already exists for FlZa_odQymU, skipping
2026-02-16 04:24:06 [INFO] journal_utilities.downloader: Audio for FlZa_odQymU: skipped
2026-02-16 04:24:08 [INFO] download_channel: [45/694] Processing EkYlOX-f9sk — "Bridging Cognitive Processing and Social Dynamics New perspectives on Power and Active Ignorance"
2026-02-16 04:24:08 [INFO] journal_utilities.downloader: Audio already exists for EkYlOX-f9sk, skipping
2026-02-16 04:24:08 [INFO] journal_utilities.downloader: Audio for EkYlOX-f9sk: skipped
2026-02-16 04:24:10 [INFO] download_channel: [46/694] Processing E3xAZAs7YeA — John H Clippinger & Andrew Pashea: “BioFirm Workshop part 2"
2026-02-16 04:24:10 [INFO] journal_utilities.downloader: Audio already exists for E3xAZAs7YeA, skipping
2026-02-16 04:24:10 [INFO] journal_utilities.downloader: Audio for E3xAZAs7YeA: skipped
2026-02-16 04:24:12 [INFO] download_channel: [47/694] Processing C1Uqxg7mDCo — Purposefully Nonstandard Cybernetics an alternative to purpose driven control
2026-02-16 04:24:12 [INFO] journal_utilities.downloader: Audio already exists for C1Uqxg7mDCo, skipping
2026-02-16 04:24:12 [INFO] journal_utilities.downloader: Audio for C1Uqxg7mDCo: skipped
2026-02-16 04:24:14 [INFO] download_channel: [48/694] Processing 9v22c92LWHQ — Shagor Rahman: “Humanity’s Story: A Search for Moral Clarity“
2026-02-16 04:24:14 [INFO] journal_utilities.downloader: Audio already exists for 9v22c92LWHQ, skipping
2026-02-16 04:24:14 [INFO] journal_utilities.downloader: Audio for 9v22c92LWHQ: skipped
2026-02-16 04:24:16 [INFO] download_channel: [49/694] Processing 8X9K_gZWhqs — Mahault Albarracin: “Sustainability Under Active Inference“
2026-02-16 04:24:16 [INFO] journal_utilities.downloader: Audio already exists for 8X9K_gZWhqs, skipping
2026-02-16 04:24:16 [INFO] journal_utilities.downloader: Audio for 8X9K_gZWhqs: skipped
2026-02-16 04:24:18 [INFO] download_channel: [50/694] Processing 7FuojyQMabw — Jean-François Cloutier: “An experiment in artificial agency“
2026-02-16 04:24:18 [INFO] journal_utilities.downloader: Audio already exists for 7FuojyQMabw, skipping
2026-02-16 04:24:18 [INFO] journal_utilities.downloader: Audio for 7FuojyQMabw: skipped
2026-02-16 04:24:20 [INFO] download_channel: [51/694] Processing 1ZJBJGzOn0g — MLDawn "Brain in the Dark Design Principles for Neuromimetic Inference under Free Energy Principle"
2026-02-16 04:24:20 [INFO] journal_utilities.downloader: Audio already exists for 1ZJBJGzOn0g, skipping
2026-02-16 04:24:20 [INFO] journal_utilities.downloader: Audio for 1ZJBJGzOn0g: skipped
2026-02-16 04:24:22 [INFO] download_channel: [52/694] Processing 0A36OXIDLhQ — Ines Hipolito: “Dysfunctional Markov Blankets: From Stuck States to Adaptive Perturbations“
2026-02-16 04:24:22 [INFO] journal_utilities.downloader: Audio already exists for 0A36OXIDLhQ, skipping
2026-02-16 04:24:22 [INFO] journal_utilities.downloader: Audio for 0A36OXIDLhQ: skipped
2026-02-16 04:24:24 [INFO] download_channel: [53/694] Processing -39CESDAfLM — "Danceability as an Approximate Measure of Groove Collective Synchrony Through Music"
2026-02-16 04:24:24 [INFO] journal_utilities.downloader: Audio already exists for -39CESDAfLM, skipping
2026-02-16 04:24:24 [INFO] journal_utilities.downloader: Audio for -39CESDAfLM: skipped
2026-02-16 04:24:26 [INFO] download_channel: [54/694] Processing nCZZBuk_wmU — 4th Applied Active Inference Symposium (Part 2, Nov 14, 2024) ~ Full Upload
2026-02-16 04:24:26 [INFO] journal_utilities.downloader: Audio already exists for nCZZBuk_wmU, skipping
2026-02-16 04:24:26 [INFO] journal_utilities.downloader: Audio for nCZZBuk_wmU: skipped
2026-02-16 04:24:28 [INFO] download_channel: [55/694] Processing cIBIecj7UZE — 4th Applied Active Inference Symposium (Part 1, Nov 13, 2024) ~ Full Upload
2026-02-16 04:24:28 [INFO] journal_utilities.downloader: Audio already exists for cIBIecj7UZE, skipping
2026-02-16 04:24:28 [INFO] journal_utilities.downloader: Audio for cIBIecj7UZE: skipped
2026-02-16 04:24:30 [INFO] download_channel: [56/694] Processing s3iUvrVuckc — ActInf Textbook Group ~ Cohort 6 ~ Session 5 (Chapter 2, Part 2) ~ 2/26/2024
2026-02-16 04:24:30 [INFO] journal_utilities.downloader: Audio already exists for s3iUvrVuckc, skipping
2026-02-16 04:24:30 [INFO] journal_utilities.downloader: Audio for s3iUvrVuckc: skipped
2026-02-16 04:24:32 [INFO] download_channel: [57/694] Processing qYImZ0Gk298 — ActInf Textbook Group ~ Cohort 6 ~ Session 3 (Chapter 1, Part 2) ~ 2/12/2024
2026-02-16 04:24:32 [INFO] journal_utilities.downloader: Audio already exists for qYImZ0Gk298, skipping
2026-02-16 04:24:32 [INFO] journal_utilities.downloader: Audio for qYImZ0Gk298: skipped
2026-02-16 04:24:34 [INFO] download_channel: [58/694] Processing meHNspbSYto — ActInf Textbook Group ~ Cohort 6 ~ Session 19 (Chapter 8, Part 1) 8/26/2024
2026-02-16 04:24:34 [INFO] journal_utilities.downloader: Audio already exists for meHNspbSYto, skipping
2026-02-16 04:24:34 [INFO] journal_utilities.downloader: Audio for meHNspbSYto: skipped
2026-02-16 04:24:36 [INFO] download_channel: [59/694] Processing imqNCmLJMts — ActInf Textbook Group ~ Cohort 6 ~ Session 2 (Chapter 1, Part 1) ~ 2/5/2024
2026-02-16 04:24:36 [INFO] journal_utilities.downloader: Audio already exists for imqNCmLJMts, skipping
2026-02-16 04:24:36 [INFO] journal_utilities.downloader: Audio for imqNCmLJMts: skipped
2026-02-16 04:24:38 [INFO] download_channel: [60/694] Processing Yp8LSoHiMlk — ActInf Textbook Group ~ Cohort 6 ~ Session 16 (Chapter 7, Part 1) 8/5/2024
2026-02-16 04:24:38 [INFO] journal_utilities.downloader: Audio already exists for Yp8LSoHiMlk, skipping
2026-02-16 04:24:38 [INFO] journal_utilities.downloader: Audio for Yp8LSoHiMlk: skipped
2026-02-16 04:24:40 [INFO] download_channel: [61/694] Processing TZKflAT3JmY — ActInf Textbook Group ~ Cohort 6 ~ Session 21 (Applying Active Inference & Ontology) 9/9/2024
2026-02-16 04:24:40 [INFO] journal_utilities.downloader: Audio already exists for TZKflAT3JmY, skipping
2026-02-16 04:24:40 [INFO] journal_utilities.downloader: Audio for TZKflAT3JmY: skipped
2026-02-16 04:24:42 [INFO] download_channel: [62/694] Processing T1mQYCLkQo8 — ActInf Textbook Group ~ Cohort 6 ~ Session 22 (Chapter 9) 9/16/2024
2026-02-16 04:24:42 [INFO] journal_utilities.downloader: Audio already exists for T1mQYCLkQo8, skipping
2026-02-16 04:24:42 [INFO] journal_utilities.downloader: Audio for T1mQYCLkQo8: skipped
2026-02-16 04:24:44 [INFO] download_channel: [63/694] Processing nFHQ_Bjub3o — ActInf Textbook Group ~ Cohort 6 ~ Session 18 (Chapter 7, Part 3 / Applying ActInf) 8/12/2024
2026-02-16 04:24:44 [INFO] journal_utilities.downloader: Audio already exists for nFHQ_Bjub3o, skipping
2026-02-16 04:24:44 [INFO] journal_utilities.downloader: Audio for nFHQ_Bjub3o: skipped
2026-02-16 04:24:46 [INFO] download_channel: [64/694] Processing L6FW9v3m-JA — ActInf Textbook Group ~ Cohort 6 ~ Session 6 (Chapter 4, Part 2) ~ 3/25/2024
2026-02-16 04:24:46 [INFO] journal_utilities.downloader: Audio already exists for L6FW9v3m-JA, skipping
2026-02-16 04:24:46 [INFO] journal_utilities.downloader: Audio for L6FW9v3m-JA: skipped
2026-02-16 04:24:48 [INFO] download_channel: [65/694] Processing Ke0x0TrBROk — ActInf Textbook Group ~ Cohort 6 ~ Session 7 (Chapter 5, Part 1) ~ 4/1/2024
2026-02-16 04:24:48 [INFO] journal_utilities.downloader: Audio already exists for Ke0x0TrBROk, skipping
2026-02-16 04:24:48 [INFO] journal_utilities.downloader: Audio for Ke0x0TrBROk: skipped
2026-02-16 04:24:50 [INFO] download_channel: [66/694] Processing HEGhyTjMJOo — ActInf Textbook Group ~ Cohort 6 ~ Session 8 (Chapter 5, Part 2) ~ 4/8/2024
2026-02-16 04:24:50 [INFO] journal_utilities.downloader: Audio already exists for HEGhyTjMJOo, skipping
2026-02-16 04:24:50 [INFO] journal_utilities.downloader: Audio for HEGhyTjMJOo: skipped
2026-02-16 04:24:52 [INFO] download_channel: [67/694] Processing H-_iRin1vfI — ActInf Textbook Group ~ Cohort 6 ~ Session 13 (Chapter 6, Part 1) ~ 7/15/2024
2026-02-16 04:24:52 [INFO] journal_utilities.downloader: Audio already exists for H-_iRin1vfI, skipping
2026-02-16 04:24:52 [INFO] journal_utilities.downloader: Audio for H-_iRin1vfI: skipped
2026-02-16 04:24:54 [INFO] download_channel: [68/694] Processing Gt5vADpuw_g — ActInf Textbook Group ~ Cohort 6 ~ Session 6 (Chapter 4, Part 1) ~ 3/18/2024
2026-02-16 04:24:54 [INFO] journal_utilities.downloader: Audio already exists for Gt5vADpuw_g, skipping
2026-02-16 04:24:54 [INFO] journal_utilities.downloader: Audio for Gt5vADpuw_g: skipped
2026-02-16 04:24:56 [INFO] download_channel: [69/694] Processing ExQZpv43sSo — ActInf Textbook Group ~ Cohort 6 ~ Session 6 (Chapter 3, Part 2) ~ 3/11/2024
2026-02-16 04:24:56 [INFO] journal_utilities.downloader: Audio already exists for ExQZpv43sSo, skipping
2026-02-16 04:24:56 [INFO] journal_utilities.downloader: Audio for ExQZpv43sSo: skipped
2026-02-16 04:24:58 [INFO] download_channel: [70/694] Processing CEL1TfYypAk — ActInf Textbook Group ~ Cohort 6 ~ Session 17 (Chapter 7, Part 2) 8/12/2024
2026-02-16 04:24:58 [INFO] journal_utilities.downloader: Audio already exists for CEL1TfYypAk, skipping
2026-02-16 04:24:58 [INFO] journal_utilities.downloader: Audio for CEL1TfYypAk: skipped
2026-02-16 04:25:00 [INFO] download_channel: [71/694] Processing AJ245K2DC44 — ActInf Textbook Group ~ Cohort 6 ~ Session 4 (Chapter 2, Part 1) ~ 2/19/2024
2026-02-16 04:25:00 [INFO] journal_utilities.downloader: Audio already exists for AJ245K2DC44, skipping
2026-02-16 04:25:00 [INFO] journal_utilities.downloader: Audio for AJ245K2DC44: skipped
2026-02-16 04:25:02 [INFO] download_channel: [72/694] Processing 7Ru_taOprEA — ActInf Textbook Group ~ Cohort 6 ~ Session 5 (Chapter 3, Part 1) ~ 2/26/2024
2026-02-16 04:25:02 [INFO] journal_utilities.downloader: Audio already exists for 7Ru_taOprEA, skipping
2026-02-16 04:25:02 [INFO] journal_utilities.downloader: Audio for 7Ru_taOprEA: skipped
2026-02-16 04:25:04 [INFO] download_channel: [73/694] Processing 0rQWh-pBXSQ — ActInf Textbook Group ~ Cohort 6 ~ Session 15 (Applying Active Inference, Social Science) 7/22/2024
2026-02-16 04:25:04 [INFO] journal_utilities.downloader: Audio already exists for 0rQWh-pBXSQ, skipping
2026-02-16 04:25:04 [INFO] journal_utilities.downloader: Audio for 0rQWh-pBXSQ: skipped
2026-02-16 04:25:06 [INFO] download_channel: [74/694] Processing -DQ6B7cagQ0 — ActInf Textbook Group ~ Cohort 6 ~ Session 14 (Chapter 6, Part 2) ~ 7/22/2024
2026-02-16 04:25:06 [INFO] journal_utilities.downloader: Audio already exists for -DQ6B7cagQ0, skipping
2026-02-16 04:25:06 [INFO] journal_utilities.downloader: Audio for -DQ6B7cagQ0: skipped
2026-02-16 04:25:08 [INFO] download_channel: [75/694] Processing U6Edc13EQ_k — Google Video Vids Generative AI ~ Active Inference & Free Energy Principle EXPLAINED
2026-02-16 04:25:08 [INFO] journal_utilities.downloader: Audio already exists for U6Edc13EQ_k, skipping
2026-02-16 04:25:08 [INFO] journal_utilities.downloader: Audio for U6Edc13EQ_k: skipped
2026-02-16 04:25:10 [INFO] download_channel: [76/694] Processing sKVZykutOD0 — Iain McGilchrist ~ Active Inference Insights 023 ~ Hemispheric Lateralisation, Relationality, Being
2026-02-16 04:25:10 [INFO] journal_utilities.downloader: Audio already exists for sKVZykutOD0, skipping
2026-02-16 04:25:10 [INFO] journal_utilities.downloader: Audio for sKVZykutOD0: skipped
2026-02-16 04:25:12 [INFO] download_channel: [77/694] Processing ygmAhA18mkQ — ActInf ModelStream 010.2 ~ RxEnvironments.jl with Wouter Nuijten
2026-02-16 04:25:12 [INFO] journal_utilities.downloader: Audio already exists for ygmAhA18mkQ, skipping
2026-02-16 04:25:12 [INFO] journal_utilities.downloader: Audio for ygmAhA18mkQ: skipped
2026-02-16 04:25:14 [INFO] download_channel: [78/694] Processing TvZcxUuosh0 — Krys Dolega ~ Active Inference Insights 022 ~ Emperor’s New Markov Blankets, Attention, Dan Dennett
2026-02-16 04:25:14 [INFO] journal_utilities.downloader: Audio already exists for TvZcxUuosh0, skipping
2026-02-16 04:25:14 [INFO] journal_utilities.downloader: Audio for TvZcxUuosh0: skipped
2026-02-16 04:25:16 [INFO] download_channel: [79/694] Processing B64lXpQAOus — Announcing two new programs: Research Fellows & Partnerships
2026-02-16 04:25:16 [INFO] journal_utilities.downloader: Audio already exists for B64lXpQAOus, skipping
2026-02-16 04:25:16 [INFO] journal_utilities.downloader: Audio for B64lXpQAOus: skipped
2026-02-16 04:25:18 [INFO] download_channel: [80/694] Processing IjWBAyJeCsc — Thomas Metzinger ~ Active Inference Insights 021 ~ Pure Awareness, Self-Models, Transparency
2026-02-16 04:25:18 [INFO] journal_utilities.downloader: Audio already exists for IjWBAyJeCsc, skipping
2026-02-16 04:25:18 [INFO] journal_utilities.downloader: Audio for IjWBAyJeCsc: skipped
2026-02-16 04:25:20 [INFO] download_channel: [81/694] Processing 2hLeKUdOUrg — Kathryn Nave  ~ Active Inference Insights 020 ~ Agency, Vision, Life
2026-02-16 04:25:20 [INFO] journal_utilities.downloader: Audio already exists for 2hLeKUdOUrg, skipping
2026-02-16 04:25:20 [INFO] journal_utilities.downloader: Audio for 2hLeKUdOUrg: skipped
2026-02-16 04:25:22 [INFO] download_channel: [82/694] Processing nf57wi3qLjk — Conor Heins  ~ Active Inference Insights 019 ~ Collective Behaviour,  Attention, Intelligence
2026-02-16 04:25:22 [INFO] journal_utilities.downloader: Audio already exists for nf57wi3qLjk, skipping
2026-02-16 04:25:22 [INFO] journal_utilities.downloader: Audio for nf57wi3qLjk: skipped
2026-02-16 04:25:24 [INFO] download_channel: [83/694] Processing wFZSLtbhDLE — ActInf Textbook Group ~ Cohort 5 ~ Session 8 (Chapter 4, Part 1) ~ 11/7/2023
2026-02-16 04:25:24 [INFO] journal_utilities.downloader: Audio already exists for wFZSLtbhDLE, skipping
2026-02-16 04:25:24 [INFO] journal_utilities.downloader: Audio for wFZSLtbhDLE: skipped
2026-02-16 04:25:26 [INFO] download_channel: [84/694] Processing ceTIEXxzfGM — ActInf Textbook Group ~ Cohort 5 ~ Session 22 (Chapter 10, Part 2) ~ 4/8/2024
2026-02-16 04:25:26 [INFO] journal_utilities.downloader: Audio already exists for ceTIEXxzfGM, skipping
2026-02-16 04:25:26 [INFO] journal_utilities.downloader: Audio for ceTIEXxzfGM: skipped
2026-02-16 04:25:28 [INFO] download_channel: [85/694] Processing v8DiGoR29z8 — ActInf Textbook Group ~ Cohort 5 ~ Session 6 (Chapter 3, Part 1) ~ 10/24/2023
2026-02-16 04:25:28 [INFO] journal_utilities.downloader: Audio already exists for v8DiGoR29z8, skipping
2026-02-16 04:25:28 [INFO] journal_utilities.downloader: Audio for v8DiGoR29z8: skipped
2026-02-16 04:25:30 [INFO] download_channel: [86/694] Processing snOZwtTgX3Q — ActInf Textbook Group ~ Cohort 5 ~ Session 5 (Chapter 2, Part 2) ~ 10/17/2023
2026-02-16 04:25:30 [INFO] journal_utilities.downloader: Audio already exists for snOZwtTgX3Q, skipping
2026-02-16 04:25:30 [INFO] journal_utilities.downloader: Audio for snOZwtTgX3Q: skipped
2026-02-16 04:25:32 [INFO] download_channel: [87/694] Processing mqB1ZW3wVHc — ActInf Textbook Group ~ Cohort 5 ~ Session 16 (Chapter 7, Part 1) ~ 2/19/2024
2026-02-16 04:25:32 [INFO] journal_utilities.downloader: Audio already exists for mqB1ZW3wVHc, skipping
2026-02-16 04:25:32 [INFO] journal_utilities.downloader: Audio for mqB1ZW3wVHc: skipped
2026-02-16 04:25:34 [INFO] download_channel: [88/694] Processing jhAy18rnFEM — ActInf Textbook Group ~ Cohort 5 ~ Session 19 (Chapter 8, Part 2) ~ 3/11/2024
2026-02-16 04:25:34 [INFO] journal_utilities.downloader: Audio already exists for jhAy18rnFEM, skipping
2026-02-16 04:25:34 [INFO] journal_utilities.downloader: Audio for jhAy18rnFEM: skipped
2026-02-16 04:25:36 [INFO] download_channel: [89/694] Processing hf7V9oJAK6I — ActInf Textbook Group ~ Cohort 5 ~ Session 18 (Chapter 8, Part 1) ~ 3/4/2024
2026-02-16 04:25:36 [INFO] journal_utilities.downloader: Audio already exists for hf7V9oJAK6I, skipping
2026-02-16 04:25:36 [INFO] journal_utilities.downloader: Audio for hf7V9oJAK6I: skipped
2026-02-16 04:25:38 [INFO] download_channel: [90/694] Processing hREkvTcNNRo — ActInf Textbook Group ~ Cohort 5 ~ Session 7 (Chapter 3, Part 2) ~ 10/31/2023
2026-02-16 04:25:38 [INFO] journal_utilities.downloader: Audio already exists for hREkvTcNNRo, skipping
2026-02-16 04:25:38 [INFO] journal_utilities.downloader: Audio for hREkvTcNNRo: skipped
2026-02-16 04:25:40 [INFO] download_channel: [91/694] Processing gjqHdcZFXUE — ActInf Textbook Group ~ Cohort 5 ~ Session 11 (Chapter 5, Part 2) ~ 11/28/2023
2026-02-16 04:25:40 [INFO] journal_utilities.downloader: Audio already exists for gjqHdcZFXUE, skipping
2026-02-16 04:25:40 [INFO] journal_utilities.downloader: Audio for gjqHdcZFXUE: skipped
2026-02-16 04:25:42 [INFO] download_channel: [92/694] Processing Wbl_xK_-ldM — ActInf Textbook Group ~ Cohort 5 ~ Session 4 (Chapter 2, Part 1) ~ 10/10/2023
2026-02-16 04:25:42 [INFO] journal_utilities.downloader: Audio already exists for Wbl_xK_-ldM, skipping
2026-02-16 04:25:42 [INFO] journal_utilities.downloader: Audio for Wbl_xK_-ldM: skipped
2026-02-16 04:25:44 [INFO] download_channel: [93/694] Processing 0pd6BtofNkY — ActInf Textbook Group ~ Cohort 5 ~ Session 17 (Chapter 7, Part 2) ~ 2/26/2024
2026-02-16 04:25:44 [INFO] journal_utilities.downloader: Audio already exists for 0pd6BtofNkY, skipping
2026-02-16 04:25:44 [INFO] journal_utilities.downloader: Audio for 0pd6BtofNkY: skipped
2026-02-16 04:25:46 [INFO] download_channel: [94/694] Processing 1w2JUt-xHH4 — ActInf Textbook Group ~ Cohort 5 ~ Session 3 (Chapter 1, Part 2) ~ 10/3/2023
2026-02-16 04:25:46 [INFO] journal_utilities.downloader: Audio already exists for 1w2JUt-xHH4, skipping
2026-02-16 04:25:46 [INFO] journal_utilities.downloader: Audio for 1w2JUt-xHH4: skipped
2026-02-16 04:25:48 [INFO] download_channel: [95/694] Processing Da6PnLlK9oc — ActInf Textbook Group ~ Cohort 5 ~ Session 15 (Chapter 6, Part 2) ~ 2/12/2024
2026-02-16 04:25:48 [INFO] journal_utilities.downloader: Audio already exists for Da6PnLlK9oc, skipping
2026-02-16 04:25:48 [INFO] journal_utilities.downloader: Audio for Da6PnLlK9oc: skipped
2026-02-16 04:25:50 [INFO] download_channel: [96/694] Processing WZ_rsHiwXRk — ActInf Textbook Group ~ Cohort 5 ~ Session 14 (Chapter 6, Part 1) ~ 2/5/2024
2026-02-16 04:25:50 [INFO] journal_utilities.downloader: Audio already exists for WZ_rsHiwXRk, skipping
2026-02-16 04:25:50 [INFO] journal_utilities.downloader: Audio for WZ_rsHiwXRk: skipped
2026-02-16 04:25:52 [INFO] download_channel: [97/694] Processing MMOsuWNoPSo — ActInf Textbook Group ~ Cohort 5 ~ Session 10 (Chapter 5, Part 1) ~ 11/21/2023
2026-02-16 04:25:52 [INFO] journal_utilities.downloader: Audio already exists for MMOsuWNoPSo, skipping
2026-02-16 04:25:52 [INFO] journal_utilities.downloader: Audio for MMOsuWNoPSo: skipped
2026-02-16 04:25:54 [INFO] download_channel: [98/694] Processing DgppOdct0JE — ActInf Textbook Group ~ Cohort 5 ~ Session 20 (Chapter 9, Part 1) ~ 3/18/2024
2026-02-16 04:25:54 [INFO] journal_utilities.downloader: Audio already exists for DgppOdct0JE, skipping
2026-02-16 04:25:54 [INFO] journal_utilities.downloader: Audio for DgppOdct0JE: skipped
2026-02-16 04:25:56 [INFO] download_channel: [99/694] Processing D0eSAByd_Ak — ActInf Textbook Group ~ Cohort 5 ~ Session 9 (Chapter 4, Part 2) ~ 11/14/2023
2026-02-16 04:25:56 [INFO] journal_utilities.downloader: Audio already exists for D0eSAByd_Ak, skipping
2026-02-16 04:25:56 [INFO] journal_utilities.downloader: Audio for D0eSAByd_Ak: skipped
2026-02-16 04:25:58 [INFO] download_channel: [100/694] Processing 85HzeHfna08 — ActInf Textbook Group ~ Cohort 5 ~ Session 2 (Chapter 1, Part 1) ~ 9/26/2023
2026-02-16 04:25:58 [INFO] journal_utilities.downloader: Audio already exists for 85HzeHfna08, skipping
2026-02-16 04:25:58 [INFO] journal_utilities.downloader: Audio for 85HzeHfna08: skipped
2026-02-16 04:26:00 [INFO] download_channel: [101/694] Processing 3CQmexsuF64 — ActInf Textbook Group ~ Cohort 5 ~ Session 1 (Onboarding) ~ 9/19/2023
2026-02-16 04:26:00 [INFO] journal_utilities.downloader: Audio already exists for 3CQmexsuF64, skipping
2026-02-16 04:26:00 [INFO] journal_utilities.downloader: Audio for 3CQmexsuF64: skipped
2026-02-16 04:26:02 [INFO] download_channel: [102/694] Processing 0sS-Qf60Uaw — ActInf Textbook Group ~ Cohort 5 ~ Session 21 (Chapter 9, Part 2) ~ 3/25/2024
2026-02-16 04:26:02 [INFO] journal_utilities.downloader: Audio already exists for 0sS-Qf60Uaw, skipping
2026-02-16 04:26:02 [INFO] journal_utilities.downloader: Audio for 0sS-Qf60Uaw: skipped
2026-02-16 04:26:04 [INFO] download_channel: [103/694] Processing RDDfKm4yQIo — Active Inference in Rust.... For Ants? (4-4-2024 Active InferAnts bundle of updates)
2026-02-16 04:26:04 [INFO] journal_utilities.downloader: Audio already exists for RDDfKm4yQIo, skipping
2026-02-16 04:26:04 [INFO] journal_utilities.downloader: Audio for RDDfKm4yQIo: skipped
2026-02-16 04:26:06 [INFO] download_channel: [104/694] Processing sAwPXw-WNg4 — Sanjeev Namjoshi ~ Active Inference Insights 018 ~ Education, Expectation-Maximisation, Evolution
2026-02-16 04:26:06 [INFO] journal_utilities.downloader: Audio already exists for sAwPXw-WNg4, skipping
2026-02-16 04:26:06 [INFO] journal_utilities.downloader: Audio for sAwPXw-WNg4: skipped
2026-02-16 04:26:08 [INFO] download_channel: [105/694] Processing gpUuttKJoDM — Mark Solms ~ Active Inference Insights 017 ~ Affect, Consciousness, Dreams
2026-02-16 04:26:08 [INFO] journal_utilities.downloader: Audio already exists for gpUuttKJoDM, skipping
2026-02-16 04:26:08 [INFO] journal_utilities.downloader: Audio for gpUuttKJoDM: skipped
2026-02-16 04:26:10 [INFO] download_channel: [106/694] Processing uO1QgxI9B3g — Wanja Wiese ~ Active Inference Insights 016 ~ Consciousness, Information Geometry, Ethical AI
2026-02-16 04:26:10 [INFO] journal_utilities.downloader: Audio already exists for uO1QgxI9B3g, skipping
2026-02-16 04:26:10 [INFO] journal_utilities.downloader: Audio for uO1QgxI9B3g: skipped
2026-02-16 04:26:12 [INFO] download_channel: [107/694] Processing v6ddfMkuSpo — Michael Levin & Franz Kuchling ~ Active Inference Insights 015 ~ Morphogenesis, Selfhood, Teleonomy
2026-02-16 04:26:12 [INFO] journal_utilities.downloader: Audio already exists for v6ddfMkuSpo, skipping
2026-02-16 04:26:12 [INFO] journal_utilities.downloader: Audio for v6ddfMkuSpo: skipped
2026-02-16 04:26:14 [INFO] download_channel: [108/694] Processing HIvGyLlZx4I — Alex Kiefer ~ Active Inference Insights 014 ~ Representations, Predictive Coding, Teleology
2026-02-16 04:26:14 [INFO] journal_utilities.downloader: Audio already exists for HIvGyLlZx4I, skipping
2026-02-16 04:26:14 [INFO] journal_utilities.downloader: Audio for HIvGyLlZx4I: skipped
2026-02-16 04:26:16 [INFO] download_channel: [109/694] Processing T5nG_5UZ_yk — ActInf MorphStream 003.1 ~ Anand Subramoney "Principles of scalability and biological inspirations"
2026-02-16 04:26:16 [INFO] journal_utilities.downloader: Audio already exists for T5nG_5UZ_yk, skipping
2026-02-16 04:26:16 [INFO] journal_utilities.downloader: Audio for T5nG_5UZ_yk: skipped
2026-02-16 04:26:18 [INFO] download_channel: [110/694] Processing bQAJKi5ewDI — Ryan Smith ~ Active Inference Insights 013 ~ Wellbeing, Modelling, Precision
2026-02-16 04:26:18 [INFO] journal_utilities.downloader: Audio already exists for bQAJKi5ewDI, skipping
2026-02-16 04:26:18 [INFO] journal_utilities.downloader: Audio for bQAJKi5ewDI: skipped
2026-02-16 04:26:20 [INFO] download_channel: [111/694] Processing Ei8LHRlmbzI — Welcome to the Active Inference Institute (2024, version 1)
2026-02-16 04:26:20 [INFO] journal_utilities.downloader: Audio already exists for Ei8LHRlmbzI, skipping
2026-02-16 04:26:20 [INFO] journal_utilities.downloader: Audio for Ei8LHRlmbzI: skipped
2026-02-16 04:26:22 [INFO] download_channel: [112/694] Processing kNel8V3TFZs — Ronald Sladky ~ Active Inference Insights 012 ~ Amygdala, Priors, fMRI
2026-02-16 04:26:22 [INFO] journal_utilities.downloader: Audio already exists for kNel8V3TFZs, skipping
2026-02-16 04:26:22 [INFO] journal_utilities.downloader: Audio for kNel8V3TFZs: skipped
2026-02-16 04:26:24 [INFO] download_channel: [113/694] Processing 5OSdKU3Viu0 — Julian Kiverstein ~ Active Inference Insights 011 ~ Affordances, Enaction, Phenomenology
2026-02-16 04:26:24 [INFO] journal_utilities.downloader: Audio already exists for 5OSdKU3Viu0, skipping
2026-02-16 04:26:24 [INFO] journal_utilities.downloader: Audio for 5OSdKU3Viu0: skipped
2026-02-16 04:26:26 [INFO] download_channel: [114/694] Processing ZeIM4mK9UuY — Projects & Measurements ~ February 8, 2024
2026-02-16 04:26:26 [INFO] journal_utilities.downloader: Audio already exists for ZeIM4mK9UuY, skipping
2026-02-16 04:26:26 [INFO] journal_utilities.downloader: Audio for ZeIM4mK9UuY: skipped
2026-02-16 04:26:28 [INFO] download_channel: [115/694] Processing kLLMB91DMPA — Lance Da Costa ~ Active Inference Insights 010 ~ Mathematics, Time, Selfhood
2026-02-16 04:26:28 [INFO] journal_utilities.downloader: Audio already exists for kLLMB91DMPA, skipping
2026-02-16 04:26:28 [INFO] journal_utilities.downloader: Audio for kLLMB91DMPA: skipped
2026-02-16 04:26:30 [INFO] download_channel: [116/694] Processing 23XMBqlFi78 — Chris Frith ~ Active Inference Insights 009 ~ Mentalizing, Schizophrenia, Consciousness
2026-02-16 04:26:30 [INFO] journal_utilities.downloader: Audio already exists for 23XMBqlFi78, skipping
2026-02-16 04:26:30 [INFO] journal_utilities.downloader: Audio for 23XMBqlFi78: skipped
2026-02-16 04:26:32 [INFO] download_channel: [117/694] Processing YxrIbWTjSp4 — Active Inference Textbook Group in early 2024 ~ Cohort 6 begins & Cohort 5 continues
2026-02-16 04:26:32 [INFO] journal_utilities.downloader: Audio already exists for YxrIbWTjSp4, skipping
2026-02-16 04:26:32 [INFO] journal_utilities.downloader: Audio for YxrIbWTjSp4: skipped
2026-02-16 04:26:34 [INFO] download_channel: [118/694] Processing oJZSGW2kCYY — Alexander Ororbia ~ Active Inference Insights 008 ~ Mortal Computation, Cybernetics, AI
2026-02-16 04:26:34 [INFO] journal_utilities.downloader: Audio already exists for oJZSGW2kCYY, skipping
2026-02-16 04:26:34 [INFO] journal_utilities.downloader: Audio for oJZSGW2kCYY: skipped
2026-02-16 04:26:36 [INFO] download_channel: [119/694] Processing 1wxxhVjSo6w — Vicente Raja & Jeff Beck  ~ Active Inference Insights 007 ~ The Markov Blanket Trick Debate
2026-02-16 04:26:36 [INFO] journal_utilities.downloader: Audio already exists for 1wxxhVjSo6w, skipping
2026-02-16 04:26:36 [INFO] journal_utilities.downloader: Audio for 1wxxhVjSo6w: skipped
2026-02-16 04:26:38 [INFO] download_channel: [120/694] Processing 7GGGBMFuRXE — Adam Safron ~ Active Inference Insights 006 ~ Psychedelics, Emotions, The Body
2026-02-16 04:26:38 [INFO] journal_utilities.downloader: Audio already exists for 7GGGBMFuRXE, skipping
2026-02-16 04:26:38 [INFO] journal_utilities.downloader: Audio for 7GGGBMFuRXE: skipped
2026-02-16 04:26:40 [INFO] download_channel: [121/694] Processing mEP-E9Q92Es — Project Preparation/Measurement at Active Inference Institute in 2024 ~ Forms open
2026-02-16 04:26:40 [INFO] journal_utilities.downloader: Audio already exists for mEP-E9Q92Es, skipping
2026-02-16 04:26:40 [INFO] journal_utilities.downloader: Audio for mEP-E9Q92Es: skipped
2026-02-16 04:26:42 [INFO] download_channel: [122/694] Processing Jutffqjgy18 — Marilyn Stendera ~ Active Inference Insights 005 ~ Autopoiesis, Heidegger, Futurity
2026-02-16 04:26:42 [INFO] journal_utilities.downloader: Audio already exists for Jutffqjgy18, skipping
2026-02-16 04:26:42 [INFO] journal_utilities.downloader: Audio for Jutffqjgy18: skipped
2026-02-16 04:26:44 [INFO] download_channel: [123/694] Processing Wp7OebX_k70 — ActInf MorphStream 002.1 ~ Alon Loeffler "From Neuromorphic Nanowire Networks to Neurons"
2026-02-16 04:26:44 [INFO] journal_utilities.downloader: Audio already exists for Wp7OebX_k70, skipping
2026-02-16 04:26:44 [INFO] journal_utilities.downloader: Audio for Wp7OebX_k70: skipped
2026-02-16 04:26:46 [INFO] download_channel: [124/694] Processing cKZIJQLhudk — Inês Hipólito ~ Active Inference Insights 004 ~ Markov Blankets, Modularity, Enactivism
2026-02-16 04:26:46 [INFO] journal_utilities.downloader: Audio already exists for cKZIJQLhudk, skipping
2026-02-16 04:26:46 [INFO] journal_utilities.downloader: Audio for cKZIJQLhudk: skipped
2026-02-16 04:26:48 [INFO] download_channel: [125/694] Processing aC8GC15sqME — John Vervaeke ~ Active Inference Insights 003 ~ Relevance Realisation, Predictive Processing, Flow
2026-02-16 04:26:48 [INFO] journal_utilities.downloader: Audio already exists for aC8GC15sqME, skipping
2026-02-16 04:26:48 [INFO] journal_utilities.downloader: Audio for aC8GC15sqME: skipped
2026-02-16 04:26:50 [INFO] download_channel: [126/694] Processing njbpi3YTMPY — Mahault Albarracin ~ Active Inference Insights 002 ~ Epistemic Communities, Social Scripts, AI
2026-02-16 04:26:50 [INFO] journal_utilities.downloader: Audio already exists for njbpi3YTMPY, skipping
2026-02-16 04:26:50 [INFO] journal_utilities.downloader: Audio for njbpi3YTMPY: skipped
2026-02-16 04:26:52 [INFO] download_channel: [127/694] Processing rOchZu64b3A — ActInf Textbook Group ~ Cohort 4 ~ Meeting 20 (Chapter 9 part 2)
2026-02-16 04:26:52 [INFO] journal_utilities.downloader: Audio already exists for rOchZu64b3A, skipping
2026-02-16 04:26:52 [INFO] journal_utilities.downloader: Audio for rOchZu64b3A: skipped
2026-02-16 04:26:54 [INFO] download_channel: [128/694] Processing k7nySEbMQDI — ActInf Textbook Group ~ Cohort 4 ~ Meeting 5 (Chapter 2 part 1)
2026-02-16 04:26:54 [INFO] journal_utilities.downloader: Audio already exists for k7nySEbMQDI, skipping
2026-02-16 04:26:54 [INFO] journal_utilities.downloader: Audio for k7nySEbMQDI: skipped
2026-02-16 04:26:56 [INFO] download_channel: [129/694] Processing yICyXcr2idI — ActInf Textbook Group ~ Cohort 4 ~ Meeting 21 (Chapter 10 part 1)
2026-02-16 04:26:56 [INFO] journal_utilities.downloader: Audio already exists for yICyXcr2idI, skipping
2026-02-16 04:26:56 [INFO] journal_utilities.downloader: Audio for yICyXcr2idI: skipped
2026-02-16 04:26:58 [INFO] download_channel: [130/694] Processing q5nQWvYZDrE — ActInf Textbook Group ~ Cohort 4 ~ Meeting 11 (Chapter 5 part 1)
2026-02-16 04:26:58 [INFO] journal_utilities.downloader: Audio already exists for q5nQWvYZDrE, skipping
2026-02-16 04:26:58 [INFO] journal_utilities.downloader: Audio for q5nQWvYZDrE: skipped
2026-02-16 04:27:00 [INFO] download_channel: [131/694] Processing nsi6IAmt4Zc — ActInf Textbook Group ~ Cohort 4 ~ Meeting 10 (Chapter 4 part 2)
2026-02-16 04:27:00 [INFO] journal_utilities.downloader: Audio already exists for nsi6IAmt4Zc, skipping
2026-02-16 04:27:00 [INFO] journal_utilities.downloader: Audio for nsi6IAmt4Zc: skipped
2026-02-16 04:27:02 [INFO] download_channel: [132/694] Processing gEL56jY7CY0 — ActInf Textbook Group ~ Cohort 4 ~ Meeting 16 (Chapter 7 part 1)
2026-02-16 04:27:02 [INFO] journal_utilities.downloader: Audio already exists for gEL56jY7CY0, skipping
2026-02-16 04:27:02 [INFO] journal_utilities.downloader: Audio for gEL56jY7CY0: skipped
2026-02-16 04:27:04 [INFO] download_channel: [133/694] Processing dlZk_iF9EqM — ActInf Textbook Group ~ Cohort 4 ~ Meeting 13 (Chapter 6 part 1)
2026-02-16 04:27:04 [INFO] journal_utilities.downloader: Audio already exists for dlZk_iF9EqM, skipping
2026-02-16 04:27:04 [INFO] journal_utilities.downloader: Audio for dlZk_iF9EqM: skipped
2026-02-16 04:27:06 [INFO] download_channel: [134/694] Processing ceHICB7bm_c — ActInf Textbook Group ~ Cohort 4 ~ Meeting 4 (Chapter 1 part 2)
2026-02-16 04:27:06 [INFO] journal_utilities.downloader: Audio already exists for ceHICB7bm_c, skipping
2026-02-16 04:27:06 [INFO] journal_utilities.downloader: Audio for ceHICB7bm_c: skipped
2026-02-16 04:27:08 [INFO] download_channel: [135/694] Processing Z8hWG4Qf92w — ActInf Textbook Group ~ Cohort 4 ~ Meeting 17 (Chapter 8 part 1)
2026-02-16 04:27:08 [INFO] journal_utilities.downloader: Audio already exists for Z8hWG4Qf92w, skipping
2026-02-16 04:27:08 [INFO] journal_utilities.downloader: Audio for Z8hWG4Qf92w: skipped
2026-02-16 04:27:10 [INFO] download_channel: [136/694] Processing QdyHzs1Slec — ActInf Textbook Group ~ Cohort 4 ~ Meeting 6 (Chapter 2 part 2)
2026-02-16 04:27:10 [INFO] journal_utilities.downloader: Audio already exists for QdyHzs1Slec, skipping
2026-02-16 04:27:10 [INFO] journal_utilities.downloader: Audio for QdyHzs1Slec: skipped
2026-02-16 04:27:12 [INFO] download_channel: [137/694] Processing MIcDVLoElk8 — ActInf Textbook Group ~ Cohort 4 ~ Meeting 7 (Chapter 3 part 1)
2026-02-16 04:27:12 [INFO] journal_utilities.downloader: Audio already exists for MIcDVLoElk8, skipping
2026-02-16 04:27:12 [INFO] journal_utilities.downloader: Audio for MIcDVLoElk8: skipped
2026-02-16 04:27:14 [INFO] download_channel: [138/694] Processing Gz0yDB6VOSI — ActInf Textbook Group ~ Cohort 4 ~ Meeting 18 (Chapter 8 part 2)
2026-02-16 04:27:14 [INFO] journal_utilities.downloader: Audio already exists for Gz0yDB6VOSI, skipping
2026-02-16 04:27:14 [INFO] journal_utilities.downloader: Audio for Gz0yDB6VOSI: skipped
2026-02-16 04:27:16 [INFO] download_channel: [139/694] Processing F6-0JpsrzFA — ActInf Textbook Group ~ Cohort 4 ~ Meeting 3 (Chapter 1 part 1)
2026-02-16 04:27:16 [INFO] journal_utilities.downloader: Audio already exists for F6-0JpsrzFA, skipping
2026-02-16 04:27:16 [INFO] journal_utilities.downloader: Audio for F6-0JpsrzFA: skipped
2026-02-16 04:27:18 [INFO] download_channel: [140/694] Processing BKgKVl_soZA — ActInf Textbook Group ~ Cohort 4 ~ Meeting 8 (Chapter 3 part 2)
2026-02-16 04:27:18 [INFO] journal_utilities.downloader: Audio already exists for BKgKVl_soZA, skipping
2026-02-16 04:27:18 [INFO] journal_utilities.downloader: Audio for BKgKVl_soZA: skipped
2026-02-16 04:27:20 [INFO] download_channel: [141/694] Processing 82jRowV0oqA — ActInf Textbook Group ~ Cohort 4 ~ Meeting 22 (Chapter 10 part 2)
2026-02-16 04:27:20 [INFO] journal_utilities.downloader: Audio already exists for 82jRowV0oqA, skipping
2026-02-16 04:27:20 [INFO] journal_utilities.downloader: Audio for 82jRowV0oqA: skipped
2026-02-16 04:27:22 [INFO] download_channel: [142/694] Processing 5a8zJ25BLYU — ActInf Textbook Group ~ Cohort 4 ~ Meeting 19 (Chapter 9 part 1)
2026-02-16 04:27:22 [INFO] journal_utilities.downloader: Audio already exists for 5a8zJ25BLYU, skipping
2026-02-16 04:27:22 [INFO] journal_utilities.downloader: Audio for 5a8zJ25BLYU: skipped
2026-02-16 04:27:24 [INFO] download_channel: [143/694] Processing -j5JXt79H3w — ActInf Textbook Group ~ Cohort 4 ~ Meeting 14 (Chapter 6 part 2)
2026-02-16 04:27:24 [INFO] journal_utilities.downloader: Audio already exists for -j5JXt79H3w, skipping
2026-02-16 04:27:24 [INFO] journal_utilities.downloader: Audio for -j5JXt79H3w: skipped
2026-02-16 04:27:26 [INFO] download_channel: [144/694] Processing 3U8AXcIaUFI — ActInf Textbook Group ~ Cohort 4 ~ Meeting 1 (Onboarding)
2026-02-16 04:27:26 [INFO] journal_utilities.downloader: Audio already exists for 3U8AXcIaUFI, skipping
2026-02-16 04:27:26 [INFO] journal_utilities.downloader: Audio for 3U8AXcIaUFI: skipped
2026-02-16 04:27:28 [INFO] download_channel: [145/694] Processing 1Ooz_N1HJ58 — ActInf Textbook Group ~ Cohort 4 ~ Meeting 12 (Chapter 5 part 2)
2026-02-16 04:27:28 [INFO] journal_utilities.downloader: Audio already exists for 1Ooz_N1HJ58, skipping
2026-02-16 04:27:28 [INFO] journal_utilities.downloader: Audio for 1Ooz_N1HJ58: skipped
2026-02-16 04:27:30 [INFO] download_channel: [146/694] Processing N5H5I6cvcrQ — Karl Friston ~ Active Inference Insights 001 ~ Free Energy, Time, Consciousness
2026-02-16 04:27:30 [INFO] journal_utilities.downloader: Audio already exists for N5H5I6cvcrQ, skipping
2026-02-16 04:27:30 [INFO] journal_utilities.downloader: Audio for N5H5I6cvcrQ: skipped
2026-02-16 04:27:32 [INFO] download_channel: [147/694] Processing hZBkiePQtvc — Scientific Advisory Board (SAB) at Active Inference Institute ~ Application open for 2024
2026-02-16 04:27:32 [INFO] journal_utilities.downloader: Audio already exists for hZBkiePQtvc, skipping
2026-02-16 04:27:32 [INFO] journal_utilities.downloader: Audio for hZBkiePQtvc: skipped
2026-02-16 04:27:34 [INFO] download_channel: [148/694] Processing yRhEbr4bpB0 — Using ResearchGPT for learning Active Inference and doing Ant research
2026-02-16 04:27:34 [INFO] journal_utilities.downloader: Audio already exists for yRhEbr4bpB0, skipping
2026-02-16 04:27:34 [INFO] journal_utilities.downloader: Audio for yRhEbr4bpB0: skipped
2026-02-16 04:27:36 [INFO] download_channel: [149/694] Processing wNCZmPM0V44 — Introduction to recording & livestreaming with OBS
2026-02-16 04:27:36 [INFO] journal_utilities.downloader: Audio already exists for wNCZmPM0V44, skipping
2026-02-16 04:27:36 [INFO] journal_utilities.downloader: Audio for wNCZmPM0V44: skipped
2026-02-16 04:27:38 [INFO] download_channel: [150/694] Processing znerIJTcqME — Active Inference ~ Parr, Pezzulo, Friston ~ Chapter 10 ~ BookStream #002.03
2026-02-16 04:27:38 [INFO] journal_utilities.downloader: Audio already exists for znerIJTcqME, skipping
2026-02-16 04:27:38 [INFO] journal_utilities.downloader: Audio for znerIJTcqME: skipped
2026-02-16 04:27:40 [INFO] download_channel: [151/694] Processing GCfJupUKc0Y — Active Inference ~ Parr, Pezzulo, Friston ~ Chapter 9 ~ BookStream #002.03
2026-02-16 04:27:40 [INFO] journal_utilities.downloader: Audio already exists for GCfJupUKc0Y, skipping
2026-02-16 04:27:40 [INFO] journal_utilities.downloader: Audio for GCfJupUKc0Y: skipped
2026-02-16 04:27:42 [INFO] download_channel: [152/694] Processing XcoPRGZRO28 — ActInf Textbook Group ~ Cohort 5 ~ Onboarding & Overview (September 2023)
2026-02-16 04:27:42 [INFO] journal_utilities.downloader: Audio already exists for XcoPRGZRO28, skipping
2026-02-16 04:27:42 [INFO] journal_utilities.downloader: Audio for XcoPRGZRO28: skipped
2026-02-16 04:27:44 [INFO] download_channel: [153/694] Processing wFjXz896pKU — ActInf Textbook Group ~ Cohort 3 ~ Meeting 4 (Chapter 2, part 1)
2026-02-16 04:27:44 [INFO] journal_utilities.downloader: Audio already exists for wFjXz896pKU, skipping
2026-02-16 04:27:44 [INFO] journal_utilities.downloader: Audio for wFjXz896pKU: skipped
2026-02-16 04:27:46 [INFO] download_channel: [154/694] Processing Q5G-5FgTCFQ — ActInf Textbook Group ~ Cohort 3 ~ Meeting 17 (Chapter 7, part 2)
2026-02-16 04:27:46 [INFO] journal_utilities.downloader: Audio already exists for Q5G-5FgTCFQ, skipping
2026-02-16 04:27:46 [INFO] journal_utilities.downloader: Audio for Q5G-5FgTCFQ: skipped
2026-02-16 04:27:48 [INFO] download_channel: [155/694] Processing MJXyGtYuK1U — ActInf Textbook Group ~ Cohort 3 ~ Meeting 5 (Chapter 2, part 2)
2026-02-16 04:27:48 [INFO] journal_utilities.downloader: Audio already exists for MJXyGtYuK1U, skipping
2026-02-16 04:27:48 [INFO] journal_utilities.downloader: Audio for MJXyGtYuK1U: skipped
2026-02-16 04:27:50 [INFO] download_channel: [156/694] Processing 6w-2IBLM6KU — ActInf Textbook Group ~ Cohort 3 ~ Meeting 19 (Chapter 8, part 2)
2026-02-16 04:27:50 [INFO] journal_utilities.downloader: Audio already exists for 6w-2IBLM6KU, skipping
2026-02-16 04:27:50 [INFO] journal_utilities.downloader: Audio for 6w-2IBLM6KU: skipped
2026-02-16 04:27:52 [INFO] download_channel: [157/694] Processing 5F8kbj05KHU — ActInf Textbook Group ~ Cohort 3 ~ Meeting 15 (Chapter 6, part 2)
2026-02-16 04:27:52 [INFO] journal_utilities.downloader: Audio already exists for 5F8kbj05KHU, skipping
2026-02-16 04:27:52 [INFO] journal_utilities.downloader: Audio for 5F8kbj05KHU: skipped
2026-02-16 04:27:54 [INFO] download_channel: [158/694] Processing 4ZffpVN-Pe4 — ActInf Textbook Group ~ Cohort 3 ~ Meeting 18 (Chapter 8, part 1)
2026-02-16 04:27:54 [INFO] journal_utilities.downloader: Audio already exists for 4ZffpVN-Pe4, skipping
2026-02-16 04:27:54 [INFO] journal_utilities.downloader: Audio for 4ZffpVN-Pe4: skipped
2026-02-16 04:27:56 [INFO] download_channel: [159/694] Processing 2UBBVXykuTM — ActInf Textbook Group ~ Cohort 3 ~ Meeting 22 (Chapter 10, part 1)
2026-02-16 04:27:56 [INFO] journal_utilities.downloader: Audio already exists for 2UBBVXykuTM, skipping
2026-02-16 04:27:56 [INFO] journal_utilities.downloader: Audio for 2UBBVXykuTM: skipped
2026-02-16 04:27:58 [INFO] download_channel: [160/694] Processing ych0eX3C3YY — ActInf Textbook Group ~ Cohort 3 ~ Meeting 16 (Chapter 7, part 1)
2026-02-16 04:27:58 [INFO] journal_utilities.downloader: Audio already exists for ych0eX3C3YY, skipping
2026-02-16 04:27:58 [INFO] journal_utilities.downloader: Audio for ych0eX3C3YY: skipped
2026-02-16 04:28:00 [INFO] download_channel: [161/694] Processing wI9O5B2m3xM — ActInf Textbook Group ~ Cohort 3 ~ Meeting 14 (Chapter 6, part 1)
2026-02-16 04:28:00 [INFO] journal_utilities.downloader: Audio already exists for wI9O5B2m3xM, skipping
2026-02-16 04:28:00 [INFO] journal_utilities.downloader: Audio for wI9O5B2m3xM: skipped
2026-02-16 04:28:02 [INFO] download_channel: [162/694] Processing lMsOOXaM2-E — ActInf Textbook Group ~ Cohort 3 ~ Meeting 6 (Chapter 3, part 1)
2026-02-16 04:28:02 [INFO] journal_utilities.downloader: Audio already exists for lMsOOXaM2-E, skipping
2026-02-16 04:28:02 [INFO] journal_utilities.downloader: Audio for lMsOOXaM2-E: skipped
2026-02-16 04:28:04 [INFO] download_channel: [163/694] Processing l6aGBYmFGCc — ActInf Textbook Group ~ Cohort 3 ~ Meeting 10 (Chapter 5, part 1)
2026-02-16 04:28:04 [INFO] journal_utilities.downloader: Audio already exists for l6aGBYmFGCc, skipping
2026-02-16 04:28:04 [INFO] journal_utilities.downloader: Audio for l6aGBYmFGCc: skipped
2026-02-16 04:28:06 [INFO] download_channel: [164/694] Processing awqzJPntNz4 — ActInf Textbook Group ~ Cohort 3 ~ Meeting 3 (Chapter 1, part 2)
2026-02-16 04:28:06 [INFO] journal_utilities.downloader: Audio already exists for awqzJPntNz4, skipping
2026-02-16 04:28:06 [INFO] journal_utilities.downloader: Audio for awqzJPntNz4: skipped
2026-02-16 04:28:08 [INFO] download_channel: [165/694] Processing Ui8SwfQDhmA — ActInf Textbook Group ~ Cohort 3 ~ Meeting 11 (Chapter 5, part 2)
2026-02-16 04:28:08 [INFO] journal_utilities.downloader: Audio already exists for Ui8SwfQDhmA, skipping
2026-02-16 04:28:08 [INFO] journal_utilities.downloader: Audio for Ui8SwfQDhmA: skipped
2026-02-16 04:28:10 [INFO] download_channel: [166/694] Processing QBEOnqGqeRY — ActInf Textbook Group ~ Cohort 3 ~ Meeting 21 (Chapter 9, part 2)
2026-02-16 04:28:10 [INFO] journal_utilities.downloader: Audio already exists for QBEOnqGqeRY, skipping
2026-02-16 04:28:10 [INFO] journal_utilities.downloader: Audio for QBEOnqGqeRY: skipped
2026-02-16 04:28:12 [INFO] download_channel: [167/694] Processing Nak508NmYYA — ActInf Textbook Group ~ Cohort 3 ~ Meeting 9 (Chapter 4, part 2)
2026-02-16 04:28:12 [INFO] journal_utilities.downloader: Audio already exists for Nak508NmYYA, skipping
2026-02-16 04:28:12 [INFO] journal_utilities.downloader: Audio for Nak508NmYYA: skipped
2026-02-16 04:28:14 [INFO] download_channel: [168/694] Processing JEz3du5S1os — ActInf Textbook Group ~ Cohort 3 ~ Meeting 8 (Chapter 4, part 1)
2026-02-16 04:28:14 [INFO] journal_utilities.downloader: Audio already exists for JEz3du5S1os, skipping
2026-02-16 04:28:14 [INFO] journal_utilities.downloader: Audio for JEz3du5S1os: skipped
2026-02-16 04:28:16 [INFO] download_channel: [169/694] Processing HyKS1A0Ga8s — ActInf Textbook Group ~ Cohort 3 ~ Meeting 2 (Chapter 1, part 1)
2026-02-16 04:28:16 [INFO] journal_utilities.downloader: Audio already exists for HyKS1A0Ga8s, skipping
2026-02-16 04:28:16 [INFO] journal_utilities.downloader: Audio for HyKS1A0Ga8s: skipped
2026-02-16 04:28:18 [INFO] download_channel: [170/694] Processing G9GfOMjF4g0 — ActInf Textbook Group ~ Cohort 3 ~ Meeting 1 (Welcome and Onboarding)
2026-02-16 04:28:18 [INFO] journal_utilities.downloader: Audio already exists for G9GfOMjF4g0, skipping
2026-02-16 04:28:18 [INFO] journal_utilities.downloader: Audio for G9GfOMjF4g0: skipped
2026-02-16 04:28:20 [INFO] download_channel: [171/694] Processing F-kYst2mxTQ — ActInf Textbook Group ~ Cohort 3 ~ Meeting 20 (Chapter 9, part 1)
2026-02-16 04:28:20 [INFO] journal_utilities.downloader: Audio already exists for F-kYst2mxTQ, skipping
2026-02-16 04:28:20 [INFO] journal_utilities.downloader: Audio for F-kYst2mxTQ: skipped
2026-02-16 04:28:22 [INFO] download_channel: [172/694] Processing 0zUYswqn8aI — ActInf Textbook Group ~ Cohort 3 ~ Meeting 7 (Chapter 3, part 2)
2026-02-16 04:28:22 [INFO] journal_utilities.downloader: Audio already exists for 0zUYswqn8aI, skipping
2026-02-16 04:28:22 [INFO] journal_utilities.downloader: Audio for 0zUYswqn8aI: skipped
2026-02-16 04:28:24 [INFO] download_channel: [173/694] Processing 0x3TIoZal9Q — ActInf Textbook Group ~ Cohort 3 ~ Meeting 23 (Chapter 10, part 2)
2026-02-16 04:28:24 [INFO] journal_utilities.downloader: Audio already exists for 0x3TIoZal9Q, skipping
2026-02-16 04:28:24 [INFO] journal_utilities.downloader: Audio for 0x3TIoZal9Q: skipped
2026-02-16 04:28:26 [INFO] download_channel: [174/694] Processing PKyPg32Lq9A — ActInf Textbook Group ~ Cohort 4 ~ Meeting 9 (Chapter 4 part 1)
2026-02-16 04:28:26 [INFO] journal_utilities.downloader: Audio already exists for PKyPg32Lq9A, skipping
2026-02-16 04:28:26 [INFO] journal_utilities.downloader: Audio for PKyPg32Lq9A: skipped
2026-02-16 04:28:28 [INFO] download_channel: [175/694] Processing rs6EjQM6EdI — PerplexityAI ~ Learning and applying Active Inference & Reading the 2022 Textbook ~ July 31, 2023
2026-02-16 04:28:28 [INFO] journal_utilities.downloader: Audio already exists for rs6EjQM6EdI, skipping
2026-02-16 04:28:28 [INFO] journal_utilities.downloader: Audio for rs6EjQM6EdI: skipped
2026-02-16 04:28:30 [INFO] download_channel: [176/694] Processing kP9sKFnWBA8 — Active Inference ~ Parr, Pezzulo, Friston ~ Chapter 8 ~ BookStream #002.02
2026-02-16 04:28:30 [INFO] journal_utilities.downloader: Audio already exists for kP9sKFnWBA8, skipping
2026-02-16 04:28:30 [INFO] journal_utilities.downloader: Audio for kP9sKFnWBA8: skipped
2026-02-16 04:28:32 [INFO] download_channel: [177/694] Processing OmjS3Rhy7KY — Active Inference ~ Parr, Pezzulo, Friston ~ Chapter 7 ~ BookStream #002.02
2026-02-16 04:28:32 [INFO] journal_utilities.downloader: Audio already exists for OmjS3Rhy7KY, skipping
2026-02-16 04:28:32 [INFO] journal_utilities.downloader: Audio for OmjS3Rhy7KY: skipped
2026-02-16 04:28:34 [INFO] download_channel: [178/694] Processing o8Ykugqn730 — Active Inference ~ Parr, Pezzulo, Friston ~ Chapter 5 ~ BookStream #002.02
2026-02-16 04:28:34 [INFO] journal_utilities.downloader: Audio already exists for o8Ykugqn730, skipping
2026-02-16 04:28:34 [INFO] journal_utilities.downloader: Audio for o8Ykugqn730: skipped
2026-02-16 04:28:36 [INFO] download_channel: [179/694] Processing Tn_gJC1Z-xQ — Active Inference ~ Parr, Pezzulo, Friston ~ Chapter 4 ~ BookStream #002.02
2026-02-16 04:28:36 [INFO] journal_utilities.downloader: Audio already exists for Tn_gJC1Z-xQ, skipping
2026-02-16 04:28:36 [INFO] journal_utilities.downloader: Audio for Tn_gJC1Z-xQ: skipped
2026-02-16 04:28:38 [INFO] download_channel: [180/694] Processing IpstHOA0o3I — ChatGPT Code Interpreter: Visualizations & Dissertations ~ Active Inference Journal ~ July 10, 2023
2026-02-16 04:28:38 [INFO] journal_utilities.downloader: Audio already exists for IpstHOA0o3I, skipping
2026-02-16 04:28:38 [INFO] journal_utilities.downloader: Audio for IpstHOA0o3I: skipped
2026-02-16 04:28:40 [INFO] download_channel: [181/694] Processing Z-giW2yeZ7A — Active Inference Ontology ~ Update and call for participation (June 8, 2023)
2026-02-16 04:28:40 [INFO] journal_utilities.downloader: Audio already exists for Z-giW2yeZ7A, skipping
2026-02-16 04:28:40 [INFO] journal_utilities.downloader: Audio for Z-giW2yeZ7A: skipped
2026-02-16 04:28:42 [INFO] download_channel: [182/694] Processing kVH6fvz784g — AI x Crypto ~ Active Entity Ontology for Science & Active Blockference ~ Active Inference Institute
2026-02-16 04:28:42 [INFO] journal_utilities.downloader: Audio already exists for kVH6fvz784g, skipping
2026-02-16 04:28:42 [INFO] journal_utilities.downloader: Audio for kVH6fvz784g: skipped
2026-02-16 04:28:44 [INFO] download_channel: [183/694] Processing U0rdFwflr4M — Active Inference ~ Parr, Pezzulo, Friston ~ Chapter 2 ~ BookStream #002.01
2026-02-16 04:28:44 [INFO] journal_utilities.downloader: Audio already exists for U0rdFwflr4M, skipping
2026-02-16 04:28:44 [INFO] journal_utilities.downloader: Audio for U0rdFwflr4M: skipped
2026-02-16 04:28:46 [INFO] download_channel: [184/694] Processing rJXyQzwUFJE — Active Inference ~ Parr, Pezzulo, Friston ~ Chapter 6 ~ BookStream #002.01
2026-02-16 04:28:46 [INFO] journal_utilities.downloader: Audio already exists for rJXyQzwUFJE, skipping
2026-02-16 04:28:46 [INFO] journal_utilities.downloader: Audio for rJXyQzwUFJE: skipped
2026-02-16 04:28:48 [INFO] download_channel: [185/694] Processing PHfgUApaWgk — Active Inference ~ Parr, Pezzulo, Friston ~ Chapter 3 ~ BookStream #002.01
2026-02-16 04:28:48 [INFO] journal_utilities.downloader: Audio already exists for PHfgUApaWgk, skipping
2026-02-16 04:28:48 [INFO] journal_utilities.downloader: Audio for PHfgUApaWgk: skipped
2026-02-16 04:28:50 [INFO] download_channel: [186/694] Processing spYhr_SdqOw — Active Inference ~ Parr, Pezzulo, Friston ~ Chapter 1 ~ BookStream #002.01
2026-02-16 04:28:50 [INFO] journal_utilities.downloader: Audio already exists for spYhr_SdqOw, skipping
2026-02-16 04:28:50 [INFO] journal_utilities.downloader: Audio for spYhr_SdqOw: skipped
2026-02-16 04:28:52 [INFO] download_channel: [187/694] Processing cxJuA012HvM — 5/22/2023 Update ~ "Physics as Information Processing" at Active Inference Journal
2026-02-16 04:28:52 [INFO] journal_utilities.downloader: Audio already exists for cxJuA012HvM, skipping
2026-02-16 04:28:52 [INFO] journal_utilities.downloader: Audio for cxJuA012HvM: skipped
2026-02-16 04:28:54 [INFO] download_channel: [188/694] Processing SV0glS6stuA — “Physics as Information Processing” by Chris Fields ~ Course overview
2026-02-16 04:28:54 [INFO] journal_utilities.downloader: Audio already exists for SV0glS6stuA, skipping
2026-02-16 04:28:54 [INFO] journal_utilities.downloader: Audio for SV0glS6stuA: skipped
2026-02-16 04:28:56 [INFO] download_channel: [189/694] Processing sOo0Ti6-U54 — ActInf Textbook Group ~ Cohort 2 ~ Meeting 14 (Chapter 6, part 1)
2026-02-16 04:28:56 [INFO] journal_utilities.downloader: Audio already exists for sOo0Ti6-U54, skipping
2026-02-16 04:28:56 [INFO] journal_utilities.downloader: Audio for sOo0Ti6-U54: skipped
2026-02-16 04:28:58 [INFO] download_channel: [190/694] Processing r9Oa35eVI8c — ActInf Textbook Group ~ Cohort 2 ~ Meeting 3 (Chapter 1, part 2)
2026-02-16 04:28:58 [INFO] journal_utilities.downloader: Audio already exists for r9Oa35eVI8c, skipping
2026-02-16 04:28:58 [INFO] journal_utilities.downloader: Audio for r9Oa35eVI8c: skipped
2026-02-16 04:29:00 [INFO] download_channel: [191/694] Processing _cmYWZ8X4J4 — ActInf Textbook Group ~ Cohort 2 ~ Meeting 9 (Chapter 4, part 2)
2026-02-16 04:29:00 [INFO] journal_utilities.downloader: Audio already exists for _cmYWZ8X4J4, skipping
2026-02-16 04:29:00 [INFO] journal_utilities.downloader: Audio for _cmYWZ8X4J4: skipped
2026-02-16 04:29:02 [INFO] download_channel: [192/694] Processing Jwu2UJi5xNA — ActInf Textbook Group ~ Cohort 2 ~ Meeting 15 (Chapter 6, part 2)
2026-02-16 04:29:02 [INFO] journal_utilities.downloader: Audio already exists for Jwu2UJi5xNA, skipping
2026-02-16 04:29:02 [INFO] journal_utilities.downloader: Audio for Jwu2UJi5xNA: skipped
2026-02-16 04:29:04 [INFO] download_channel: [193/694] Processing 7bKXo3caFH8 — ActInf Textbook Group ~ Cohort 2 ~ Meeting 10 (Chapter 5, part 1)
2026-02-16 04:29:04 [INFO] journal_utilities.downloader: Audio already exists for 7bKXo3caFH8, skipping
2026-02-16 04:29:04 [INFO] journal_utilities.downloader: Audio for 7bKXo3caFH8: skipped
2026-02-16 04:29:06 [INFO] download_channel: [194/694] Processing zE3ESd6vy9I — ActInf Textbook Group ~ Cohort 2 ~ Meeting 11 (Chapter 5, part 2)
2026-02-16 04:29:06 [INFO] journal_utilities.downloader: Audio already exists for zE3ESd6vy9I, skipping
2026-02-16 04:29:06 [INFO] journal_utilities.downloader: Audio for zE3ESd6vy9I: skipped
2026-02-16 04:29:08 [INFO] download_channel: [195/694] Processing tIjKJ8RAPfA — ActInf Textbook Group ~ Cohort 2 ~ Meeting 2 (Chapter 1)
2026-02-16 04:29:08 [INFO] journal_utilities.downloader: Audio already exists for tIjKJ8RAPfA, skipping
2026-02-16 04:29:08 [INFO] journal_utilities.downloader: Audio for tIjKJ8RAPfA: skipped
2026-02-16 04:29:10 [INFO] download_channel: [196/694] Processing s8gjDh7sin4 — ActInf Textbook Group ~ Cohort 2 ~ Meeting 8 (Chapter 4, part 1)
2026-02-16 04:29:10 [INFO] journal_utilities.downloader: Audio already exists for s8gjDh7sin4, skipping
2026-02-16 04:29:10 [INFO] journal_utilities.downloader: Audio for s8gjDh7sin4: skipped
2026-02-16 04:29:12 [INFO] download_channel: [197/694] Processing mNw1JOM71Os — ActInf Textbook Group ~ Cohort 2 ~ Meeting 18 (Chapter 8, part 1)
2026-02-16 04:29:12 [INFO] journal_utilities.downloader: Audio already exists for mNw1JOM71Os, skipping
2026-02-16 04:29:12 [INFO] journal_utilities.downloader: Audio for mNw1JOM71Os: skipped
2026-02-16 04:29:14 [INFO] download_channel: [198/694] Processing mGlgngiIH40 — ActInf Textbook Group ~ Cohort 2 ~ Meeting 5 (Chapter 2, part 2)
2026-02-16 04:29:14 [INFO] journal_utilities.downloader: Audio already exists for mGlgngiIH40, skipping
2026-02-16 04:29:14 [INFO] journal_utilities.downloader: Audio for mGlgngiIH40: skipped
2026-02-16 04:29:16 [INFO] download_channel: [199/694] Processing e9Yoha7yhk8 — ActInf Textbook Group ~ Cohort 2 ~ Meeting 21 (Chapter 9, part 2)
2026-02-16 04:29:16 [INFO] journal_utilities.downloader: Audio already exists for e9Yoha7yhk8, skipping
2026-02-16 04:29:16 [INFO] journal_utilities.downloader: Audio for e9Yoha7yhk8: skipped
2026-02-16 04:29:18 [INFO] download_channel: [200/694] Processing cULb4SvpD34 — ActInf Textbook Group ~ Cohort 2 ~ Meeting 6 (Chapter 3, part 1)
2026-02-16 04:29:18 [INFO] journal_utilities.downloader: Audio already exists for cULb4SvpD34, skipping
2026-02-16 04:29:18 [INFO] journal_utilities.downloader: Audio for cULb4SvpD34: skipped
2026-02-16 04:29:20 [INFO] download_channel: [201/694] Processing YQ1galAHOIw — ActInf Textbook Group ~ Cohort 2 ~ Meeting 22 (Chapter 10, part 1)
2026-02-16 04:29:20 [INFO] journal_utilities.downloader: Audio already exists for YQ1galAHOIw, skipping
2026-02-16 04:29:20 [INFO] journal_utilities.downloader: Audio for YQ1galAHOIw: skipped
2026-02-16 04:29:22 [INFO] download_channel: [202/694] Processing WPYR76Pfzuc — ActInf Textbook Group ~ Cohort 2 ~ Meeting 4 (Chapter 2, part 1)
2026-02-16 04:29:22 [INFO] journal_utilities.downloader: Audio already exists for WPYR76Pfzuc, skipping
2026-02-16 04:29:22 [INFO] journal_utilities.downloader: Audio for WPYR76Pfzuc: skipped
2026-02-16 04:29:24 [INFO] download_channel: [203/694] Processing W4lIy05RycM — ActInf Textbook Group ~ Cohort 2 ~ Meeting 17 (Chapter 7, part 2)
2026-02-16 04:29:24 [INFO] journal_utilities.downloader: Audio already exists for W4lIy05RycM, skipping
2026-02-16 04:29:24 [INFO] journal_utilities.downloader: Audio for W4lIy05RycM: skipped
2026-02-16 04:29:26 [INFO] download_channel: [204/694] Processing QjGcN1l6NXg — ActInf Textbook Group ~ Cohort 2 ~ Meeting 20 (Chapter 9, part 1)
2026-02-16 04:29:26 [INFO] journal_utilities.downloader: Audio already exists for QjGcN1l6NXg, skipping
2026-02-16 04:29:26 [INFO] journal_utilities.downloader: Audio for QjGcN1l6NXg: skipped
2026-02-16 04:29:28 [INFO] download_channel: [205/694] Processing On8-Ngn8pIE — ActInf Textbook Group ~ Cohort 2 ~ Meeting 23 (Chapter 10, part 2)
2026-02-16 04:29:28 [INFO] journal_utilities.downloader: Audio already exists for On8-Ngn8pIE, skipping
2026-02-16 04:29:28 [INFO] journal_utilities.downloader: Audio for On8-Ngn8pIE: skipped
2026-02-16 04:29:30 [INFO] download_channel: [206/694] Processing GhUTj0OVEU8 — ActInf Textbook Group ~ Cohort 2 ~ Meeting 16 (Chapter 7, part 1)
2026-02-16 04:29:30 [INFO] journal_utilities.downloader: Audio already exists for GhUTj0OVEU8, skipping
2026-02-16 04:29:30 [INFO] journal_utilities.downloader: Audio for GhUTj0OVEU8: skipped
2026-02-16 04:29:32 [INFO] download_channel: [207/694] Processing Fg3NqmI2R1g — ActInf Textbook Group ~ Cohort 2 ~ Meeting 1 (Welcome back, Coda & Learning Practices overview)
2026-02-16 04:29:32 [INFO] journal_utilities.downloader: Audio already exists for Fg3NqmI2R1g, skipping
2026-02-16 04:29:32 [INFO] journal_utilities.downloader: Audio for Fg3NqmI2R1g: skipped
2026-02-16 04:29:34 [INFO] download_channel: [208/694] Processing 3GJS1uVnQo4 — ActInf Textbook Group ~ Cohort 2 ~ Meeting 19 (Chapter 8, part 2)
2026-02-16 04:29:34 [INFO] journal_utilities.downloader: Audio already exists for 3GJS1uVnQo4, skipping
2026-02-16 04:29:34 [INFO] journal_utilities.downloader: Audio for 3GJS1uVnQo4: skipped
2026-02-16 04:29:36 [INFO] download_channel: [209/694] Processing 1-2-DNekZdM — ActInf Textbook Group ~ Cohort 2 ~ Meeting 13 (Welcome back to part 2)
2026-02-16 04:29:36 [INFO] journal_utilities.downloader: Audio already exists for 1-2-DNekZdM, skipping
2026-02-16 04:29:36 [INFO] journal_utilities.downloader: Audio for 1-2-DNekZdM: skipped
2026-02-16 04:29:38 [INFO] download_channel: [210/694] Processing Z7Z29pu6NnY — ActInf Textbook Group ~ Cohort 1 ~ Meeting 4 (Chapter 2 pt. 1)
2026-02-16 04:29:38 [INFO] journal_utilities.downloader: Audio already exists for Z7Z29pu6NnY, skipping
2026-02-16 04:29:38 [INFO] journal_utilities.downloader: Audio for Z7Z29pu6NnY: skipped
2026-02-16 04:29:40 [INFO] download_channel: [211/694] Processing 8OT2EC-l0N4 — ActInf Textbook Group ~ Cohort 1 ~ Meeting 3 (Appendix A + Appendix B + 2nd hour discussion)
2026-02-16 04:29:40 [INFO] journal_utilities.downloader: Audio already exists for 8OT2EC-l0N4, skipping
2026-02-16 04:29:40 [INFO] journal_utilities.downloader: Audio for 8OT2EC-l0N4: skipped
2026-02-16 04:29:42 [INFO] download_channel: [212/694] Processing 7Ti-r8f15So — ActInf Textbook Group ~ Cohort 1 ~ Meeting 23 (Chapter 10, part 1)
2026-02-16 04:29:42 [INFO] journal_utilities.downloader: Audio already exists for 7Ti-r8f15So, skipping
2026-02-16 04:29:42 [INFO] journal_utilities.downloader: Audio for 7Ti-r8f15So: skipped
2026-02-16 04:29:44 [INFO] download_channel: [213/694] Processing JJaQ0F81Ucs — ActInf Textbook Group ~ Cohort 1 ~ Meeting 5 (Chapter 2 pt. 2)
2026-02-16 04:29:44 [INFO] journal_utilities.downloader: Audio already exists for JJaQ0F81Ucs, skipping
2026-02-16 04:29:44 [INFO] journal_utilities.downloader: Audio for JJaQ0F81Ucs: skipped
2026-02-16 04:29:47 [INFO] download_channel: [214/694] Processing dLWepm5noE8 — ActInf Textbook Group ~ Cohort 1 ~ Meeting 19  (Chapter 8, part 1)
2026-02-16 04:29:47 [INFO] journal_utilities.downloader: Audio already exists for dLWepm5noE8, skipping
2026-02-16 04:29:47 [INFO] journal_utilities.downloader: Audio for dLWepm5noE8: skipped
2026-02-16 04:29:49 [INFO] download_channel: [215/694] Processing wNrcVOKwpOY — ActInf Textbook Group ~ Cohort 1 ~ Meeting 18  (Chapter 7, part 2)
2026-02-16 04:29:49 [INFO] journal_utilities.downloader: Audio already exists for wNrcVOKwpOY, skipping
2026-02-16 04:29:49 [INFO] journal_utilities.downloader: Audio for wNrcVOKwpOY: skipped
2026-02-16 04:29:51 [INFO] download_channel: [216/694] Processing rvwMeZpA91U — ActInf Textbook Group ~ Cohort 1 ~ Meeting 9 (Chapter 4 pt. 2)
2026-02-16 04:29:51 [INFO] journal_utilities.downloader: Audio already exists for rvwMeZpA91U, skipping
2026-02-16 04:29:51 [INFO] journal_utilities.downloader: Audio for rvwMeZpA91U: skipped
2026-02-16 04:29:53 [INFO] download_channel: [217/694] Processing pJy1M1RnirA — ActInf Textbook Group ~ Cohort 1 ~ Meeting 2 (Chapter 1)
2026-02-16 04:29:53 [INFO] journal_utilities.downloader: Audio already exists for pJy1M1RnirA, skipping
2026-02-16 04:29:53 [INFO] journal_utilities.downloader: Audio for pJy1M1RnirA: skipped
2026-02-16 04:29:55 [INFO] download_channel: [218/694] Processing ogvzkg-0qjY — ActInf Textbook Group ~ Cohort 1 ~ Meeting 14 (Welcome back, starting of Chapters 6-10)
2026-02-16 04:29:55 [INFO] journal_utilities.downloader: Audio already exists for ogvzkg-0qjY, skipping
2026-02-16 04:29:55 [INFO] journal_utilities.downloader: Audio for ogvzkg-0qjY: skipped
2026-02-16 04:29:57 [INFO] download_channel: [219/694] Processing ogV63M3uTlQ — ActInf Textbook Group ~ Cohort 1 ~ Meeting 1 (Onboarding)
2026-02-16 04:29:57 [INFO] journal_utilities.downloader: Audio already exists for ogV63M3uTlQ, skipping
2026-02-16 04:29:57 [INFO] journal_utilities.downloader: Audio for ogV63M3uTlQ: skipped
2026-02-16 04:29:59 [INFO] download_channel: [220/694] Processing kpBrzN8X1ZA — ActInf Textbook Group ~ Cohort 1 ~ Meeting 12 (Review, Questions, Feedback)
2026-02-16 04:29:59 [INFO] journal_utilities.downloader: Audio already exists for kpBrzN8X1ZA, skipping
2026-02-16 04:29:59 [INFO] journal_utilities.downloader: Audio for kpBrzN8X1ZA: skipped
2026-02-16 04:30:01 [INFO] download_channel: [221/694] Processing ZATda5W08qY — ActInf Textbook Group ~ Cohort 1 ~ Meeting 11 (Chapter 5 pt. 2)
2026-02-16 04:30:01 [INFO] journal_utilities.downloader: Audio already exists for ZATda5W08qY, skipping
2026-02-16 04:30:01 [INFO] journal_utilities.downloader: Audio for ZATda5W08qY: skipped
2026-02-16 04:30:03 [INFO] download_channel: [222/694] Processing QvAApEfYBmk — ActInf Textbook Group ~ Cohort 1 ~ Meeting 20 (Chapter 8, part 2)
2026-02-16 04:30:03 [INFO] journal_utilities.downloader: Audio already exists for QvAApEfYBmk, skipping
2026-02-16 04:30:03 [INFO] journal_utilities.downloader: Audio for QvAApEfYBmk: skipped
2026-02-16 04:30:05 [INFO] download_channel: [223/694] Processing NT30pJ_sb6A — ActInf Textbook Group ~ Cohort 1 ~ Meeting 10 (Chapter 5 pt. 1)
2026-02-16 04:30:05 [INFO] journal_utilities.downloader: Audio already exists for NT30pJ_sb6A, skipping
2026-02-16 04:30:05 [INFO] journal_utilities.downloader: Audio for NT30pJ_sb6A: skipped
2026-02-16 04:30:07 [INFO] download_channel: [224/694] Processing MXbknE8EZp0 — ActInf Textbook Group ~ Cohort 1 ~ Meeting 6 (Chapter 3 pt. 1)
2026-02-16 04:30:07 [INFO] journal_utilities.downloader: Audio already exists for MXbknE8EZp0, skipping
2026-02-16 04:30:07 [INFO] journal_utilities.downloader: Audio for MXbknE8EZp0: skipped
2026-02-16 04:30:09 [INFO] download_channel: [225/694] Processing HCuGxvefPOE — ActInf Textbook Group ~ Cohort 1 ~ Meeting 21 (Chapter 9, part 1)
2026-02-16 04:30:09 [INFO] journal_utilities.downloader: Audio already exists for HCuGxvefPOE, skipping
2026-02-16 04:30:09 [INFO] journal_utilities.downloader: Audio for HCuGxvefPOE: skipped
2026-02-16 04:30:11 [INFO] download_channel: [226/694] Processing GYBF_c-ajgI — ActInf Textbook Group ~ Cohort 1 ~ Meeting 22 (Chapter 9, part 2)
2026-02-16 04:30:11 [INFO] journal_utilities.downloader: Audio already exists for GYBF_c-ajgI, skipping
2026-02-16 04:30:11 [INFO] journal_utilities.downloader: Audio for GYBF_c-ajgI: skipped
2026-02-16 04:30:13 [INFO] download_channel: [227/694] Processing DrNJfmf_IdA — ActInf Textbook Group ~ Cohort 1 ~ Meeting 24 (Chapter 10, part 2)
2026-02-16 04:30:13 [INFO] journal_utilities.downloader: Audio already exists for DrNJfmf_IdA, skipping
2026-02-16 04:30:13 [INFO] journal_utilities.downloader: Audio for DrNJfmf_IdA: skipped
2026-02-16 04:30:15 [INFO] download_channel: [228/694] Processing Cd6rz0HzOe8 — ActInf Textbook Group ~ Cohort 1 ~ Meeting 13 (Feedback, Next steps, Projects)
2026-02-16 04:30:15 [INFO] journal_utilities.downloader: Audio already exists for Cd6rz0HzOe8, skipping
2026-02-16 04:30:15 [INFO] journal_utilities.downloader: Audio for Cd6rz0HzOe8: skipped
2026-02-16 04:30:17 [INFO] download_channel: [229/694] Processing 8HKcr0bOLG4 — ActInf Textbook Group ~ Cohort 1 ~ Meeting 17 (Chapter 7, part 1)
2026-02-16 04:30:17 [INFO] journal_utilities.downloader: Audio already exists for 8HKcr0bOLG4, skipping
2026-02-16 04:30:17 [INFO] journal_utilities.downloader: Audio for 8HKcr0bOLG4: skipped
2026-02-16 04:30:19 [INFO] download_channel: [230/694] Processing 8DlXH6Wk_h8 — ActInf Textbook Group ~ Cohort 1 ~ Meeting 16 (Chapter 6, part 2)
2026-02-16 04:30:19 [INFO] journal_utilities.downloader: Audio already exists for 8DlXH6Wk_h8, skipping
2026-02-16 04:30:19 [INFO] journal_utilities.downloader: Audio for 8DlXH6Wk_h8: skipped
2026-02-16 04:30:21 [INFO] download_channel: [231/694] Processing 4q-UYQMMrDg — ActInf Textbook Group ~ Cohort 1 ~ Meeting 15 (Chapter 6, part 1)
2026-02-16 04:30:21 [INFO] journal_utilities.downloader: Audio already exists for 4q-UYQMMrDg, skipping
2026-02-16 04:30:21 [INFO] journal_utilities.downloader: Audio for 4q-UYQMMrDg: skipped
2026-02-16 04:30:23 [INFO] download_channel: [232/694] Processing 08iZGLAqI8E — ActInf Textbook Group ~ Cohort 1 ~ Meeting 8 (Chapter 4 pt. 1)
2026-02-16 04:30:23 [INFO] journal_utilities.downloader: Audio already exists for 08iZGLAqI8E, skipping
2026-02-16 04:30:23 [INFO] journal_utilities.downloader: Audio for 08iZGLAqI8E: skipped
2026-02-16 04:30:25 [INFO] download_channel: [233/694] Processing AKeKLERgmQA — ActInf Textbook Group ~ Cohort 1 ~ Meeting 7 (Chapter 3 pt. 2)
2026-02-16 04:30:25 [INFO] journal_utilities.downloader: Audio already exists for AKeKLERgmQA, skipping
2026-02-16 04:30:25 [INFO] journal_utilities.downloader: Audio for AKeKLERgmQA: skipped
2026-02-16 04:30:27 [INFO] download_channel: [234/694] Processing W0637hJm_D4 — Active Inference Institute ~ 2022 Quarterly Roundtable #4
2026-02-16 04:30:27 [INFO] journal_utilities.downloader: Audio already exists for W0637hJm_D4, skipping
2026-02-16 04:30:27 [INFO] journal_utilities.downloader: Audio for W0637hJm_D4: skipped
2026-02-16 04:30:29 [INFO] download_channel: [235/694] Processing tOFA7FODn8w — ActInf GuestStream #024.1 ~ Stephen Grossberg, "Explainable and Reliable AI"
2026-02-16 04:30:29 [INFO] journal_utilities.downloader: Audio already exists for tOFA7FODn8w, skipping
2026-02-16 04:30:29 [INFO] journal_utilities.downloader: Audio for tOFA7FODn8w: skipped
2026-02-16 04:30:31 [INFO] download_channel: [236/694] Processing XSYxOt8CRDI — ActInf Livestream #025.2  ~ "The Computational Boundary of a Self"
2026-02-16 04:30:31 [INFO] journal_utilities.downloader: Audio already exists for XSYxOt8CRDI, skipping
2026-02-16 04:30:31 [INFO] journal_utilities.downloader: Audio for XSYxOt8CRDI: skipped
2026-02-16 04:30:33 [INFO] download_channel: [237/694] Processing hW9IiOujS1E — Prof. Karl Friston ~ Applied Active Inference Symposium pt. 3 (Tools)
2026-02-16 04:30:33 [INFO] journal_utilities.downloader: Audio already exists for hW9IiOujS1E, skipping
2026-02-16 04:30:33 [INFO] journal_utilities.downloader: Audio for hW9IiOujS1E: skipped
2026-02-16 04:30:35 [INFO] download_channel: [238/694] Processing X2GwqUVLlcs — Prof. Karl Friston ~ Applied Active Inference Symposium pt. 2 (Communication)
2026-02-16 04:30:35 [INFO] journal_utilities.downloader: Audio already exists for X2GwqUVLlcs, skipping
2026-02-16 04:30:35 [INFO] journal_utilities.downloader: Audio for X2GwqUVLlcs: skipped
2026-02-16 04:30:37 [INFO] download_channel: [239/694] Processing INRaCBikpso — Prof. Karl Friston ~ Applied Active Inference Symposium pt. 1 (Education)
2026-02-16 04:30:37 [INFO] journal_utilities.downloader: Audio already exists for INRaCBikpso, skipping
2026-02-16 04:30:37 [INFO] journal_utilities.downloader: Audio for INRaCBikpso: skipped
2026-02-16 04:30:39 [INFO] download_channel: [240/694] Processing szCSh8pVEa4 — ActInf Livestream #020.1 ~ The Emperor’s New Markov Blankets (full upload)
2026-02-16 04:30:39 [INFO] journal_utilities.downloader: Audio already exists for szCSh8pVEa4, skipping
2026-02-16 04:30:39 [INFO] journal_utilities.downloader: Audio for szCSh8pVEa4: skipped
2026-02-16 04:30:41 [INFO] download_channel: [241/694] Processing MlvyehPDQXg — ActInf Livestream #021.02 ~ John Boik
2026-02-16 04:30:41 [INFO] journal_utilities.downloader: Audio already exists for MlvyehPDQXg, skipping
2026-02-16 04:30:41 [INFO] journal_utilities.downloader: Audio for MlvyehPDQXg: skipped
2026-02-16 04:30:43 [INFO] download_channel: [242/694] Processing y4tljwMAWho — ActInf Livestream #006.2: "A tale of two densities" (2020) REUPLOAD
2026-02-16 04:30:43 [INFO] journal_utilities.downloader: Audio already exists for y4tljwMAWho, skipping
2026-02-16 04:30:43 [INFO] journal_utilities.downloader: Audio for y4tljwMAWho: skipped
2026-02-16 04:30:45 [INFO] download_channel: [243/694] Processing ijuxHfPDd3U — ActInf Livestream #003.2  "A World Unto Itself: Human Communication as Active Inference"
2026-02-16 04:30:45 [INFO] journal_utilities.downloader: Audio already exists for ijuxHfPDd3U, skipping
2026-02-16 04:30:45 [INFO] journal_utilities.downloader: Audio for ijuxHfPDd3U: skipped
2026-02-16 04:30:47 [INFO] download_channel: [244/694] Processing QmVuId8SY8k — Karl Friston "Active inference and deep temporal models" 23.09.19
2026-02-16 04:30:47 [INFO] journal_utilities.downloader: Audio already exists for QmVuId8SY8k, skipping
2026-02-16 04:30:47 [INFO] journal_utilities.downloader: Audio for QmVuId8SY8k: skipped
2026-02-16 04:30:49 [INFO] download_channel: [245/694] Processing 2NB7hTsp_F0 — ActInf ModelStream 021.1: Melih Kandemir: "Distributional Active Inference"
2026-02-16 04:30:49 [DEBUG] journal_utilities.downloader: yt-dlp audio cmd: yt-dlp --no-warnings --cookies-from-browser chrome --cookies data/output/cookies.txt -x --audio-format mp3 --audio-quality 0 -o data/output/audio/%(id)s.%(ext)s https://www.youtube.com/watch?v=2NB7hTsp_F0
2026-02-16 04:30:51 [ERROR] journal_utilities.downloader: Audio download failed for 2NB7hTsp_F0: ERROR: [youtube] 2NB7hTsp_F0: This live event will begin in 17 days.

2026-02-16 04:30:51 [INFO] journal_utilities.downloader: Audio for 2NB7hTsp_F0: failed (ERROR: [youtube] 2NB7hTsp_F0: This live event will begin in 17 days.
)
2026-02-16 04:30:53 [INFO] download_channel: [246/694] Processing dTcuDE6nUpg — ActInf GuestStream 015.4 Bobby Azarian: A Strange Loop Solution to the Hard Problem of Consciousness
2026-02-16 04:30:53 [DEBUG] journal_utilities.downloader: yt-dlp audio cmd: yt-dlp --no-warnings --cookies-from-browser chrome --cookies data/output/cookies.txt -x --audio-format mp3 --audio-quality 0 -o data/output/audio/%(id)s.%(ext)s https://www.youtube.com/watch?v=dTcuDE6nUpg
2026-02-16 04:30:55 [ERROR] journal_utilities.downloader: Audio download failed for dTcuDE6nUpg: ERROR: [youtube] dTcuDE6nUpg: This live event will begin in 9 days.

2026-02-16 04:30:55 [INFO] journal_utilities.downloader: Audio for dTcuDE6nUpg: failed (ERROR: [youtube] dTcuDE6nUpg: This live event will begin in 9 days.
)
2026-02-16 04:30:57 [INFO] download_channel: [247/694] Processing GngvdY7-w10 — Active InferAnt Stream 017.1 ~ "Of Course I Can": Active Inference Courses for All
2026-02-16 04:30:57 [INFO] journal_utilities.downloader: Audio already exists for GngvdY7-w10, skipping
2026-02-16 04:30:57 [INFO] journal_utilities.downloader: Audio for GngvdY7-w10: skipped
2026-02-16 04:30:59 [INFO] download_channel: [248/694] Processing CFqMSSJ1X5g — ActInf ModelStream 020.1: Kenric Nelson: "Learning extreme models with the Coupled Free Energy"
2026-02-16 04:30:59 [INFO] journal_utilities.downloader: Audio already exists for CFqMSSJ1X5g, skipping
2026-02-16 04:30:59 [INFO] journal_utilities.downloader: Audio for CFqMSSJ1X5g: skipped
2026-02-16 04:31:01 [INFO] download_channel: [249/694] Processing jm70DuWHUI0 — ActInf GuestStream 126.1 ~ Distributed Information and Computation in Generic Quantum Systems
2026-02-16 04:31:01 [INFO] journal_utilities.downloader: Audio already exists for jm70DuWHUI0, skipping
2026-02-16 04:31:01 [INFO] journal_utilities.downloader: Audio for jm70DuWHUI0: skipped
2026-02-16 04:31:03 [INFO] download_channel: [250/694] Processing q6Z-4aXO36U — ActInf ModelStream 019.1: Active Inference in Discrete State Spaces from First Principles (P. Kenny)
2026-02-16 04:31:03 [INFO] journal_utilities.downloader: Audio already exists for q6Z-4aXO36U, skipping
2026-02-16 04:31:03 [INFO] journal_utilities.downloader: Audio for q6Z-4aXO36U: skipped
2026-02-16 04:31:05 [INFO] download_channel: [251/694] Processing 09FfbL1YYOI — Active Inference Institute ~ 2025 Quarterly Roundtable #4
2026-02-16 04:31:05 [INFO] journal_utilities.downloader: Audio already exists for 09FfbL1YYOI, skipping
2026-02-16 04:31:05 [INFO] journal_utilities.downloader: Audio for 09FfbL1YYOI: skipped
2026-02-16 04:31:07 [INFO] download_channel: [252/694] Processing gS-qhMNFm84 — 2025 ReviewStream
2026-02-16 04:31:07 [INFO] journal_utilities.downloader: Audio already exists for gS-qhMNFm84, skipping
2026-02-16 04:31:07 [INFO] journal_utilities.downloader: Audio for gS-qhMNFm84: skipped
2026-02-16 04:31:09 [INFO] download_channel: [253/694] Processing LmgPFAlNHNQ — ActInf GuestStream 125.1 ~ From Charles Darwin’s “Root Brain” to Nikola Tesla’s “6G World Brain”...
2026-02-16 04:31:09 [INFO] journal_utilities.downloader: Audio already exists for LmgPFAlNHNQ, skipping
2026-02-16 04:31:09 [INFO] journal_utilities.downloader: Audio for LmgPFAlNHNQ: skipped
2026-02-16 04:31:11 [INFO] download_channel: [254/694] Processing vUraSyZnsDo — Active InferAnt Stream 016.2 ~ Generative Education: What Will We Do With Our Faculties?
2026-02-16 04:31:11 [DEBUG] journal_utilities.downloader: yt-dlp audio cmd: yt-dlp --no-warnings --cookies-from-browser chrome --cookies data/output/cookies.txt -x --audio-format mp3 --audio-quality 0 -o data/output/audio/%(id)s.%(ext)s https://www.youtube.com/watch?v=vUraSyZnsDo
2026-02-16 04:31:51 [INFO] journal_utilities.downloader: Downloaded audio for vUraSyZnsDo in 39.7s
2026-02-16 04:31:51 [INFO] journal_utilities.downloader: Audio for vUraSyZnsDo: success
2026-02-16 04:31:53 [INFO] download_channel: [255/694] Processing AKyK7kKgI28 — ActInf GuestStream 124.1 ~ Ty Roachford: "PCT vs. FEP: A Comparison"
2026-02-16 04:31:53 [DEBUG] journal_utilities.downloader: yt-dlp audio cmd: yt-dlp --no-warnings --cookies-from-browser chrome --cookies data/output/cookies.txt -x --audio-format mp3 --audio-quality 0 -o data/output/audio/%(id)s.%(ext)s https://www.youtube.com/watch?v=AKyK7kKgI28
2026-02-16 04:32:28 [INFO] journal_utilities.downloader: Downloaded audio for AKyK7kKgI28 in 35.0s
2026-02-16 04:32:28 [INFO] journal_utilities.downloader: Audio for AKyK7kKgI28: success
2026-02-16 04:32:30 [INFO] download_channel: [256/694] Processing GNAoP8T9WW4 — Active InferAnt Stream 016.1 ~ Actionable Template-driven Research: Operational Meta-Science
2026-02-16 04:32:30 [DEBUG] journal_utilities.downloader: yt-dlp audio cmd: yt-dlp --no-warnings --cookies-from-browser chrome --cookies data/output/cookies.txt -x --audio-format mp3 --audio-quality 0 -o data/output/audio/%(id)s.%(ext)s https://www.youtube.com/watch?v=GNAoP8T9WW4
2026-02-16 04:33:08 [INFO] journal_utilities.downloader: Downloaded audio for GNAoP8T9WW4 in 37.9s
2026-02-16 04:33:08 [INFO] journal_utilities.downloader: Audio for GNAoP8T9WW4: success
2026-02-16 04:33:10 [INFO] download_channel: [257/694] Processing v7aSUMX1nfs — 5th Applied Active Inference Symposium (Part 3, Nov 14, 2025) ~ LIVE
2026-02-16 04:33:10 [DEBUG] journal_utilities.downloader: yt-dlp audio cmd: yt-dlp --no-warnings --cookies-from-browser chrome --cookies data/output/cookies.txt -x --audio-format mp3 --audio-quality 0 -o data/output/audio/%(id)s.%(ext)s https://www.youtube.com/watch?v=v7aSUMX1nfs
2026-02-16 04:36:29 [INFO] journal_utilities.downloader: Downloaded audio for v7aSUMX1nfs in 199.6s
2026-02-16 04:36:29 [INFO] journal_utilities.downloader: Audio for v7aSUMX1nfs: success
2026-02-16 04:36:31 [INFO] download_channel: [258/694] Processing VTivWre-8Kk — 5th Applied Active Inference Symposium (Part 1, Nov 12, 2025) ~ LIVE
2026-02-16 04:36:31 [DEBUG] journal_utilities.downloader: yt-dlp audio cmd: yt-dlp --no-warnings --cookies-from-browser chrome --cookies data/output/cookies.txt -x --audio-format mp3 --audio-quality 0 -o data/output/audio/%(id)s.%(ext)s https://www.youtube.com/watch?v=VTivWre-8Kk
2026-02-16 04:40:05 [INFO] journal_utilities.downloader: Downloaded audio for VTivWre-8Kk in 213.9s
2026-02-16 04:40:05 [INFO] journal_utilities.downloader: Audio for VTivWre-8Kk: success
2026-02-16 04:40:07 [INFO] download_channel: [259/694] Processing hCIxFkdu_-Y — Applied Active Inference Symposium tomorrow (Nov 11, 2025 update)
2026-02-16 04:40:07 [DEBUG] journal_utilities.downloader: yt-dlp audio cmd: yt-dlp --no-warnings --cookies-from-browser chrome --cookies data/output/cookies.txt -x --audio-format mp3 --audio-quality 0 -o data/output/audio/%(id)s.%(ext)s https://www.youtube.com/watch?v=hCIxFkdu_-Y
2026-02-16 04:40:17 [INFO] journal_utilities.downloader: Downloaded audio for hCIxFkdu_-Y in 10.3s
2026-02-16 04:40:17 [INFO] journal_utilities.downloader: Audio for hCIxFkdu_-Y: success
2026-02-16 04:40:19 [INFO] download_channel: [260/694] Processing No0GIVMujik — ActInf GuestStream 123.1 ~ Marcelo Guzman: "Learning in Physical Systems"
2026-02-16 04:40:19 [DEBUG] journal_utilities.downloader: yt-dlp audio cmd: yt-dlp --no-warnings --cookies-from-browser chrome --cookies data/output/cookies.txt -x --audio-format mp3 --audio-quality 0 -o data/output/audio/%(id)s.%(ext)s https://www.youtube.com/watch?v=No0GIVMujik
2026-02-16 04:40:50 [INFO] journal_utilities.downloader: Downloaded audio for No0GIVMujik in 30.6s
2026-02-16 04:40:50 [INFO] journal_utilities.downloader: Audio for No0GIVMujik: success
2026-02-16 04:40:52 [INFO] download_channel: [261/694] Processing nFnZSIqoFv4 — ActInf GuestStream 082.7 ~ Robert Worden "Language and Human Nature"
2026-02-16 04:40:52 [DEBUG] journal_utilities.downloader: yt-dlp audio cmd: yt-dlp --no-warnings --cookies-from-browser chrome --cookies data/output/cookies.txt -x --audio-format mp3 --audio-quality 0 -o data/output/audio/%(id)s.%(ext)s https://www.youtube.com/watch?v=nFnZSIqoFv4
2026-02-16 04:41:25 [INFO] journal_utilities.downloader: Downloaded audio for nFnZSIqoFv4 in 32.9s
2026-02-16 04:41:25 [INFO] journal_utilities.downloader: Audio for nFnZSIqoFv4: success
2026-02-16 04:41:27 [INFO] download_channel: [262/694] Processing iaKDs6TQj0Q — ActInf GuestStream 122.1 ~ Radical Relation, Scaling without Hierarchies, Models without the Meat
2026-02-16 04:41:27 [DEBUG] journal_utilities.downloader: yt-dlp audio cmd: yt-dlp --no-warnings --cookies-from-browser chrome --cookies data/output/cookies.txt -x --audio-format mp3 --audio-quality 0 -o data/output/audio/%(id)s.%(ext)s https://www.youtube.com/watch?v=iaKDs6TQj0Q
2026-02-16 04:41:51 [INFO] journal_utilities.downloader: Downloaded audio for iaKDs6TQj0Q in 24.1s
2026-02-16 04:41:51 [INFO] journal_utilities.downloader: Audio for iaKDs6TQj0Q: success
2026-02-16 04:41:53 [INFO] download_channel: [263/694] Processing vUO6t1pD0Hg — ActInf GuestStream 082.6 ~ Robert Worden "A Unified Theory of Language"
2026-02-16 04:41:53 [DEBUG] journal_utilities.downloader: yt-dlp audio cmd: yt-dlp --no-warnings --cookies-from-browser chrome --cookies data/output/cookies.txt -x --audio-format mp3 --audio-quality 0 -o data/output/audio/%(id)s.%(ext)s https://www.youtube.com/watch?v=vUO6t1pD0Hg
2026-02-16 04:42:22 [INFO] journal_utilities.downloader: Downloaded audio for vUO6t1pD0Hg in 29.4s
2026-02-16 04:42:22 [INFO] journal_utilities.downloader: Audio for vUO6t1pD0Hg: success
2026-02-16 04:42:24 [INFO] download_channel: [264/694] Processing PPKFlARc7gY — Active Inference Institute ~ 2025 Quarterly Roundtable #3
2026-02-16 04:42:24 [DEBUG] journal_utilities.downloader: yt-dlp audio cmd: yt-dlp --no-warnings --cookies-from-browser chrome --cookies data/output/cookies.txt -x --audio-format mp3 --audio-quality 0 -o data/output/audio/%(id)s.%(ext)s https://www.youtube.com/watch?v=PPKFlARc7gY
2026-02-16 04:42:43 [INFO] journal_utilities.downloader: Downloaded audio for PPKFlARc7gY in 18.8s
2026-02-16 04:42:43 [INFO] journal_utilities.downloader: Audio for PPKFlARc7gY: success
2026-02-16 04:42:45 [INFO] download_channel: [265/694] Processing FeD_L8oOhIk — ActInf GuestStream 121.1 ~ Conscious active inference (Wiest and Puniani)
2026-02-16 04:42:45 [DEBUG] journal_utilities.downloader: yt-dlp audio cmd: yt-dlp --no-warnings --cookies-from-browser chrome --cookies data/output/cookies.txt -x --audio-format mp3 --audio-quality 0 -o data/output/audio/%(id)s.%(ext)s https://www.youtube.com/watch?v=FeD_L8oOhIk
2026-02-16 04:43:23 [INFO] journal_utilities.downloader: Downloaded audio for FeD_L8oOhIk in 37.3s
2026-02-16 04:43:23 [INFO] journal_utilities.downloader: Audio for FeD_L8oOhIk: success
2026-02-16 04:43:25 [INFO] download_channel: [266/694] Processing vwppypTticY — ActInf GuestStream 120.1 ~ Temporal Cognition and the Emergent Properties of Consciousness
2026-02-16 04:43:25 [DEBUG] journal_utilities.downloader: yt-dlp audio cmd: yt-dlp --no-warnings --cookies-from-browser chrome --cookies data/output/cookies.txt -x --audio-format mp3 --audio-quality 0 -o data/output/audio/%(id)s.%(ext)s https://www.youtube.com/watch?v=vwppypTticY
2026-02-16 04:43:48 [INFO] journal_utilities.downloader: Downloaded audio for vwppypTticY in 23.1s
2026-02-16 04:43:48 [INFO] journal_utilities.downloader: Audio for vwppypTticY: success
2026-02-16 04:43:50 [INFO] download_channel: [267/694] Processing O4JkF40yvqU — ActInf GuestStream 119.1 Thermal Macroeconomics: An axiomatic theory of aggregate economic phenomena
2026-02-16 04:43:50 [DEBUG] journal_utilities.downloader: yt-dlp audio cmd: yt-dlp --no-warnings --cookies-from-browser chrome --cookies data/output/cookies.txt -x --audio-format mp3 --audio-quality 0 -o data/output/audio/%(id)s.%(ext)s https://www.youtube.com/watch?v=O4JkF40yvqU
2026-02-16 04:44:11 [INFO] journal_utilities.downloader: Downloaded audio for O4JkF40yvqU in 21.5s
2026-02-16 04:44:11 [INFO] journal_utilities.downloader: Audio for O4JkF40yvqU: success
2026-02-16 04:44:13 [INFO] download_channel: [268/694] Processing 0cOV7-St2Ws — Active InferAnt Stream 015.1 ~ START/HERE: A Map & What Might Happen Next
2026-02-16 04:44:13 [DEBUG] journal_utilities.downloader: yt-dlp audio cmd: yt-dlp --no-warnings --cookies-from-browser chrome --cookies data/output/cookies.txt -x --audio-format mp3 --audio-quality 0 -o data/output/audio/%(id)s.%(ext)s https://www.youtube.com/watch?v=0cOV7-St2Ws
2026-02-16 04:45:19 [INFO] journal_utilities.downloader: Downloaded audio for 0cOV7-St2Ws in 65.5s
2026-02-16 04:45:19 [INFO] journal_utilities.downloader: Audio for 0cOV7-St2Ws: success
2026-02-16 04:45:21 [INFO] download_channel: [269/694] Processing 0t14D4epcuw — ActInf GuestStream 118.1 ~ Tadahiro Taniguchi "Co-Creative Learning via Metropolis-Hastings..."
2026-02-16 04:45:21 [DEBUG] journal_utilities.downloader: yt-dlp audio cmd: yt-dlp --no-warnings --cookies-from-browser chrome --cookies data/output/cookies.txt -x --audio-format mp3 --audio-quality 0 -o data/output/audio/%(id)s.%(ext)s https://www.youtube.com/watch?v=0t14D4epcuw
2026-02-16 04:45:48 [INFO] journal_utilities.downloader: Downloaded audio for 0t14D4epcuw in 27.3s
2026-02-16 04:45:48 [INFO] journal_utilities.downloader: Audio for 0t14D4epcuw: success
2026-02-16 04:45:50 [INFO] download_channel: [270/694] Processing rj3iBEnZvGU — ActInf GuestStream 117.1 ~ Robert Stamps: Active Inference and Artificial Spin Ice
2026-02-16 04:45:50 [DEBUG] journal_utilities.downloader: yt-dlp audio cmd: yt-dlp --no-warnings --cookies-from-browser chrome --cookies data/output/cookies.txt -x --audio-format mp3 --audio-quality 0 -o data/output/audio/%(id)s.%(ext)s https://www.youtube.com/watch?v=rj3iBEnZvGU
2026-02-16 04:46:21 [INFO] journal_utilities.downloader: Downloaded audio for rj3iBEnZvGU in 31.2s
2026-02-16 04:46:21 [INFO] journal_utilities.downloader: Audio for rj3iBEnZvGU: success
2026-02-16 04:46:23 [INFO] download_channel: [271/694] Processing 0h_mf5usgvg — ActInf GuestStream 116.1 ~ Max Aifer: "Solving the compute crisis with physics-based ASICs"
2026-02-16 04:46:23 [DEBUG] journal_utilities.downloader: yt-dlp audio cmd: yt-dlp --no-warnings --cookies-from-browser chrome --cookies data/output/cookies.txt -x --audio-format mp3 --audio-quality 0 -o data/output/audio/%(id)s.%(ext)s https://www.youtube.com/watch?v=0h_mf5usgvg
2026-02-16 04:46:52 [INFO] journal_utilities.downloader: Downloaded audio for 0h_mf5usgvg in 28.9s
2026-02-16 04:46:52 [INFO] journal_utilities.downloader: Audio for 0h_mf5usgvg: success
2026-02-16 04:46:54 [INFO] download_channel: [272/694] Processing 85ob-jrG7xQ — ActInf GuestStream 115.1 ~ Energy-Based Transformers and the Future of Scaling
2026-02-16 04:46:54 [DEBUG] journal_utilities.downloader: yt-dlp audio cmd: yt-dlp --no-warnings --cookies-from-browser chrome --cookies data/output/cookies.txt -x --audio-format mp3 --audio-quality 0 -o data/output/audio/%(id)s.%(ext)s https://www.youtube.com/watch?v=85ob-jrG7xQ
2026-02-16 04:47:20 [INFO] journal_utilities.downloader: Downloaded audio for 85ob-jrG7xQ in 25.9s
2026-02-16 04:47:20 [INFO] journal_utilities.downloader: Audio for 85ob-jrG7xQ: success
2026-02-16 04:47:22 [INFO] download_channel: [273/694] Processing C1NxyfMDP4U — ActInf GuestStream 114.1 ~ How do inner screens enable imaginative experience?
2026-02-16 04:47:22 [DEBUG] journal_utilities.downloader: yt-dlp audio cmd: yt-dlp --no-warnings --cookies-from-browser chrome --cookies data/output/cookies.txt -x --audio-format mp3 --audio-quality 0 -o data/output/audio/%(id)s.%(ext)s https://www.youtube.com/watch?v=C1NxyfMDP4U
2026-02-16 04:48:02 [INFO] journal_utilities.downloader: Downloaded audio for C1NxyfMDP4U in 40.1s
2026-02-16 04:48:02 [INFO] journal_utilities.downloader: Audio for C1NxyfMDP4U: success
2026-02-16 04:48:04 [INFO] download_channel: [274/694] Processing -cKpXSZLvMQ — Active Inference Institute ~ 2025 Quarterly Roundtable #2
2026-02-16 04:48:04 [DEBUG] journal_utilities.downloader: yt-dlp audio cmd: yt-dlp --no-warnings --cookies-from-browser chrome --cookies data/output/cookies.txt -x --audio-format mp3 --audio-quality 0 -o data/output/audio/%(id)s.%(ext)s https://www.youtube.com/watch?v=-cKpXSZLvMQ
2026-02-16 04:48:30 [INFO] journal_utilities.downloader: Downloaded audio for -cKpXSZLvMQ in 26.2s
2026-02-16 04:48:30 [INFO] journal_utilities.downloader: Audio for -cKpXSZLvMQ: success
2026-02-16 04:48:32 [INFO] download_channel: [275/694] Processing vgSYGS9l8nI — ActInf GuestStream 113.1 ~ Bayesian Mechanics of Economic Choice (Ernesto Moya-Albor et al.)
2026-02-16 04:48:32 [DEBUG] journal_utilities.downloader: yt-dlp audio cmd: yt-dlp --no-warnings --cookies-from-browser chrome --cookies data/output/cookies.txt -x --audio-format mp3 --audio-quality 0 -o data/output/audio/%(id)s.%(ext)s https://www.youtube.com/watch?v=vgSYGS9l8nI
2026-02-16 04:48:57 [INFO] journal_utilities.downloader: Downloaded audio for vgSYGS9l8nI in 24.7s
2026-02-16 04:48:57 [INFO] journal_utilities.downloader: Audio for vgSYGS9l8nI: success
2026-02-16 04:48:59 [INFO] download_channel: [276/694] Processing fTg-S81Ymto — ActInf GuestStream 112.1 ~ Brain-like variational inference (Hadi Vafaii)
2026-02-16 04:48:59 [DEBUG] journal_utilities.downloader: yt-dlp audio cmd: yt-dlp --no-warnings --cookies-from-browser chrome --cookies data/output/cookies.txt -x --audio-format mp3 --audio-quality 0 -o data/output/audio/%(id)s.%(ext)s https://www.youtube.com/watch?v=fTg-S81Ymto
2026-02-16 04:49:30 [INFO] journal_utilities.downloader: Downloaded audio for fTg-S81Ymto in 31.4s
2026-02-16 04:49:30 [INFO] journal_utilities.downloader: Audio for fTg-S81Ymto: success
2026-02-16 04:49:32 [INFO] download_channel: [277/694] Processing L0kFneuINsg — Active InferAnt Stream 014.3 ~ The Sound of Uncertainty: Auditory Rendering of Generative Models
2026-02-16 04:49:32 [DEBUG] journal_utilities.downloader: yt-dlp audio cmd: yt-dlp --no-warnings --cookies-from-browser chrome --cookies data/output/cookies.txt -x --audio-format mp3 --audio-quality 0 -o data/output/audio/%(id)s.%(ext)s https://www.youtube.com/watch?v=L0kFneuINsg
2026-02-16 04:50:35 [INFO] journal_utilities.downloader: Downloaded audio for L0kFneuINsg in 62.4s
2026-02-16 04:50:35 [INFO] journal_utilities.downloader: Audio for L0kFneuINsg: success
2026-02-16 04:50:37 [INFO] download_channel: [278/694] Processing q3kUt1xR_fo — ActInf OrgStream 009.1 ~ The Value of Open Source Software (Hoffmann, Nagle, Zhou)
2026-02-16 04:50:37 [DEBUG] journal_utilities.downloader: yt-dlp audio cmd: yt-dlp --no-warnings --cookies-from-browser chrome --cookies data/output/cookies.txt -x --audio-format mp3 --audio-quality 0 -o data/output/audio/%(id)s.%(ext)s https://www.youtube.com/watch?v=q3kUt1xR_fo
2026-02-16 04:51:02 [INFO] journal_utilities.downloader: Downloaded audio for q3kUt1xR_fo in 25.4s
2026-02-16 04:51:02 [INFO] journal_utilities.downloader: Audio for q3kUt1xR_fo: success
2026-02-16 04:51:04 [INFO] download_channel: [279/694] Processing sSStRTOxuWk — ActInf GuestStream 111.1 ~ Modeling and Predicting Self-Organization in Dynamic Systems (G Georgiev)
2026-02-16 04:51:04 [DEBUG] journal_utilities.downloader: yt-dlp audio cmd: yt-dlp --no-warnings --cookies-from-browser chrome --cookies data/output/cookies.txt -x --audio-format mp3 --audio-quality 0 -o data/output/audio/%(id)s.%(ext)s https://www.youtube.com/watch?v=sSStRTOxuWk
2026-02-16 04:51:42 [INFO] journal_utilities.downloader: Downloaded audio for sSStRTOxuWk in 38.4s
2026-02-16 04:51:42 [INFO] journal_utilities.downloader: Audio for sSStRTOxuWk: success
2026-02-16 04:51:44 [INFO] download_channel: [280/694] Processing Y3-FMoaEZYE — Active InferAnt Stream 014.2 ~ Generalized Notation Notation for Generative Model Supply Chains
2026-02-16 04:51:44 [DEBUG] journal_utilities.downloader: yt-dlp audio cmd: yt-dlp --no-warnings --cookies-from-browser chrome --cookies data/output/cookies.txt -x --audio-format mp3 --audio-quality 0 -o data/output/audio/%(id)s.%(ext)s https://www.youtube.com/watch?v=Y3-FMoaEZYE
2026-02-16 04:52:29 [INFO] journal_utilities.downloader: Downloaded audio for Y3-FMoaEZYE in 44.9s
2026-02-16 04:52:29 [INFO] journal_utilities.downloader: Audio for Y3-FMoaEZYE: success
2026-02-16 04:52:31 [INFO] download_channel: [281/694] Processing gS_WocoCJvI — ActInf GuestStream 110.1 ~ Triple equivalence for the emergence of biological intelligence (Isomura)
2026-02-16 04:52:31 [DEBUG] journal_utilities.downloader: yt-dlp audio cmd: yt-dlp --no-warnings --cookies-from-browser chrome --cookies data/output/cookies.txt -x --audio-format mp3 --audio-quality 0 -o data/output/audio/%(id)s.%(ext)s https://www.youtube.com/watch?v=gS_WocoCJvI
2026-02-16 04:52:59 [INFO] journal_utilities.downloader: Downloaded audio for gS_WocoCJvI in 27.4s
2026-02-16 04:52:59 [INFO] journal_utilities.downloader: Audio for gS_WocoCJvI: success
2026-02-16 04:53:01 [INFO] download_channel: [282/694] Processing kDLBmwMikfk — ActInf MathStream 014.1 ~ Jesse van Oostrum: A concise mathematical description of active inference
2026-02-16 04:53:01 [DEBUG] journal_utilities.downloader: yt-dlp audio cmd: yt-dlp --no-warnings --cookies-from-browser chrome --cookies data/output/cookies.txt -x --audio-format mp3 --audio-quality 0 -o data/output/audio/%(id)s.%(ext)s https://www.youtube.com/watch?v=kDLBmwMikfk
2026-02-16 04:53:36 [INFO] journal_utilities.downloader: Downloaded audio for kDLBmwMikfk in 35.5s
2026-02-16 04:53:36 [INFO] journal_utilities.downloader: Audio for kDLBmwMikfk: success
2026-02-16 04:53:38 [INFO] download_channel: [283/694] Processing aRT9n16N4J8 — ActInf GuestStream 109.1 ~ Hemming: "Free Energy, Attentional Narrowing, and Cognitive Rigidity"
2026-02-16 04:53:38 [DEBUG] journal_utilities.downloader: yt-dlp audio cmd: yt-dlp --no-warnings --cookies-from-browser chrome --cookies data/output/cookies.txt -x --audio-format mp3 --audio-quality 0 -o data/output/audio/%(id)s.%(ext)s https://www.youtube.com/watch?v=aRT9n16N4J8
2026-02-16 04:54:11 [INFO] journal_utilities.downloader: Downloaded audio for aRT9n16N4J8 in 32.3s
2026-02-16 04:54:11 [INFO] journal_utilities.downloader: Audio for aRT9n16N4J8: success
2026-02-16 04:54:13 [INFO] download_channel: [284/694] Processing _YRRB5basok — ActInf GuestStream 108.1 ~ Next-Generation AI for Emergent Semantic Communications (Christo Thomas)
2026-02-16 04:54:13 [DEBUG] journal_utilities.downloader: yt-dlp audio cmd: yt-dlp --no-warnings --cookies-from-browser chrome --cookies data/output/cookies.txt -x --audio-format mp3 --audio-quality 0 -o data/output/audio/%(id)s.%(ext)s https://www.youtube.com/watch?v=_YRRB5basok
2026-02-16 04:54:41 [INFO] journal_utilities.downloader: Downloaded audio for _YRRB5basok in 27.9s
2026-02-16 04:54:41 [INFO] journal_utilities.downloader: Audio for _YRRB5basok: success
2026-02-16 04:54:43 [INFO] download_channel: [285/694] Processing 3a01ltP-p9I — ActInf GuestStream 107.1 ~ David Benrimoh "The Role of Affective States in Computational Psychiatry"
2026-02-16 04:54:43 [DEBUG] journal_utilities.downloader: yt-dlp audio cmd: yt-dlp --no-warnings --cookies-from-browser chrome --cookies data/output/cookies.txt -x --audio-format mp3 --audio-quality 0 -o data/output/audio/%(id)s.%(ext)s https://www.youtube.com/watch?v=3a01ltP-p9I
2026-02-16 04:55:05 [INFO] journal_utilities.downloader: Downloaded audio for 3a01ltP-p9I in 22.4s
2026-02-16 04:55:05 [INFO] journal_utilities.downloader: Audio for 3a01ltP-p9I: success
2026-02-16 04:55:07 [INFO] download_channel: [286/694] Processing _8xNPQEqnKE — ActInf MathStream 013.1 ~ Alexis Toumi: "DisCoPy: Monoidal Categories for Active Inference"
2026-02-16 04:55:07 [DEBUG] journal_utilities.downloader: yt-dlp audio cmd: yt-dlp --no-warnings --cookies-from-browser chrome --cookies data/output/cookies.txt -x --audio-format mp3 --audio-quality 0 -o data/output/audio/%(id)s.%(ext)s https://www.youtube.com/watch?v=_8xNPQEqnKE
2026-02-16 04:55:35 [INFO] journal_utilities.downloader: Downloaded audio for _8xNPQEqnKE in 28.2s
2026-02-16 04:55:35 [INFO] journal_utilities.downloader: Audio for _8xNPQEqnKE: success
2026-02-16 04:55:37 [INFO] download_channel: [287/694] Processing 3tYOBVIOLyU — Active InferAnt Stream 014.1 ~ Generalized Notation Notation: From Plaintext to Triple Play
2026-02-16 04:55:37 [DEBUG] journal_utilities.downloader: yt-dlp audio cmd: yt-dlp --no-warnings --cookies-from-browser chrome --cookies data/output/cookies.txt -x --audio-format mp3 --audio-quality 0 -o data/output/audio/%(id)s.%(ext)s https://www.youtube.com/watch?v=3tYOBVIOLyU
2026-02-16 04:56:18 [INFO] journal_utilities.downloader: Downloaded audio for 3tYOBVIOLyU in 41.2s
2026-02-16 04:56:18 [INFO] journal_utilities.downloader: Audio for 3tYOBVIOLyU: success
2026-02-16 04:56:20 [INFO] download_channel: [288/694] Processing pqMph8eEUs4 — ActInf GuestStream 106.1 ~  "Advances and Challenges in Foundation Agents" Bang Liu et al.
2026-02-16 04:56:20 [DEBUG] journal_utilities.downloader: yt-dlp audio cmd: yt-dlp --no-warnings --cookies-from-browser chrome --cookies data/output/cookies.txt -x --audio-format mp3 --audio-quality 0 -o data/output/audio/%(id)s.%(ext)s https://www.youtube.com/watch?v=pqMph8eEUs4
2026-02-16 04:56:50 [INFO] journal_utilities.downloader: Downloaded audio for pqMph8eEUs4 in 29.2s
2026-02-16 04:56:50 [INFO] journal_utilities.downloader: Audio for pqMph8eEUs4: success
2026-02-16 04:56:52 [INFO] download_channel: [289/694] Processing TKksAVCOUCU — ActInf GuestStream 105.1 ~ Paola Di Maio: "Systemic Deviation, A Key to Explain Systemic Failures"
2026-02-16 04:56:52 [DEBUG] journal_utilities.downloader: yt-dlp audio cmd: yt-dlp --no-warnings --cookies-from-browser chrome --cookies data/output/cookies.txt -x --audio-format mp3 --audio-quality 0 -o data/output/audio/%(id)s.%(ext)s https://www.youtube.com/watch?v=TKksAVCOUCU
2026-02-16 04:57:27 [INFO] journal_utilities.downloader: Downloaded audio for TKksAVCOUCU in 35.6s
2026-02-16 04:57:27 [INFO] journal_utilities.downloader: Audio for TKksAVCOUCU: success
2026-02-16 04:57:29 [INFO] download_channel: [290/694] Processing 7vbtSdkDgc8 — ActInf ModelStream 018.1: Robust Decision-Making Via Free Energy Minimization (Russo & Jesawada)
2026-02-16 04:57:29 [DEBUG] journal_utilities.downloader: yt-dlp audio cmd: yt-dlp --no-warnings --cookies-from-browser chrome --cookies data/output/cookies.txt -x --audio-format mp3 --audio-quality 0 -o data/output/audio/%(id)s.%(ext)s https://www.youtube.com/watch?v=7vbtSdkDgc8
2026-02-16 04:58:03 [INFO] journal_utilities.downloader: Downloaded audio for 7vbtSdkDgc8 in 33.7s
2026-02-16 04:58:03 [INFO] journal_utilities.downloader: Audio for 7vbtSdkDgc8: success
2026-02-16 04:58:05 [INFO] download_channel: [291/694] Processing nT11dSbr6QE — Active InferAnt Stream 013.1 ~ NoOrg is a Real Org
2026-02-16 04:58:05 [DEBUG] journal_utilities.downloader: yt-dlp audio cmd: yt-dlp --no-warnings --cookies-from-browser chrome --cookies data/output/cookies.txt -x --audio-format mp3 --audio-quality 0 -o data/output/audio/%(id)s.%(ext)s https://www.youtube.com/watch?v=nT11dSbr6QE
2026-02-16 04:58:53 [INFO] journal_utilities.downloader: Downloaded audio for nT11dSbr6QE in 48.2s
2026-02-16 04:58:53 [INFO] journal_utilities.downloader: Audio for nT11dSbr6QE: success
2026-02-16 04:58:55 [INFO] download_channel: [292/694] Processing veGQUGE0hLI — ActInf GuestStream 104.1 ~ Tadahiro Taniguchi: Collective Predictive Coding and Active Inference
2026-02-16 04:58:55 [DEBUG] journal_utilities.downloader: yt-dlp audio cmd: yt-dlp --no-warnings --cookies-from-browser chrome --cookies data/output/cookies.txt -x --audio-format mp3 --audio-quality 0 -o data/output/audio/%(id)s.%(ext)s https://www.youtube.com/watch?v=veGQUGE0hLI
2026-02-16 04:59:24 [INFO] journal_utilities.downloader: Downloaded audio for veGQUGE0hLI in 29.4s
2026-02-16 04:59:24 [INFO] journal_utilities.downloader: Audio for veGQUGE0hLI: success
2026-02-16 04:59:26 [INFO] download_channel: [293/694] Processing ZRNQ8ZzMc_c — ActInf GuestStream 103.1 ~ Tobias Plowman "The Mind in Motion": A Systems Model...
2026-02-16 04:59:26 [DEBUG] journal_utilities.downloader: yt-dlp audio cmd: yt-dlp --no-warnings --cookies-from-browser chrome --cookies data/output/cookies.txt -x --audio-format mp3 --audio-quality 0 -o data/output/audio/%(id)s.%(ext)s https://www.youtube.com/watch?v=ZRNQ8ZzMc_c
2026-02-16 04:59:57 [INFO] journal_utilities.downloader: Downloaded audio for ZRNQ8ZzMc_c in 30.3s
2026-02-16 04:59:57 [INFO] journal_utilities.downloader: Audio for ZRNQ8ZzMc_c: success
2026-02-16 04:59:59 [INFO] download_channel: [294/694] Processing EIOIMEo8vOY — Active InferAnt Stream 012.2 ~ Case of the Evolving CEREBRUM: The Curious Language of the Incident
2026-02-16 04:59:59 [DEBUG] journal_utilities.downloader: yt-dlp audio cmd: yt-dlp --no-warnings --cookies-from-browser chrome --cookies data/output/cookies.txt -x --audio-format mp3 --audio-quality 0 -o data/output/audio/%(id)s.%(ext)s https://www.youtube.com/watch?v=EIOIMEo8vOY
2026-02-16 05:00:50 [INFO] journal_utilities.downloader: Downloaded audio for EIOIMEo8vOY in 50.8s
2026-02-16 05:00:50 [INFO] journal_utilities.downloader: Audio for EIOIMEo8vOY: success
2026-02-16 05:00:52 [INFO] download_channel: [295/694] Processing p7iq4AAIwjc — ActInf GuestStream 082.5 ~ Robert Worden "Computers, Meaning and Consciousness"
2026-02-16 05:00:52 [DEBUG] journal_utilities.downloader: yt-dlp audio cmd: yt-dlp --no-warnings --cookies-from-browser chrome --cookies data/output/cookies.txt -x --audio-format mp3 --audio-quality 0 -o data/output/audio/%(id)s.%(ext)s https://www.youtube.com/watch?v=p7iq4AAIwjc
2026-02-16 05:01:32 [INFO] journal_utilities.downloader: Downloaded audio for p7iq4AAIwjc in 40.8s
2026-02-16 05:01:32 [INFO] journal_utilities.downloader: Audio for p7iq4AAIwjc: success
2026-02-16 05:01:34 [INFO] download_channel: [296/694] Processing h6426dEKaMg — ActInf MathStream 012.1 ~ ELBOing Stein: Variational Bayes with Stein Mixture Inference, Ola Rønning
2026-02-16 05:01:34 [DEBUG] journal_utilities.downloader: yt-dlp audio cmd: yt-dlp --no-warnings --cookies-from-browser chrome --cookies data/output/cookies.txt -x --audio-format mp3 --audio-quality 0 -o data/output/audio/%(id)s.%(ext)s https://www.youtube.com/watch?v=h6426dEKaMg
2026-02-16 05:01:56 [INFO] journal_utilities.downloader: Downloaded audio for h6426dEKaMg in 21.6s
2026-02-16 05:01:56 [INFO] journal_utilities.downloader: Audio for h6426dEKaMg: success
2026-02-16 05:01:58 [INFO] download_channel: [297/694] Processing gSL8PWN4soc — ActInf GuestStream 102.1 ~ Majid Beni "Scientific Explanation, Causality, and Agency"
2026-02-16 05:01:58 [DEBUG] journal_utilities.downloader: yt-dlp audio cmd: yt-dlp --no-warnings --cookies-from-browser chrome --cookies data/output/cookies.txt -x --audio-format mp3 --audio-quality 0 -o data/output/audio/%(id)s.%(ext)s https://www.youtube.com/watch?v=gSL8PWN4soc
2026-02-16 05:02:27 [INFO] journal_utilities.downloader: Downloaded audio for gSL8PWN4soc in 29.0s
2026-02-16 05:02:27 [INFO] journal_utilities.downloader: Audio for gSL8PWN4soc: success
2026-02-16 05:02:29 [INFO] download_channel: [298/694] Processing eZPshFv24_g — ActInf GuestStream 101.1 ~ Autonomous Vehicles, Diffusion-Based Motion Prediction, Active Inference
2026-02-16 05:02:29 [DEBUG] journal_utilities.downloader: yt-dlp audio cmd: yt-dlp --no-warnings --cookies-from-browser chrome --cookies data/output/cookies.txt -x --audio-format mp3 --audio-quality 0 -o data/output/audio/%(id)s.%(ext)s https://www.youtube.com/watch?v=eZPshFv24_g
2026-02-16 05:02:51 [INFO] journal_utilities.downloader: Downloaded audio for eZPshFv24_g in 22.3s
2026-02-16 05:02:51 [INFO] journal_utilities.downloader: Audio for eZPshFv24_g: success
2026-02-16 05:02:53 [INFO] download_channel: [299/694] Processing 8Ohlb8iTW0k — Active InferAnt Stream 012.1 ~ CEREBRUM: Case-Enabled Reasoning Engine with...
2026-02-16 05:02:53 [DEBUG] journal_utilities.downloader: yt-dlp audio cmd: yt-dlp --no-warnings --cookies-from-browser chrome --cookies data/output/cookies.txt -x --audio-format mp3 --audio-quality 0 -o data/output/audio/%(id)s.%(ext)s https://www.youtube.com/watch?v=8Ohlb8iTW0k
2026-02-16 05:03:54 [INFO] journal_utilities.downloader: Downloaded audio for 8Ohlb8iTW0k in 60.9s
2026-02-16 05:03:54 [INFO] journal_utilities.downloader: Audio for 8Ohlb8iTW0k: success
2026-02-16 05:03:56 [INFO] download_channel: [300/694] Processing 9LKWp5nydnA — Active InferAnt Stream 011.1 ~ April Agents Bring May Simulations: OpenManus, RxInfer.jl, and ...
2026-02-16 05:03:56 [DEBUG] journal_utilities.downloader: yt-dlp audio cmd: yt-dlp --no-warnings --cookies-from-browser chrome --cookies data/output/cookies.txt -x --audio-format mp3 --audio-quality 0 -o data/output/audio/%(id)s.%(ext)s https://www.youtube.com/watch?v=9LKWp5nydnA
2026-02-16 05:04:32 [INFO] journal_utilities.downloader: Downloaded audio for 9LKWp5nydnA in 35.4s
2026-02-16 05:04:32 [INFO] journal_utilities.downloader: Audio for 9LKWp5nydnA: success
2026-02-16 05:04:34 [INFO] download_channel: [301/694] Processing aEe8y9Ebs10 — Active Inference Institute ~ 2025 Quarterly Roundtable #1
2026-02-16 05:04:34 [DEBUG] journal_utilities.downloader: yt-dlp audio cmd: yt-dlp --no-warnings --cookies-from-browser chrome --cookies data/output/cookies.txt -x --audio-format mp3 --audio-quality 0 -o data/output/audio/%(id)s.%(ext)s https://www.youtube.com/watch?v=aEe8y9Ebs10
2026-02-16 05:05:00 [INFO] journal_utilities.downloader: Downloaded audio for aEe8y9Ebs10 in 26.4s
2026-02-16 05:05:00 [INFO] journal_utilities.downloader: Audio for aEe8y9Ebs10: success
2026-02-16 05:05:02 [INFO] download_channel: [302/694] Processing pwfJQRN6iIc — ActInf ModelStream 017.1 What's Wrong with Active Inference and How Lazy Dynamics Is Set to Solve It
2026-02-16 05:05:02 [DEBUG] journal_utilities.downloader: yt-dlp audio cmd: yt-dlp --no-warnings --cookies-from-browser chrome --cookies data/output/cookies.txt -x --audio-format mp3 --audio-quality 0 -o data/output/audio/%(id)s.%(ext)s https://www.youtube.com/watch?v=pwfJQRN6iIc
2026-02-16 05:05:25 [INFO] journal_utilities.downloader: Downloaded audio for pwfJQRN6iIc in 23.5s
2026-02-16 05:05:25 [INFO] journal_utilities.downloader: Audio for pwfJQRN6iIc: success
2026-02-16 05:05:27 [INFO] download_channel: [303/694] Processing BN2akPkfNxA — ActInf GuestStream 100.1 ~ Yu Kanazawa: The free energy principle, language learning, and education
2026-02-16 05:05:27 [DEBUG] journal_utilities.downloader: yt-dlp audio cmd: yt-dlp --no-warnings --cookies-from-browser chrome --cookies data/output/cookies.txt -x --audio-format mp3 --audio-quality 0 -o data/output/audio/%(id)s.%(ext)s https://www.youtube.com/watch?v=BN2akPkfNxA
2026-02-16 05:06:04 [INFO] journal_utilities.downloader: Downloaded audio for BN2akPkfNxA in 36.2s
2026-02-16 05:06:04 [INFO] journal_utilities.downloader: Audio for BN2akPkfNxA: success
2026-02-16 05:06:06 [INFO] download_channel: [304/694] Processing NZnlrI-6mS8 — ActInf GuestStream 099.1 ~ Avel Guénin-Carlut: "From Contextuality to Social Constraints"
2026-02-16 05:06:06 [DEBUG] journal_utilities.downloader: yt-dlp audio cmd: yt-dlp --no-warnings --cookies-from-browser chrome --cookies data/output/cookies.txt -x --audio-format mp3 --audio-quality 0 -o data/output/audio/%(id)s.%(ext)s https://www.youtube.com/watch?v=NZnlrI-6mS8
2026-02-16 05:06:32 [INFO] journal_utilities.downloader: Downloaded audio for NZnlrI-6mS8 in 26.8s
2026-02-16 05:06:32 [INFO] journal_utilities.downloader: Audio for NZnlrI-6mS8: success
2026-02-16 05:06:34 [INFO] download_channel: [305/694] Processing Gl7yd2MRjmk — Active InferAnt Stream 010.2 ~ plain_text too: Learning Paths, Application Guides, and More Things
2026-02-16 05:06:34 [DEBUG] journal_utilities.downloader: yt-dlp audio cmd: yt-dlp --no-warnings --cookies-from-browser chrome --cookies data/output/cookies.txt -x --audio-format mp3 --audio-quality 0 -o data/output/audio/%(id)s.%(ext)s https://www.youtube.com/watch?v=Gl7yd2MRjmk
2026-02-16 05:07:16 [INFO] journal_utilities.downloader: Downloaded audio for Gl7yd2MRjmk in 41.3s
2026-02-16 05:07:16 [INFO] journal_utilities.downloader: Audio for Gl7yd2MRjmk: success
2026-02-16 05:07:18 [INFO] download_channel: [306/694] Processing E3vyVxMZanA — ActInf GuestStream 090.2 Decoding the ARC: The Evolution of Reason in the Abstract Reasoning Corpus
2026-02-16 05:07:18 [DEBUG] journal_utilities.downloader: yt-dlp audio cmd: yt-dlp --no-warnings --cookies-from-browser chrome --cookies data/output/cookies.txt -x --audio-format mp3 --audio-quality 0 -o data/output/audio/%(id)s.%(ext)s https://www.youtube.com/watch?v=E3vyVxMZanA
2026-02-16 05:07:49 [INFO] journal_utilities.downloader: Downloaded audio for E3vyVxMZanA in 31.0s
2026-02-16 05:07:49 [INFO] journal_utilities.downloader: Audio for E3vyVxMZanA: success
2026-02-16 05:07:51 [INFO] download_channel: [307/694] Processing tU2PfMNp-OI — ActInf GuestStream 098.1 ~ Active Inference and Human-Computer Interaction
2026-02-16 05:07:51 [DEBUG] journal_utilities.downloader: yt-dlp audio cmd: yt-dlp --no-warnings --cookies-from-browser chrome --cookies data/output/cookies.txt -x --audio-format mp3 --audio-quality 0 -o data/output/audio/%(id)s.%(ext)s https://www.youtube.com/watch?v=tU2PfMNp-OI
2026-02-16 05:08:26 [INFO] journal_utilities.downloader: Downloaded audio for tU2PfMNp-OI in 34.9s
2026-02-16 05:08:26 [INFO] journal_utilities.downloader: Audio for tU2PfMNp-OI: success
2026-02-16 05:08:28 [INFO] download_channel: [308/694] Processing ed9iSi4cD3o — Active InferAnt Stream 010.1 ~ plain_text for active_inference: Modeling, Learning, and Exploration
2026-02-16 05:08:28 [DEBUG] journal_utilities.downloader: yt-dlp audio cmd: yt-dlp --no-warnings --cookies-from-browser chrome --cookies data/output/cookies.txt -x --audio-format mp3 --audio-quality 0 -o data/output/audio/%(id)s.%(ext)s https://www.youtube.com/watch?v=ed9iSi4cD3o
2026-02-16 05:09:14 [INFO] journal_utilities.downloader: Downloaded audio for ed9iSi4cD3o in 46.1s
2026-02-16 05:09:14 [INFO] journal_utilities.downloader: Audio for ed9iSi4cD3o: success
2026-02-16 05:09:16 [INFO] download_channel: [309/694] Processing dP5MwxvYSno — MathArtStream 11 ~ Feedback Welcome
2026-02-16 05:09:16 [DEBUG] journal_utilities.downloader: yt-dlp audio cmd: yt-dlp --no-warnings --cookies-from-browser chrome --cookies data/output/cookies.txt -x --audio-format mp3 --audio-quality 0 -o data/output/audio/%(id)s.%(ext)s https://www.youtube.com/watch?v=dP5MwxvYSno
2026-02-16 05:09:45 [INFO] journal_utilities.downloader: Downloaded audio for dP5MwxvYSno in 29.0s
2026-02-16 05:09:45 [INFO] journal_utilities.downloader: Audio for dP5MwxvYSno: success
2026-02-16 05:09:47 [INFO] download_channel: [310/694] Processing VLTXPOsrg_s — ActInf GuestStream 097.1 ~ Matthew Sims: Slime Mould and Philosophy
2026-02-16 05:09:47 [DEBUG] journal_utilities.downloader: yt-dlp audio cmd: yt-dlp --no-warnings --cookies-from-browser chrome --cookies data/output/cookies.txt -x --audio-format mp3 --audio-quality 0 -o data/output/audio/%(id)s.%(ext)s https://www.youtube.com/watch?v=VLTXPOsrg_s
2026-02-16 05:10:19 [INFO] journal_utilities.downloader: Downloaded audio for VLTXPOsrg_s in 32.4s
2026-02-16 05:10:19 [INFO] journal_utilities.downloader: Audio for VLTXPOsrg_s: success
2026-02-16 05:10:21 [INFO] download_channel: [311/694] Processing kCmC4i-drEY — ActInf GuestStream: Ron Itelman: Cognitive Experience Design (CXD): Designing AI Systems for Trust
2026-02-16 05:10:21 [DEBUG] journal_utilities.downloader: yt-dlp audio cmd: yt-dlp --no-warnings --cookies-from-browser chrome --cookies data/output/cookies.txt -x --audio-format mp3 --audio-quality 0 -o data/output/audio/%(id)s.%(ext)s https://www.youtube.com/watch?v=kCmC4i-drEY
2026-02-16 05:10:47 [INFO] journal_utilities.downloader: Downloaded audio for kCmC4i-drEY in 25.6s
2026-02-16 05:10:47 [INFO] journal_utilities.downloader: Audio for kCmC4i-drEY: success
2026-02-16 05:10:49 [INFO] download_channel: [312/694] Processing Y76dco2nAkQ — ActInf GuestStream 095.1 ~ Rithvik Prakki: Active Inference for Self-Organizing Multi-LLM Systems
2026-02-16 05:10:49 [DEBUG] journal_utilities.downloader: yt-dlp audio cmd: yt-dlp --no-warnings --cookies-from-browser chrome --cookies data/output/cookies.txt -x --audio-format mp3 --audio-quality 0 -o data/output/audio/%(id)s.%(ext)s https://www.youtube.com/watch?v=Y76dco2nAkQ
2026-02-16 05:11:11 [INFO] journal_utilities.downloader: Downloaded audio for Y76dco2nAkQ in 22.1s
2026-02-16 05:11:11 [INFO] journal_utilities.downloader: Audio for Y76dco2nAkQ: success
2026-02-16 05:11:13 [INFO] download_channel: [313/694] Processing cmPPvfElkCE — Active InferAnt Stream 009.1 ~ How to Accelerate? Active Inference Mountain Car in RxInfer.jl
2026-02-16 05:11:13 [DEBUG] journal_utilities.downloader: yt-dlp audio cmd: yt-dlp --no-warnings --cookies-from-browser chrome --cookies data/output/cookies.txt -x --audio-format mp3 --audio-quality 0 -o data/output/audio/%(id)s.%(ext)s https://www.youtube.com/watch?v=cmPPvfElkCE
2026-02-16 05:11:49 [INFO] journal_utilities.downloader: Downloaded audio for cmPPvfElkCE in 35.8s
2026-02-16 05:11:49 [INFO] journal_utilities.downloader: Audio for cmPPvfElkCE: success
2026-02-16 05:11:51 [INFO] download_channel: [314/694] Processing S8z_Y95WBeE — 2024 ReviewStream
2026-02-16 05:11:51 [DEBUG] journal_utilities.downloader: yt-dlp audio cmd: yt-dlp --no-warnings --cookies-from-browser chrome --cookies data/output/cookies.txt -x --audio-format mp3 --audio-quality 0 -o data/output/audio/%(id)s.%(ext)s https://www.youtube.com/watch?v=S8z_Y95WBeE
2026-02-16 05:12:25 [INFO] journal_utilities.downloader: Downloaded audio for S8z_Y95WBeE in 33.9s
2026-02-16 05:12:25 [INFO] journal_utilities.downloader: Audio for S8z_Y95WBeE: success
2026-02-16 05:12:27 [INFO] download_channel: [315/694] Processing bK3lIWs23RE — Active Inference Institute ~ 2024 Quarterly Roundtable #4
2026-02-16 05:12:27 [DEBUG] journal_utilities.downloader: yt-dlp audio cmd: yt-dlp --no-warnings --cookies-from-browser chrome --cookies data/output/cookies.txt -x --audio-format mp3 --audio-quality 0 -o data/output/audio/%(id)s.%(ext)s https://www.youtube.com/watch?v=bK3lIWs23RE
2026-02-16 05:12:53 [INFO] journal_utilities.downloader: Downloaded audio for bK3lIWs23RE in 26.4s
2026-02-16 05:12:53 [INFO] journal_utilities.downloader: Audio for bK3lIWs23RE: success
2026-02-16 05:12:55 [INFO] download_channel: [316/694] Processing 1Qr7um2W-Rc — ActInf GuestStream 094.1 ~ Joséphine Pazem:, "Free Energy Projective Simulation (FEPS)"
2026-02-16 05:12:55 [DEBUG] journal_utilities.downloader: yt-dlp audio cmd: yt-dlp --no-warnings --cookies-from-browser chrome --cookies data/output/cookies.txt -x --audio-format mp3 --audio-quality 0 -o data/output/audio/%(id)s.%(ext)s https://www.youtube.com/watch?v=1Qr7um2W-Rc
2026-02-16 05:13:29 [INFO] journal_utilities.downloader: Downloaded audio for 1Qr7um2W-Rc in 33.8s
2026-02-16 05:13:29 [INFO] journal_utilities.downloader: Audio for 1Qr7um2W-Rc: success
2026-02-16 05:13:31 [INFO] download_channel: [317/694] Processing h_tO7gZH2Ks — Active InferAnt Stream 008.1 ~ Onboarding to Active Inference across backgrounds & languages
2026-02-16 05:13:31 [DEBUG] journal_utilities.downloader: yt-dlp audio cmd: yt-dlp --no-warnings --cookies-from-browser chrome --cookies data/output/cookies.txt -x --audio-format mp3 --audio-quality 0 -o data/output/audio/%(id)s.%(ext)s https://www.youtube.com/watch?v=h_tO7gZH2Ks
2026-02-16 05:14:00 [INFO] journal_utilities.downloader: Downloaded audio for h_tO7gZH2Ks in 29.4s
2026-02-16 05:14:00 [INFO] journal_utilities.downloader: Audio for h_tO7gZH2Ks: success
2026-02-16 05:14:02 [INFO] download_channel: [318/694] Processing GVsBiTn_E6o — ActInf GuestStream 093.1 ~ Nassim Dehouche "Enhancing Population-based Search with Active Inference"
2026-02-16 05:14:02 [DEBUG] journal_utilities.downloader: yt-dlp audio cmd: yt-dlp --no-warnings --cookies-from-browser chrome --cookies data/output/cookies.txt -x --audio-format mp3 --audio-quality 0 -o data/output/audio/%(id)s.%(ext)s https://www.youtube.com/watch?v=GVsBiTn_E6o
2026-02-16 05:14:22 [INFO] journal_utilities.downloader: Downloaded audio for GVsBiTn_E6o in 20.0s
2026-02-16 05:14:22 [INFO] journal_utilities.downloader: Audio for GVsBiTn_E6o: success
2026-02-16 05:14:24 [INFO] download_channel: [319/694] Processing x6rwST67ugU — ActInf ArtStream 004.1 ~ Karin Kukkonen: "Literature as Uncertainty Practice"
2026-02-16 05:14:24 [DEBUG] journal_utilities.downloader: yt-dlp audio cmd: yt-dlp --no-warnings --cookies-from-browser chrome --cookies data/output/cookies.txt -x --audio-format mp3 --audio-quality 0 -o data/output/audio/%(id)s.%(ext)s https://www.youtube.com/watch?v=x6rwST67ugU
2026-02-16 05:14:56 [INFO] journal_utilities.downloader: Downloaded audio for x6rwST67ugU in 32.0s
2026-02-16 05:14:56 [INFO] journal_utilities.downloader: Audio for x6rwST67ugU: success
2026-02-16 05:14:58 [INFO] download_channel: [320/694] Processing pNfQqKXUdic — ActInf ModelStream 016.1: Eli Sennesh and Tommaso Salvatori "Divide-and-Conquer Predictive Coding"
2026-02-16 05:14:58 [DEBUG] journal_utilities.downloader: yt-dlp audio cmd: yt-dlp --no-warnings --cookies-from-browser chrome --cookies data/output/cookies.txt -x --audio-format mp3 --audio-quality 0 -o data/output/audio/%(id)s.%(ext)s https://www.youtube.com/watch?v=pNfQqKXUdic
2026-02-16 05:15:27 [INFO] journal_utilities.downloader: Downloaded audio for pNfQqKXUdic in 28.7s
2026-02-16 05:15:27 [INFO] journal_utilities.downloader: Audio for pNfQqKXUdic: success
2026-02-16 05:15:29 [INFO] download_channel: [321/694] Processing wDYI7pOGamI — Active InferAnt Stream 001.2 ~ FieldSHIFTing for the SoftComp Intelligent Soft Matter Workshop
2026-02-16 05:15:29 [DEBUG] journal_utilities.downloader: yt-dlp audio cmd: yt-dlp --no-warnings --cookies-from-browser chrome --cookies data/output/cookies.txt -x --audio-format mp3 --audio-quality 0 -o data/output/audio/%(id)s.%(ext)s https://www.youtube.com/watch?v=wDYI7pOGamI
2026-02-16 05:15:52 [INFO] journal_utilities.downloader: Downloaded audio for wDYI7pOGamI in 23.0s
2026-02-16 05:15:52 [INFO] journal_utilities.downloader: Audio for wDYI7pOGamI: success
2026-02-16 05:15:54 [INFO] download_channel: [322/694] Processing mcMYdZxmVo0 — Institute updates (Nov 12, 2024): Symposium tomorrow & Institute/Ecosystem paper snapshot today!
2026-02-16 05:15:54 [DEBUG] journal_utilities.downloader: yt-dlp audio cmd: yt-dlp --no-warnings --cookies-from-browser chrome --cookies data/output/cookies.txt -x --audio-format mp3 --audio-quality 0 -o data/output/audio/%(id)s.%(ext)s https://www.youtube.com/watch?v=mcMYdZxmVo0
2026-02-16 05:16:05 [INFO] journal_utilities.downloader: Downloaded audio for mcMYdZxmVo0 in 10.8s
2026-02-16 05:16:05 [INFO] journal_utilities.downloader: Audio for mcMYdZxmVo0: success
2026-02-16 05:16:07 [INFO] download_channel: [323/694] Processing DAZNlhxOhSg — ActInf GuestStream 092.1 ~ Max Aifer: "Thermodynamic Linear Algebra"
2026-02-16 05:16:07 [DEBUG] journal_utilities.downloader: yt-dlp audio cmd: yt-dlp --no-warnings --cookies-from-browser chrome --cookies data/output/cookies.txt -x --audio-format mp3 --audio-quality 0 -o data/output/audio/%(id)s.%(ext)s https://www.youtube.com/watch?v=DAZNlhxOhSg
2026-02-16 05:16:39 [INFO] journal_utilities.downloader: Downloaded audio for DAZNlhxOhSg in 31.8s
2026-02-16 05:16:39 [INFO] journal_utilities.downloader: Audio for DAZNlhxOhSg: success
2026-02-16 05:16:41 [INFO] download_channel: [324/694] Processing kGRczFpO8zQ — Active InferAnt Stream 007.1 ~ AgentMaker for PyMDP for Active Inference Biofirms for Bioregionalism
2026-02-16 05:16:41 [DEBUG] journal_utilities.downloader: yt-dlp audio cmd: yt-dlp --no-warnings --cookies-from-browser chrome --cookies data/output/cookies.txt -x --audio-format mp3 --audio-quality 0 -o data/output/audio/%(id)s.%(ext)s https://www.youtube.com/watch?v=kGRczFpO8zQ
2026-02-16 05:17:42 [INFO] journal_utilities.downloader: Downloaded audio for kGRczFpO8zQ in 61.1s
2026-02-16 05:17:42 [INFO] journal_utilities.downloader: Audio for kGRczFpO8zQ: success
2026-02-16 05:17:44 [INFO] download_channel: [325/694] Processing OPapscuD05s — Active Inference LiveStream 058.1 ~ "From pixels to planning: scale-free active inference"
2026-02-16 05:17:44 [DEBUG] journal_utilities.downloader: yt-dlp audio cmd: yt-dlp --no-warnings --cookies-from-browser chrome --cookies data/output/cookies.txt -x --audio-format mp3 --audio-quality 0 -o data/output/audio/%(id)s.%(ext)s https://www.youtube.com/watch?v=OPapscuD05s
2026-02-16 05:18:58 [INFO] journal_utilities.downloader: Downloaded audio for OPapscuD05s in 74.0s
2026-02-16 05:18:58 [INFO] journal_utilities.downloader: Audio for OPapscuD05s: success
2026-02-16 05:19:00 [INFO] download_channel: [326/694] Processing QyOslBrs2qA — Active InferAnt Stream 006.1 ~ Towards (Open Source, Active Inference) Bioregional Biofirm Modeling
2026-02-16 05:19:00 [DEBUG] journal_utilities.downloader: yt-dlp audio cmd: yt-dlp --no-warnings --cookies-from-browser chrome --cookies data/output/cookies.txt -x --audio-format mp3 --audio-quality 0 -o data/output/audio/%(id)s.%(ext)s https://www.youtube.com/watch?v=QyOslBrs2qA
2026-02-16 05:21:31 [INFO] journal_utilities.downloader: Downloaded audio for QyOslBrs2qA in 151.6s
2026-02-16 05:21:31 [INFO] journal_utilities.downloader: Audio for QyOslBrs2qA: success
2026-02-16 05:21:34 [INFO] download_channel: [327/694] Processing b8meLjc8XHE — ActInf GuestStream 091.1 ~ Dall’Aglio: Consciousness Enjoying Uncertainty, Lacan Neuropsychoanalysis
2026-02-16 05:21:34 [DEBUG] journal_utilities.downloader: yt-dlp audio cmd: yt-dlp --no-warnings --cookies-from-browser chrome --cookies data/output/cookies.txt -x --audio-format mp3 --audio-quality 0 -o data/output/audio/%(id)s.%(ext)s https://www.youtube.com/watch?v=b8meLjc8XHE
2026-02-16 05:22:16 [INFO] journal_utilities.downloader: Downloaded audio for b8meLjc8XHE in 42.9s
2026-02-16 05:22:16 [INFO] journal_utilities.downloader: Audio for b8meLjc8XHE: success
2026-02-16 05:22:18 [INFO] download_channel: [328/694] Processing 8mGBPhgYGCo — ActInf GuestStream 090.1 ~ Benjamin Nelson, "Mechanics of the Mind"
2026-02-16 05:22:18 [DEBUG] journal_utilities.downloader: yt-dlp audio cmd: yt-dlp --no-warnings --cookies-from-browser chrome --cookies data/output/cookies.txt -x --audio-format mp3 --audio-quality 0 -o data/output/audio/%(id)s.%(ext)s https://www.youtube.com/watch?v=8mGBPhgYGCo
2026-02-16 05:22:49 [INFO] journal_utilities.downloader: Downloaded audio for 8mGBPhgYGCo in 30.9s
2026-02-16 05:22:49 [INFO] journal_utilities.downloader: Audio for 8mGBPhgYGCo: success
2026-02-16 05:22:51 [INFO] download_channel: [329/694] Processing _zW1BrLwACY — Active Inference LiveStream 058.0 ~ "From pixels to planning: scale-free active inference"
2026-02-16 05:22:51 [DEBUG] journal_utilities.downloader: yt-dlp audio cmd: yt-dlp --no-warnings --cookies-from-browser chrome --cookies data/output/cookies.txt -x --audio-format mp3 --audio-quality 0 -o data/output/audio/%(id)s.%(ext)s https://www.youtube.com/watch?v=_zW1BrLwACY
2026-02-16 05:23:33 [INFO] journal_utilities.downloader: Downloaded audio for _zW1BrLwACY in 41.3s
2026-02-16 05:23:33 [INFO] journal_utilities.downloader: Audio for _zW1BrLwACY: success
2026-02-16 05:23:35 [INFO] download_channel: [330/694] Processing wAd-ARzquj8 — ActInf ModelStream 015.0: Andrew Pashea "Active Agents: Agent-Based Modeling in the Social Sciences"
2026-02-16 05:23:35 [DEBUG] journal_utilities.downloader: yt-dlp audio cmd: yt-dlp --no-warnings --cookies-from-browser chrome --cookies data/output/cookies.txt -x --audio-format mp3 --audio-quality 0 -o data/output/audio/%(id)s.%(ext)s https://www.youtube.com/watch?v=wAd-ARzquj8
2026-02-16 05:24:13 [INFO] journal_utilities.downloader: Downloaded audio for wAd-ARzquj8 in 38.6s
2026-02-16 05:24:13 [INFO] journal_utilities.downloader: Audio for wAd-ARzquj8: success
2026-02-16 05:24:15 [INFO] download_channel: [331/694] Processing gWJ-rG8UuFg — Active InferAnt Stream 005.1 ~ FORMINDEX: FORMIS INtegrated Database EXploration
2026-02-16 05:24:15 [DEBUG] journal_utilities.downloader: yt-dlp audio cmd: yt-dlp --no-warnings --cookies-from-browser chrome --cookies data/output/cookies.txt -x --audio-format mp3 --audio-quality 0 -o data/output/audio/%(id)s.%(ext)s https://www.youtube.com/watch?v=gWJ-rG8UuFg
2026-02-16 05:24:41 [INFO] journal_utilities.downloader: Downloaded audio for gWJ-rG8UuFg in 25.4s
2026-02-16 05:24:41 [INFO] journal_utilities.downloader: Audio for gWJ-rG8UuFg: success
2026-02-16 05:24:43 [INFO] download_channel: [332/694] Processing -nF0EXr3Rpk — Active InferAnt Stream 004.1 ~ Does Synthetic Fabric dream of Active Inference (too)?
2026-02-16 05:24:43 [DEBUG] journal_utilities.downloader: yt-dlp audio cmd: yt-dlp --no-warnings --cookies-from-browser chrome --cookies data/output/cookies.txt -x --audio-format mp3 --audio-quality 0 -o data/output/audio/%(id)s.%(ext)s https://www.youtube.com/watch?v=-nF0EXr3Rpk
2026-02-16 05:25:18 [INFO] journal_utilities.downloader: Downloaded audio for -nF0EXr3Rpk in 35.7s
2026-02-16 05:25:18 [INFO] journal_utilities.downloader: Audio for -nF0EXr3Rpk: success
2026-02-16 05:25:20 [INFO] download_channel: [333/694] Processing tlDnkNGVK1Y — Active Inference Institute ~ 2024 Quarterly Roundtable #3
2026-02-16 05:25:20 [DEBUG] journal_utilities.downloader: yt-dlp audio cmd: yt-dlp --no-warnings --cookies-from-browser chrome --cookies data/output/cookies.txt -x --audio-format mp3 --audio-quality 0 -o data/output/audio/%(id)s.%(ext)s https://www.youtube.com/watch?v=tlDnkNGVK1Y
2026-02-16 05:25:36 [INFO] journal_utilities.downloader: Downloaded audio for tlDnkNGVK1Y in 15.9s
2026-02-16 05:25:36 [INFO] journal_utilities.downloader: Audio for tlDnkNGVK1Y: success
2026-02-16 05:25:38 [INFO] download_channel: [334/694] Processing esn5C4i9Jlc — ActInf GuestStream 089.1 ~ "Generic framework for a coherent integration of experience and exposure"
2026-02-16 05:25:38 [DEBUG] journal_utilities.downloader: yt-dlp audio cmd: yt-dlp --no-warnings --cookies-from-browser chrome --cookies data/output/cookies.txt -x --audio-format mp3 --audio-quality 0 -o data/output/audio/%(id)s.%(ext)s https://www.youtube.com/watch?v=esn5C4i9Jlc
2026-02-16 05:26:11 [INFO] journal_utilities.downloader: Downloaded audio for esn5C4i9Jlc in 33.0s
2026-02-16 05:26:11 [INFO] journal_utilities.downloader: Audio for esn5C4i9Jlc: success
2026-02-16 05:26:13 [INFO] download_channel: [335/694] Processing m__QjVPk98Y — ActInf GuestStream 088.1 ~ Abdulrahman: What is the Limit of Our Brains in Predicting Future Events?
2026-02-16 05:26:13 [DEBUG] journal_utilities.downloader: yt-dlp audio cmd: yt-dlp --no-warnings --cookies-from-browser chrome --cookies data/output/cookies.txt -x --audio-format mp3 --audio-quality 0 -o data/output/audio/%(id)s.%(ext)s https://www.youtube.com/watch?v=m__QjVPk98Y
2026-02-16 05:26:53 [INFO] journal_utilities.downloader: Downloaded audio for m__QjVPk98Y in 39.8s
2026-02-16 05:26:53 [INFO] journal_utilities.downloader: Audio for m__QjVPk98Y: success
2026-02-16 05:26:55 [INFO] download_channel: [336/694] Processing Me3BitlU6Vs — ActInf ModelStream 014.1: Ran Wei, Value of Information and Reward Specification in Active Inference
2026-02-16 05:26:55 [DEBUG] journal_utilities.downloader: yt-dlp audio cmd: yt-dlp --no-warnings --cookies-from-browser chrome --cookies data/output/cookies.txt -x --audio-format mp3 --audio-quality 0 -o data/output/audio/%(id)s.%(ext)s https://www.youtube.com/watch?v=Me3BitlU6Vs
2026-02-16 05:27:23 [INFO] journal_utilities.downloader: Downloaded audio for Me3BitlU6Vs in 28.0s
2026-02-16 05:27:23 [INFO] journal_utilities.downloader: Audio for Me3BitlU6Vs: success
2026-02-16 05:27:25 [INFO] download_channel: [337/694] Processing 52eHP5ReG34 — ActInf GuestStream 087.2 ~ John Boik "CogNarr Ecosystem: Preliminary Thoughts on a Story Graph..."
2026-02-16 05:27:25 [DEBUG] journal_utilities.downloader: yt-dlp audio cmd: yt-dlp --no-warnings --cookies-from-browser chrome --cookies data/output/cookies.txt -x --audio-format mp3 --audio-quality 0 -o data/output/audio/%(id)s.%(ext)s https://www.youtube.com/watch?v=52eHP5ReG34
2026-02-16 05:28:04 [INFO] journal_utilities.downloader: Downloaded audio for 52eHP5ReG34 in 38.6s
2026-02-16 05:28:04 [INFO] journal_utilities.downloader: Audio for 52eHP5ReG34: success
2026-02-16 05:28:06 [INFO] download_channel: [338/694] Processing ZfGRa_n4gB4 — ActInf ArtStream 003.1 ~ Diana Omigie: "A model of time-varying music engagement"
2026-02-16 05:28:06 [DEBUG] journal_utilities.downloader: yt-dlp audio cmd: yt-dlp --no-warnings --cookies-from-browser chrome --cookies data/output/cookies.txt -x --audio-format mp3 --audio-quality 0 -o data/output/audio/%(id)s.%(ext)s https://www.youtube.com/watch?v=ZfGRa_n4gB4
2026-02-16 05:28:36 [INFO] journal_utilities.downloader: Downloaded audio for ZfGRa_n4gB4 in 30.1s
2026-02-16 05:28:36 [INFO] journal_utilities.downloader: Audio for ZfGRa_n4gB4: success
2026-02-16 05:28:38 [INFO] download_channel: [339/694] Processing 0Cx5MTNxs-0 — ActInf GuestStream 087.1 ~ John Boik "CogNarr Ecosystem: Facilitating Group Cognition at Scale"
2026-02-16 05:28:38 [DEBUG] journal_utilities.downloader: yt-dlp audio cmd: yt-dlp --no-warnings --cookies-from-browser chrome --cookies data/output/cookies.txt -x --audio-format mp3 --audio-quality 0 -o data/output/audio/%(id)s.%(ext)s https://www.youtube.com/watch?v=0Cx5MTNxs-0
2026-02-16 05:29:16 [INFO] journal_utilities.downloader: Downloaded audio for 0Cx5MTNxs-0 in 38.0s
2026-02-16 05:29:16 [INFO] journal_utilities.downloader: Audio for 0Cx5MTNxs-0: success
2026-02-16 05:29:18 [INFO] download_channel: [340/694] Processing _OYKnrktAOU — Active InferAnt Stream 003.1 ~ Systems Within Systems: Blake, FOIA, Cognitive Sovereignty, and PyMDP
2026-02-16 05:29:18 [DEBUG] journal_utilities.downloader: yt-dlp audio cmd: yt-dlp --no-warnings --cookies-from-browser chrome --cookies data/output/cookies.txt -x --audio-format mp3 --audio-quality 0 -o data/output/audio/%(id)s.%(ext)s https://www.youtube.com/watch?v=_OYKnrktAOU
2026-02-16 05:30:05 [INFO] journal_utilities.downloader: Downloaded audio for _OYKnrktAOU in 47.1s
2026-02-16 05:30:05 [INFO] journal_utilities.downloader: Audio for _OYKnrktAOU: success
2026-02-16 05:30:07 [INFO] download_channel: [341/694] Processing MUaKYWKs0kk — ActInf ModelStream 013.1 ~ "Synthesizing the Born rule with reinforcement learning" Jacques Pienaar
2026-02-16 05:30:07 [DEBUG] journal_utilities.downloader: yt-dlp audio cmd: yt-dlp --no-warnings --cookies-from-browser chrome --cookies data/output/cookies.txt -x --audio-format mp3 --audio-quality 0 -o data/output/audio/%(id)s.%(ext)s https://www.youtube.com/watch?v=MUaKYWKs0kk
2026-02-16 05:30:42 [INFO] journal_utilities.downloader: Downloaded audio for MUaKYWKs0kk in 35.3s
2026-02-16 05:30:42 [INFO] journal_utilities.downloader: Audio for MUaKYWKs0kk: success
2026-02-16 05:30:44 [INFO] download_channel: [342/694] Processing pYJUgEqS42U — ActInf GuestStream 086.1 ~ Biological Neurons Compete with Deep Reinforcement Learning
2026-02-16 05:30:44 [DEBUG] journal_utilities.downloader: yt-dlp audio cmd: yt-dlp --no-warnings --cookies-from-browser chrome --cookies data/output/cookies.txt -x --audio-format mp3 --audio-quality 0 -o data/output/audio/%(id)s.%(ext)s https://www.youtube.com/watch?v=pYJUgEqS42U
2026-02-16 05:31:12 [INFO] journal_utilities.downloader: Downloaded audio for pYJUgEqS42U in 28.0s
2026-02-16 05:31:12 [INFO] journal_utilities.downloader: Audio for pYJUgEqS42U: success
2026-02-16 05:31:14 [INFO] download_channel: [343/694] Processing IPiazKlNZ4g — ActInf MathStream 011.1 ~ "Structured Active Inference", Toby St Clere Smithe
2026-02-16 05:31:14 [DEBUG] journal_utilities.downloader: yt-dlp audio cmd: yt-dlp --no-warnings --cookies-from-browser chrome --cookies data/output/cookies.txt -x --audio-format mp3 --audio-quality 0 -o data/output/audio/%(id)s.%(ext)s https://www.youtube.com/watch?v=IPiazKlNZ4g
2026-02-16 05:31:47 [INFO] journal_utilities.downloader: Downloaded audio for IPiazKlNZ4g in 32.6s
2026-02-16 05:31:47 [INFO] journal_utilities.downloader: Audio for IPiazKlNZ4g: success
2026-02-16 05:31:49 [INFO] download_channel: [344/694] Processing UB-TIIlmwlU — ActInf GuestStream 085.1 ~ David Bloomin: "[Deep] Learning Active Inference"
2026-02-16 05:31:49 [DEBUG] journal_utilities.downloader: yt-dlp audio cmd: yt-dlp --no-warnings --cookies-from-browser chrome --cookies data/output/cookies.txt -x --audio-format mp3 --audio-quality 0 -o data/output/audio/%(id)s.%(ext)s https://www.youtube.com/watch?v=UB-TIIlmwlU
2026-02-16 05:32:20 [INFO] journal_utilities.downloader: Downloaded audio for UB-TIIlmwlU in 31.0s
2026-02-16 05:32:20 [INFO] journal_utilities.downloader: Audio for UB-TIIlmwlU: success
2026-02-16 05:32:22 [INFO] download_channel: [345/694] Processing 6E4CpJvzddg — Active InferAnt Stream 001.1 ~ FieldSHIFT-2: Fully Synthetic Dissertations for All-by-All Domains
2026-02-16 05:32:22 [DEBUG] journal_utilities.downloader: yt-dlp audio cmd: yt-dlp --no-warnings --cookies-from-browser chrome --cookies data/output/cookies.txt -x --audio-format mp3 --audio-quality 0 -o data/output/audio/%(id)s.%(ext)s https://www.youtube.com/watch?v=6E4CpJvzddg
2026-02-16 05:33:04 [INFO] journal_utilities.downloader: Downloaded audio for 6E4CpJvzddg in 41.7s
2026-02-16 05:33:04 [INFO] journal_utilities.downloader: Audio for 6E4CpJvzddg: success
2026-02-16 05:33:06 [INFO] download_channel: [346/694] Processing zqOcywx40n8 — ActInf GuestStream 082.4 ~ Robert Worden "Assessment of the Brain Wave Hypothesis"
2026-02-16 05:33:06 [DEBUG] journal_utilities.downloader: yt-dlp audio cmd: yt-dlp --no-warnings --cookies-from-browser chrome --cookies data/output/cookies.txt -x --audio-format mp3 --audio-quality 0 -o data/output/audio/%(id)s.%(ext)s https://www.youtube.com/watch?v=zqOcywx40n8
2026-02-16 05:33:42 [INFO] journal_utilities.downloader: Downloaded audio for zqOcywx40n8 in 36.2s
2026-02-16 05:33:42 [INFO] journal_utilities.downloader: Audio for zqOcywx40n8: success
2026-02-16 05:33:44 [INFO] download_channel: [347/694] Processing IvY4acL8YeA — ActInf GuestStream 082.3 ~ "The Projective Wave Theory of Consciousness" Worden, Rudrauf, Williford
2026-02-16 05:33:44 [DEBUG] journal_utilities.downloader: yt-dlp audio cmd: yt-dlp --no-warnings --cookies-from-browser chrome --cookies data/output/cookies.txt -x --audio-format mp3 --audio-quality 0 -o data/output/audio/%(id)s.%(ext)s https://www.youtube.com/watch?v=IvY4acL8YeA
2026-02-16 05:34:15 [INFO] journal_utilities.downloader: Downloaded audio for IvY4acL8YeA in 31.4s
2026-02-16 05:34:15 [INFO] journal_utilities.downloader: Audio for IvY4acL8YeA: success
2026-02-16 05:34:17 [INFO] download_channel: [348/694] Processing Wn65WcYGQSA — ActInf GuestStream 084.1 ~ Anthropocentric bias and the possibility of artificial cognition
2026-02-16 05:34:17 [DEBUG] journal_utilities.downloader: yt-dlp audio cmd: yt-dlp --no-warnings --cookies-from-browser chrome --cookies data/output/cookies.txt -x --audio-format mp3 --audio-quality 0 -o data/output/audio/%(id)s.%(ext)s https://www.youtube.com/watch?v=Wn65WcYGQSA
2026-02-16 05:34:47 [INFO] journal_utilities.downloader: Downloaded audio for Wn65WcYGQSA in 29.4s
2026-02-16 05:34:47 [INFO] journal_utilities.downloader: Audio for Wn65WcYGQSA: success
2026-02-16 05:34:49 [INFO] download_channel: [349/694] Processing yknM6SFlPPc — ActInf GuestStream 083.1 ~ "Embodied intelligence", Joshua Bongard
2026-02-16 05:34:49 [DEBUG] journal_utilities.downloader: yt-dlp audio cmd: yt-dlp --no-warnings --cookies-from-browser chrome --cookies data/output/cookies.txt -x --audio-format mp3 --audio-quality 0 -o data/output/audio/%(id)s.%(ext)s https://www.youtube.com/watch?v=yknM6SFlPPc
2026-02-16 05:35:12 [INFO] journal_utilities.downloader: Downloaded audio for yknM6SFlPPc in 23.1s
2026-02-16 05:35:12 [INFO] journal_utilities.downloader: Audio for yknM6SFlPPc: success
2026-02-16 05:35:14 [INFO] download_channel: [350/694] Processing 1Xu8jYKWsGM — Active Inference Insights 024 ~ Darius Parvizi-Wayne (Season Finale // Reflection)
2026-02-16 05:35:14 [DEBUG] journal_utilities.downloader: yt-dlp audio cmd: yt-dlp --no-warnings --cookies-from-browser chrome --cookies data/output/cookies.txt -x --audio-format mp3 --audio-quality 0 -o data/output/audio/%(id)s.%(ext)s https://www.youtube.com/watch?v=1Xu8jYKWsGM
2026-02-16 05:35:36 [INFO] journal_utilities.downloader: Downloaded audio for 1Xu8jYKWsGM in 22.4s
2026-02-16 05:35:36 [INFO] journal_utilities.downloader: Audio for 1Xu8jYKWsGM: success
2026-02-16 05:35:38 [INFO] download_channel: [351/694] Processing UD-VfVJ41WA — ActInf ArtStream 002.1 ~Aenne Brielmann: "Modelling individual aesthetic judgements over time"
2026-02-16 05:35:38 [DEBUG] journal_utilities.downloader: yt-dlp audio cmd: yt-dlp --no-warnings --cookies-from-browser chrome --cookies data/output/cookies.txt -x --audio-format mp3 --audio-quality 0 -o data/output/audio/%(id)s.%(ext)s https://www.youtube.com/watch?v=UD-VfVJ41WA
2026-02-16 05:36:05 [INFO] journal_utilities.downloader: Downloaded audio for UD-VfVJ41WA in 26.6s
2026-02-16 05:36:05 [INFO] journal_utilities.downloader: Audio for UD-VfVJ41WA: success
2026-02-16 05:36:07 [INFO] download_channel: [352/694] Processing VLP_jV_KRhc — Active Inference Institute ~ 2024 Quarterly Roundtable #2
2026-02-16 05:36:07 [DEBUG] journal_utilities.downloader: yt-dlp audio cmd: yt-dlp --no-warnings --cookies-from-browser chrome --cookies data/output/cookies.txt -x --audio-format mp3 --audio-quality 0 -o data/output/audio/%(id)s.%(ext)s https://www.youtube.com/watch?v=VLP_jV_KRhc
2026-02-16 05:36:28 [INFO] journal_utilities.downloader: Downloaded audio for VLP_jV_KRhc in 21.2s
2026-02-16 05:36:28 [INFO] journal_utilities.downloader: Audio for VLP_jV_KRhc: success
2026-02-16 05:36:30 [INFO] download_channel: [353/694] Processing u0y-NFl8emU — ActInf ModelStream 012.1 ~ Fisher, Whyte, and Hohwy: An Active Inference Model of the Optimism Bias
2026-02-16 05:36:30 [DEBUG] journal_utilities.downloader: yt-dlp audio cmd: yt-dlp --no-warnings --cookies-from-browser chrome --cookies data/output/cookies.txt -x --audio-format mp3 --audio-quality 0 -o data/output/audio/%(id)s.%(ext)s https://www.youtube.com/watch?v=u0y-NFl8emU
2026-02-16 05:36:55 [INFO] journal_utilities.downloader: Downloaded audio for u0y-NFl8emU in 25.1s
2026-02-16 05:36:55 [INFO] journal_utilities.downloader: Audio for u0y-NFl8emU: success
2026-02-16 05:36:57 [INFO] download_channel: [354/694] Processing Y9hP79tBXHo — ActInf ModelStream 011.1 ~ Hadi Vafaii: "Poisson Variational Autoencoder"
2026-02-16 05:36:57 [DEBUG] journal_utilities.downloader: yt-dlp audio cmd: yt-dlp --no-warnings --cookies-from-browser chrome --cookies data/output/cookies.txt -x --audio-format mp3 --audio-quality 0 -o data/output/audio/%(id)s.%(ext)s https://www.youtube.com/watch?v=Y9hP79tBXHo
2026-02-16 05:37:23 [INFO] journal_utilities.downloader: Downloaded audio for Y9hP79tBXHo in 25.8s
2026-02-16 05:37:23 [INFO] journal_utilities.downloader: Audio for Y9hP79tBXHo: success
2026-02-16 05:37:25 [INFO] download_channel: [355/694] Processing qztkjHf2g3g — Active Inference LiveStream 057.2 ~ Active Data Selection and Information Seeking
2026-02-16 05:37:25 [DEBUG] journal_utilities.downloader: yt-dlp audio cmd: yt-dlp --no-warnings --cookies-from-browser chrome --cookies data/output/cookies.txt -x --audio-format mp3 --audio-quality 0 -o data/output/audio/%(id)s.%(ext)s https://www.youtube.com/watch?v=qztkjHf2g3g
2026-02-16 05:38:04 [INFO] journal_utilities.downloader: Downloaded audio for qztkjHf2g3g in 39.2s
2026-02-16 05:38:04 [INFO] journal_utilities.downloader: Audio for qztkjHf2g3g: success
2026-02-16 05:38:06 [INFO] download_channel: [356/694] Processing gMPa_xoOctU — ActInf GuestStream 082.2 ~ Robert Worden "Three-dimensional Spatial Cognition: Bees and Bats"
2026-02-16 05:38:06 [DEBUG] journal_utilities.downloader: yt-dlp audio cmd: yt-dlp --no-warnings --cookies-from-browser chrome --cookies data/output/cookies.txt -x --audio-format mp3 --audio-quality 0 -o data/output/audio/%(id)s.%(ext)s https://www.youtube.com/watch?v=gMPa_xoOctU
2026-02-16 05:38:36 [INFO] journal_utilities.downloader: Downloaded audio for gMPa_xoOctU in 30.3s
2026-02-16 05:38:36 [INFO] journal_utilities.downloader: Audio for gMPa_xoOctU: success
2026-02-16 05:38:38 [INFO] download_channel: [357/694] Processing Fc7bUNNdTfY — ActInf GuestStream 084.1 ~ "The Nature of Habits and Agential Systems", Jesse G
2026-02-16 05:38:38 [DEBUG] journal_utilities.downloader: yt-dlp audio cmd: yt-dlp --no-warnings --cookies-from-browser chrome --cookies data/output/cookies.txt -x --audio-format mp3 --audio-quality 0 -o data/output/audio/%(id)s.%(ext)s https://www.youtube.com/watch?v=Fc7bUNNdTfY
2026-02-16 05:39:39 [INFO] journal_utilities.downloader: Downloaded audio for Fc7bUNNdTfY in 61.0s
2026-02-16 05:39:39 [INFO] journal_utilities.downloader: Audio for Fc7bUNNdTfY: success
2026-02-16 05:39:41 [INFO] download_channel: [358/694] Processing N0ozoxTgWD0 — Active Inference LiveStream 057.1 ~ Active Data Selection and Information Seeking
2026-02-16 05:39:41 [DEBUG] journal_utilities.downloader: yt-dlp audio cmd: yt-dlp --no-warnings --cookies-from-browser chrome --cookies data/output/cookies.txt -x --audio-format mp3 --audio-quality 0 -o data/output/audio/%(id)s.%(ext)s https://www.youtube.com/watch?v=N0ozoxTgWD0
2026-02-16 05:40:19 [INFO] journal_utilities.downloader: Downloaded audio for N0ozoxTgWD0 in 37.3s
2026-02-16 05:40:19 [INFO] journal_utilities.downloader: Audio for N0ozoxTgWD0: success
2026-02-16 05:40:21 [INFO] download_channel: [359/694] Processing GoXtkxLGkjQ — Active Inference LiveStream 057.0 ~ Active Data Selection and Information Seeking
2026-02-16 05:40:21 [DEBUG] journal_utilities.downloader: yt-dlp audio cmd: yt-dlp --no-warnings --cookies-from-browser chrome --cookies data/output/cookies.txt -x --audio-format mp3 --audio-quality 0 -o data/output/audio/%(id)s.%(ext)s https://www.youtube.com/watch?v=GoXtkxLGkjQ
2026-02-16 05:40:54 [INFO] journal_utilities.downloader: Downloaded audio for GoXtkxLGkjQ in 32.9s
2026-02-16 05:40:54 [INFO] journal_utilities.downloader: Audio for GoXtkxLGkjQ: success
2026-02-16 05:40:56 [INFO] download_channel: [360/694] Processing 15n6WN9jGrY — ActInf GuestStream 083.1 ~ Simon Wardley
2026-02-16 05:40:56 [DEBUG] journal_utilities.downloader: yt-dlp audio cmd: yt-dlp --no-warnings --cookies-from-browser chrome --cookies data/output/cookies.txt -x --audio-format mp3 --audio-quality 0 -o data/output/audio/%(id)s.%(ext)s https://www.youtube.com/watch?v=15n6WN9jGrY
2026-02-16 05:41:28 [INFO] journal_utilities.downloader: Downloaded audio for 15n6WN9jGrY in 32.3s
2026-02-16 05:41:28 [INFO] journal_utilities.downloader: Audio for 15n6WN9jGrY: success
2026-02-16 05:41:30 [INFO] download_channel: [361/694] Processing 6gw6KEX10vo — ActInf GuestStream 082.1 ~ Robert Worden "Bayesian Model-Based Cognition: The Requirement Equation"
2026-02-16 05:41:30 [DEBUG] journal_utilities.downloader: yt-dlp audio cmd: yt-dlp --no-warnings --cookies-from-browser chrome --cookies data/output/cookies.txt -x --audio-format mp3 --audio-quality 0 -o data/output/audio/%(id)s.%(ext)s https://www.youtube.com/watch?v=6gw6KEX10vo
2026-02-16 05:41:52 [INFO] journal_utilities.downloader: Downloaded audio for 6gw6KEX10vo in 21.7s
2026-02-16 05:41:52 [INFO] journal_utilities.downloader: Audio for 6gw6KEX10vo: success
2026-02-16 05:41:54 [INFO] download_channel: [362/694] Processing q_fAglCMvPw — ActInf ArtStream 001.1 ~ "Order and change in art", Sander Van de Cruys, Jacopo Frascaroli
2026-02-16 05:41:54 [DEBUG] journal_utilities.downloader: yt-dlp audio cmd: yt-dlp --no-warnings --cookies-from-browser chrome --cookies data/output/cookies.txt -x --audio-format mp3 --audio-quality 0 -o data/output/audio/%(id)s.%(ext)s https://www.youtube.com/watch?v=q_fAglCMvPw
2026-02-16 05:42:25 [INFO] journal_utilities.downloader: Downloaded audio for q_fAglCMvPw in 31.7s
2026-02-16 05:42:25 [INFO] journal_utilities.downloader: Audio for q_fAglCMvPw: success
2026-02-16 05:42:27 [INFO] download_channel: [363/694] Processing Q-_YCWfO0b0 — ActInf GuestStream 081.1 Hannah Biddell, Ruben Laukkonen: Arousal coherence, uncertainty, well-being
2026-02-16 05:42:27 [DEBUG] journal_utilities.downloader: yt-dlp audio cmd: yt-dlp --no-warnings --cookies-from-browser chrome --cookies data/output/cookies.txt -x --audio-format mp3 --audio-quality 0 -o data/output/audio/%(id)s.%(ext)s https://www.youtube.com/watch?v=Q-_YCWfO0b0
2026-02-16 05:42:49 [INFO] journal_utilities.downloader: Downloaded audio for Q-_YCWfO0b0 in 21.8s
2026-02-16 05:42:49 [INFO] journal_utilities.downloader: Audio for Q-_YCWfO0b0: success
2026-02-16 05:42:51 [INFO] download_channel: [364/694] Processing viJt9sFqWdg — ActInf GuestStream 080.1 ~ Laura Desirée Di Paolo: "Active Inference Goes to School"
2026-02-16 05:42:51 [DEBUG] journal_utilities.downloader: yt-dlp audio cmd: yt-dlp --no-warnings --cookies-from-browser chrome --cookies data/output/cookies.txt -x --audio-format mp3 --audio-quality 0 -o data/output/audio/%(id)s.%(ext)s https://www.youtube.com/watch?v=viJt9sFqWdg
2026-02-16 05:43:19 [INFO] journal_utilities.downloader: Downloaded audio for viJt9sFqWdg in 28.1s
2026-02-16 05:43:19 [INFO] journal_utilities.downloader: Audio for viJt9sFqWdg: success
2026-02-16 05:43:21 [INFO] download_channel: [365/694] Processing KwFpamHzmUc — ActInf OrgStream 008.1 ~ Nathan Schneider: "Governable Spaces: Democratic Design for Online Life"
2026-02-16 05:43:21 [DEBUG] journal_utilities.downloader: yt-dlp audio cmd: yt-dlp --no-warnings --cookies-from-browser chrome --cookies data/output/cookies.txt -x --audio-format mp3 --audio-quality 0 -o data/output/audio/%(id)s.%(ext)s https://www.youtube.com/watch?v=KwFpamHzmUc
2026-02-16 05:43:40 [INFO] journal_utilities.downloader: Downloaded audio for KwFpamHzmUc in 18.7s
2026-02-16 05:43:40 [INFO] journal_utilities.downloader: Audio for KwFpamHzmUc: success
2026-02-16 05:43:42 [INFO] download_channel: [366/694] Processing TZNXs5jP9hE — ActInf ModelStream 010.1 ~ Building a Drone with RxInfer.jl ~ Bart van Erp, Albert Podusenko
2026-02-16 05:43:42 [DEBUG] journal_utilities.downloader: yt-dlp audio cmd: yt-dlp --no-warnings --cookies-from-browser chrome --cookies data/output/cookies.txt -x --audio-format mp3 --audio-quality 0 -o data/output/audio/%(id)s.%(ext)s https://www.youtube.com/watch?v=TZNXs5jP9hE
2026-02-16 05:44:05 [INFO] journal_utilities.downloader: Downloaded audio for TZNXs5jP9hE in 22.7s
2026-02-16 05:44:05 [INFO] journal_utilities.downloader: Audio for TZNXs5jP9hE: success
2026-02-16 05:44:07 [INFO] download_channel: [367/694] Processing 7AtInJ-q7Hk — ActInf GuestStream 079.1 ~ Ryota Kanai: "Meta-Representations as Representations of Processes"
2026-02-16 05:44:07 [DEBUG] journal_utilities.downloader: yt-dlp audio cmd: yt-dlp --no-warnings --cookies-from-browser chrome --cookies data/output/cookies.txt -x --audio-format mp3 --audio-quality 0 -o data/output/audio/%(id)s.%(ext)s https://www.youtube.com/watch?v=7AtInJ-q7Hk
2026-02-16 05:44:31 [INFO] journal_utilities.downloader: Downloaded audio for 7AtInJ-q7Hk in 24.5s
2026-02-16 05:44:31 [INFO] journal_utilities.downloader: Audio for 7AtInJ-q7Hk: success
2026-02-16 05:44:33 [INFO] download_channel: [368/694] Processing BcepTxAv_xI — ActInf GuestStream 078.1 ~ Juan Diego Bogotá: "What could come before time?"
2026-02-16 05:44:33 [DEBUG] journal_utilities.downloader: yt-dlp audio cmd: yt-dlp --no-warnings --cookies-from-browser chrome --cookies data/output/cookies.txt -x --audio-format mp3 --audio-quality 0 -o data/output/audio/%(id)s.%(ext)s https://www.youtube.com/watch?v=BcepTxAv_xI
2026-02-16 05:45:00 [INFO] journal_utilities.downloader: Downloaded audio for BcepTxAv_xI in 27.3s
2026-02-16 05:45:00 [INFO] journal_utilities.downloader: Audio for BcepTxAv_xI: success
2026-02-16 05:45:02 [INFO] download_channel: [369/694] Processing xgMW47d8H2k — ActInf GuestStream 077.1 ~ Gareth Lee Stubbs: "The Police Hunch" Bayesian Brain, Active Inference
2026-02-16 05:45:02 [DEBUG] journal_utilities.downloader: yt-dlp audio cmd: yt-dlp --no-warnings --cookies-from-browser chrome --cookies data/output/cookies.txt -x --audio-format mp3 --audio-quality 0 -o data/output/audio/%(id)s.%(ext)s https://www.youtube.com/watch?v=xgMW47d8H2k
2026-02-16 05:45:30 [INFO] journal_utilities.downloader: Downloaded audio for xgMW47d8H2k in 27.4s
2026-02-16 05:45:30 [INFO] journal_utilities.downloader: Audio for xgMW47d8H2k: success
2026-02-16 05:45:32 [INFO] download_channel: [370/694] Processing Ln_g3qynnbA — Active Inference Institute ~ 2024 Quarterly Roundtable #1
2026-02-16 05:45:32 [DEBUG] journal_utilities.downloader: yt-dlp audio cmd: yt-dlp --no-warnings --cookies-from-browser chrome --cookies data/output/cookies.txt -x --audio-format mp3 --audio-quality 0 -o data/output/audio/%(id)s.%(ext)s https://www.youtube.com/watch?v=Ln_g3qynnbA
2026-02-16 05:45:49 [INFO] journal_utilities.downloader: Downloaded audio for Ln_g3qynnbA in 17.0s
2026-02-16 05:45:49 [INFO] journal_utilities.downloader: Audio for Ln_g3qynnbA: success
2026-02-16 05:45:51 [INFO] download_channel: [371/694] Processing 3iY8ICcmd2E — ActInf MathStream 010.1 ~ Thomas Varley "Generalized decomposition of multivariate information"
2026-02-16 05:45:51 [DEBUG] journal_utilities.downloader: yt-dlp audio cmd: yt-dlp --no-warnings --cookies-from-browser chrome --cookies data/output/cookies.txt -x --audio-format mp3 --audio-quality 0 -o data/output/audio/%(id)s.%(ext)s https://www.youtube.com/watch?v=3iY8ICcmd2E
2026-02-16 05:46:20 [INFO] journal_utilities.downloader: Downloaded audio for 3iY8ICcmd2E in 29.1s
2026-02-16 05:46:20 [INFO] journal_utilities.downloader: Audio for 3iY8ICcmd2E: success
2026-02-16 05:46:22 [INFO] download_channel: [372/694] Processing cPv4TVBFANc — ActInf OrgStream 007.1 ~ Jamie Joyce, John Ash: Harnessing Collective Intelligence to Map AI Debates
2026-02-16 05:46:22 [DEBUG] journal_utilities.downloader: yt-dlp audio cmd: yt-dlp --no-warnings --cookies-from-browser chrome --cookies data/output/cookies.txt -x --audio-format mp3 --audio-quality 0 -o data/output/audio/%(id)s.%(ext)s https://www.youtube.com/watch?v=cPv4TVBFANc
2026-02-16 05:46:49 [INFO] journal_utilities.downloader: Downloaded audio for cPv4TVBFANc in 27.3s
2026-02-16 05:46:49 [INFO] journal_utilities.downloader: Audio for cPv4TVBFANc: success
2026-02-16 05:46:51 [INFO] download_channel: [373/694] Processing vixLMftkUK0 — ActInf GuestStream 075.1 ~ Matsumura et al.: "Active Inference With Empathy Mechanism"
2026-02-16 05:46:51 [DEBUG] journal_utilities.downloader: yt-dlp audio cmd: yt-dlp --no-warnings --cookies-from-browser chrome --cookies data/output/cookies.txt -x --audio-format mp3 --audio-quality 0 -o data/output/audio/%(id)s.%(ext)s https://www.youtube.com/watch?v=vixLMftkUK0
2026-02-16 05:47:09 [INFO] journal_utilities.downloader: Downloaded audio for vixLMftkUK0 in 18.1s
2026-02-16 05:47:09 [INFO] journal_utilities.downloader: Audio for vixLMftkUK0: success
2026-02-16 05:47:11 [INFO] download_channel: [374/694] Processing XX61J32RT9g — ActInf GuestStream 074.1 ~ Narrative Fallacy and Other Limitations of Psychodynamic Case Formulation
2026-02-16 05:47:11 [DEBUG] journal_utilities.downloader: yt-dlp audio cmd: yt-dlp --no-warnings --cookies-from-browser chrome --cookies data/output/cookies.txt -x --audio-format mp3 --audio-quality 0 -o data/output/audio/%(id)s.%(ext)s https://www.youtube.com/watch?v=XX61J32RT9g
2026-02-16 05:47:43 [INFO] journal_utilities.downloader: Downloaded audio for XX61J32RT9g in 32.0s
2026-02-16 05:47:43 [INFO] journal_utilities.downloader: Audio for XX61J32RT9g: success
2026-02-16 05:47:45 [INFO] download_channel: [375/694] Processing I3rhsT-8isk — ActInf MathStream 009.1 ~ Jonathan Gorard: A computational perspective on observation and cognition
2026-02-16 05:47:45 [DEBUG] journal_utilities.downloader: yt-dlp audio cmd: yt-dlp --no-warnings --cookies-from-browser chrome --cookies data/output/cookies.txt -x --audio-format mp3 --audio-quality 0 -o data/output/audio/%(id)s.%(ext)s https://www.youtube.com/watch?v=I3rhsT-8isk
2026-02-16 05:48:15 [INFO] journal_utilities.downloader: Downloaded audio for I3rhsT-8isk in 29.6s
2026-02-16 05:48:15 [INFO] journal_utilities.downloader: Audio for I3rhsT-8isk: success
2026-02-16 05:48:17 [INFO] download_channel: [376/694] Processing ps3B2dfmK5Y — ActInf GuestStream 073.1 ~ Lachlan Kent: "Mental gravity: Modelling the embodied self"
2026-02-16 05:48:17 [DEBUG] journal_utilities.downloader: yt-dlp audio cmd: yt-dlp --no-warnings --cookies-from-browser chrome --cookies data/output/cookies.txt -x --audio-format mp3 --audio-quality 0 -o data/output/audio/%(id)s.%(ext)s https://www.youtube.com/watch?v=ps3B2dfmK5Y
2026-02-16 05:48:49 [INFO] journal_utilities.downloader: Downloaded audio for ps3B2dfmK5Y in 32.5s
2026-02-16 05:48:49 [INFO] journal_utilities.downloader: Audio for ps3B2dfmK5Y: success
2026-02-16 05:48:51 [INFO] download_channel: [377/694] Processing jI3wnTbpkNo — ActInf GuestStream 072.1 ~ Open Source AI: The truth is the first casualty in war
2026-02-16 05:48:51 [DEBUG] journal_utilities.downloader: yt-dlp audio cmd: yt-dlp --no-warnings --cookies-from-browser chrome --cookies data/output/cookies.txt -x --audio-format mp3 --audio-quality 0 -o data/output/audio/%(id)s.%(ext)s https://www.youtube.com/watch?v=jI3wnTbpkNo
2026-02-16 05:49:17 [INFO] journal_utilities.downloader: Downloaded audio for jI3wnTbpkNo in 25.8s
2026-02-16 05:49:17 [INFO] journal_utilities.downloader: Audio for jI3wnTbpkNo: success
2026-02-16 05:49:19 [INFO] download_channel: [378/694] Processing nss0y1P3nso — ActInf GuestStream 071.1 ~ The empirical status of predictive coding and active inference
2026-02-16 05:49:19 [DEBUG] journal_utilities.downloader: yt-dlp audio cmd: yt-dlp --no-warnings --cookies-from-browser chrome --cookies data/output/cookies.txt -x --audio-format mp3 --audio-quality 0 -o data/output/audio/%(id)s.%(ext)s https://www.youtube.com/watch?v=nss0y1P3nso
2026-02-16 05:49:48 [INFO] journal_utilities.downloader: Downloaded audio for nss0y1P3nso in 28.2s
2026-02-16 05:49:48 [INFO] journal_utilities.downloader: Audio for nss0y1P3nso: success
2026-02-16 05:49:50 [INFO] download_channel: [379/694] Processing UAtfOc3Q4_0 — ActInf GuestStream 066.2 ~ Adrian Bejan, "Freedom and Evolution"
2026-02-16 05:49:50 [DEBUG] journal_utilities.downloader: yt-dlp audio cmd: yt-dlp --no-warnings --cookies-from-browser chrome --cookies data/output/cookies.txt -x --audio-format mp3 --audio-quality 0 -o data/output/audio/%(id)s.%(ext)s https://www.youtube.com/watch?v=UAtfOc3Q4_0
2026-02-16 05:50:13 [INFO] journal_utilities.downloader: Downloaded audio for UAtfOc3Q4_0 in 23.1s
2026-02-16 05:50:13 [INFO] journal_utilities.downloader: Audio for UAtfOc3Q4_0: success
2026-02-16 05:50:15 [INFO] download_channel: [380/694] Processing FNgAL97_uwE — ActInf GuestStream 070.1 ~ Jerry Michalski: "Practical Collective Sensemaking"
2026-02-16 05:50:15 [DEBUG] journal_utilities.downloader: yt-dlp audio cmd: yt-dlp --no-warnings --cookies-from-browser chrome --cookies data/output/cookies.txt -x --audio-format mp3 --audio-quality 0 -o data/output/audio/%(id)s.%(ext)s https://www.youtube.com/watch?v=FNgAL97_uwE
2026-02-16 05:50:54 [INFO] journal_utilities.downloader: Downloaded audio for FNgAL97_uwE in 39.4s
2026-02-16 05:50:54 [INFO] journal_utilities.downloader: Audio for FNgAL97_uwE: success
2026-02-16 05:50:56 [INFO] download_channel: [381/694] Processing Q0ySDpKFrPA — ActInf GuestStream 069.1 ~ Andrew McLuhan: "Marshall McLuhan and Project 69"
2026-02-16 05:50:56 [DEBUG] journal_utilities.downloader: yt-dlp audio cmd: yt-dlp --no-warnings --cookies-from-browser chrome --cookies data/output/cookies.txt -x --audio-format mp3 --audio-quality 0 -o data/output/audio/%(id)s.%(ext)s https://www.youtube.com/watch?v=Q0ySDpKFrPA
2026-02-16 05:51:24 [INFO] journal_utilities.downloader: Downloaded audio for Q0ySDpKFrPA in 28.3s
2026-02-16 05:51:24 [INFO] journal_utilities.downloader: Audio for Q0ySDpKFrPA: success
2026-02-16 05:51:26 [INFO] download_channel: [382/694] Processing S-6qpCNq4uA — ActInf MathStream 008.2 ~ R Servajean: Intro to Bayesian mechanics: paths-based formalism (part 2)
2026-02-16 05:51:26 [DEBUG] journal_utilities.downloader: yt-dlp audio cmd: yt-dlp --no-warnings --cookies-from-browser chrome --cookies data/output/cookies.txt -x --audio-format mp3 --audio-quality 0 -o data/output/audio/%(id)s.%(ext)s https://www.youtube.com/watch?v=S-6qpCNq4uA
2026-02-16 05:51:56 [INFO] journal_utilities.downloader: Downloaded audio for S-6qpCNq4uA in 29.8s
2026-02-16 05:51:56 [INFO] journal_utilities.downloader: Audio for S-6qpCNq4uA: success
2026-02-16 05:51:58 [INFO] download_channel: [383/694] Processing bXOAOqJxujs — ActInf MathStream 008.1 ~ R Servajean: Intro to Bayesian mechanics: state-based formalism (part 1)
2026-02-16 05:51:58 [DEBUG] journal_utilities.downloader: yt-dlp audio cmd: yt-dlp --no-warnings --cookies-from-browser chrome --cookies data/output/cookies.txt -x --audio-format mp3 --audio-quality 0 -o data/output/audio/%(id)s.%(ext)s https://www.youtube.com/watch?v=bXOAOqJxujs
2026-02-16 05:52:28 [INFO] journal_utilities.downloader: Downloaded audio for bXOAOqJxujs in 29.5s
2026-02-16 05:52:28 [INFO] journal_utilities.downloader: Audio for bXOAOqJxujs: success
2026-02-16 05:52:30 [INFO] download_channel: [384/694] Processing 3QpD4fXqQ7w — ActInf GuestStream 068.1 ~ Darius Parvizi-Wayne, "Distrusting the policy"
2026-02-16 05:52:30 [DEBUG] journal_utilities.downloader: yt-dlp audio cmd: yt-dlp --no-warnings --cookies-from-browser chrome --cookies data/output/cookies.txt -x --audio-format mp3 --audio-quality 0 -o data/output/audio/%(id)s.%(ext)s https://www.youtube.com/watch?v=3QpD4fXqQ7w
2026-02-16 05:53:00 [INFO] journal_utilities.downloader: Downloaded audio for 3QpD4fXqQ7w in 30.7s
2026-02-16 05:53:00 [INFO] journal_utilities.downloader: Audio for 3QpD4fXqQ7w: success
2026-02-16 05:53:02 [INFO] download_channel: [385/694] Processing SerC9wYOMHs — ActInf OrgStream 006.1 ~ d20 Governance: an experimental governance environment
2026-02-16 05:53:02 [DEBUG] journal_utilities.downloader: yt-dlp audio cmd: yt-dlp --no-warnings --cookies-from-browser chrome --cookies data/output/cookies.txt -x --audio-format mp3 --audio-quality 0 -o data/output/audio/%(id)s.%(ext)s https://www.youtube.com/watch?v=SerC9wYOMHs
2026-02-16 05:53:33 [INFO] journal_utilities.downloader: Downloaded audio for SerC9wYOMHs in 30.5s
2026-02-16 05:53:33 [INFO] journal_utilities.downloader: Audio for SerC9wYOMHs: success
2026-02-16 05:53:35 [INFO] download_channel: [386/694] Processing ykmasEwYSqQ — 2023 Video ReviewStream ~ Active Inference Institute
2026-02-16 05:53:35 [DEBUG] journal_utilities.downloader: yt-dlp audio cmd: yt-dlp --no-warnings --cookies-from-browser chrome --cookies data/output/cookies.txt -x --audio-format mp3 --audio-quality 0 -o data/output/audio/%(id)s.%(ext)s https://www.youtube.com/watch?v=ykmasEwYSqQ
2026-02-16 05:53:59 [INFO] journal_utilities.downloader: Downloaded audio for ykmasEwYSqQ in 24.1s
2026-02-16 05:53:59 [INFO] journal_utilities.downloader: Audio for ykmasEwYSqQ: success
2026-02-16 05:54:01 [INFO] download_channel: [387/694] Processing rKrrpoVbwWQ — Active Inference Institute ~ 2023 Quarterly Roundtable #4
2026-02-16 05:54:01 [DEBUG] journal_utilities.downloader: yt-dlp audio cmd: yt-dlp --no-warnings --cookies-from-browser chrome --cookies data/output/cookies.txt -x --audio-format mp3 --audio-quality 0 -o data/output/audio/%(id)s.%(ext)s https://www.youtube.com/watch?v=rKrrpoVbwWQ
2026-02-16 05:54:20 [INFO] journal_utilities.downloader: Downloaded audio for rKrrpoVbwWQ in 18.8s
2026-02-16 05:54:20 [INFO] journal_utilities.downloader: Audio for rKrrpoVbwWQ: success
2026-02-16 05:54:22 [INFO] download_channel: [388/694] Processing HThdpvQzA4o — ActInf GuestStream 067.1 ~ Andrés Corrada "The logic of NTQR evaluations of noisy judges"
2026-02-16 05:54:22 [DEBUG] journal_utilities.downloader: yt-dlp audio cmd: yt-dlp --no-warnings --cookies-from-browser chrome --cookies data/output/cookies.txt -x --audio-format mp3 --audio-quality 0 -o data/output/audio/%(id)s.%(ext)s https://www.youtube.com/watch?v=HThdpvQzA4o
2026-02-16 05:54:59 [INFO] journal_utilities.downloader: Downloaded audio for HThdpvQzA4o in 37.6s
2026-02-16 05:54:59 [INFO] journal_utilities.downloader: Audio for HThdpvQzA4o: success
2026-02-16 05:55:01 [INFO] download_channel: [389/694] Processing rF3zyjv2Drw — ActInf GuestStream 066.1 ~ Adrian Bejan, "The Physics of Life: How to Predict Evolution"
2026-02-16 05:55:01 [DEBUG] journal_utilities.downloader: yt-dlp audio cmd: yt-dlp --no-warnings --cookies-from-browser chrome --cookies data/output/cookies.txt -x --audio-format mp3 --audio-quality 0 -o data/output/audio/%(id)s.%(ext)s https://www.youtube.com/watch?v=rF3zyjv2Drw
2026-02-16 05:55:32 [INFO] journal_utilities.downloader: Downloaded audio for rF3zyjv2Drw in 30.8s
2026-02-16 05:55:32 [INFO] journal_utilities.downloader: Audio for rF3zyjv2Drw: success
2026-02-16 05:55:34 [INFO] download_channel: [390/694] Processing eMtgUJl68jg — ActInf GuestStream 065.1 ~ Phoebe Klett, "Towards Bayesian World Models"
2026-02-16 05:55:34 [DEBUG] journal_utilities.downloader: yt-dlp audio cmd: yt-dlp --no-warnings --cookies-from-browser chrome --cookies data/output/cookies.txt -x --audio-format mp3 --audio-quality 0 -o data/output/audio/%(id)s.%(ext)s https://www.youtube.com/watch?v=eMtgUJl68jg
2026-02-16 05:55:57 [INFO] journal_utilities.downloader: Downloaded audio for eMtgUJl68jg in 22.7s
2026-02-16 05:55:57 [INFO] journal_utilities.downloader: Audio for eMtgUJl68jg: success
2026-02-16 05:55:59 [INFO] download_channel: [391/694] Processing PQGoQYpyqUY — ActInf GuestStream 064.1 ~ Elliot Murphy "ROSE: A neurocomputational architecture for syntax"
2026-02-16 05:55:59 [DEBUG] journal_utilities.downloader: yt-dlp audio cmd: yt-dlp --no-warnings --cookies-from-browser chrome --cookies data/output/cookies.txt -x --audio-format mp3 --audio-quality 0 -o data/output/audio/%(id)s.%(ext)s https://www.youtube.com/watch?v=PQGoQYpyqUY
2026-02-16 05:56:53 [INFO] journal_utilities.downloader: Downloaded audio for PQGoQYpyqUY in 54.5s
2026-02-16 05:56:53 [INFO] journal_utilities.downloader: Audio for PQGoQYpyqUY: success
2026-02-16 05:56:55 [INFO] download_channel: [392/694] Processing 0CY0fTqtdHo — Active Inference LiveStream 056.2 Neural Generative Coding, Active Inference, and Mortal Computation
2026-02-16 05:56:55 [DEBUG] journal_utilities.downloader: yt-dlp audio cmd: yt-dlp --no-warnings --cookies-from-browser chrome --cookies data/output/cookies.txt -x --audio-format mp3 --audio-quality 0 -o data/output/audio/%(id)s.%(ext)s https://www.youtube.com/watch?v=0CY0fTqtdHo
2026-02-16 05:57:41 [INFO] journal_utilities.downloader: Downloaded audio for 0CY0fTqtdHo in 45.9s
2026-02-16 05:57:41 [INFO] journal_utilities.downloader: Audio for 0CY0fTqtdHo: success
2026-02-16 05:57:43 [INFO] download_channel: [393/694] Processing q8OIuyFXqQ0 — ActInf OrgStream 005.1 ~ Anna-Marie Swan, "Ecological Organisations"
2026-02-16 05:57:43 [DEBUG] journal_utilities.downloader: yt-dlp audio cmd: yt-dlp --no-warnings --cookies-from-browser chrome --cookies data/output/cookies.txt -x --audio-format mp3 --audio-quality 0 -o data/output/audio/%(id)s.%(ext)s https://www.youtube.com/watch?v=q8OIuyFXqQ0
2026-02-16 05:58:16 [INFO] journal_utilities.downloader: Downloaded audio for q8OIuyFXqQ0 in 32.9s
2026-02-16 05:58:16 [INFO] journal_utilities.downloader: Audio for q8OIuyFXqQ0: success
2026-02-16 05:58:18 [INFO] download_channel: [394/694] Processing N7QSuazEEhE — ActInf Livestream 055.2 ~ "Realising Synthetic Active Inference Agents” Part I & Part II
2026-02-16 05:58:18 [DEBUG] journal_utilities.downloader: yt-dlp audio cmd: yt-dlp --no-warnings --cookies-from-browser chrome --cookies data/output/cookies.txt -x --audio-format mp3 --audio-quality 0 -o data/output/audio/%(id)s.%(ext)s https://www.youtube.com/watch?v=N7QSuazEEhE
2026-02-16 05:58:58 [INFO] journal_utilities.downloader: Downloaded audio for N7QSuazEEhE in 40.0s
2026-02-16 05:58:58 [INFO] journal_utilities.downloader: Audio for N7QSuazEEhE: success
2026-02-16 05:59:00 [INFO] download_channel: [395/694] Processing BMrgdUnF2iI — Active Inference LiveStream 056.1 ~ Neural coding, Predictive processing, and Cognitive modeling
2026-02-16 05:59:00 [DEBUG] journal_utilities.downloader: yt-dlp audio cmd: yt-dlp --no-warnings --cookies-from-browser chrome --cookies data/output/cookies.txt -x --audio-format mp3 --audio-quality 0 -o data/output/audio/%(id)s.%(ext)s https://www.youtube.com/watch?v=BMrgdUnF2iI
2026-02-16 05:59:45 [INFO] journal_utilities.downloader: Downloaded audio for BMrgdUnF2iI in 44.9s
2026-02-16 05:59:45 [INFO] journal_utilities.downloader: Audio for BMrgdUnF2iI: success
2026-02-16 05:59:47 [INFO] download_channel: [396/694] Processing 6Yr_g9j4kso — ActInf GuestStream 063.1 ~ "Incorporating (variational) free energy models into mechanisms"
2026-02-16 05:59:47 [DEBUG] journal_utilities.downloader: yt-dlp audio cmd: yt-dlp --no-warnings --cookies-from-browser chrome --cookies data/output/cookies.txt -x --audio-format mp3 --audio-quality 0 -o data/output/audio/%(id)s.%(ext)s https://www.youtube.com/watch?v=6Yr_g9j4kso
2026-02-16 06:00:23 [INFO] journal_utilities.downloader: Downloaded audio for 6Yr_g9j4kso in 36.2s
2026-02-16 06:00:23 [INFO] journal_utilities.downloader: Audio for 6Yr_g9j4kso: success
2026-02-16 06:00:25 [INFO] download_channel: [397/694] Processing KX62d4gvFAY — Active Inference LiveStream 056.0 ~ Neural coding, Predictive processing, and Cognitive modeling.
2026-02-16 06:00:25 [DEBUG] journal_utilities.downloader: yt-dlp audio cmd: yt-dlp --no-warnings --cookies-from-browser chrome --cookies data/output/cookies.txt -x --audio-format mp3 --audio-quality 0 -o data/output/audio/%(id)s.%(ext)s https://www.youtube.com/watch?v=KX62d4gvFAY
2026-02-16 06:00:55 [INFO] journal_utilities.downloader: Downloaded audio for KX62d4gvFAY in 29.5s
2026-02-16 06:00:55 [INFO] journal_utilities.downloader: Audio for KX62d4gvFAY: success
2026-02-16 06:00:57 [INFO] download_channel: [398/694] Processing cGW-ZAvybz8 — Conclusion (Discussion) ~ Active Inference for the Social Sciences 2023
2026-02-16 06:00:57 [DEBUG] journal_utilities.downloader: yt-dlp audio cmd: yt-dlp --no-warnings --cookies-from-browser chrome --cookies data/output/cookies.txt -x --audio-format mp3 --audio-quality 0 -o data/output/audio/%(id)s.%(ext)s https://www.youtube.com/watch?v=cGW-ZAvybz8
2026-02-16 06:01:37 [INFO] journal_utilities.downloader: Downloaded audio for cGW-ZAvybz8 in 40.3s
2026-02-16 06:01:37 [INFO] journal_utilities.downloader: Audio for cGW-ZAvybz8: success
2026-02-16 06:01:39 [INFO] download_channel: [399/694] Processing YNsUMgOQYpk — ActInf Livestream 055.1 ~ "Realising Synthetic Active Inference Agents” Part I & Part II
2026-02-16 06:01:39 [DEBUG] journal_utilities.downloader: yt-dlp audio cmd: yt-dlp --no-warnings --cookies-from-browser chrome --cookies data/output/cookies.txt -x --audio-format mp3 --audio-quality 0 -o data/output/audio/%(id)s.%(ext)s https://www.youtube.com/watch?v=YNsUMgOQYpk
2026-02-16 06:02:15 [INFO] journal_utilities.downloader: Downloaded audio for YNsUMgOQYpk in 35.9s
2026-02-16 06:02:15 [INFO] journal_utilities.downloader: Audio for YNsUMgOQYpk: success
2026-02-16 06:02:17 [INFO] download_channel: [400/694] Processing ciFMH8svne4 — ActInf GuestStream 062.1 ~ Michael Carl, "Deep temporal Models of the Translation Process"
2026-02-16 06:02:17 [DEBUG] journal_utilities.downloader: yt-dlp audio cmd: yt-dlp --no-warnings --cookies-from-browser chrome --cookies data/output/cookies.txt -x --audio-format mp3 --audio-quality 0 -o data/output/audio/%(id)s.%(ext)s https://www.youtube.com/watch?v=ciFMH8svne4
2026-02-16 06:02:48 [INFO] journal_utilities.downloader: Downloaded audio for ciFMH8svne4 in 30.7s
2026-02-16 06:02:48 [INFO] journal_utilities.downloader: Audio for ciFMH8svne4: success
2026-02-16 06:02:50 [INFO] download_channel: [401/694] Processing dAolShffDWo — "Physics as Information Processing" ~ Ander Aguirre ~ Discussion 6
2026-02-16 06:02:50 [DEBUG] journal_utilities.downloader: yt-dlp audio cmd: yt-dlp --no-warnings --cookies-from-browser chrome --cookies data/output/cookies.txt -x --audio-format mp3 --audio-quality 0 -o data/output/audio/%(id)s.%(ext)s https://www.youtube.com/watch?v=dAolShffDWo
2026-02-16 06:03:12 [INFO] journal_utilities.downloader: Downloaded audio for dAolShffDWo in 22.3s
2026-02-16 06:03:12 [INFO] journal_utilities.downloader: Audio for dAolShffDWo: success
2026-02-16 06:03:14 [INFO] download_channel: [402/694] Processing pJit1ONOYcM — Social constraints (Discussion) ~ Avel Guénin-Carlut ~ ActInf Social Sciences 2023
2026-02-16 06:03:14 [DEBUG] journal_utilities.downloader: yt-dlp audio cmd: yt-dlp --no-warnings --cookies-from-browser chrome --cookies data/output/cookies.txt -x --audio-format mp3 --audio-quality 0 -o data/output/audio/%(id)s.%(ext)s https://www.youtube.com/watch?v=pJit1ONOYcM
2026-02-16 06:03:34 [INFO] journal_utilities.downloader: Downloaded audio for pJit1ONOYcM in 19.7s
2026-02-16 06:03:34 [INFO] journal_utilities.downloader: Audio for pJit1ONOYcM: success
2026-02-16 06:03:36 [INFO] download_channel: [403/694] Processing nuUWmwrz6cI — ActInf Livestream 055.0 ~ "Realising Synthetic Active Inference Agents” Part I & Part II
2026-02-16 06:03:36 [DEBUG] journal_utilities.downloader: yt-dlp audio cmd: yt-dlp --no-warnings --cookies-from-browser chrome --cookies data/output/cookies.txt -x --audio-format mp3 --audio-quality 0 -o data/output/audio/%(id)s.%(ext)s https://www.youtube.com/watch?v=nuUWmwrz6cI
2026-02-16 06:04:09 [INFO] journal_utilities.downloader: Downloaded audio for nuUWmwrz6cI in 33.4s
2026-02-16 06:04:09 [INFO] journal_utilities.downloader: Audio for nuUWmwrz6cI: success
2026-02-16 06:04:11 [INFO] download_channel: [404/694] Processing vh8Q6Bc-TQA — ActInf GuestStream 061.1 ~  Shagor Rahman: "Myth of objectivity and the origin of symbols"
2026-02-16 06:04:11 [DEBUG] journal_utilities.downloader: yt-dlp audio cmd: yt-dlp --no-warnings --cookies-from-browser chrome --cookies data/output/cookies.txt -x --audio-format mp3 --audio-quality 0 -o data/output/audio/%(id)s.%(ext)s https://www.youtube.com/watch?v=vh8Q6Bc-TQA
2026-02-16 06:04:42 [INFO] journal_utilities.downloader: Downloaded audio for vh8Q6Bc-TQA in 31.1s
2026-02-16 06:04:42 [INFO] journal_utilities.downloader: Audio for vh8Q6Bc-TQA: success
2026-02-16 06:04:44 [INFO] download_channel: [405/694] Processing TubYmyvsynA — ActInf GuestStream 060.1 ~ "Reflections and implications of a naïve attitude to architecture"
2026-02-16 06:04:44 [DEBUG] journal_utilities.downloader: yt-dlp audio cmd: yt-dlp --no-warnings --cookies-from-browser chrome --cookies data/output/cookies.txt -x --audio-format mp3 --audio-quality 0 -o data/output/audio/%(id)s.%(ext)s https://www.youtube.com/watch?v=TubYmyvsynA
2026-02-16 06:05:27 [INFO] journal_utilities.downloader: Downloaded audio for TubYmyvsynA in 42.6s
2026-02-16 06:05:27 [INFO] journal_utilities.downloader: Audio for TubYmyvsynA: success
2026-02-16 06:05:29 [INFO] download_channel: [406/694] Processing StyeVhPobXg — Social constraints (Lecture) ~ Avel Guénin-Carlut ~ ActInf Social Sciences 2023
2026-02-16 06:05:29 [DEBUG] journal_utilities.downloader: yt-dlp audio cmd: yt-dlp --no-warnings --cookies-from-browser chrome --cookies data/output/cookies.txt -x --audio-format mp3 --audio-quality 0 -o data/output/audio/%(id)s.%(ext)s https://www.youtube.com/watch?v=StyeVhPobXg
2026-02-16 06:06:03 [INFO] journal_utilities.downloader: Downloaded audio for StyeVhPobXg in 34.3s
2026-02-16 06:06:03 [INFO] journal_utilities.downloader: Audio for StyeVhPobXg: success
2026-02-16 06:06:05 [INFO] download_channel: [407/694] Processing knhfxLxyeyQ — ActInf GuestStream 059.1 ~ David Tuckett, "Conviction Narrative Theory"
2026-02-16 06:06:05 [DEBUG] journal_utilities.downloader: yt-dlp audio cmd: yt-dlp --no-warnings --cookies-from-browser chrome --cookies data/output/cookies.txt -x --audio-format mp3 --audio-quality 0 -o data/output/audio/%(id)s.%(ext)s https://www.youtube.com/watch?v=knhfxLxyeyQ
2026-02-16 06:06:34 [INFO] journal_utilities.downloader: Downloaded audio for knhfxLxyeyQ in 28.6s
2026-02-16 06:06:34 [INFO] journal_utilities.downloader: Audio for knhfxLxyeyQ: success
2026-02-16 06:06:36 [INFO] download_channel: [408/694] Processing bSPQ3BkqTh4 — "Physics as Information Processing" ~ Chris Fields ~ Lecture 6
2026-02-16 06:06:36 [DEBUG] journal_utilities.downloader: yt-dlp audio cmd: yt-dlp --no-warnings --cookies-from-browser chrome --cookies data/output/cookies.txt -x --audio-format mp3 --audio-quality 0 -o data/output/audio/%(id)s.%(ext)s https://www.youtube.com/watch?v=bSPQ3BkqTh4
2026-02-16 06:06:59 [INFO] journal_utilities.downloader: Downloaded audio for bSPQ3BkqTh4 in 23.2s
2026-02-16 06:06:59 [INFO] journal_utilities.downloader: Audio for bSPQ3BkqTh4: success
2026-02-16 06:07:01 [INFO] download_channel: [409/694] Processing _NfqCpsZPeM — "Physics as Information Processing" ~ Ander Aguirre ~ Discussion 5
2026-02-16 06:07:01 [DEBUG] journal_utilities.downloader: yt-dlp audio cmd: yt-dlp --no-warnings --cookies-from-browser chrome --cookies data/output/cookies.txt -x --audio-format mp3 --audio-quality 0 -o data/output/audio/%(id)s.%(ext)s https://www.youtube.com/watch?v=_NfqCpsZPeM
2026-02-16 06:07:30 [INFO] journal_utilities.downloader: Downloaded audio for _NfqCpsZPeM in 28.6s
2026-02-16 06:07:30 [INFO] journal_utilities.downloader: Audio for _NfqCpsZPeM: success
2026-02-16 06:07:32 [INFO] download_channel: [410/694] Processing 93-rNtJR-9I — Active Inference Institute ~ 2023 Quarterly Roundtable #3
2026-02-16 06:07:32 [DEBUG] journal_utilities.downloader: yt-dlp audio cmd: yt-dlp --no-warnings --cookies-from-browser chrome --cookies data/output/cookies.txt -x --audio-format mp3 --audio-quality 0 -o data/output/audio/%(id)s.%(ext)s https://www.youtube.com/watch?v=93-rNtJR-9I
2026-02-16 06:07:47 [INFO] journal_utilities.downloader: Downloaded audio for 93-rNtJR-9I in 15.9s
2026-02-16 06:07:47 [INFO] journal_utilities.downloader: Audio for 93-rNtJR-9I: success
2026-02-16 06:07:49 [INFO] download_channel: [411/694] Processing MzYmdBaJIYc — ActInf MorphStream 001.1 ~ David Kappel and Sarah Hamburg
2026-02-16 06:07:49 [DEBUG] journal_utilities.downloader: yt-dlp audio cmd: yt-dlp --no-warnings --cookies-from-browser chrome --cookies data/output/cookies.txt -x --audio-format mp3 --audio-quality 0 -o data/output/audio/%(id)s.%(ext)s https://www.youtube.com/watch?v=MzYmdBaJIYc
2026-02-16 06:08:14 [INFO] journal_utilities.downloader: Downloaded audio for MzYmdBaJIYc in 24.7s
2026-02-16 06:08:14 [INFO] journal_utilities.downloader: Audio for MzYmdBaJIYc: success
2026-02-16 06:08:16 [INFO] download_channel: [412/694] Processing Qbmuu61dnWY — Norms, Scripts, Narratives, Languages (Lecture) ~ Mahault Albarracin ~ ActInf Social Sciences 2023
2026-02-16 06:08:16 [DEBUG] journal_utilities.downloader: yt-dlp audio cmd: yt-dlp --no-warnings --cookies-from-browser chrome --cookies data/output/cookies.txt -x --audio-format mp3 --audio-quality 0 -o data/output/audio/%(id)s.%(ext)s https://www.youtube.com/watch?v=Qbmuu61dnWY
2026-02-16 06:08:44 [INFO] journal_utilities.downloader: Downloaded audio for Qbmuu61dnWY in 28.1s
2026-02-16 06:08:44 [INFO] journal_utilities.downloader: Audio for Qbmuu61dnWY: success
2026-02-16 06:08:46 [INFO] download_channel: [413/694] Processing Sz7ZP2N6DuE — ActInf GuestStream 058.1 ~ Working with Gerald Edelman
2026-02-16 06:08:46 [DEBUG] journal_utilities.downloader: yt-dlp audio cmd: yt-dlp --no-warnings --cookies-from-browser chrome --cookies data/output/cookies.txt -x --audio-format mp3 --audio-quality 0 -o data/output/audio/%(id)s.%(ext)s https://www.youtube.com/watch?v=Sz7ZP2N6DuE
2026-02-16 06:09:12 [INFO] journal_utilities.downloader: Downloaded audio for Sz7ZP2N6DuE in 25.6s
2026-02-16 06:09:12 [INFO] journal_utilities.downloader: Audio for Sz7ZP2N6DuE: success
2026-02-16 06:09:14 [INFO] download_channel: [414/694] Processing kJUVdt-fN7U — ActInf MathStream 007.1 ~ "Constructor Theory as Process Theory", Vincent Wang-Mascianica et al.
2026-02-16 06:09:14 [DEBUG] journal_utilities.downloader: yt-dlp audio cmd: yt-dlp --no-warnings --cookies-from-browser chrome --cookies data/output/cookies.txt -x --audio-format mp3 --audio-quality 0 -o data/output/audio/%(id)s.%(ext)s https://www.youtube.com/watch?v=kJUVdt-fN7U
2026-02-16 06:09:47 [INFO] journal_utilities.downloader: Downloaded audio for kJUVdt-fN7U in 33.3s
2026-02-16 06:09:47 [INFO] journal_utilities.downloader: Audio for kJUVdt-fN7U: success
2026-02-16 06:09:49 [INFO] download_channel: [415/694] Processing 1uIRljnLtc4 — ActInf GuestStream 057.1~ Andy Keller, "Natural Neural Structure in Artificial Neural Networks"
2026-02-16 06:09:49 [DEBUG] journal_utilities.downloader: yt-dlp audio cmd: yt-dlp --no-warnings --cookies-from-browser chrome --cookies data/output/cookies.txt -x --audio-format mp3 --audio-quality 0 -o data/output/audio/%(id)s.%(ext)s https://www.youtube.com/watch?v=1uIRljnLtc4
2026-02-16 06:10:20 [INFO] journal_utilities.downloader: Downloaded audio for 1uIRljnLtc4 in 30.7s
2026-02-16 06:10:20 [INFO] journal_utilities.downloader: Audio for 1uIRljnLtc4: success
2026-02-16 06:10:22 [INFO] download_channel: [416/694] Processing h0Tfm2lw6PQ — ActInf GuestStream 056.1 ~ Grégoire Sergeant, "Agency with structured latent state-spaces"
2026-02-16 06:10:22 [DEBUG] journal_utilities.downloader: yt-dlp audio cmd: yt-dlp --no-warnings --cookies-from-browser chrome --cookies data/output/cookies.txt -x --audio-format mp3 --audio-quality 0 -o data/output/audio/%(id)s.%(ext)s https://www.youtube.com/watch?v=h0Tfm2lw6PQ
2026-02-16 06:10:49 [INFO] journal_utilities.downloader: Downloaded audio for h0Tfm2lw6PQ in 27.2s
2026-02-16 06:10:49 [INFO] journal_utilities.downloader: Audio for h0Tfm2lw6PQ: success
2026-02-16 06:10:51 [INFO] download_channel: [417/694] Processing Il9sBNAia7g — "Physics as Information Processing" ~ Chris Fields ~ Lecture 5
2026-02-16 06:10:51 [DEBUG] journal_utilities.downloader: yt-dlp audio cmd: yt-dlp --no-warnings --cookies-from-browser chrome --cookies data/output/cookies.txt -x --audio-format mp3 --audio-quality 0 -o data/output/audio/%(id)s.%(ext)s https://www.youtube.com/watch?v=Il9sBNAia7g
2026-02-16 06:11:15 [INFO] journal_utilities.downloader: Downloaded audio for Il9sBNAia7g in 24.4s
2026-02-16 06:11:15 [INFO] journal_utilities.downloader: Audio for Il9sBNAia7g: success
2026-02-16 06:11:17 [INFO] download_channel: [418/694] Processing MrAiB9X7Ock — Semiotics and Semantics (Discussion) ~ Lorena Sganzerla ~ Active Inference for Social Sciences 2023
2026-02-16 06:11:17 [DEBUG] journal_utilities.downloader: yt-dlp audio cmd: yt-dlp --no-warnings --cookies-from-browser chrome --cookies data/output/cookies.txt -x --audio-format mp3 --audio-quality 0 -o data/output/audio/%(id)s.%(ext)s https://www.youtube.com/watch?v=MrAiB9X7Ock
2026-02-16 06:11:53 [INFO] journal_utilities.downloader: Downloaded audio for MrAiB9X7Ock in 35.6s
2026-02-16 06:11:53 [INFO] journal_utilities.downloader: Audio for MrAiB9X7Ock: success
2026-02-16 06:11:55 [INFO] download_channel: [419/694] Processing p1GMPGBJGfw — ActInf MathStream #006.1 ~ Sean Tull "Active Inference in String Diagrams"
2026-02-16 06:11:55 [DEBUG] journal_utilities.downloader: yt-dlp audio cmd: yt-dlp --no-warnings --cookies-from-browser chrome --cookies data/output/cookies.txt -x --audio-format mp3 --audio-quality 0 -o data/output/audio/%(id)s.%(ext)s https://www.youtube.com/watch?v=p1GMPGBJGfw
2026-02-16 06:12:29 [INFO] journal_utilities.downloader: Downloaded audio for p1GMPGBJGfw in 33.6s
2026-02-16 06:12:29 [INFO] journal_utilities.downloader: Audio for p1GMPGBJGfw: success
2026-02-16 06:12:31 [INFO] download_channel: [420/694] Processing a4DC1YCVpsU — ActInf GuestStream 055.1~ James Pang & Alex Fornito "Geometric constraints on human brain function"
2026-02-16 06:12:31 [DEBUG] journal_utilities.downloader: yt-dlp audio cmd: yt-dlp --no-warnings --cookies-from-browser chrome --cookies data/output/cookies.txt -x --audio-format mp3 --audio-quality 0 -o data/output/audio/%(id)s.%(ext)s https://www.youtube.com/watch?v=a4DC1YCVpsU
2026-02-16 06:12:59 [INFO] journal_utilities.downloader: Downloaded audio for a4DC1YCVpsU in 28.5s
2026-02-16 06:12:59 [INFO] journal_utilities.downloader: Audio for a4DC1YCVpsU: success
2026-02-16 06:13:01 [INFO] download_channel: [421/694] Processing 4ijYLWm4P2I — Semiotics and Semantics (Lecture) ~ Lorena Sganzerla ~ Active Inference for the Social Sciences 2023
2026-02-16 06:13:01 [DEBUG] journal_utilities.downloader: yt-dlp audio cmd: yt-dlp --no-warnings --cookies-from-browser chrome --cookies data/output/cookies.txt -x --audio-format mp3 --audio-quality 0 -o data/output/audio/%(id)s.%(ext)s https://www.youtube.com/watch?v=4ijYLWm4P2I
2026-02-16 06:13:29 [INFO] journal_utilities.downloader: Downloaded audio for 4ijYLWm4P2I in 27.5s
2026-02-16 06:13:29 [INFO] journal_utilities.downloader: Audio for 4ijYLWm4P2I: success
2026-02-16 06:13:31 [INFO] download_channel: [422/694] Processing jWEcQVcgleM — "Physics as Information Processing" ~ Ander Aguirre ~ Discussion 4
2026-02-16 06:13:31 [DEBUG] journal_utilities.downloader: yt-dlp audio cmd: yt-dlp --no-warnings --cookies-from-browser chrome --cookies data/output/cookies.txt -x --audio-format mp3 --audio-quality 0 -o data/output/audio/%(id)s.%(ext)s https://www.youtube.com/watch?v=jWEcQVcgleM
2026-02-16 06:13:56 [INFO] journal_utilities.downloader: Downloaded audio for jWEcQVcgleM in 24.8s
2026-02-16 06:13:56 [INFO] journal_utilities.downloader: Audio for jWEcQVcgleM: success
2026-02-16 06:13:58 [INFO] download_channel: [423/694] Processing bhLPZaLmi2k — ActInf GuestStream 054.1 ~ A Gómez-Emilsson & C Percy ~ Electromagnetic Field Topology Consciousness
2026-02-16 06:13:58 [DEBUG] journal_utilities.downloader: yt-dlp audio cmd: yt-dlp --no-warnings --cookies-from-browser chrome --cookies data/output/cookies.txt -x --audio-format mp3 --audio-quality 0 -o data/output/audio/%(id)s.%(ext)s https://www.youtube.com/watch?v=bhLPZaLmi2k
2026-02-16 06:14:26 [INFO] journal_utilities.downloader: Downloaded audio for bhLPZaLmi2k in 28.6s
2026-02-16 06:14:26 [INFO] journal_utilities.downloader: Audio for bhLPZaLmi2k: success
2026-02-16 06:14:28 [INFO] download_channel: [424/694] Processing _GHJO_bnyrY — ActInf GuestStream 053.1 ~ A case for chaos theory inclusion in neuropsychoanalytic modeling
2026-02-16 06:14:28 [DEBUG] journal_utilities.downloader: yt-dlp audio cmd: yt-dlp --no-warnings --cookies-from-browser chrome --cookies data/output/cookies.txt -x --audio-format mp3 --audio-quality 0 -o data/output/audio/%(id)s.%(ext)s https://www.youtube.com/watch?v=_GHJO_bnyrY
2026-02-16 06:14:58 [INFO] journal_utilities.downloader: Downloaded audio for _GHJO_bnyrY in 29.9s
2026-02-16 06:14:58 [INFO] journal_utilities.downloader: Audio for _GHJO_bnyrY: success
2026-02-16 06:15:00 [INFO] download_channel: [425/694] Processing PVeyvHSAwmk — 3rd Applied Active Inference Symposium ~ "Enacting Ecosystems of Shared Intelligence" ~ 2nd session
2026-02-16 06:15:00 [DEBUG] journal_utilities.downloader: yt-dlp audio cmd: yt-dlp --no-warnings --cookies-from-browser chrome --cookies data/output/cookies.txt -x --audio-format mp3 --audio-quality 0 -o data/output/audio/%(id)s.%(ext)s https://www.youtube.com/watch?v=PVeyvHSAwmk
2026-02-16 06:17:03 [INFO] journal_utilities.downloader: Downloaded audio for PVeyvHSAwmk in 122.5s
2026-02-16 06:17:03 [INFO] journal_utilities.downloader: Audio for PVeyvHSAwmk: success
2026-02-16 06:17:05 [INFO] download_channel: [426/694] Processing rIemcswLfGg — 3rd Applied Active Inference Symposium ~ "Enacting Ecosystems of Shared Intelligence" ~ 1st session
2026-02-16 06:17:05 [DEBUG] journal_utilities.downloader: yt-dlp audio cmd: yt-dlp --no-warnings --cookies-from-browser chrome --cookies data/output/cookies.txt -x --audio-format mp3 --audio-quality 0 -o data/output/audio/%(id)s.%(ext)s https://www.youtube.com/watch?v=rIemcswLfGg
2026-02-16 06:18:50 [INFO] journal_utilities.downloader: Downloaded audio for rIemcswLfGg in 105.3s
2026-02-16 06:18:50 [INFO] journal_utilities.downloader: Audio for rIemcswLfGg: success
2026-02-16 06:18:52 [INFO] download_channel: [427/694] Processing 2IxxzY2ZDHA — Collective Behavior (Discussion) ~ Daniel Friedman ~ Active Inference for the Social Sciences 2023
2026-02-16 06:18:52 [DEBUG] journal_utilities.downloader: yt-dlp audio cmd: yt-dlp --no-warnings --cookies-from-browser chrome --cookies data/output/cookies.txt -x --audio-format mp3 --audio-quality 0 -o data/output/audio/%(id)s.%(ext)s https://www.youtube.com/watch?v=2IxxzY2ZDHA
2026-02-16 06:19:24 [INFO] journal_utilities.downloader: Downloaded audio for 2IxxzY2ZDHA in 31.8s
2026-02-16 06:19:24 [INFO] journal_utilities.downloader: Audio for 2IxxzY2ZDHA: success
2026-02-16 06:19:26 [INFO] download_channel: [428/694] Processing KPeOC9eNDnA — ActInf GuestStream 052.1 ~ A ElSaid, T Desell, A Ororbia "Ant-Based Neural Topology Search"
2026-02-16 06:19:26 [DEBUG] journal_utilities.downloader: yt-dlp audio cmd: yt-dlp --no-warnings --cookies-from-browser chrome --cookies data/output/cookies.txt -x --audio-format mp3 --audio-quality 0 -o data/output/audio/%(id)s.%(ext)s https://www.youtube.com/watch?v=KPeOC9eNDnA
2026-02-16 06:20:05 [INFO] journal_utilities.downloader: Downloaded audio for KPeOC9eNDnA in 39.1s
2026-02-16 06:20:05 [INFO] journal_utilities.downloader: Audio for KPeOC9eNDnA: success
2026-02-16 06:20:07 [INFO] download_channel: [429/694] Processing k55mAFCIQ60 — "Physics as Information Processing" ~ Chris Fields ~ Lecture 4
2026-02-16 06:20:07 [DEBUG] journal_utilities.downloader: yt-dlp audio cmd: yt-dlp --no-warnings --cookies-from-browser chrome --cookies data/output/cookies.txt -x --audio-format mp3 --audio-quality 0 -o data/output/audio/%(id)s.%(ext)s https://www.youtube.com/watch?v=k55mAFCIQ60
2026-02-16 06:20:32 [INFO] journal_utilities.downloader: Downloaded audio for k55mAFCIQ60 in 25.3s
2026-02-16 06:20:32 [INFO] journal_utilities.downloader: Audio for k55mAFCIQ60: success
2026-02-16 06:20:34 [INFO] download_channel: [430/694] Processing ran1M2UmD80 — Collective Behavior (Lecture) ~ Daniel Friedman ~ Active Inference for the Social Sciences 2023
2026-02-16 06:20:34 [DEBUG] journal_utilities.downloader: yt-dlp audio cmd: yt-dlp --no-warnings --cookies-from-browser chrome --cookies data/output/cookies.txt -x --audio-format mp3 --audio-quality 0 -o data/output/audio/%(id)s.%(ext)s https://www.youtube.com/watch?v=ran1M2UmD80
2026-02-16 06:21:04 [INFO] journal_utilities.downloader: Downloaded audio for ran1M2UmD80 in 29.6s
2026-02-16 06:21:04 [INFO] journal_utilities.downloader: Audio for ran1M2UmD80: success
2026-02-16 06:21:06 [INFO] download_channel: [431/694] Processing hOto96Q8sYQ — "Physics as Information Processing" ~ Ander Aguirre ~ Discussion 3
2026-02-16 06:21:06 [DEBUG] journal_utilities.downloader: yt-dlp audio cmd: yt-dlp --no-warnings --cookies-from-browser chrome --cookies data/output/cookies.txt -x --audio-format mp3 --audio-quality 0 -o data/output/audio/%(id)s.%(ext)s https://www.youtube.com/watch?v=hOto96Q8sYQ
2026-02-16 06:21:31 [INFO] journal_utilities.downloader: Downloaded audio for hOto96Q8sYQ in 25.4s
2026-02-16 06:21:31 [INFO] journal_utilities.downloader: Audio for hOto96Q8sYQ: success
2026-02-16 06:21:33 [INFO] download_channel: [432/694] Processing 3_5pTCguAv4 — Active Inference BookStream 002.02 ~ Parr, Pezzulo, Friston ~ Chapters 4, 5, 7, 8
2026-02-16 06:21:33 [DEBUG] journal_utilities.downloader: yt-dlp audio cmd: yt-dlp --no-warnings --cookies-from-browser chrome --cookies data/output/cookies.txt -x --audio-format mp3 --audio-quality 0 -o data/output/audio/%(id)s.%(ext)s https://www.youtube.com/watch?v=3_5pTCguAv4
2026-02-16 06:22:07 [INFO] journal_utilities.downloader: Downloaded audio for 3_5pTCguAv4 in 33.4s
2026-02-16 06:22:07 [INFO] journal_utilities.downloader: Audio for 3_5pTCguAv4: success
2026-02-16 06:22:09 [INFO] download_channel: [433/694] Processing NOj0mB8I6BI — ActInf GuestStream 051.1 ~ Tommaso Salvatori "Causal Inference via Predictive Coding"
2026-02-16 06:22:09 [DEBUG] journal_utilities.downloader: yt-dlp audio cmd: yt-dlp --no-warnings --cookies-from-browser chrome --cookies data/output/cookies.txt -x --audio-format mp3 --audio-quality 0 -o data/output/audio/%(id)s.%(ext)s https://www.youtube.com/watch?v=NOj0mB8I6BI
2026-02-16 06:22:38 [INFO] journal_utilities.downloader: Downloaded audio for NOj0mB8I6BI in 29.6s
2026-02-16 06:22:38 [INFO] journal_utilities.downloader: Audio for NOj0mB8I6BI: success
2026-02-16 06:22:40 [INFO] download_channel: [434/694] Processing vBk0zZEy59E — ActInf GuestStream 050.1 ~ Valeria Becattini & Anna Ciaunica, "Selfless Minds, Unlimited Bodies?"
2026-02-16 06:22:40 [DEBUG] journal_utilities.downloader: yt-dlp audio cmd: yt-dlp --no-warnings --cookies-from-browser chrome --cookies data/output/cookies.txt -x --audio-format mp3 --audio-quality 0 -o data/output/audio/%(id)s.%(ext)s https://www.youtube.com/watch?v=vBk0zZEy59E
2026-02-16 06:23:10 [INFO] journal_utilities.downloader: Downloaded audio for vBk0zZEy59E in 30.0s
2026-02-16 06:23:10 [INFO] journal_utilities.downloader: Audio for vBk0zZEy59E: success
2026-02-16 06:23:12 [INFO] download_channel: [435/694] Processing dUXfgzKHV1c — ActInf GuestStream 049.1 ~ "Clickbait, consciousness science, and responsible journalism"
2026-02-16 06:23:12 [DEBUG] journal_utilities.downloader: yt-dlp audio cmd: yt-dlp --no-warnings --cookies-from-browser chrome --cookies data/output/cookies.txt -x --audio-format mp3 --audio-quality 0 -o data/output/audio/%(id)s.%(ext)s https://www.youtube.com/watch?v=dUXfgzKHV1c
2026-02-16 06:23:34 [INFO] journal_utilities.downloader: Downloaded audio for dUXfgzKHV1c in 21.7s
2026-02-16 06:23:34 [INFO] journal_utilities.downloader: Audio for dUXfgzKHV1c: success
2026-02-16 06:23:36 [INFO] download_channel: [436/694] Processing u6taX0npOY8 — Basics of Active Inference (Discussion) ~ Ben White ~ Active Inference for the Social Sciences 2023
2026-02-16 06:23:36 [DEBUG] journal_utilities.downloader: yt-dlp audio cmd: yt-dlp --no-warnings --cookies-from-browser chrome --cookies data/output/cookies.txt -x --audio-format mp3 --audio-quality 0 -o data/output/audio/%(id)s.%(ext)s https://www.youtube.com/watch?v=u6taX0npOY8
2026-02-16 06:24:09 [INFO] journal_utilities.downloader: Downloaded audio for u6taX0npOY8 in 32.8s
2026-02-16 06:24:09 [INFO] journal_utilities.downloader: Audio for u6taX0npOY8: success
2026-02-16 06:24:11 [INFO] download_channel: [437/694] Processing aFwuucck7a8 — ActInf GuestStream 048.1 ~ Arthur Juliani & Adam Safron "Deep CANALs"
2026-02-16 06:24:11 [DEBUG] journal_utilities.downloader: yt-dlp audio cmd: yt-dlp --no-warnings --cookies-from-browser chrome --cookies data/output/cookies.txt -x --audio-format mp3 --audio-quality 0 -o data/output/audio/%(id)s.%(ext)s https://www.youtube.com/watch?v=aFwuucck7a8
2026-02-16 06:24:48 [INFO] journal_utilities.downloader: Downloaded audio for aFwuucck7a8 in 36.8s
2026-02-16 06:24:48 [INFO] journal_utilities.downloader: Audio for aFwuucck7a8: success
2026-02-16 06:24:50 [INFO] download_channel: [438/694] Processing QqEp4jtaQ2E — ActInf MathStream 005.1 ~ Cristian Bodnar  "Topological Deep Learning: Graphs, Complexes, Sheaves"
2026-02-16 06:24:50 [DEBUG] journal_utilities.downloader: yt-dlp audio cmd: yt-dlp --no-warnings --cookies-from-browser chrome --cookies data/output/cookies.txt -x --audio-format mp3 --audio-quality 0 -o data/output/audio/%(id)s.%(ext)s https://www.youtube.com/watch?v=QqEp4jtaQ2E
2026-02-16 06:25:13 [INFO] journal_utilities.downloader: Downloaded audio for QqEp4jtaQ2E in 23.3s
2026-02-16 06:25:13 [INFO] journal_utilities.downloader: Audio for QqEp4jtaQ2E: success
2026-02-16 06:25:15 [INFO] download_channel: [439/694] Processing CEKWhxnH3-E — ActInf ModelStream 009.1 ~ Aswin Paul "On efficient computation in active inference"
2026-02-16 06:25:15 [DEBUG] journal_utilities.downloader: yt-dlp audio cmd: yt-dlp --no-warnings --cookies-from-browser chrome --cookies data/output/cookies.txt -x --audio-format mp3 --audio-quality 0 -o data/output/audio/%(id)s.%(ext)s https://www.youtube.com/watch?v=CEKWhxnH3-E
2026-02-16 06:25:38 [INFO] journal_utilities.downloader: Downloaded audio for CEKWhxnH3-E in 22.7s
2026-02-16 06:25:38 [INFO] journal_utilities.downloader: Audio for CEKWhxnH3-E: success
2026-02-16 06:25:40 [INFO] download_channel: [440/694] Processing TOZp_XNYijQ — "Physics as Information Processing" ~ Chris Fields ~ Lecture 3
2026-02-16 06:25:40 [DEBUG] journal_utilities.downloader: yt-dlp audio cmd: yt-dlp --no-warnings --cookies-from-browser chrome --cookies data/output/cookies.txt -x --audio-format mp3 --audio-quality 0 -o data/output/audio/%(id)s.%(ext)s https://www.youtube.com/watch?v=TOZp_XNYijQ
2026-02-16 06:26:01 [INFO] journal_utilities.downloader: Downloaded audio for TOZp_XNYijQ in 21.6s
2026-02-16 06:26:01 [INFO] journal_utilities.downloader: Audio for TOZp_XNYijQ: success
2026-02-16 06:26:03 [INFO] download_channel: [441/694] Processing BNLnbOFdgc0 — Basics of Active Inference (Lecture) ~ Ben White ~ Active Inference for the Social Sciences 2023
2026-02-16 06:26:03 [DEBUG] journal_utilities.downloader: yt-dlp audio cmd: yt-dlp --no-warnings --cookies-from-browser chrome --cookies data/output/cookies.txt -x --audio-format mp3 --audio-quality 0 -o data/output/audio/%(id)s.%(ext)s https://www.youtube.com/watch?v=BNLnbOFdgc0
2026-02-16 06:26:37 [INFO] journal_utilities.downloader: Downloaded audio for BNLnbOFdgc0 in 33.6s
2026-02-16 06:26:37 [INFO] journal_utilities.downloader: Audio for BNLnbOFdgc0: success
2026-02-16 06:26:39 [INFO] download_channel: [442/694] Processing O6adLcDhOYU — ActInf GuestStream 047.1 ~ "Predicting & Reflecting Framework for Dual Process Theory" Bellini-Leite
2026-02-16 06:26:39 [DEBUG] journal_utilities.downloader: yt-dlp audio cmd: yt-dlp --no-warnings --cookies-from-browser chrome --cookies data/output/cookies.txt -x --audio-format mp3 --audio-quality 0 -o data/output/audio/%(id)s.%(ext)s https://www.youtube.com/watch?v=O6adLcDhOYU
2026-02-16 06:27:14 [INFO] journal_utilities.downloader: Downloaded audio for O6adLcDhOYU in 34.9s
2026-02-16 06:27:14 [INFO] journal_utilities.downloader: Audio for O6adLcDhOYU: success
2026-02-16 06:27:16 [INFO] download_channel: [443/694] Processing JkORFoyk8o8 — Introduction (Lecture) ~ Avel Guénin-Carlut ~ Active Inference for the Social Sciences 2023
2026-02-16 06:27:16 [DEBUG] journal_utilities.downloader: yt-dlp audio cmd: yt-dlp --no-warnings --cookies-from-browser chrome --cookies data/output/cookies.txt -x --audio-format mp3 --audio-quality 0 -o data/output/audio/%(id)s.%(ext)s https://www.youtube.com/watch?v=JkORFoyk8o8
2026-02-16 06:27:48 [INFO] journal_utilities.downloader: Downloaded audio for JkORFoyk8o8 in 31.8s
2026-02-16 06:27:48 [INFO] journal_utilities.downloader: Audio for JkORFoyk8o8: success
2026-02-16 06:27:50 [INFO] download_channel: [444/694] Processing hSj7eOYuZe4 — "Physics as Information Processing" ~ Ander Aguirre ~ Discussion 2
2026-02-16 06:27:50 [DEBUG] journal_utilities.downloader: yt-dlp audio cmd: yt-dlp --no-warnings --cookies-from-browser chrome --cookies data/output/cookies.txt -x --audio-format mp3 --audio-quality 0 -o data/output/audio/%(id)s.%(ext)s https://www.youtube.com/watch?v=hSj7eOYuZe4
2026-02-16 06:28:17 [INFO] journal_utilities.downloader: Downloaded audio for hSj7eOYuZe4 in 27.4s
2026-02-16 06:28:17 [INFO] journal_utilities.downloader: Audio for hSj7eOYuZe4: success
2026-02-16 06:28:19 [INFO] download_channel: [445/694] Processing aJ9Py86ZFjU — Active Inference Institute ~ 2023 Quarterly Roundtable #2
2026-02-16 06:28:19 [DEBUG] journal_utilities.downloader: yt-dlp audio cmd: yt-dlp --no-warnings --cookies-from-browser chrome --cookies data/output/cookies.txt -x --audio-format mp3 --audio-quality 0 -o data/output/audio/%(id)s.%(ext)s https://www.youtube.com/watch?v=aJ9Py86ZFjU
2026-02-16 06:28:41 [INFO] journal_utilities.downloader: Downloaded audio for aJ9Py86ZFjU in 22.3s
2026-02-16 06:28:41 [INFO] journal_utilities.downloader: Audio for aJ9Py86ZFjU: success
2026-02-16 06:28:43 [INFO] download_channel: [446/694] Processing dUW8cD8XUec — ActInf GuestStream 046.1 ~ Denise Holt, "Active Inference AI & the Spatial Web"
2026-02-16 06:28:43 [DEBUG] journal_utilities.downloader: yt-dlp audio cmd: yt-dlp --no-warnings --cookies-from-browser chrome --cookies data/output/cookies.txt -x --audio-format mp3 --audio-quality 0 -o data/output/audio/%(id)s.%(ext)s https://www.youtube.com/watch?v=dUW8cD8XUec
2026-02-16 06:29:12 [INFO] journal_utilities.downloader: Downloaded audio for dUW8cD8XUec in 28.3s
2026-02-16 06:29:12 [INFO] journal_utilities.downloader: Audio for dUW8cD8XUec: success
2026-02-16 06:29:14 [INFO] download_channel: [447/694] Processing y0Jyj6LAb8g — ActInf GuestStream 045.1 ~ Ramstead & Albarracin: "The inner screen model of consciousness"
2026-02-16 06:29:14 [DEBUG] journal_utilities.downloader: yt-dlp audio cmd: yt-dlp --no-warnings --cookies-from-browser chrome --cookies data/output/cookies.txt -x --audio-format mp3 --audio-quality 0 -o data/output/audio/%(id)s.%(ext)s https://www.youtube.com/watch?v=y0Jyj6LAb8g
2026-02-16 06:29:52 [INFO] journal_utilities.downloader: Downloaded audio for y0Jyj6LAb8g in 38.3s
2026-02-16 06:29:52 [INFO] journal_utilities.downloader: Audio for y0Jyj6LAb8g: success
2026-02-16 06:29:54 [INFO] download_channel: [448/694] Processing WkWIqpxWRM4 — "Physics as Information Processing" ~ Chris Fields ~ Lecture 2
2026-02-16 06:29:54 [DEBUG] journal_utilities.downloader: yt-dlp audio cmd: yt-dlp --no-warnings --cookies-from-browser chrome --cookies data/output/cookies.txt -x --audio-format mp3 --audio-quality 0 -o data/output/audio/%(id)s.%(ext)s https://www.youtube.com/watch?v=WkWIqpxWRM4
2026-02-16 06:30:15 [INFO] journal_utilities.downloader: Downloaded audio for WkWIqpxWRM4 in 20.6s
2026-02-16 06:30:15 [INFO] journal_utilities.downloader: Audio for WkWIqpxWRM4: success
2026-02-16 06:30:17 [INFO] download_channel: [449/694] Processing GfImcptiLsY — Active Inference LiveStream 054.2 ~ “...Compositional Account of the Bayesian Brain” (Smithe)
2026-02-16 06:30:17 [DEBUG] journal_utilities.downloader: yt-dlp audio cmd: yt-dlp --no-warnings --cookies-from-browser chrome --cookies data/output/cookies.txt -x --audio-format mp3 --audio-quality 0 -o data/output/audio/%(id)s.%(ext)s https://www.youtube.com/watch?v=GfImcptiLsY
2026-02-16 06:30:51 [INFO] journal_utilities.downloader: Downloaded audio for GfImcptiLsY in 34.7s
2026-02-16 06:30:51 [INFO] journal_utilities.downloader: Audio for GfImcptiLsY: success
2026-02-16 06:30:53 [INFO] download_channel: [450/694] Processing FymR0rKdLZo — ActInf GuestStream 044.1 ~ Tsuchiya & Saigo: Category Theory, Consciousness, Integrated Information
2026-02-16 06:30:53 [DEBUG] journal_utilities.downloader: yt-dlp audio cmd: yt-dlp --no-warnings --cookies-from-browser chrome --cookies data/output/cookies.txt -x --audio-format mp3 --audio-quality 0 -o data/output/audio/%(id)s.%(ext)s https://www.youtube.com/watch?v=FymR0rKdLZo
2026-02-16 06:31:27 [INFO] journal_utilities.downloader: Downloaded audio for FymR0rKdLZo in 33.9s
2026-02-16 06:31:27 [INFO] journal_utilities.downloader: Audio for FymR0rKdLZo: success
2026-02-16 06:31:29 [INFO] download_channel: [451/694] Processing fzFDvJhrn0U — Active Inference LiveStream 054.1 ~ “...Compositional Account of the Bayesian Brain” (Smithe)
2026-02-16 06:31:29 [DEBUG] journal_utilities.downloader: yt-dlp audio cmd: yt-dlp --no-warnings --cookies-from-browser chrome --cookies data/output/cookies.txt -x --audio-format mp3 --audio-quality 0 -o data/output/audio/%(id)s.%(ext)s https://www.youtube.com/watch?v=fzFDvJhrn0U
2026-02-16 06:32:09 [INFO] journal_utilities.downloader: Downloaded audio for fzFDvJhrn0U in 39.7s
2026-02-16 06:32:09 [INFO] journal_utilities.downloader: Audio for fzFDvJhrn0U: success
2026-02-16 06:32:11 [INFO] download_channel: [452/694] Processing rOoTkgLI1Z8 — "Physics as Information Processing" ~ Ander Aguirre ~ Discussion 1
2026-02-16 06:32:11 [DEBUG] journal_utilities.downloader: yt-dlp audio cmd: yt-dlp --no-warnings --cookies-from-browser chrome --cookies data/output/cookies.txt -x --audio-format mp3 --audio-quality 0 -o data/output/audio/%(id)s.%(ext)s https://www.youtube.com/watch?v=rOoTkgLI1Z8
2026-02-16 06:32:35 [INFO] journal_utilities.downloader: Downloaded audio for rOoTkgLI1Z8 in 24.4s
2026-02-16 06:32:35 [INFO] journal_utilities.downloader: Audio for rOoTkgLI1Z8: success
2026-02-16 06:32:37 [INFO] download_channel: [453/694] Processing S-tFHIqtbSI — ActInf GuestStream #015.3 ~ Bobby Azarian: "The Teleological Stance: The Free Energy Principle..."
2026-02-16 06:32:37 [DEBUG] journal_utilities.downloader: yt-dlp audio cmd: yt-dlp --no-warnings --cookies-from-browser chrome --cookies data/output/cookies.txt -x --audio-format mp3 --audio-quality 0 -o data/output/audio/%(id)s.%(ext)s https://www.youtube.com/watch?v=S-tFHIqtbSI
2026-02-16 06:33:24 [INFO] journal_utilities.downloader: Downloaded audio for S-tFHIqtbSI in 46.4s
2026-02-16 06:33:24 [INFO] journal_utilities.downloader: Audio for S-tFHIqtbSI: success
2026-02-16 06:33:26 [INFO] download_channel: [454/694] Processing HK9ZkbxieLY — Active Inference LiveStream 054.0 ~ “...Compositional Account of the Bayesian Brain” (Smithe)
2026-02-16 06:33:26 [DEBUG] journal_utilities.downloader: yt-dlp audio cmd: yt-dlp --no-warnings --cookies-from-browser chrome --cookies data/output/cookies.txt -x --audio-format mp3 --audio-quality 0 -o data/output/audio/%(id)s.%(ext)s https://www.youtube.com/watch?v=HK9ZkbxieLY
2026-02-16 06:34:00 [INFO] journal_utilities.downloader: Downloaded audio for HK9ZkbxieLY in 34.4s
2026-02-16 06:34:00 [INFO] journal_utilities.downloader: Audio for HK9ZkbxieLY: success
2026-02-16 06:34:02 [INFO] download_channel: [455/694] Processing FV7pW4p60VI — Active Inference BookStream 002.01 ~ Parr, Pezzulo, Friston ~ Chapters 1, 2, 3, 6
2026-02-16 06:34:02 [DEBUG] journal_utilities.downloader: yt-dlp audio cmd: yt-dlp --no-warnings --cookies-from-browser chrome --cookies data/output/cookies.txt -x --audio-format mp3 --audio-quality 0 -o data/output/audio/%(id)s.%(ext)s https://www.youtube.com/watch?v=FV7pW4p60VI
2026-02-16 06:34:35 [INFO] journal_utilities.downloader: Downloaded audio for FV7pW4p60VI in 33.2s
2026-02-16 06:34:35 [INFO] journal_utilities.downloader: Audio for FV7pW4p60VI: success
2026-02-16 06:34:37 [INFO] download_channel: [456/694] Processing RpOrRw4EhTo — "Physics as Information Processing" ~ Chris Fields ~ Lecture 1
2026-02-16 06:34:37 [DEBUG] journal_utilities.downloader: yt-dlp audio cmd: yt-dlp --no-warnings --cookies-from-browser chrome --cookies data/output/cookies.txt -x --audio-format mp3 --audio-quality 0 -o data/output/audio/%(id)s.%(ext)s https://www.youtube.com/watch?v=RpOrRw4EhTo
2026-02-16 06:35:00 [INFO] journal_utilities.downloader: Downloaded audio for RpOrRw4EhTo in 23.0s
2026-02-16 06:35:00 [INFO] journal_utilities.downloader: Audio for RpOrRw4EhTo: success
2026-02-16 06:35:02 [INFO] download_channel: [457/694] Processing ChO1u1mJRGE — ActInf GuestStream 043.1 ~ Tom Froese: "Irruption Theory: Enactive Account of Motivated Activity"
2026-02-16 06:35:02 [DEBUG] journal_utilities.downloader: yt-dlp audio cmd: yt-dlp --no-warnings --cookies-from-browser chrome --cookies data/output/cookies.txt -x --audio-format mp3 --audio-quality 0 -o data/output/audio/%(id)s.%(ext)s https://www.youtube.com/watch?v=ChO1u1mJRGE
2026-02-16 06:35:37 [INFO] journal_utilities.downloader: Downloaded audio for ChO1u1mJRGE in 34.9s
2026-02-16 06:35:37 [INFO] journal_utilities.downloader: Audio for ChO1u1mJRGE: success
2026-02-16 06:35:39 [INFO] download_channel: [458/694] Processing 6bZYptbETAw — ActInf GuestStream 042.1 ~ Bogotá & Djebbara: "Time-consciousness in computational phenomenology"
2026-02-16 06:35:39 [DEBUG] journal_utilities.downloader: yt-dlp audio cmd: yt-dlp --no-warnings --cookies-from-browser chrome --cookies data/output/cookies.txt -x --audio-format mp3 --audio-quality 0 -o data/output/audio/%(id)s.%(ext)s https://www.youtube.com/watch?v=6bZYptbETAw
2026-02-16 06:36:13 [INFO] journal_utilities.downloader: Downloaded audio for 6bZYptbETAw in 33.5s
2026-02-16 06:36:13 [INFO] journal_utilities.downloader: Audio for 6bZYptbETAw: success
2026-02-16 06:36:15 [INFO] download_channel: [459/694] Processing EEyVd9d3D5U — ActInf GuestStream 041.1 ~ "A conversation on Chomsky & Large Language Models" ~ Murphy & Piantadosi
2026-02-16 06:36:15 [DEBUG] journal_utilities.downloader: yt-dlp audio cmd: yt-dlp --no-warnings --cookies-from-browser chrome --cookies data/output/cookies.txt -x --audio-format mp3 --audio-quality 0 -o data/output/audio/%(id)s.%(ext)s https://www.youtube.com/watch?v=EEyVd9d3D5U
2026-02-16 06:36:49 [INFO] journal_utilities.downloader: Downloaded audio for EEyVd9d3D5U in 34.0s
2026-02-16 06:36:49 [INFO] journal_utilities.downloader: Audio for EEyVd9d3D5U: success
2026-02-16 06:36:51 [INFO] download_channel: [460/694] Processing xXAllRLtyoc — ActInf OrgStream #004.1 ~ "Plural Publics", Shrey Jain
2026-02-16 06:36:51 [DEBUG] journal_utilities.downloader: yt-dlp audio cmd: yt-dlp --no-warnings --cookies-from-browser chrome --cookies data/output/cookies.txt -x --audio-format mp3 --audio-quality 0 -o data/output/audio/%(id)s.%(ext)s https://www.youtube.com/watch?v=xXAllRLtyoc
2026-02-16 06:37:17 [INFO] journal_utilities.downloader: Downloaded audio for xXAllRLtyoc in 26.0s
2026-02-16 06:37:17 [INFO] journal_utilities.downloader: Audio for xXAllRLtyoc: success
2026-02-16 06:37:19 [INFO] download_channel: [461/694] Processing XYMPAAynUu8 — Active Inference Institute ~ 2023 Quarterly Roundtable #1
2026-02-16 06:37:19 [DEBUG] journal_utilities.downloader: yt-dlp audio cmd: yt-dlp --no-warnings --cookies-from-browser chrome --cookies data/output/cookies.txt -x --audio-format mp3 --audio-quality 0 -o data/output/audio/%(id)s.%(ext)s https://www.youtube.com/watch?v=XYMPAAynUu8
2026-02-16 06:37:38 [INFO] journal_utilities.downloader: Downloaded audio for XYMPAAynUu8 in 19.1s
2026-02-16 06:37:38 [INFO] journal_utilities.downloader: Audio for XYMPAAynUu8: success
2026-02-16 06:37:40 [INFO] download_channel: [462/694] Processing L6dhr5hUu8o — ActInf Livestream #053.2 ~ "Snakes and Ladders in Paleoanthropology" & "To copy or not to copy…"
2026-02-16 06:37:40 [DEBUG] journal_utilities.downloader: yt-dlp audio cmd: yt-dlp --no-warnings --cookies-from-browser chrome --cookies data/output/cookies.txt -x --audio-format mp3 --audio-quality 0 -o data/output/audio/%(id)s.%(ext)s https://www.youtube.com/watch?v=L6dhr5hUu8o
2026-02-16 06:38:31 [INFO] journal_utilities.downloader: Downloaded audio for L6dhr5hUu8o in 50.6s
2026-02-16 06:38:31 [INFO] journal_utilities.downloader: Audio for L6dhr5hUu8o: success
2026-02-16 06:38:33 [INFO] download_channel: [463/694] Processing eZDSNPFS0Fs — ActInf GuestStream #040.1 ~ Wanja Wiese ~ Could large language models be conscious?
2026-02-16 06:38:33 [DEBUG] journal_utilities.downloader: yt-dlp audio cmd: yt-dlp --no-warnings --cookies-from-browser chrome --cookies data/output/cookies.txt -x --audio-format mp3 --audio-quality 0 -o data/output/audio/%(id)s.%(ext)s https://www.youtube.com/watch?v=eZDSNPFS0Fs
2026-02-16 06:39:06 [INFO] journal_utilities.downloader: Downloaded audio for eZDSNPFS0Fs in 33.6s
2026-02-16 06:39:06 [INFO] journal_utilities.downloader: Audio for eZDSNPFS0Fs: success
2026-02-16 06:39:08 [INFO] download_channel: [464/694] Processing 5IGzzm28qec — Active Inference BookStream #001.012 ~ "Governing Continuous Transformation"
2026-02-16 06:39:08 [DEBUG] journal_utilities.downloader: yt-dlp audio cmd: yt-dlp --no-warnings --cookies-from-browser chrome --cookies data/output/cookies.txt -x --audio-format mp3 --audio-quality 0 -o data/output/audio/%(id)s.%(ext)s https://www.youtube.com/watch?v=5IGzzm28qec
2026-02-16 06:39:26 [INFO] journal_utilities.downloader: Downloaded audio for 5IGzzm28qec in 18.1s
2026-02-16 06:39:26 [INFO] journal_utilities.downloader: Audio for 5IGzzm28qec: success
2026-02-16 06:39:28 [INFO] download_channel: [465/694] Processing iHgxmn0ockg — ActInf Livestream #053.1 ~ "Snakes and Ladders in Paleoanthropology" & "To copy or not to copy…"
2026-02-16 06:39:28 [DEBUG] journal_utilities.downloader: yt-dlp audio cmd: yt-dlp --no-warnings --cookies-from-browser chrome --cookies data/output/cookies.txt -x --audio-format mp3 --audio-quality 0 -o data/output/audio/%(id)s.%(ext)s https://www.youtube.com/watch?v=iHgxmn0ockg
2026-02-16 06:40:13 [INFO] journal_utilities.downloader: Downloaded audio for iHgxmn0ockg in 44.6s
2026-02-16 06:40:13 [INFO] journal_utilities.downloader: Audio for iHgxmn0ockg: success
2026-02-16 06:40:15 [INFO] download_channel: [466/694] Processing c7ybFyP9KrI — ActInf Livestream #053.0 ~ "Snakes and Ladders in Paleoanthropology" & "To copy or not to copy…"
2026-02-16 06:40:15 [DEBUG] journal_utilities.downloader: yt-dlp audio cmd: yt-dlp --no-warnings --cookies-from-browser chrome --cookies data/output/cookies.txt -x --audio-format mp3 --audio-quality 0 -o data/output/audio/%(id)s.%(ext)s https://www.youtube.com/watch?v=c7ybFyP9KrI
2026-02-16 06:40:53 [INFO] journal_utilities.downloader: Downloaded audio for c7ybFyP9KrI in 37.9s
2026-02-16 06:40:53 [INFO] journal_utilities.downloader: Audio for c7ybFyP9KrI: success
2026-02-16 06:40:55 [INFO] download_channel: [467/694] Processing jXEJO_5g0ho — ActInf GuestStream #039.1 ~ Sources of Richness and Ineffability for Phenomenally Conscious States
2026-02-16 06:40:55 [DEBUG] journal_utilities.downloader: yt-dlp audio cmd: yt-dlp --no-warnings --cookies-from-browser chrome --cookies data/output/cookies.txt -x --audio-format mp3 --audio-quality 0 -o data/output/audio/%(id)s.%(ext)s https://www.youtube.com/watch?v=jXEJO_5g0ho
2026-02-16 06:41:35 [INFO] journal_utilities.downloader: Downloaded audio for jXEJO_5g0ho in 39.6s
2026-02-16 06:41:35 [INFO] journal_utilities.downloader: Audio for jXEJO_5g0ho: success
2026-02-16 06:41:37 [INFO] download_channel: [468/694] Processing eIZjx0miM9o — Active Inference BookStream #001.010 ~ "Governing Continuous Transformation"
2026-02-16 06:41:37 [DEBUG] journal_utilities.downloader: yt-dlp audio cmd: yt-dlp --no-warnings --cookies-from-browser chrome --cookies data/output/cookies.txt -x --audio-format mp3 --audio-quality 0 -o data/output/audio/%(id)s.%(ext)s https://www.youtube.com/watch?v=eIZjx0miM9o
2026-02-16 06:42:04 [INFO] journal_utilities.downloader: Downloaded audio for eIZjx0miM9o in 27.3s
2026-02-16 06:42:04 [INFO] journal_utilities.downloader: Audio for eIZjx0miM9o: success
2026-02-16 06:42:06 [INFO] download_channel: [469/694] Processing RO3XVXqvAII — ActInf Livestream #052.2 ~ Geometric Methods for Sampling, Optimisation, Inference and Adaptive...
2026-02-16 06:42:06 [DEBUG] journal_utilities.downloader: yt-dlp audio cmd: yt-dlp --no-warnings --cookies-from-browser chrome --cookies data/output/cookies.txt -x --audio-format mp3 --audio-quality 0 -o data/output/audio/%(id)s.%(ext)s https://www.youtube.com/watch?v=RO3XVXqvAII
2026-02-16 06:43:33 [INFO] journal_utilities.downloader: Downloaded audio for RO3XVXqvAII in 87.5s
2026-02-16 06:43:33 [INFO] journal_utilities.downloader: Audio for RO3XVXqvAII: success
2026-02-16 06:43:35 [INFO] download_channel: [470/694] Processing mrFZwfYuthk — ActInf GuestStream #038.1 ~ Max Berg "Oversampled and undersolved"
2026-02-16 06:43:35 [DEBUG] journal_utilities.downloader: yt-dlp audio cmd: yt-dlp --no-warnings --cookies-from-browser chrome --cookies data/output/cookies.txt -x --audio-format mp3 --audio-quality 0 -o data/output/audio/%(id)s.%(ext)s https://www.youtube.com/watch?v=mrFZwfYuthk
2026-02-16 06:44:19 [INFO] journal_utilities.downloader: Downloaded audio for mrFZwfYuthk in 43.6s
2026-02-16 06:44:19 [INFO] journal_utilities.downloader: Audio for mrFZwfYuthk: success
2026-02-16 06:44:21 [INFO] download_channel: [471/694] Processing 00O1QK9FWh8 — ActInf Livestream #052.1 ~ Geometric Methods for Sampling, Optimisation, Inference and Adaptive...
2026-02-16 06:44:21 [DEBUG] journal_utilities.downloader: yt-dlp audio cmd: yt-dlp --no-warnings --cookies-from-browser chrome --cookies data/output/cookies.txt -x --audio-format mp3 --audio-quality 0 -o data/output/audio/%(id)s.%(ext)s https://www.youtube.com/watch?v=00O1QK9FWh8
2026-02-16 06:45:15 [INFO] journal_utilities.downloader: Downloaded audio for 00O1QK9FWh8 in 54.4s
2026-02-16 06:45:15 [INFO] journal_utilities.downloader: Audio for 00O1QK9FWh8: success
2026-02-16 06:45:17 [INFO] download_channel: [472/694] Processing LPj_ok8Pxxw — ActInf Livestream #052.0 ~ Geometric Methods for Sampling, Optimisation, Inference and Adaptive...
2026-02-16 06:45:17 [DEBUG] journal_utilities.downloader: yt-dlp audio cmd: yt-dlp --no-warnings --cookies-from-browser chrome --cookies data/output/cookies.txt -x --audio-format mp3 --audio-quality 0 -o data/output/audio/%(id)s.%(ext)s https://www.youtube.com/watch?v=LPj_ok8Pxxw
2026-02-16 06:46:01 [INFO] journal_utilities.downloader: Downloaded audio for LPj_ok8Pxxw in 43.8s
2026-02-16 06:46:01 [INFO] journal_utilities.downloader: Audio for LPj_ok8Pxxw: success
2026-02-16 06:46:03 [INFO] download_channel: [473/694] Processing xwybWzLFXGY — ActInf GuestStream #037.1 ~ Baba Brinkman
2026-02-16 06:46:03 [DEBUG] journal_utilities.downloader: yt-dlp audio cmd: yt-dlp --no-warnings --cookies-from-browser chrome --cookies data/output/cookies.txt -x --audio-format mp3 --audio-quality 0 -o data/output/audio/%(id)s.%(ext)s https://www.youtube.com/watch?v=xwybWzLFXGY
2026-02-16 06:46:36 [INFO] journal_utilities.downloader: Downloaded audio for xwybWzLFXGY in 32.3s
2026-02-16 06:46:36 [INFO] journal_utilities.downloader: Audio for xwybWzLFXGY: success
2026-02-16 06:46:38 [INFO] download_channel: [474/694] Processing xlrZ00NQNHo — Active Inference BookStream #002.1 ~ Thomas Parr ~ Active Inference and Free Energy Principle...
2026-02-16 06:46:38 [DEBUG] journal_utilities.downloader: yt-dlp audio cmd: yt-dlp --no-warnings --cookies-from-browser chrome --cookies data/output/cookies.txt -x --audio-format mp3 --audio-quality 0 -o data/output/audio/%(id)s.%(ext)s https://www.youtube.com/watch?v=xlrZ00NQNHo
2026-02-16 06:47:01 [INFO] journal_utilities.downloader: Downloaded audio for xlrZ00NQNHo in 23.6s
2026-02-16 06:47:01 [INFO] journal_utilities.downloader: Audio for xlrZ00NQNHo: success
2026-02-16 06:47:03 [INFO] download_channel: [475/694] Processing DQhPABvJBFk — Active Inference BookStream #001.2 ~ "Governing Continuous Transformation"
2026-02-16 06:47:03 [DEBUG] journal_utilities.downloader: yt-dlp audio cmd: yt-dlp --no-warnings --cookies-from-browser chrome --cookies data/output/cookies.txt -x --audio-format mp3 --audio-quality 0 -o data/output/audio/%(id)s.%(ext)s https://www.youtube.com/watch?v=DQhPABvJBFk
2026-02-16 06:47:25 [INFO] journal_utilities.downloader: Downloaded audio for DQhPABvJBFk in 21.8s
2026-02-16 06:47:25 [INFO] journal_utilities.downloader: Audio for DQhPABvJBFk: success
2026-02-16 06:47:27 [INFO] download_channel: [476/694] Processing j5FVxPubslo — ActInf GuestStream #036.1 ~ Ben Falandays, "A Potential Mechanism for Gibsonian Resonance"
2026-02-16 06:47:27 [DEBUG] journal_utilities.downloader: yt-dlp audio cmd: yt-dlp --no-warnings --cookies-from-browser chrome --cookies data/output/cookies.txt -x --audio-format mp3 --audio-quality 0 -o data/output/audio/%(id)s.%(ext)s https://www.youtube.com/watch?v=j5FVxPubslo
2026-02-16 06:48:09 [INFO] journal_utilities.downloader: Downloaded audio for j5FVxPubslo in 41.5s
2026-02-16 06:48:09 [INFO] journal_utilities.downloader: Audio for j5FVxPubslo: success
2026-02-16 06:48:11 [INFO] download_channel: [477/694] Processing 3oFfxaKBBXY — Active Inference BookStream #001.09 ~ "Governing Continuous Transformation"
2026-02-16 06:48:11 [DEBUG] journal_utilities.downloader: yt-dlp audio cmd: yt-dlp --no-warnings --cookies-from-browser chrome --cookies data/output/cookies.txt -x --audio-format mp3 --audio-quality 0 -o data/output/audio/%(id)s.%(ext)s https://www.youtube.com/watch?v=3oFfxaKBBXY
2026-02-16 06:48:31 [INFO] journal_utilities.downloader: Downloaded audio for 3oFfxaKBBXY in 20.2s
2026-02-16 06:48:31 [INFO] journal_utilities.downloader: Audio for 3oFfxaKBBXY: success
2026-02-16 06:48:33 [INFO] download_channel: [478/694] Processing yNZg5b63hb8 — Active Inference BookStream #001.08 ~ "Governing Continuous Transformation"
2026-02-16 06:48:33 [DEBUG] journal_utilities.downloader: yt-dlp audio cmd: yt-dlp --no-warnings --cookies-from-browser chrome --cookies data/output/cookies.txt -x --audio-format mp3 --audio-quality 0 -o data/output/audio/%(id)s.%(ext)s https://www.youtube.com/watch?v=yNZg5b63hb8
2026-02-16 06:48:56 [INFO] journal_utilities.downloader: Downloaded audio for yNZg5b63hb8 in 22.9s
2026-02-16 06:48:56 [INFO] journal_utilities.downloader: Audio for yNZg5b63hb8: success
2026-02-16 06:48:58 [INFO] download_channel: [479/694] Processing Fh1e4sKh3Vs — ActInf ModelStream #008.1 ~ Tom Ringstrom ~ Reward is Not Necessary
2026-02-16 06:48:58 [DEBUG] journal_utilities.downloader: yt-dlp audio cmd: yt-dlp --no-warnings --cookies-from-browser chrome --cookies data/output/cookies.txt -x --audio-format mp3 --audio-quality 0 -o data/output/audio/%(id)s.%(ext)s https://www.youtube.com/watch?v=Fh1e4sKh3Vs
2026-02-16 06:49:36 [INFO] journal_utilities.downloader: Downloaded audio for Fh1e4sKh3Vs in 38.6s
2026-02-16 06:49:36 [INFO] journal_utilities.downloader: Audio for Fh1e4sKh3Vs: success
2026-02-16 06:49:38 [INFO] download_channel: [480/694] Processing 0_yvUA0lsdI — Active Inference BookStream #001.07 ~ "Governing Continuous Transformation"
2026-02-16 06:49:38 [DEBUG] journal_utilities.downloader: yt-dlp audio cmd: yt-dlp --no-warnings --cookies-from-browser chrome --cookies data/output/cookies.txt -x --audio-format mp3 --audio-quality 0 -o data/output/audio/%(id)s.%(ext)s https://www.youtube.com/watch?v=0_yvUA0lsdI
2026-02-16 06:50:00 [INFO] journal_utilities.downloader: Downloaded audio for 0_yvUA0lsdI in 22.2s
2026-02-16 06:50:00 [INFO] journal_utilities.downloader: Audio for 0_yvUA0lsdI: success
2026-02-16 06:50:02 [INFO] download_channel: [481/694] Processing tbHZC6D39C4 — ActInf GuestStream #035.1 ~ Jordan Hall & Matthew Pirkowski
2026-02-16 06:50:02 [DEBUG] journal_utilities.downloader: yt-dlp audio cmd: yt-dlp --no-warnings --cookies-from-browser chrome --cookies data/output/cookies.txt -x --audio-format mp3 --audio-quality 0 -o data/output/audio/%(id)s.%(ext)s https://www.youtube.com/watch?v=tbHZC6D39C4
2026-02-16 06:50:42 [INFO] journal_utilities.downloader: Downloaded audio for tbHZC6D39C4 in 39.2s
2026-02-16 06:50:42 [INFO] journal_utilities.downloader: Audio for tbHZC6D39C4: success
2026-02-16 06:50:44 [INFO] download_channel: [482/694] Processing 9IPx38SHGqw — ActInf GuestStream #034.1 ~ Avel Guénin-Carlut ~ "Physics of Creation"
2026-02-16 06:50:44 [DEBUG] journal_utilities.downloader: yt-dlp audio cmd: yt-dlp --no-warnings --cookies-from-browser chrome --cookies data/output/cookies.txt -x --audio-format mp3 --audio-quality 0 -o data/output/audio/%(id)s.%(ext)s https://www.youtube.com/watch?v=9IPx38SHGqw
2026-02-16 06:51:25 [INFO] journal_utilities.downloader: Downloaded audio for 9IPx38SHGqw in 41.0s
2026-02-16 06:51:25 [INFO] journal_utilities.downloader: Audio for 9IPx38SHGqw: success
2026-02-16 06:51:27 [INFO] download_channel: [483/694] Processing uX8iSoDR83g — Active Inference ModelStream 007.2 ~ pymdp
2026-02-16 06:51:27 [DEBUG] journal_utilities.downloader: yt-dlp audio cmd: yt-dlp --no-warnings --cookies-from-browser chrome --cookies data/output/cookies.txt -x --audio-format mp3 --audio-quality 0 -o data/output/audio/%(id)s.%(ext)s https://www.youtube.com/watch?v=uX8iSoDR83g
2026-02-16 06:52:11 [INFO] journal_utilities.downloader: Downloaded audio for uX8iSoDR83g in 44.1s
2026-02-16 06:52:11 [INFO] journal_utilities.downloader: Audio for uX8iSoDR83g: success
2026-02-16 06:52:13 [INFO] download_channel: [484/694] Processing 0P_6ME2LpCw — Active Inference BookStream #001.06 ~ "Governing Continuous Transformation"
2026-02-16 06:52:13 [DEBUG] journal_utilities.downloader: yt-dlp audio cmd: yt-dlp --no-warnings --cookies-from-browser chrome --cookies data/output/cookies.txt -x --audio-format mp3 --audio-quality 0 -o data/output/audio/%(id)s.%(ext)s https://www.youtube.com/watch?v=0P_6ME2LpCw
2026-02-16 06:52:34 [INFO] journal_utilities.downloader: Downloaded audio for 0P_6ME2LpCw in 21.6s
2026-02-16 06:52:34 [INFO] journal_utilities.downloader: Audio for 0P_6ME2LpCw: success
2026-02-16 06:52:36 [INFO] download_channel: [485/694] Processing zICcGukKbAA — ActInf GuestStream #033.1 ~ "A taxonomy of surprise definitions", Alireza Modirshanechi
2026-02-16 06:52:36 [DEBUG] journal_utilities.downloader: yt-dlp audio cmd: yt-dlp --no-warnings --cookies-from-browser chrome --cookies data/output/cookies.txt -x --audio-format mp3 --audio-quality 0 -o data/output/audio/%(id)s.%(ext)s https://www.youtube.com/watch?v=zICcGukKbAA
2026-02-16 06:53:12 [INFO] journal_utilities.downloader: Downloaded audio for zICcGukKbAA in 35.9s
2026-02-16 06:53:12 [INFO] journal_utilities.downloader: Audio for zICcGukKbAA: success
2026-02-16 06:53:14 [INFO] download_channel: [486/694] Processing FB_93-zDqNo — Active Inference BookStream #001.1 ~ "Governing Continuous Transformation"
2026-02-16 06:53:14 [DEBUG] journal_utilities.downloader: yt-dlp audio cmd: yt-dlp --no-warnings --cookies-from-browser chrome --cookies data/output/cookies.txt -x --audio-format mp3 --audio-quality 0 -o data/output/audio/%(id)s.%(ext)s https://www.youtube.com/watch?v=FB_93-zDqNo
2026-02-16 06:53:37 [INFO] journal_utilities.downloader: Downloaded audio for FB_93-zDqNo in 22.7s
2026-02-16 06:53:37 [INFO] journal_utilities.downloader: Audio for FB_93-zDqNo: success
2026-02-16 06:53:39 [INFO] download_channel: [487/694] Processing 0pMxBM3ahwQ — ActInf GuestStream #032.1 ~ Adam Pease "A Neuro-Symbolic Approach to Language Understanding"
2026-02-16 06:53:39 [DEBUG] journal_utilities.downloader: yt-dlp audio cmd: yt-dlp --no-warnings --cookies-from-browser chrome --cookies data/output/cookies.txt -x --audio-format mp3 --audio-quality 0 -o data/output/audio/%(id)s.%(ext)s https://www.youtube.com/watch?v=0pMxBM3ahwQ
2026-02-16 06:54:17 [INFO] journal_utilities.downloader: Downloaded audio for 0pMxBM3ahwQ in 38.0s
2026-02-16 06:54:17 [INFO] journal_utilities.downloader: Audio for 0pMxBM3ahwQ: success
2026-02-16 06:54:19 [INFO] download_channel: [488/694] Processing BPzwSTalH5E — Active Inference BookStream #001.04 ~ "Governing Continuous Transformation"
2026-02-16 06:54:19 [DEBUG] journal_utilities.downloader: yt-dlp audio cmd: yt-dlp --no-warnings --cookies-from-browser chrome --cookies data/output/cookies.txt -x --audio-format mp3 --audio-quality 0 -o data/output/audio/%(id)s.%(ext)s https://www.youtube.com/watch?v=BPzwSTalH5E
2026-02-16 06:54:39 [INFO] journal_utilities.downloader: Downloaded audio for BPzwSTalH5E in 19.8s
2026-02-16 06:54:39 [INFO] journal_utilities.downloader: Audio for BPzwSTalH5E: success
2026-02-16 06:54:41 [INFO] download_channel: [489/694] Processing 4IL6KtlCn_o — 2022 Active Inference Livestream Review
2026-02-16 06:54:41 [DEBUG] journal_utilities.downloader: yt-dlp audio cmd: yt-dlp --no-warnings --cookies-from-browser chrome --cookies data/output/cookies.txt -x --audio-format mp3 --audio-quality 0 -o data/output/audio/%(id)s.%(ext)s https://www.youtube.com/watch?v=4IL6KtlCn_o
2026-02-16 06:55:22 [INFO] journal_utilities.downloader: Downloaded audio for 4IL6KtlCn_o in 41.2s
2026-02-16 06:55:22 [INFO] journal_utilities.downloader: Audio for 4IL6KtlCn_o: success
2026-02-16 06:55:24 [INFO] download_channel: [490/694] Processing rCmq0TVGpW0 — Active Inference BookStream #001.03 ~ "Governing Continuous Transformation"
2026-02-16 06:55:24 [DEBUG] journal_utilities.downloader: yt-dlp audio cmd: yt-dlp --no-warnings --cookies-from-browser chrome --cookies data/output/cookies.txt -x --audio-format mp3 --audio-quality 0 -o data/output/audio/%(id)s.%(ext)s https://www.youtube.com/watch?v=rCmq0TVGpW0
2026-02-16 06:55:46 [INFO] journal_utilities.downloader: Downloaded audio for rCmq0TVGpW0 in 22.1s
2026-02-16 06:55:46 [INFO] journal_utilities.downloader: Audio for rCmq0TVGpW0: success
2026-02-16 06:55:48 [INFO] download_channel: [491/694] Processing d8c0iFU8vms — Active Inference BookStream #001.02 ~ "Governing Continuous Transformation"
2026-02-16 06:55:48 [DEBUG] journal_utilities.downloader: yt-dlp audio cmd: yt-dlp --no-warnings --cookies-from-browser chrome --cookies data/output/cookies.txt -x --audio-format mp3 --audio-quality 0 -o data/output/audio/%(id)s.%(ext)s https://www.youtube.com/watch?v=d8c0iFU8vms
2026-02-16 06:56:17 [INFO] journal_utilities.downloader: Downloaded audio for d8c0iFU8vms in 29.0s
2026-02-16 06:56:17 [INFO] journal_utilities.downloader: Audio for d8c0iFU8vms: success
2026-02-16 06:56:19 [INFO] download_channel: [492/694] Processing 57-aRIjUrC4 — ActInf GuestStream #031.1 ~ Brett Kagan & Adeel Razi
2026-02-16 06:56:19 [DEBUG] journal_utilities.downloader: yt-dlp audio cmd: yt-dlp --no-warnings --cookies-from-browser chrome --cookies data/output/cookies.txt -x --audio-format mp3 --audio-quality 0 -o data/output/audio/%(id)s.%(ext)s https://www.youtube.com/watch?v=57-aRIjUrC4
2026-02-16 06:56:54 [INFO] journal_utilities.downloader: Downloaded audio for 57-aRIjUrC4 in 34.6s
2026-02-16 06:56:54 [INFO] journal_utilities.downloader: Audio for 57-aRIjUrC4: success
2026-02-16 06:56:56 [INFO] download_channel: [493/694] Processing thO3nsvgego — Active Inference BookStream #001.01 ~ "Governing Continuous Transformation"
2026-02-16 06:56:56 [DEBUG] journal_utilities.downloader: yt-dlp audio cmd: yt-dlp --no-warnings --cookies-from-browser chrome --cookies data/output/cookies.txt -x --audio-format mp3 --audio-quality 0 -o data/output/audio/%(id)s.%(ext)s https://www.youtube.com/watch?v=thO3nsvgego
2026-02-16 06:57:18 [INFO] journal_utilities.downloader: Downloaded audio for thO3nsvgego in 22.8s
2026-02-16 06:57:18 [INFO] journal_utilities.downloader: Audio for thO3nsvgego: success
2026-02-16 06:57:20 [INFO] download_channel: [494/694] Processing skf3sOM-7WI — Active Inference ModelStream 007.1 ~ Conor Heins & Daphne Demekas ~ pymdp
2026-02-16 06:57:20 [DEBUG] journal_utilities.downloader: yt-dlp audio cmd: yt-dlp --no-warnings --cookies-from-browser chrome --cookies data/output/cookies.txt -x --audio-format mp3 --audio-quality 0 -o data/output/audio/%(id)s.%(ext)s https://www.youtube.com/watch?v=skf3sOM-7WI
2026-02-16 06:57:59 [INFO] journal_utilities.downloader: Downloaded audio for skf3sOM-7WI in 38.3s
2026-02-16 06:57:59 [INFO] journal_utilities.downloader: Audio for skf3sOM-7WI: success
2026-02-16 06:58:01 [INFO] download_channel: [495/694] Processing hY_CajLpt9Q — ActInf Livestream #051.2 ~ “Canonical neural networks perform active inference"
2026-02-16 06:58:01 [DEBUG] journal_utilities.downloader: yt-dlp audio cmd: yt-dlp --no-warnings --cookies-from-browser chrome --cookies data/output/cookies.txt -x --audio-format mp3 --audio-quality 0 -o data/output/audio/%(id)s.%(ext)s https://www.youtube.com/watch?v=hY_CajLpt9Q
2026-02-16 06:58:42 [INFO] journal_utilities.downloader: Downloaded audio for hY_CajLpt9Q in 41.5s
2026-02-16 06:58:42 [INFO] journal_utilities.downloader: Audio for hY_CajLpt9Q: success
2026-02-16 06:58:44 [INFO] download_channel: [496/694] Processing OwGNVmQIO9E — ActInf OrgStream #003.1 ~ Bijan Khezri
2026-02-16 06:58:44 [DEBUG] journal_utilities.downloader: yt-dlp audio cmd: yt-dlp --no-warnings --cookies-from-browser chrome --cookies data/output/cookies.txt -x --audio-format mp3 --audio-quality 0 -o data/output/audio/%(id)s.%(ext)s https://www.youtube.com/watch?v=OwGNVmQIO9E
2026-02-16 06:59:01 [INFO] journal_utilities.downloader: Downloaded audio for OwGNVmQIO9E in 16.7s
2026-02-16 06:59:01 [INFO] journal_utilities.downloader: Audio for OwGNVmQIO9E: success
2026-02-16 06:59:03 [INFO] download_channel: [497/694] Processing 4o-LmkycAC0 — ActInf Livestream #050.2 ~ "Interoception as modeling, allostasis as control"
2026-02-16 06:59:03 [DEBUG] journal_utilities.downloader: yt-dlp audio cmd: yt-dlp --no-warnings --cookies-from-browser chrome --cookies data/output/cookies.txt -x --audio-format mp3 --audio-quality 0 -o data/output/audio/%(id)s.%(ext)s https://www.youtube.com/watch?v=4o-LmkycAC0
2026-02-16 06:59:45 [INFO] journal_utilities.downloader: Downloaded audio for 4o-LmkycAC0 in 41.9s
2026-02-16 06:59:45 [INFO] journal_utilities.downloader: Audio for 4o-LmkycAC0: success
2026-02-16 06:59:47 [INFO] download_channel: [498/694] Processing IM_NlUzyq8M — ActInf Livestream #051.1 ~ “Canonical neural networks perform active inference"
2026-02-16 06:59:47 [DEBUG] journal_utilities.downloader: yt-dlp audio cmd: yt-dlp --no-warnings --cookies-from-browser chrome --cookies data/output/cookies.txt -x --audio-format mp3 --audio-quality 0 -o data/output/audio/%(id)s.%(ext)s https://www.youtube.com/watch?v=IM_NlUzyq8M
2026-02-16 07:00:28 [INFO] journal_utilities.downloader: Downloaded audio for IM_NlUzyq8M in 40.9s
2026-02-16 07:00:28 [INFO] journal_utilities.downloader: Audio for IM_NlUzyq8M: success
2026-02-16 07:00:30 [INFO] download_channel: [499/694] Processing ZASG-rtkXDk — ActInf Livestream #051.0 ~ “Canonical neural networks perform active inference"
2026-02-16 07:00:30 [DEBUG] journal_utilities.downloader: yt-dlp audio cmd: yt-dlp --no-warnings --cookies-from-browser chrome --cookies data/output/cookies.txt -x --audio-format mp3 --audio-quality 0 -o data/output/audio/%(id)s.%(ext)s https://www.youtube.com/watch?v=ZASG-rtkXDk
2026-02-16 07:01:08 [INFO] journal_utilities.downloader: Downloaded audio for ZASG-rtkXDk in 38.1s
2026-02-16 07:01:08 [INFO] journal_utilities.downloader: Audio for ZASG-rtkXDk: success
2026-02-16 07:01:10 [INFO] download_channel: [500/694] Processing tGd-mgSdbio — ActInf Livestream #050.1~ "Interoception as modeling, allostasis as control"
2026-02-16 07:01:10 [DEBUG] journal_utilities.downloader: yt-dlp audio cmd: yt-dlp --no-warnings --cookies-from-browser chrome --cookies data/output/cookies.txt -x --audio-format mp3 --audio-quality 0 -o data/output/audio/%(id)s.%(ext)s https://www.youtube.com/watch?v=tGd-mgSdbio
2026-02-16 07:01:52 [INFO] journal_utilities.downloader: Downloaded audio for tGd-mgSdbio in 41.9s
2026-02-16 07:01:52 [INFO] journal_utilities.downloader: Audio for tGd-mgSdbio: success
2026-02-16 07:01:54 [INFO] download_channel: [501/694] Processing l7r0ISlr-Hc — ActInf Livestream #050.0~ "Interoception as modeling, allostasis as control"
2026-02-16 07:01:54 [DEBUG] journal_utilities.downloader: yt-dlp audio cmd: yt-dlp --no-warnings --cookies-from-browser chrome --cookies data/output/cookies.txt -x --audio-format mp3 --audio-quality 0 -o data/output/audio/%(id)s.%(ext)s https://www.youtube.com/watch?v=l7r0ISlr-Hc
2026-02-16 07:02:23 [INFO] journal_utilities.downloader: Downloaded audio for l7r0ISlr-Hc in 29.4s
2026-02-16 07:02:23 [INFO] journal_utilities.downloader: Audio for l7r0ISlr-Hc: success
2026-02-16 07:02:25 [INFO] download_channel: [502/694] Processing QUBmgn7K_4E — Active Inference GuestStream #030.1 ~ Kyrtin Atreides ~ "The Human Governance Problem"
2026-02-16 07:02:25 [DEBUG] journal_utilities.downloader: yt-dlp audio cmd: yt-dlp --no-warnings --cookies-from-browser chrome --cookies data/output/cookies.txt -x --audio-format mp3 --audio-quality 0 -o data/output/audio/%(id)s.%(ext)s https://www.youtube.com/watch?v=QUBmgn7K_4E
2026-02-16 07:03:08 [INFO] journal_utilities.downloader: Downloaded audio for QUBmgn7K_4E in 42.5s
2026-02-16 07:03:08 [INFO] journal_utilities.downloader: Audio for QUBmgn7K_4E: success
2026-02-16 07:03:10 [INFO] download_channel: [503/694] Processing KqiLO9Dfj-4 — ActInf GuestStream #028.1 ~ Reconceiving rationality: situating rationality into enactive cognition
2026-02-16 07:03:10 [DEBUG] journal_utilities.downloader: yt-dlp audio cmd: yt-dlp --no-warnings --cookies-from-browser chrome --cookies data/output/cookies.txt -x --audio-format mp3 --audio-quality 0 -o data/output/audio/%(id)s.%(ext)s https://www.youtube.com/watch?v=KqiLO9Dfj-4
2026-02-16 07:03:40 [INFO] journal_utilities.downloader: Downloaded audio for KqiLO9Dfj-4 in 30.3s
2026-02-16 07:03:40 [INFO] journal_utilities.downloader: Audio for KqiLO9Dfj-4: success
2026-02-16 07:03:42 [INFO] download_channel: [504/694] Processing 2SuBJBEg9LI — ActInf Livestream #049.2 ~ "A Worked Example of the Bayesian Mechanics of Classical Objects"
2026-02-16 07:03:42 [DEBUG] journal_utilities.downloader: yt-dlp audio cmd: yt-dlp --no-warnings --cookies-from-browser chrome --cookies data/output/cookies.txt -x --audio-format mp3 --audio-quality 0 -o data/output/audio/%(id)s.%(ext)s https://www.youtube.com/watch?v=2SuBJBEg9LI
2026-02-16 07:04:26 [INFO] journal_utilities.downloader: Downloaded audio for 2SuBJBEg9LI in 44.0s
2026-02-16 07:04:26 [INFO] journal_utilities.downloader: Audio for 2SuBJBEg9LI: success
2026-02-16 07:04:28 [INFO] download_channel: [505/694] Processing dAtC-Enmc8M — ActInf Livestream #049.1 ~ "A Worked Example of the Bayesian Mechanics of Classical Objects"
2026-02-16 07:04:28 [DEBUG] journal_utilities.downloader: yt-dlp audio cmd: yt-dlp --no-warnings --cookies-from-browser chrome --cookies data/output/cookies.txt -x --audio-format mp3 --audio-quality 0 -o data/output/audio/%(id)s.%(ext)s https://www.youtube.com/watch?v=dAtC-Enmc8M
2026-02-16 07:05:10 [INFO] journal_utilities.downloader: Downloaded audio for dAtC-Enmc8M in 41.9s
2026-02-16 07:05:10 [INFO] journal_utilities.downloader: Audio for dAtC-Enmc8M: success
2026-02-16 07:05:12 [INFO] download_channel: [506/694] Processing OtX2Fpzn7KA — ActInf Livestream #049.0 ~ "A Worked Example of the Bayesian Mechanics of Classical Objects"
2026-02-16 07:05:12 [DEBUG] journal_utilities.downloader: yt-dlp audio cmd: yt-dlp --no-warnings --cookies-from-browser chrome --cookies data/output/cookies.txt -x --audio-format mp3 --audio-quality 0 -o data/output/audio/%(id)s.%(ext)s https://www.youtube.com/watch?v=OtX2Fpzn7KA
2026-02-16 07:05:50 [INFO] journal_utilities.downloader: Downloaded audio for OtX2Fpzn7KA in 37.9s
2026-02-16 07:05:50 [INFO] journal_utilities.downloader: Audio for OtX2Fpzn7KA: success
2026-02-16 07:05:52 [INFO] download_channel: [507/694] Processing DJ9n6a8mMzM — Active Inference Institute ~ 2022 Quarterly Roundtable #3
2026-02-16 07:05:52 [DEBUG] journal_utilities.downloader: yt-dlp audio cmd: yt-dlp --no-warnings --cookies-from-browser chrome --cookies data/output/cookies.txt -x --audio-format mp3 --audio-quality 0 -o data/output/audio/%(id)s.%(ext)s https://www.youtube.com/watch?v=DJ9n6a8mMzM
2026-02-16 07:06:14 [INFO] journal_utilities.downloader: Downloaded audio for DJ9n6a8mMzM in 21.8s
2026-02-16 07:06:14 [INFO] journal_utilities.downloader: Audio for DJ9n6a8mMzM: success
2026-02-16 07:06:16 [INFO] download_channel: [508/694] Processing Sb8A0jNzWPE — Active Inference ~ Twitter Spaces #002 ~ Web3 survive without cognitive modeling? 👀
2026-02-16 07:06:16 [DEBUG] journal_utilities.downloader: yt-dlp audio cmd: yt-dlp --no-warnings --cookies-from-browser chrome --cookies data/output/cookies.txt -x --audio-format mp3 --audio-quality 0 -o data/output/audio/%(id)s.%(ext)s https://www.youtube.com/watch?v=Sb8A0jNzWPE
2026-02-16 07:06:41 [INFO] journal_utilities.downloader: Downloaded audio for Sb8A0jNzWPE in 25.7s
2026-02-16 07:06:41 [INFO] journal_utilities.downloader: Audio for Sb8A0jNzWPE: success
2026-02-16 07:06:43 [INFO] download_channel: [509/694] Processing hIIyYu2C-SI — ActInf Livestream #048.2 ~ "Communication as Socially Extended Active Inference"
2026-02-16 07:06:43 [DEBUG] journal_utilities.downloader: yt-dlp audio cmd: yt-dlp --no-warnings --cookies-from-browser chrome --cookies data/output/cookies.txt -x --audio-format mp3 --audio-quality 0 -o data/output/audio/%(id)s.%(ext)s https://www.youtube.com/watch?v=hIIyYu2C-SI
2026-02-16 07:07:24 [INFO] journal_utilities.downloader: Downloaded audio for hIIyYu2C-SI in 40.4s
2026-02-16 07:07:24 [INFO] journal_utilities.downloader: Audio for hIIyYu2C-SI: success
2026-02-16 07:07:26 [INFO] download_channel: [510/694] Processing aN1GXOZp6xY — ActInf MathStream #004.1 ~ David Spivak
2026-02-16 07:07:26 [DEBUG] journal_utilities.downloader: yt-dlp audio cmd: yt-dlp --no-warnings --cookies-from-browser chrome --cookies data/output/cookies.txt -x --audio-format mp3 --audio-quality 0 -o data/output/audio/%(id)s.%(ext)s https://www.youtube.com/watch?v=aN1GXOZp6xY
2026-02-16 07:08:05 [INFO] journal_utilities.downloader: Downloaded audio for aN1GXOZp6xY in 39.9s
2026-02-16 07:08:05 [INFO] journal_utilities.downloader: Audio for aN1GXOZp6xY: success
2026-02-16 07:08:07 [INFO] download_channel: [511/694] Processing Pw2vxMRxF5o — Active Inference GuestStream #027.1 ~ John Vervaeke
2026-02-16 07:08:07 [DEBUG] journal_utilities.downloader: yt-dlp audio cmd: yt-dlp --no-warnings --cookies-from-browser chrome --cookies data/output/cookies.txt -x --audio-format mp3 --audio-quality 0 -o data/output/audio/%(id)s.%(ext)s https://www.youtube.com/watch?v=Pw2vxMRxF5o
2026-02-16 07:08:51 [INFO] journal_utilities.downloader: Downloaded audio for Pw2vxMRxF5o in 44.0s
2026-02-16 07:08:51 [INFO] journal_utilities.downloader: Audio for Pw2vxMRxF5o: success
2026-02-16 07:08:53 [INFO] download_channel: [512/694] Processing nWFM5zrdmG8 — ActInf Livestream #048.1 ~ "Communication as Socially Extended Active Inference"
2026-02-16 07:08:53 [DEBUG] journal_utilities.downloader: yt-dlp audio cmd: yt-dlp --no-warnings --cookies-from-browser chrome --cookies data/output/cookies.txt -x --audio-format mp3 --audio-quality 0 -o data/output/audio/%(id)s.%(ext)s https://www.youtube.com/watch?v=nWFM5zrdmG8
2026-02-16 07:09:34 [INFO] journal_utilities.downloader: Downloaded audio for nWFM5zrdmG8 in 40.8s
2026-02-16 07:09:34 [INFO] journal_utilities.downloader: Audio for nWFM5zrdmG8: success
2026-02-16 07:09:36 [INFO] download_channel: [513/694] Processing zqiZjjY9H7M — ActInf Livestream #048.0 ~ "Communication as Socially Extended Active Inference"
2026-02-16 07:09:36 [DEBUG] journal_utilities.downloader: yt-dlp audio cmd: yt-dlp --no-warnings --cookies-from-browser chrome --cookies data/output/cookies.txt -x --audio-format mp3 --audio-quality 0 -o data/output/audio/%(id)s.%(ext)s https://www.youtube.com/watch?v=zqiZjjY9H7M
2026-02-16 07:10:03 [INFO] journal_utilities.downloader: Downloaded audio for zqiZjjY9H7M in 26.6s
2026-02-16 07:10:03 [INFO] journal_utilities.downloader: Audio for zqiZjjY9H7M: success
2026-02-16 07:10:05 [INFO] download_channel: [514/694] Processing xBKRLG97cz4 — ActInf ModelStream #006.1 ~ "Branching Time Active Inference: the theory and its generality"
2026-02-16 07:10:05 [DEBUG] journal_utilities.downloader: yt-dlp audio cmd: yt-dlp --no-warnings --cookies-from-browser chrome --cookies data/output/cookies.txt -x --audio-format mp3 --audio-quality 0 -o data/output/audio/%(id)s.%(ext)s https://www.youtube.com/watch?v=xBKRLG97cz4
2026-02-16 07:10:42 [INFO] journal_utilities.downloader: Downloaded audio for xBKRLG97cz4 in 36.8s
2026-02-16 07:10:42 [INFO] journal_utilities.downloader: Audio for xBKRLG97cz4: success
2026-02-16 07:10:44 [INFO] download_channel: [515/694] Processing riJYh87FPx4 — ActInf Livestream #047.2 ~ “Enactive-Dynamic Social Cognition" & “Active Inference and Abduction”
2026-02-16 07:10:44 [DEBUG] journal_utilities.downloader: yt-dlp audio cmd: yt-dlp --no-warnings --cookies-from-browser chrome --cookies data/output/cookies.txt -x --audio-format mp3 --audio-quality 0 -o data/output/audio/%(id)s.%(ext)s https://www.youtube.com/watch?v=riJYh87FPx4
2026-02-16 07:11:24 [INFO] journal_utilities.downloader: Downloaded audio for riJYh87FPx4 in 39.9s
2026-02-16 07:11:24 [INFO] journal_utilities.downloader: Audio for riJYh87FPx4: success
2026-02-16 07:11:26 [INFO] download_channel: [516/694] Processing J7cu4slfIBA — ActInf GuestStream #026.1 ~ "From Users to (Sense)Makers" and Stigmergic Annotation
2026-02-16 07:11:26 [DEBUG] journal_utilities.downloader: yt-dlp audio cmd: yt-dlp --no-warnings --cookies-from-browser chrome --cookies data/output/cookies.txt -x --audio-format mp3 --audio-quality 0 -o data/output/audio/%(id)s.%(ext)s https://www.youtube.com/watch?v=J7cu4slfIBA
2026-02-16 07:12:00 [INFO] journal_utilities.downloader: Downloaded audio for J7cu4slfIBA in 34.8s
2026-02-16 07:12:00 [INFO] journal_utilities.downloader: Audio for J7cu4slfIBA: success
2026-02-16 07:12:02 [INFO] download_channel: [517/694] Processing 1yYFJnf_mHY — ActInf Livestream #047.1 ~ “Enactive-Dynamic Social Cognition" & “Active Inference and Abduction”
2026-02-16 07:12:02 [DEBUG] journal_utilities.downloader: yt-dlp audio cmd: yt-dlp --no-warnings --cookies-from-browser chrome --cookies data/output/cookies.txt -x --audio-format mp3 --audio-quality 0 -o data/output/audio/%(id)s.%(ext)s https://www.youtube.com/watch?v=1yYFJnf_mHY
2026-02-16 07:12:43 [INFO] journal_utilities.downloader: Downloaded audio for 1yYFJnf_mHY in 40.2s
2026-02-16 07:12:43 [INFO] journal_utilities.downloader: Audio for 1yYFJnf_mHY: success
2026-02-16 07:12:45 [INFO] download_channel: [518/694] Processing ZYhrtsyzS_w — ActInf GuestStream #025.1 ~ "Autistic-Like Traits, Positive Schizotypy, Predictive Mind”
2026-02-16 07:12:45 [DEBUG] journal_utilities.downloader: yt-dlp audio cmd: yt-dlp --no-warnings --cookies-from-browser chrome --cookies data/output/cookies.txt -x --audio-format mp3 --audio-quality 0 -o data/output/audio/%(id)s.%(ext)s https://www.youtube.com/watch?v=ZYhrtsyzS_w
2026-02-16 07:13:16 [INFO] journal_utilities.downloader: Downloaded audio for ZYhrtsyzS_w in 31.2s
2026-02-16 07:13:16 [INFO] journal_utilities.downloader: Audio for ZYhrtsyzS_w: success
2026-02-16 07:13:18 [INFO] download_channel: [519/694] Processing WKjqw3My_xM — ActInf Livestream #047.0 ~ “Enactive-Dynamic Social Cognition" & “Active Inference and Abduction”
2026-02-16 07:13:18 [DEBUG] journal_utilities.downloader: yt-dlp audio cmd: yt-dlp --no-warnings --cookies-from-browser chrome --cookies data/output/cookies.txt -x --audio-format mp3 --audio-quality 0 -o data/output/audio/%(id)s.%(ext)s https://www.youtube.com/watch?v=WKjqw3My_xM
2026-02-16 07:14:00 [INFO] journal_utilities.downloader: Downloaded audio for WKjqw3My_xM in 42.6s
2026-02-16 07:14:00 [INFO] journal_utilities.downloader: Audio for WKjqw3My_xM: success
2026-02-16 07:14:02 [INFO] download_channel: [520/694] Processing dTVHHenms_Y — 2nd Applied Active Inference Symposium on "Robotics" ~ 2nd session
2026-02-16 07:14:02 [DEBUG] journal_utilities.downloader: yt-dlp audio cmd: yt-dlp --no-warnings --cookies-from-browser chrome --cookies data/output/cookies.txt -x --audio-format mp3 --audio-quality 0 -o data/output/audio/%(id)s.%(ext)s https://www.youtube.com/watch?v=dTVHHenms_Y
2026-02-16 07:15:30 [INFO] journal_utilities.downloader: Downloaded audio for dTVHHenms_Y in 87.2s
2026-02-16 07:15:30 [INFO] journal_utilities.downloader: Audio for dTVHHenms_Y: success
2026-02-16 07:15:32 [INFO] download_channel: [521/694] Processing zm2d9o5n0PU — 2nd Applied Active Inference Symposium on "Robotics" ~ 1st session
2026-02-16 07:15:32 [DEBUG] journal_utilities.downloader: yt-dlp audio cmd: yt-dlp --no-warnings --cookies-from-browser chrome --cookies data/output/cookies.txt -x --audio-format mp3 --audio-quality 0 -o data/output/audio/%(id)s.%(ext)s https://www.youtube.com/watch?v=zm2d9o5n0PU
2026-02-16 07:16:49 [INFO] journal_utilities.downloader: Downloaded audio for zm2d9o5n0PU in 77.6s
2026-02-16 07:16:49 [INFO] journal_utilities.downloader: Audio for zm2d9o5n0PU: success
2026-02-16 07:16:51 [INFO] download_channel: [522/694] Processing WEfc9X437yY — ActInf GuestStream #015.2 ~ Bobby Azarian "The Integrated Evolutionary Synthesis"
2026-02-16 07:16:51 [DEBUG] journal_utilities.downloader: yt-dlp audio cmd: yt-dlp --no-warnings --cookies-from-browser chrome --cookies data/output/cookies.txt -x --audio-format mp3 --audio-quality 0 -o data/output/audio/%(id)s.%(ext)s https://www.youtube.com/watch?v=WEfc9X437yY
2026-02-16 07:17:44 [INFO] journal_utilities.downloader: Downloaded audio for WEfc9X437yY in 53.3s
2026-02-16 07:17:44 [INFO] journal_utilities.downloader: Audio for WEfc9X437yY: success
2026-02-16 07:17:46 [INFO] download_channel: [523/694] Processing 2s27lSZDqGM — ActInfLab ~ 2022 Quarterly Roundtable #2
2026-02-16 07:17:46 [DEBUG] journal_utilities.downloader: yt-dlp audio cmd: yt-dlp --no-warnings --cookies-from-browser chrome --cookies data/output/cookies.txt -x --audio-format mp3 --audio-quality 0 -o data/output/audio/%(id)s.%(ext)s https://www.youtube.com/watch?v=2s27lSZDqGM
2026-02-16 07:18:20 [INFO] journal_utilities.downloader: Downloaded audio for 2s27lSZDqGM in 33.6s
2026-02-16 07:18:20 [INFO] journal_utilities.downloader: Audio for 2s27lSZDqGM: success
2026-02-16 07:18:22 [INFO] download_channel: [524/694] Processing 7_YNInrALU8 — ActInf Livestream #046.2 ~ "Active inference models do not contradict folk psychology"
2026-02-16 07:18:22 [DEBUG] journal_utilities.downloader: yt-dlp audio cmd: yt-dlp --no-warnings --cookies-from-browser chrome --cookies data/output/cookies.txt -x --audio-format mp3 --audio-quality 0 -o data/output/audio/%(id)s.%(ext)s https://www.youtube.com/watch?v=7_YNInrALU8
2026-02-16 07:19:00 [INFO] journal_utilities.downloader: Downloaded audio for 7_YNInrALU8 in 38.1s
2026-02-16 07:19:00 [INFO] journal_utilities.downloader: Audio for 7_YNInrALU8: success
2026-02-16 07:19:02 [INFO] download_channel: [525/694] Processing JPsdk7pVa1I — ActInf Livestream #046.1 ~ "Active inference models do not contradict folk psychology"
2026-02-16 07:19:02 [DEBUG] journal_utilities.downloader: yt-dlp audio cmd: yt-dlp --no-warnings --cookies-from-browser chrome --cookies data/output/cookies.txt -x --audio-format mp3 --audio-quality 0 -o data/output/audio/%(id)s.%(ext)s https://www.youtube.com/watch?v=JPsdk7pVa1I
2026-02-16 07:19:42 [INFO] journal_utilities.downloader: Downloaded audio for JPsdk7pVa1I in 39.4s
2026-02-16 07:19:42 [INFO] journal_utilities.downloader: Audio for JPsdk7pVa1I: success
2026-02-16 07:19:44 [INFO] download_channel: [526/694] Processing igY9iyowesc — ActInf GuestStream #023.1 ~ Maxwell Ramstead, Dalton Sakthivadivel, et al.
2026-02-16 07:19:44 [DEBUG] journal_utilities.downloader: yt-dlp audio cmd: yt-dlp --no-warnings --cookies-from-browser chrome --cookies data/output/cookies.txt -x --audio-format mp3 --audio-quality 0 -o data/output/audio/%(id)s.%(ext)s https://www.youtube.com/watch?v=igY9iyowesc
2026-02-16 07:20:21 [INFO] journal_utilities.downloader: Downloaded audio for igY9iyowesc in 37.4s
2026-02-16 07:20:21 [INFO] journal_utilities.downloader: Audio for igY9iyowesc: success
2026-02-16 07:20:23 [INFO] download_channel: [527/694] Processing c0_Vf5_qiWk — ActInf GuestStream #016.2 ~ Mark Solms "Consciousness as Precision Optimization"
2026-02-16 07:20:23 [DEBUG] journal_utilities.downloader: yt-dlp audio cmd: yt-dlp --no-warnings --cookies-from-browser chrome --cookies data/output/cookies.txt -x --audio-format mp3 --audio-quality 0 -o data/output/audio/%(id)s.%(ext)s https://www.youtube.com/watch?v=c0_Vf5_qiWk
2026-02-16 07:21:05 [INFO] journal_utilities.downloader: Downloaded audio for c0_Vf5_qiWk in 41.7s
2026-02-16 07:21:05 [INFO] journal_utilities.downloader: Audio for c0_Vf5_qiWk: success
2026-02-16 07:21:07 [INFO] download_channel: [528/694] Processing skcKoCcAQJI — ActInf Livestream #046.0 ~ "Active inference models do not contradict folk psychology"
2026-02-16 07:21:07 [DEBUG] journal_utilities.downloader: yt-dlp audio cmd: yt-dlp --no-warnings --cookies-from-browser chrome --cookies data/output/cookies.txt -x --audio-format mp3 --audio-quality 0 -o data/output/audio/%(id)s.%(ext)s https://www.youtube.com/watch?v=skcKoCcAQJI
2026-02-16 07:21:44 [INFO] journal_utilities.downloader: Downloaded audio for skcKoCcAQJI in 37.6s
2026-02-16 07:21:44 [INFO] journal_utilities.downloader: Audio for skcKoCcAQJI: success
2026-02-16 07:21:46 [INFO] download_channel: [529/694] Processing S5-jXzhiG18 — ActInf Livestream #045.2 ~ "The free energy principle made simpler but not too simple"
2026-02-16 07:21:46 [DEBUG] journal_utilities.downloader: yt-dlp audio cmd: yt-dlp --no-warnings --cookies-from-browser chrome --cookies data/output/cookies.txt -x --audio-format mp3 --audio-quality 0 -o data/output/audio/%(id)s.%(ext)s https://www.youtube.com/watch?v=S5-jXzhiG18
2026-02-16 07:22:36 [INFO] journal_utilities.downloader: Downloaded audio for S5-jXzhiG18 in 50.1s
2026-02-16 07:22:36 [INFO] journal_utilities.downloader: Audio for S5-jXzhiG18: success
2026-02-16 07:22:38 [INFO] download_channel: [530/694] Processing V0l9fOJgbtc — ActInf Livestream #045.1 ~ "The free energy principle made simpler but not too simple"
2026-02-16 07:22:38 [DEBUG] journal_utilities.downloader: yt-dlp audio cmd: yt-dlp --no-warnings --cookies-from-browser chrome --cookies data/output/cookies.txt -x --audio-format mp3 --audio-quality 0 -o data/output/audio/%(id)s.%(ext)s https://www.youtube.com/watch?v=V0l9fOJgbtc
2026-02-16 07:23:27 [INFO] journal_utilities.downloader: Downloaded audio for V0l9fOJgbtc in 48.6s
2026-02-16 07:23:27 [INFO] journal_utilities.downloader: Audio for V0l9fOJgbtc: success
2026-02-16 07:23:29 [INFO] download_channel: [531/694] Processing 9MQQKaKEXs0 — ActInf Livestream #045.0 ~ "The free energy principle made simpler but not too simple"
2026-02-16 07:23:29 [DEBUG] journal_utilities.downloader: yt-dlp audio cmd: yt-dlp --no-warnings --cookies-from-browser chrome --cookies data/output/cookies.txt -x --audio-format mp3 --audio-quality 0 -o data/output/audio/%(id)s.%(ext)s https://www.youtube.com/watch?v=9MQQKaKEXs0
2026-02-16 07:24:14 [INFO] journal_utilities.downloader: Downloaded audio for 9MQQKaKEXs0 in 44.8s
2026-02-16 07:24:14 [INFO] journal_utilities.downloader: Audio for 9MQQKaKEXs0: success
2026-02-16 07:24:16 [INFO] download_channel: [532/694] Processing epoHxFdzFkw — ActInf Livestream #044.2 ~ Therapeutic Alliance as Active Inference: The Role of Therapeutic Touch..
2026-02-16 07:24:16 [DEBUG] journal_utilities.downloader: yt-dlp audio cmd: yt-dlp --no-warnings --cookies-from-browser chrome --cookies data/output/cookies.txt -x --audio-format mp3 --audio-quality 0 -o data/output/audio/%(id)s.%(ext)s https://www.youtube.com/watch?v=epoHxFdzFkw
2026-02-16 07:24:58 [INFO] journal_utilities.downloader: Downloaded audio for epoHxFdzFkw in 41.9s
2026-02-16 07:24:58 [INFO] journal_utilities.downloader: Audio for epoHxFdzFkw: success
2026-02-16 07:25:00 [INFO] download_channel: [533/694] Processing y1vtKYzVUaY — ActInf Livestream #044.1 ~ Therapeutic Alliance as Active Inference: The Role of Therapeutic Touch..
2026-02-16 07:25:00 [DEBUG] journal_utilities.downloader: yt-dlp audio cmd: yt-dlp --no-warnings --cookies-from-browser chrome --cookies data/output/cookies.txt -x --audio-format mp3 --audio-quality 0 -o data/output/audio/%(id)s.%(ext)s https://www.youtube.com/watch?v=y1vtKYzVUaY
2026-02-16 07:25:39 [INFO] journal_utilities.downloader: Downloaded audio for y1vtKYzVUaY in 39.5s
2026-02-16 07:25:39 [INFO] journal_utilities.downloader: Audio for y1vtKYzVUaY: success
2026-02-16 07:25:41 [INFO] download_channel: [534/694] Processing yNubOHOJeIQ — ActInf Livestream #044.0 ~ Therapeutic Alliance as Active Inference: The Role of Therapeutic Touch
2026-02-16 07:25:41 [DEBUG] journal_utilities.downloader: yt-dlp audio cmd: yt-dlp --no-warnings --cookies-from-browser chrome --cookies data/output/cookies.txt -x --audio-format mp3 --audio-quality 0 -o data/output/audio/%(id)s.%(ext)s https://www.youtube.com/watch?v=yNubOHOJeIQ
2026-02-16 07:26:17 [INFO] journal_utilities.downloader: Downloaded audio for yNubOHOJeIQ in 35.7s
2026-02-16 07:26:17 [INFO] journal_utilities.downloader: Audio for yNubOHOJeIQ: success
2026-02-16 07:26:19 [INFO] download_channel: [535/694] Processing X0Q6JLDYWJo — ActInf Livestream #043.2 ~ "Predictive Coding: a Theoretical and Experimental Review"
2026-02-16 07:26:19 [DEBUG] journal_utilities.downloader: yt-dlp audio cmd: yt-dlp --no-warnings --cookies-from-browser chrome --cookies data/output/cookies.txt -x --audio-format mp3 --audio-quality 0 -o data/output/audio/%(id)s.%(ext)s https://www.youtube.com/watch?v=X0Q6JLDYWJo
2026-02-16 07:27:27 [INFO] journal_utilities.downloader: Downloaded audio for X0Q6JLDYWJo in 67.7s
2026-02-16 07:27:27 [INFO] journal_utilities.downloader: Audio for X0Q6JLDYWJo: success
2026-02-16 07:27:29 [INFO] download_channel: [536/694] Processing O4u8PRzk1vY — ActInf Livestream #043.1 ~ "Predictive Coding: a Theoretical and Experimental Review"
2026-02-16 07:27:29 [DEBUG] journal_utilities.downloader: yt-dlp audio cmd: yt-dlp --no-warnings --cookies-from-browser chrome --cookies data/output/cookies.txt -x --audio-format mp3 --audio-quality 0 -o data/output/audio/%(id)s.%(ext)s https://www.youtube.com/watch?v=O4u8PRzk1vY
2026-02-16 07:28:13 [INFO] journal_utilities.downloader: Downloaded audio for O4u8PRzk1vY in 44.5s
2026-02-16 07:28:13 [INFO] journal_utilities.downloader: Audio for O4u8PRzk1vY: success
2026-02-16 07:28:15 [INFO] download_channel: [537/694] Processing 4VApGjFESlE — ActInf GuestStream #022.1 ~ Anna Lembke, "Dopamine Nation"
2026-02-16 07:28:15 [DEBUG] journal_utilities.downloader: yt-dlp audio cmd: yt-dlp --no-warnings --cookies-from-browser chrome --cookies data/output/cookies.txt -x --audio-format mp3 --audio-quality 0 -o data/output/audio/%(id)s.%(ext)s https://www.youtube.com/watch?v=4VApGjFESlE
2026-02-16 07:28:39 [INFO] journal_utilities.downloader: Downloaded audio for 4VApGjFESlE in 23.7s
2026-02-16 07:28:39 [INFO] journal_utilities.downloader: Audio for 4VApGjFESlE: success
2026-02-16 07:28:41 [INFO] download_channel: [538/694] Processing cLe-rBtRXiQ — ActInf Livestream #043.0 ~ "Predictive Coding: a Theoretical and Experimental Review"
2026-02-16 07:28:41 [DEBUG] journal_utilities.downloader: yt-dlp audio cmd: yt-dlp --no-warnings --cookies-from-browser chrome --cookies data/output/cookies.txt -x --audio-format mp3 --audio-quality 0 -o data/output/audio/%(id)s.%(ext)s https://www.youtube.com/watch?v=cLe-rBtRXiQ
2026-02-16 07:29:18 [INFO] journal_utilities.downloader: Downloaded audio for cLe-rBtRXiQ in 36.7s
2026-02-16 07:29:18 [INFO] journal_utilities.downloader: Audio for cLe-rBtRXiQ: success
2026-02-16 07:29:20 [INFO] download_channel: [539/694] Processing IXJn-BMsKVw — ActInf Livestream #042.2 ~ "Robot navigation as hierarchical active inference"
2026-02-16 07:29:20 [DEBUG] journal_utilities.downloader: yt-dlp audio cmd: yt-dlp --no-warnings --cookies-from-browser chrome --cookies data/output/cookies.txt -x --audio-format mp3 --audio-quality 0 -o data/output/audio/%(id)s.%(ext)s https://www.youtube.com/watch?v=IXJn-BMsKVw
2026-02-16 07:29:59 [INFO] journal_utilities.downloader: Downloaded audio for IXJn-BMsKVw in 38.8s
2026-02-16 07:29:59 [INFO] journal_utilities.downloader: Audio for IXJn-BMsKVw: success
2026-02-16 07:30:01 [INFO] download_channel: [540/694] Processing _MH7E58zKxY — ActInf GuestStream #021.1 ~ Adam Safron
2026-02-16 07:30:01 [DEBUG] journal_utilities.downloader: yt-dlp audio cmd: yt-dlp --no-warnings --cookies-from-browser chrome --cookies data/output/cookies.txt -x --audio-format mp3 --audio-quality 0 -o data/output/audio/%(id)s.%(ext)s https://www.youtube.com/watch?v=_MH7E58zKxY
2026-02-16 07:30:42 [INFO] journal_utilities.downloader: Downloaded audio for _MH7E58zKxY in 41.8s
2026-02-16 07:30:42 [INFO] journal_utilities.downloader: Audio for _MH7E58zKxY: success
2026-02-16 07:30:44 [INFO] download_channel: [541/694] Processing SwUzTlGNI2A — ActInf GuestStream #021.1 ~  Shannon Proksch "Coordination Dynamics of Multi-agent Interaction"
2026-02-16 07:30:44 [DEBUG] journal_utilities.downloader: yt-dlp audio cmd: yt-dlp --no-warnings --cookies-from-browser chrome --cookies data/output/cookies.txt -x --audio-format mp3 --audio-quality 0 -o data/output/audio/%(id)s.%(ext)s https://www.youtube.com/watch?v=SwUzTlGNI2A
2026-02-16 07:31:15 [INFO] journal_utilities.downloader: Downloaded audio for SwUzTlGNI2A in 30.3s
2026-02-16 07:31:15 [INFO] journal_utilities.downloader: Audio for SwUzTlGNI2A: success
2026-02-16 07:31:17 [INFO] download_channel: [542/694] Processing UUQIVqcI-yw — ActInf Livestream #042.1 ~ "Robot navigation as hierarchical active inference"
2026-02-16 07:31:17 [DEBUG] journal_utilities.downloader: yt-dlp audio cmd: yt-dlp --no-warnings --cookies-from-browser chrome --cookies data/output/cookies.txt -x --audio-format mp3 --audio-quality 0 -o data/output/audio/%(id)s.%(ext)s https://www.youtube.com/watch?v=UUQIVqcI-yw
2026-02-16 07:31:58 [INFO] journal_utilities.downloader: Downloaded audio for UUQIVqcI-yw in 41.8s
2026-02-16 07:31:58 [INFO] journal_utilities.downloader: Audio for UUQIVqcI-yw: success
2026-02-16 07:32:00 [INFO] download_channel: [543/694] Processing Dl6v-3COgCo — ActInf Livestream #042.0 ~ "Robot navigation as hierarchical active inference"
2026-02-16 07:32:00 [DEBUG] journal_utilities.downloader: yt-dlp audio cmd: yt-dlp --no-warnings --cookies-from-browser chrome --cookies data/output/cookies.txt -x --audio-format mp3 --audio-quality 0 -o data/output/audio/%(id)s.%(ext)s https://www.youtube.com/watch?v=Dl6v-3COgCo
2026-02-16 07:32:48 [INFO] journal_utilities.downloader: Downloaded audio for Dl6v-3COgCo in 47.4s
2026-02-16 07:32:48 [INFO] journal_utilities.downloader: Audio for Dl6v-3COgCo: success
2026-02-16 07:32:50 [INFO] download_channel: [544/694] Processing RB2axUYnE8I — ActInf Livestream #041.2, Extended active inference: Constructing predictive cognition beyond skulls
2026-02-16 07:32:50 [DEBUG] journal_utilities.downloader: yt-dlp audio cmd: yt-dlp --no-warnings --cookies-from-browser chrome --cookies data/output/cookies.txt -x --audio-format mp3 --audio-quality 0 -o data/output/audio/%(id)s.%(ext)s https://www.youtube.com/watch?v=RB2axUYnE8I
2026-02-16 07:33:33 [INFO] journal_utilities.downloader: Downloaded audio for RB2axUYnE8I in 42.9s
2026-02-16 07:33:33 [INFO] journal_utilities.downloader: Audio for RB2axUYnE8I: success
2026-02-16 07:33:35 [INFO] download_channel: [545/694] Processing H6rjjPZE5hs — ActInf Livestream #041.1, Extended active inference: Constructing predictive cognition beyond skulls
2026-02-16 07:33:35 [DEBUG] journal_utilities.downloader: yt-dlp audio cmd: yt-dlp --no-warnings --cookies-from-browser chrome --cookies data/output/cookies.txt -x --audio-format mp3 --audio-quality 0 -o data/output/audio/%(id)s.%(ext)s https://www.youtube.com/watch?v=H6rjjPZE5hs
2026-02-16 07:34:24 [INFO] journal_utilities.downloader: Downloaded audio for H6rjjPZE5hs in 48.8s
2026-02-16 07:34:24 [INFO] journal_utilities.downloader: Audio for H6rjjPZE5hs: success
2026-02-16 07:34:26 [INFO] download_channel: [546/694] Processing VsOqIxNYpPQ — ActInf Livestream #041.0, Extended active inference: Constructing predictive cognition beyond skulls
2026-02-16 07:34:26 [DEBUG] journal_utilities.downloader: yt-dlp audio cmd: yt-dlp --no-warnings --cookies-from-browser chrome --cookies data/output/cookies.txt -x --audio-format mp3 --audio-quality 0 -o data/output/audio/%(id)s.%(ext)s https://www.youtube.com/watch?v=VsOqIxNYpPQ
2026-02-16 07:35:07 [INFO] journal_utilities.downloader: Downloaded audio for VsOqIxNYpPQ in 41.2s
2026-02-16 07:35:07 [INFO] journal_utilities.downloader: Audio for VsOqIxNYpPQ: success
2026-02-16 07:35:09 [INFO] download_channel: [547/694] Processing ozuzf6Pvlyg — ActInfLab 2022 Quarterly Roundtable #1
2026-02-16 07:35:09 [DEBUG] journal_utilities.downloader: yt-dlp audio cmd: yt-dlp --no-warnings --cookies-from-browser chrome --cookies data/output/cookies.txt -x --audio-format mp3 --audio-quality 0 -o data/output/audio/%(id)s.%(ext)s https://www.youtube.com/watch?v=ozuzf6Pvlyg
2026-02-16 07:35:39 [INFO] journal_utilities.downloader: Downloaded audio for ozuzf6Pvlyg in 30.7s
2026-02-16 07:35:39 [INFO] journal_utilities.downloader: Audio for ozuzf6Pvlyg: success
2026-02-16 07:35:41 [INFO] download_channel: [548/694] Processing e_JGrt4jbhE — ActInf GuestStream #019.1 ~ Marco Facchin: Extended Predictive Minds: do Markov Blankets Matter?
2026-02-16 07:35:42 [DEBUG] journal_utilities.downloader: yt-dlp audio cmd: yt-dlp --no-warnings --cookies-from-browser chrome --cookies data/output/cookies.txt -x --audio-format mp3 --audio-quality 0 -o data/output/audio/%(id)s.%(ext)s https://www.youtube.com/watch?v=e_JGrt4jbhE
2026-02-16 07:36:13 [INFO] journal_utilities.downloader: Downloaded audio for e_JGrt4jbhE in 31.7s
2026-02-16 07:36:13 [INFO] journal_utilities.downloader: Audio for e_JGrt4jbhE: success
2026-02-16 07:36:15 [INFO] download_channel: [549/694] Processing Cgo-0UU848M — ActInf Livestream #040.2 ~ "A free energy principle for generic quantum systems"
2026-02-16 07:36:15 [DEBUG] journal_utilities.downloader: yt-dlp audio cmd: yt-dlp --no-warnings --cookies-from-browser chrome --cookies data/output/cookies.txt -x --audio-format mp3 --audio-quality 0 -o data/output/audio/%(id)s.%(ext)s https://www.youtube.com/watch?v=Cgo-0UU848M
2026-02-16 07:37:01 [INFO] journal_utilities.downloader: Downloaded audio for Cgo-0UU848M in 45.9s
2026-02-16 07:37:01 [INFO] journal_utilities.downloader: Audio for Cgo-0UU848M: success
2026-02-16 07:37:03 [INFO] download_channel: [550/694] Processing NkJKl_yF274 — ActInf Livestream #040.1 ~ "A free energy principle for generic quantum systems"
2026-02-16 07:37:03 [DEBUG] journal_utilities.downloader: yt-dlp audio cmd: yt-dlp --no-warnings --cookies-from-browser chrome --cookies data/output/cookies.txt -x --audio-format mp3 --audio-quality 0 -o data/output/audio/%(id)s.%(ext)s https://www.youtube.com/watch?v=NkJKl_yF274
2026-02-16 07:37:46 [INFO] journal_utilities.downloader: Downloaded audio for NkJKl_yF274 in 43.2s
2026-02-16 07:37:46 [INFO] journal_utilities.downloader: Audio for NkJKl_yF274: success
2026-02-16 07:37:48 [INFO] download_channel: [551/694] Processing 9zq1JUnN_eg — ActInf GuestStream #018.1 ~ Michael Kirchhoff & Julian Kiverstein
2026-02-16 07:37:48 [DEBUG] journal_utilities.downloader: yt-dlp audio cmd: yt-dlp --no-warnings --cookies-from-browser chrome --cookies data/output/cookies.txt -x --audio-format mp3 --audio-quality 0 -o data/output/audio/%(id)s.%(ext)s https://www.youtube.com/watch?v=9zq1JUnN_eg
2026-02-16 07:38:26 [INFO] journal_utilities.downloader: Downloaded audio for 9zq1JUnN_eg in 37.6s
2026-02-16 07:38:26 [INFO] journal_utilities.downloader: Audio for 9zq1JUnN_eg: success
2026-02-16 07:38:28 [INFO] download_channel: [552/694] Processing -qZYxSbJ38E — ActInf Livestream #040.0 ~ "A free energy principle for generic quantum systems"
2026-02-16 07:38:28 [DEBUG] journal_utilities.downloader: yt-dlp audio cmd: yt-dlp --no-warnings --cookies-from-browser chrome --cookies data/output/cookies.txt -x --audio-format mp3 --audio-quality 0 -o data/output/audio/%(id)s.%(ext)s https://www.youtube.com/watch?v=-qZYxSbJ38E
2026-02-16 07:39:27 [INFO] journal_utilities.downloader: Downloaded audio for -qZYxSbJ38E in 58.3s
2026-02-16 07:39:27 [INFO] journal_utilities.downloader: Audio for -qZYxSbJ38E: success
2026-02-16 07:39:29 [INFO] download_channel: [553/694] Processing aEYQCmFl1Bw — ActInf GuestStream #017.1 ~ Mahault Albarracin "Epistemic Communities under Active Inference"
2026-02-16 07:39:29 [DEBUG] journal_utilities.downloader: yt-dlp audio cmd: yt-dlp --no-warnings --cookies-from-browser chrome --cookies data/output/cookies.txt -x --audio-format mp3 --audio-quality 0 -o data/output/audio/%(id)s.%(ext)s https://www.youtube.com/watch?v=aEYQCmFl1Bw
2026-02-16 07:40:11 [INFO] journal_utilities.downloader: Downloaded audio for aEYQCmFl1Bw in 42.3s
2026-02-16 07:40:11 [INFO] journal_utilities.downloader: Audio for aEYQCmFl1Bw: success
2026-02-16 07:40:13 [INFO] download_channel: [554/694] Processing KbyPFR7xUDo — ActInf Livestream #039.2 ~ "Morphogenesis as Bayesian inference...."
2026-02-16 07:40:13 [DEBUG] journal_utilities.downloader: yt-dlp audio cmd: yt-dlp --no-warnings --cookies-from-browser chrome --cookies data/output/cookies.txt -x --audio-format mp3 --audio-quality 0 -o data/output/audio/%(id)s.%(ext)s https://www.youtube.com/watch?v=KbyPFR7xUDo
2026-02-16 07:40:51 [INFO] journal_utilities.downloader: Downloaded audio for KbyPFR7xUDo in 37.8s
2026-02-16 07:40:51 [INFO] journal_utilities.downloader: Audio for KbyPFR7xUDo: success
2026-02-16 07:40:53 [INFO] download_channel: [555/694] Processing R4C_DgP_khY — ActInf Livestream #039.1 ~ "Morphogenesis as Bayesian inference...."
2026-02-16 07:40:53 [DEBUG] journal_utilities.downloader: yt-dlp audio cmd: yt-dlp --no-warnings --cookies-from-browser chrome --cookies data/output/cookies.txt -x --audio-format mp3 --audio-quality 0 -o data/output/audio/%(id)s.%(ext)s https://www.youtube.com/watch?v=R4C_DgP_khY
2026-02-16 07:41:37 [INFO] journal_utilities.downloader: Downloaded audio for R4C_DgP_khY in 44.2s
2026-02-16 07:41:37 [INFO] journal_utilities.downloader: Audio for R4C_DgP_khY: success
2026-02-16 07:41:39 [INFO] download_channel: [556/694] Processing yC-hgjv3ANk — ActInf Livestream #039.0 ~ "Morphogenesis as Bayesian inference"
2026-02-16 07:41:39 [DEBUG] journal_utilities.downloader: yt-dlp audio cmd: yt-dlp --no-warnings --cookies-from-browser chrome --cookies data/output/cookies.txt -x --audio-format mp3 --audio-quality 0 -o data/output/audio/%(id)s.%(ext)s https://www.youtube.com/watch?v=yC-hgjv3ANk
2026-02-16 07:42:11 [INFO] journal_utilities.downloader: Downloaded audio for yC-hgjv3ANk in 31.8s
2026-02-16 07:42:11 [INFO] journal_utilities.downloader: Audio for yC-hgjv3ANk: success
2026-02-16 07:42:13 [INFO] download_channel: [557/694] Processing 0OQx04x8-zA — ActInf Livestream #038.2 ~ "The evolution of brain architectures for predictive coding and ActInf"
2026-02-16 07:42:13 [DEBUG] journal_utilities.downloader: yt-dlp audio cmd: yt-dlp --no-warnings --cookies-from-browser chrome --cookies data/output/cookies.txt -x --audio-format mp3 --audio-quality 0 -o data/output/audio/%(id)s.%(ext)s https://www.youtube.com/watch?v=0OQx04x8-zA
2026-02-16 07:42:54 [INFO] journal_utilities.downloader: Downloaded audio for 0OQx04x8-zA in 41.2s
2026-02-16 07:42:54 [INFO] journal_utilities.downloader: Audio for 0OQx04x8-zA: success
2026-02-16 07:42:56 [INFO] download_channel: [558/694] Processing azwqMjgfY8Y — ActInf Livestream #038.1 ~ "The evolution of brain architectures for predictive coding and ActInf"
2026-02-16 07:42:56 [DEBUG] journal_utilities.downloader: yt-dlp audio cmd: yt-dlp --no-warnings --cookies-from-browser chrome --cookies data/output/cookies.txt -x --audio-format mp3 --audio-quality 0 -o data/output/audio/%(id)s.%(ext)s https://www.youtube.com/watch?v=azwqMjgfY8Y
2026-02-16 07:43:41 [INFO] journal_utilities.downloader: Downloaded audio for azwqMjgfY8Y in 45.2s
2026-02-16 07:43:41 [INFO] journal_utilities.downloader: Audio for azwqMjgfY8Y: success
2026-02-16 07:43:43 [INFO] download_channel: [559/694] Processing cOo4juE_zcI — ActInf Livestream #038.0 ~ Brain architectures for predictive coding and active inference
2026-02-16 07:43:43 [DEBUG] journal_utilities.downloader: yt-dlp audio cmd: yt-dlp --no-warnings --cookies-from-browser chrome --cookies data/output/cookies.txt -x --audio-format mp3 --audio-quality 0 -o data/output/audio/%(id)s.%(ext)s https://www.youtube.com/watch?v=cOo4juE_zcI
2026-02-16 07:44:13 [INFO] journal_utilities.downloader: Downloaded audio for cOo4juE_zcI in 30.1s
2026-02-16 07:44:13 [INFO] journal_utilities.downloader: Audio for cOo4juE_zcI: success
2026-02-16 07:44:15 [INFO] download_channel: [560/694] Processing 6WP7mY13lzc — ActInf Livestream #037.2 ~ "Free Energy: A User's Guide"
2026-02-16 07:44:15 [DEBUG] journal_utilities.downloader: yt-dlp audio cmd: yt-dlp --no-warnings --cookies-from-browser chrome --cookies data/output/cookies.txt -x --audio-format mp3 --audio-quality 0 -o data/output/audio/%(id)s.%(ext)s https://www.youtube.com/watch?v=6WP7mY13lzc
2026-02-16 07:44:58 [INFO] journal_utilities.downloader: Downloaded audio for 6WP7mY13lzc in 42.5s
2026-02-16 07:44:58 [INFO] journal_utilities.downloader: Audio for 6WP7mY13lzc: success
2026-02-16 07:45:00 [INFO] download_channel: [561/694] Processing GHcpJ_bMuu4 — ActInf Livestream #037.1 ~ "Free Energy: A User's Guide"
2026-02-16 07:45:00 [DEBUG] journal_utilities.downloader: yt-dlp audio cmd: yt-dlp --no-warnings --cookies-from-browser chrome --cookies data/output/cookies.txt -x --audio-format mp3 --audio-quality 0 -o data/output/audio/%(id)s.%(ext)s https://www.youtube.com/watch?v=GHcpJ_bMuu4
2026-02-16 07:45:48 [INFO] journal_utilities.downloader: Downloaded audio for GHcpJ_bMuu4 in 47.7s
2026-02-16 07:45:48 [INFO] journal_utilities.downloader: Audio for GHcpJ_bMuu4: success
2026-02-16 07:45:50 [INFO] download_channel: [562/694] Processing chpbMBgDR84 — ActInf Livestream #037.0 ~ "Free Energy: A User's Guide"
2026-02-16 07:45:50 [DEBUG] journal_utilities.downloader: yt-dlp audio cmd: yt-dlp --no-warnings --cookies-from-browser chrome --cookies data/output/cookies.txt -x --audio-format mp3 --audio-quality 0 -o data/output/audio/%(id)s.%(ext)s https://www.youtube.com/watch?v=chpbMBgDR84
2026-02-16 07:46:25 [INFO] journal_utilities.downloader: Downloaded audio for chpbMBgDR84 in 35.3s
2026-02-16 07:46:25 [INFO] journal_utilities.downloader: Audio for chpbMBgDR84: success
2026-02-16 07:46:27 [INFO] download_channel: [563/694] Processing GR07coJNPUE — ActInf ModelStream #005.1~ "Contrastive Active Inference"
2026-02-16 07:46:27 [DEBUG] journal_utilities.downloader: yt-dlp audio cmd: yt-dlp --no-warnings --cookies-from-browser chrome --cookies data/output/cookies.txt -x --audio-format mp3 --audio-quality 0 -o data/output/audio/%(id)s.%(ext)s https://www.youtube.com/watch?v=GR07coJNPUE
2026-02-16 07:47:07 [INFO] journal_utilities.downloader: Downloaded audio for GR07coJNPUE in 39.7s
2026-02-16 07:47:07 [INFO] journal_utilities.downloader: Audio for GR07coJNPUE: success
2026-02-16 07:47:09 [INFO] download_channel: [564/694] Processing Lo95GakwV5w — ActInf Livestream #036.2 ~ "Modelling ourselves: what the free energy principle reveals......"
2026-02-16 07:47:09 [DEBUG] journal_utilities.downloader: yt-dlp audio cmd: yt-dlp --no-warnings --cookies-from-browser chrome --cookies data/output/cookies.txt -x --audio-format mp3 --audio-quality 0 -o data/output/audio/%(id)s.%(ext)s https://www.youtube.com/watch?v=Lo95GakwV5w
2026-02-16 07:47:57 [INFO] journal_utilities.downloader: Downloaded audio for Lo95GakwV5w in 48.7s
2026-02-16 07:47:57 [INFO] journal_utilities.downloader: Audio for Lo95GakwV5w: success
2026-02-16 07:47:59 [INFO] download_channel: [565/694] Processing NHfGuwoCXI8 — ActInf GuestStream #016.1 ~ Mark Solms "Consciousness as Precision Optimization"
2026-02-16 07:47:59 [DEBUG] journal_utilities.downloader: yt-dlp audio cmd: yt-dlp --no-warnings --cookies-from-browser chrome --cookies data/output/cookies.txt -x --audio-format mp3 --audio-quality 0 -o data/output/audio/%(id)s.%(ext)s https://www.youtube.com/watch?v=NHfGuwoCXI8
2026-02-16 07:48:48 [INFO] journal_utilities.downloader: Downloaded audio for NHfGuwoCXI8 in 48.4s
2026-02-16 07:48:48 [INFO] journal_utilities.downloader: Audio for NHfGuwoCXI8: success
2026-02-16 07:48:50 [INFO] download_channel: [566/694] Processing eUBT37LMlLo — ActInf OrgStream #002.1 ~ Eugene Leventhal
2026-02-16 07:48:50 [DEBUG] journal_utilities.downloader: yt-dlp audio cmd: yt-dlp --no-warnings --cookies-from-browser chrome --cookies data/output/cookies.txt -x --audio-format mp3 --audio-quality 0 -o data/output/audio/%(id)s.%(ext)s https://www.youtube.com/watch?v=eUBT37LMlLo
2026-02-16 07:49:33 [INFO] journal_utilities.downloader: Downloaded audio for eUBT37LMlLo in 43.3s
2026-02-16 07:49:33 [INFO] journal_utilities.downloader: Audio for eUBT37LMlLo: success
2026-02-16 07:49:35 [INFO] download_channel: [567/694] Processing YKn2njZ_ICg — ActInf Livestream #036.1 ~ "Modelling ourselves: what the free energy principle reveals......"
2026-02-16 07:49:35 [DEBUG] journal_utilities.downloader: yt-dlp audio cmd: yt-dlp --no-warnings --cookies-from-browser chrome --cookies data/output/cookies.txt -x --audio-format mp3 --audio-quality 0 -o data/output/audio/%(id)s.%(ext)s https://www.youtube.com/watch?v=YKn2njZ_ICg
2026-02-16 07:50:20 [INFO] journal_utilities.downloader: Downloaded audio for YKn2njZ_ICg in 44.9s
2026-02-16 07:50:20 [INFO] journal_utilities.downloader: Audio for YKn2njZ_ICg: success
2026-02-16 07:50:22 [INFO] download_channel: [568/694] Processing _JCaic5Cxms — ActInf GuestStream #015.1: Bobby Azarian, Universal Bayesianism: A New Kind of Theory of Everything
2026-02-16 07:50:22 [DEBUG] journal_utilities.downloader: yt-dlp audio cmd: yt-dlp --no-warnings --cookies-from-browser chrome --cookies data/output/cookies.txt -x --audio-format mp3 --audio-quality 0 -o data/output/audio/%(id)s.%(ext)s https://www.youtube.com/watch?v=_JCaic5Cxms
2026-02-16 07:51:40 [INFO] journal_utilities.downloader: Downloaded audio for _JCaic5Cxms in 77.6s
2026-02-16 07:51:40 [INFO] journal_utilities.downloader: Audio for _JCaic5Cxms: success
2026-02-16 07:51:42 [INFO] download_channel: [569/694] Processing 99xQbWozPjc — ActInf Livestream #036.0 ~ "Modelling ourselves: what the free energy principle reveals......"
2026-02-16 07:51:42 [DEBUG] journal_utilities.downloader: yt-dlp audio cmd: yt-dlp --no-warnings --cookies-from-browser chrome --cookies data/output/cookies.txt -x --audio-format mp3 --audio-quality 0 -o data/output/audio/%(id)s.%(ext)s https://www.youtube.com/watch?v=99xQbWozPjc
2026-02-16 07:52:15 [INFO] journal_utilities.downloader: Downloaded audio for 99xQbWozPjc in 33.3s
2026-02-16 07:52:15 [INFO] journal_utilities.downloader: Audio for 99xQbWozPjc: success
2026-02-16 07:52:17 [INFO] download_channel: [570/694] Processing sQWSkDQvnqk — ActInf Livestream #035.2 ~ "A tale of two architectures free energy, its models, and modularity"
2026-02-16 07:52:17 [DEBUG] journal_utilities.downloader: yt-dlp audio cmd: yt-dlp --no-warnings --cookies-from-browser chrome --cookies data/output/cookies.txt -x --audio-format mp3 --audio-quality 0 -o data/output/audio/%(id)s.%(ext)s https://www.youtube.com/watch?v=sQWSkDQvnqk
2026-02-16 07:53:04 [INFO] journal_utilities.downloader: Downloaded audio for sQWSkDQvnqk in 46.9s
2026-02-16 07:53:04 [INFO] journal_utilities.downloader: Audio for sQWSkDQvnqk: success
2026-02-16 07:53:06 [INFO] download_channel: [571/694] Processing mjL3cGYEMNg — ActInf GuestStream #014.1 ~ Osteopathy and Mental Health (Bohlen, Esteves, Cerritelli, Shaw)
2026-02-16 07:53:06 [DEBUG] journal_utilities.downloader: yt-dlp audio cmd: yt-dlp --no-warnings --cookies-from-browser chrome --cookies data/output/cookies.txt -x --audio-format mp3 --audio-quality 0 -o data/output/audio/%(id)s.%(ext)s https://www.youtube.com/watch?v=mjL3cGYEMNg
2026-02-16 07:53:45 [INFO] journal_utilities.downloader: Downloaded audio for mjL3cGYEMNg in 38.8s
2026-02-16 07:53:45 [INFO] journal_utilities.downloader: Audio for mjL3cGYEMNg: success
2026-02-16 07:53:47 [INFO] download_channel: [572/694] Processing RoMCBXy-7E0 — ActInf Livestream #035.1 ~ "A tale of two architectures free energy, its models, and modularity"
2026-02-16 07:53:47 [DEBUG] journal_utilities.downloader: yt-dlp audio cmd: yt-dlp --no-warnings --cookies-from-browser chrome --cookies data/output/cookies.txt -x --audio-format mp3 --audio-quality 0 -o data/output/audio/%(id)s.%(ext)s https://www.youtube.com/watch?v=RoMCBXy-7E0
2026-02-16 07:54:31 [INFO] journal_utilities.downloader: Downloaded audio for RoMCBXy-7E0 in 44.5s
2026-02-16 07:54:31 [INFO] journal_utilities.downloader: Audio for RoMCBXy-7E0: success
2026-02-16 07:54:33 [INFO] download_channel: [573/694] Processing e-Ck8sxCME0 — ActInf Livestream #035.0 ~ "A tale of two architectures free energy, its models, and modularity"
2026-02-16 07:54:33 [DEBUG] journal_utilities.downloader: yt-dlp audio cmd: yt-dlp --no-warnings --cookies-from-browser chrome --cookies data/output/cookies.txt -x --audio-format mp3 --audio-quality 0 -o data/output/audio/%(id)s.%(ext)s https://www.youtube.com/watch?v=e-Ck8sxCME0
2026-02-16 07:55:10 [INFO] journal_utilities.downloader: Downloaded audio for e-Ck8sxCME0 in 37.1s
2026-02-16 07:55:10 [INFO] journal_utilities.downloader: Audio for e-Ck8sxCME0: success
2026-02-16 07:55:12 [INFO] download_channel: [574/694] Processing 4hTT6fUTMM8 — ActInf ReviewStream 2021 ~ End of 2021 paper review stream
2026-02-16 07:55:12 [DEBUG] journal_utilities.downloader: yt-dlp audio cmd: yt-dlp --no-warnings --cookies-from-browser chrome --cookies data/output/cookies.txt -x --audio-format mp3 --audio-quality 0 -o data/output/audio/%(id)s.%(ext)s https://www.youtube.com/watch?v=4hTT6fUTMM8
2026-02-16 07:55:57 [INFO] journal_utilities.downloader: Downloaded audio for 4hTT6fUTMM8 in 45.1s
2026-02-16 07:55:57 [INFO] journal_utilities.downloader: Audio for 4hTT6fUTMM8: success
2026-02-16 07:55:59 [INFO] download_channel: [575/694] Processing -Y4OVfbxlMM — ActInf Livestream #032.3 ~ "Stochastic Chaos and Markov Blankets"
2026-02-16 07:55:59 [DEBUG] journal_utilities.downloader: yt-dlp audio cmd: yt-dlp --no-warnings --cookies-from-browser chrome --cookies data/output/cookies.txt -x --audio-format mp3 --audio-quality 0 -o data/output/audio/%(id)s.%(ext)s https://www.youtube.com/watch?v=-Y4OVfbxlMM
2026-02-16 07:56:44 [INFO] journal_utilities.downloader: Downloaded audio for -Y4OVfbxlMM in 44.5s
2026-02-16 07:56:44 [INFO] journal_utilities.downloader: Audio for -Y4OVfbxlMM: success
2026-02-16 07:56:46 [INFO] download_channel: [576/694] Processing vkZ_vnN0--Y — ActInf Livestream #034.2 ~ "The free energy principle: it’s not about what it takes..."
2026-02-16 07:56:46 [DEBUG] journal_utilities.downloader: yt-dlp audio cmd: yt-dlp --no-warnings --cookies-from-browser chrome --cookies data/output/cookies.txt -x --audio-format mp3 --audio-quality 0 -o data/output/audio/%(id)s.%(ext)s https://www.youtube.com/watch?v=vkZ_vnN0--Y
2026-02-16 07:57:28 [INFO] journal_utilities.downloader: Downloaded audio for vkZ_vnN0--Y in 42.3s
2026-02-16 07:57:28 [INFO] journal_utilities.downloader: Audio for vkZ_vnN0--Y: success
2026-02-16 07:57:30 [INFO] download_channel: [577/694] Processing 3SjbReGPZME — Active Inference ~ Twitter spaces #001 ~ December 9th 2021
2026-02-16 07:57:30 [DEBUG] journal_utilities.downloader: yt-dlp audio cmd: yt-dlp --no-warnings --cookies-from-browser chrome --cookies data/output/cookies.txt -x --audio-format mp3 --audio-quality 0 -o data/output/audio/%(id)s.%(ext)s https://www.youtube.com/watch?v=3SjbReGPZME
