warning: The `tool.uv.dev-dependencies` field (used in `pyproject.toml`) is deprecated and will be removed in a future release; use `dependency-groups.dev` instead
2026-02-17 04:39:57 [INFO] download_channel: ============================================================
2026-02-17 04:39:57 [INFO] download_channel: Active Inference Channel Downloader
2026-02-17 04:39:57 [INFO] download_channel: ============================================================
2026-02-17 04:39:57 [INFO] download_channel: Enumerating videos for channel UCbPq2w41ZaJSWtpCq4BE6Dg
2026-02-17 04:39:57 [INFO] journal_utilities.channel: Enumerating videos for channel UCbPq2w41ZaJSWtpCq4BE6Dg
2026-02-17 04:39:57 [DEBUG] journal_utilities.channel: Running command: yt-dlp --flat-playlist --dump-json --no-warnings --ignore-errors https://www.youtube.com/channel/UCbPq2w41ZaJSWtpCq4BE6Dg
2026-02-17 04:40:06 [INFO] journal_utilities.channel: yt-dlp enumeration completed in 8.5s (exit code 0)
2026-02-17 04:40:06 [INFO] journal_utilities.channel: Found 694 videos on channel UCbPq2w41ZaJSWtpCq4BE6Dg
2026-02-17 04:40:06 [INFO] journal_utilities.channel: Saved channel manifest to data/output/channel_videos.json (694 videos)
2026-02-17 04:40:06 [INFO] download_channel: Channel manifest: 694 videos
2026-02-17 04:40:06 [INFO] download_channel: Starting downloads: 694 videos | transcripts=True audio=True video=False
2026-02-17 04:40:06 [INFO] download_channel: [1/694] Processing 5uTr029Vzkg — 5th Applied Active Inference Symposium (Part 2, Nov 13, 2025) ~ (Full reupload)
2026-02-17 04:40:06 [INFO] journal_utilities.downloader: Transcript already exists for 5uTr029Vzkg, skipping
2026-02-17 04:40:06 [INFO] journal_utilities.downloader: Transcript for 5uTr029Vzkg: skipped
2026-02-17 04:40:06 [INFO] journal_utilities.downloader: Audio already exists for 5uTr029Vzkg, skipping
2026-02-17 04:40:06 [INFO] journal_utilities.downloader: Audio for 5uTr029Vzkg: skipped
2026-02-17 04:40:07 [INFO] download_channel: [2/694] Processing qUJK1IDxKzg — Generalized Coordinates in RxInfer.jl
2026-02-17 04:40:07 [INFO] journal_utilities.downloader: Transcript already exists for qUJK1IDxKzg, skipping
2026-02-17 04:40:07 [INFO] journal_utilities.downloader: Transcript for qUJK1IDxKzg: skipped
2026-02-17 04:40:07 [INFO] journal_utilities.downloader: Audio already exists for qUJK1IDxKzg, skipping
2026-02-17 04:40:07 [INFO] journal_utilities.downloader: Audio for qUJK1IDxKzg: skipped
2026-02-17 04:40:08 [INFO] download_channel: [3/694] Processing tmsY1ep8ZF4 — ActInf Textbook Group ~ Cohort 7 ~ Session 25 (Chapter 10) ~ 4/24/2025
2026-02-17 04:40:08 [INFO] journal_utilities.downloader: Transcript already exists for tmsY1ep8ZF4, skipping
2026-02-17 04:40:08 [INFO] journal_utilities.downloader: Transcript for tmsY1ep8ZF4: skipped
2026-02-17 04:40:08 [INFO] journal_utilities.downloader: Audio already exists for tmsY1ep8ZF4, skipping
2026-02-17 04:40:08 [INFO] journal_utilities.downloader: Audio for tmsY1ep8ZF4: skipped
2026-02-17 04:40:09 [INFO] download_channel: [4/694] Processing tg1LkHTy0h0 — ActInf Textbook Group ~ Cohort 7 ~ Session 4 (Chapter 2, part 2) ~ 8/12/2024
2026-02-17 04:40:09 [INFO] journal_utilities.downloader: Transcript already exists for tg1LkHTy0h0, skipping
2026-02-17 04:40:09 [INFO] journal_utilities.downloader: Transcript for tg1LkHTy0h0: skipped
2026-02-17 04:40:09 [INFO] journal_utilities.downloader: Audio already exists for tg1LkHTy0h0, skipping
2026-02-17 04:40:09 [INFO] journal_utilities.downloader: Audio for tg1LkHTy0h0: skipped
2026-02-17 04:40:10 [INFO] download_channel: [5/694] Processing rblchIvoEIY — ActInf Textbook Group ~ Cohort 7 ~ Session 3 (Modeling & General Discussion) ~ 7/29/2024
2026-02-17 04:40:10 [INFO] journal_utilities.downloader: Transcript already exists for rblchIvoEIY, skipping
2026-02-17 04:40:10 [INFO] journal_utilities.downloader: Transcript for rblchIvoEIY: skipped
2026-02-17 04:40:10 [INFO] journal_utilities.downloader: Audio already exists for rblchIvoEIY, skipping
2026-02-17 04:40:10 [INFO] journal_utilities.downloader: Audio for rblchIvoEIY: skipped
2026-02-17 04:40:11 [INFO] download_channel: [6/694] Processing oDneqzXQNJo — ActInf Textbook Group ~ Cohort 7 ~ Session 5 (Chapter 2 +++ Open Discussion) ~ 8/12/2024
2026-02-17 04:40:11 [INFO] journal_utilities.downloader: Transcript already exists for oDneqzXQNJo, skipping
2026-02-17 04:40:11 [INFO] journal_utilities.downloader: Transcript for oDneqzXQNJo: skipped
2026-02-17 04:40:11 [INFO] journal_utilities.downloader: Audio already exists for oDneqzXQNJo, skipping
2026-02-17 04:40:11 [INFO] journal_utilities.downloader: Audio for oDneqzXQNJo: skipped
2026-02-17 04:40:12 [INFO] download_channel: [7/694] Processing hHhIUocRkts — ActInf Textbook Group ~ Cohort 7 ~ Session 24 (Chapter 10) ~ 4/17/2025
2026-02-17 04:40:12 [INFO] journal_utilities.downloader: Transcript already exists for hHhIUocRkts, skipping
2026-02-17 04:40:12 [INFO] journal_utilities.downloader: Transcript for hHhIUocRkts: skipped
2026-02-17 04:40:12 [INFO] journal_utilities.downloader: Audio already exists for hHhIUocRkts, skipping
2026-02-17 04:40:12 [INFO] journal_utilities.downloader: Audio for hHhIUocRkts: skipped
2026-02-17 04:40:13 [INFO] download_channel: [8/694] Processing h-TSZspHRvE — ActInf Textbook Group ~ Cohort 7 ~ Session 23 (Chapter 9) ~ 4/10/2025
2026-02-17 04:40:13 [INFO] journal_utilities.downloader: Transcript already exists for h-TSZspHRvE, skipping
2026-02-17 04:40:13 [INFO] journal_utilities.downloader: Transcript for h-TSZspHRvE: skipped
2026-02-17 04:40:13 [INFO] journal_utilities.downloader: Audio already exists for h-TSZspHRvE, skipping
2026-02-17 04:40:13 [INFO] journal_utilities.downloader: Audio for h-TSZspHRvE: skipped
2026-02-17 04:40:14 [INFO] download_channel: [9/694] Processing fJTlecxnGD4 — ActInf Textbook Group ~ Cohort 7 ~ Session 20 (Chapter 8) ~ 3/20/2025
2026-02-17 04:40:14 [INFO] journal_utilities.downloader: Transcript already exists for fJTlecxnGD4, skipping
2026-02-17 04:40:14 [INFO] journal_utilities.downloader: Transcript for fJTlecxnGD4: skipped
2026-02-17 04:40:14 [INFO] journal_utilities.downloader: Audio already exists for fJTlecxnGD4, skipping
2026-02-17 04:40:14 [INFO] journal_utilities.downloader: Audio for fJTlecxnGD4: skipped
2026-02-17 04:40:15 [INFO] download_channel: [10/694] Processing ee7P_RFYOFI — ActInf Textbook Group ~ Cohort 7 ~ Session 11 (Chapter 4) ~ 9/23/2024
2026-02-17 04:40:16 [INFO] journal_utilities.downloader: Transcript already exists for ee7P_RFYOFI, skipping
2026-02-17 04:40:16 [INFO] journal_utilities.downloader: Transcript for ee7P_RFYOFI: skipped
2026-02-17 04:40:16 [INFO] journal_utilities.downloader: Audio already exists for ee7P_RFYOFI, skipping
2026-02-17 04:40:16 [INFO] journal_utilities.downloader: Audio for ee7P_RFYOFI: skipped
2026-02-17 04:40:17 [INFO] download_channel: [11/694] Processing c0oEqJhXSts — ActInf Textbook Group ~ Cohort 7 ~ Session 16 (Chapter 6) ~ 2/20/2025
2026-02-17 04:40:17 [INFO] journal_utilities.downloader: Transcript already exists for c0oEqJhXSts, skipping
2026-02-17 04:40:17 [INFO] journal_utilities.downloader: Transcript for c0oEqJhXSts: skipped
2026-02-17 04:40:17 [INFO] journal_utilities.downloader: Audio already exists for c0oEqJhXSts, skipping
2026-02-17 04:40:17 [INFO] journal_utilities.downloader: Audio for c0oEqJhXSts: skipped
2026-02-17 04:40:18 [INFO] download_channel: [12/694] Processing YyKoz1yeEPQ — ActInf Textbook Group ~ Cohort 7 ~ Session 4 (Chapter 2, part 1) ~ 8/5/2024
2026-02-17 04:40:18 [INFO] journal_utilities.downloader: Transcript already exists for YyKoz1yeEPQ, skipping
2026-02-17 04:40:18 [INFO] journal_utilities.downloader: Transcript for YyKoz1yeEPQ: skipped
2026-02-17 04:40:18 [INFO] journal_utilities.downloader: Audio already exists for YyKoz1yeEPQ, skipping
2026-02-17 04:40:18 [INFO] journal_utilities.downloader: Audio for YyKoz1yeEPQ: skipped
2026-02-17 04:40:19 [INFO] download_channel: [13/694] Processing Vp07CwdeD5o — ActInf Textbook Group ~ Cohort 7 ~ Session 1 (Chapter 1, Part 1) ~ 7/15/2024
2026-02-17 04:40:19 [INFO] journal_utilities.downloader: Transcript already exists for Vp07CwdeD5o, skipping
2026-02-17 04:40:19 [INFO] journal_utilities.downloader: Transcript for Vp07CwdeD5o: skipped
2026-02-17 04:40:19 [INFO] journal_utilities.downloader: Audio already exists for Vp07CwdeD5o, skipping
2026-02-17 04:40:19 [INFO] journal_utilities.downloader: Audio for Vp07CwdeD5o: skipped
2026-02-17 04:40:20 [INFO] download_channel: [14/694] Processing P0uVOg81qE8 — ActInf Textbook Group ~ Cohort 7 ~ Session 21 (Chapter 8) ~ 3/27/2025
2026-02-17 04:40:20 [INFO] journal_utilities.downloader: Transcript already exists for P0uVOg81qE8, skipping
2026-02-17 04:40:20 [INFO] journal_utilities.downloader: Transcript for P0uVOg81qE8: skipped
2026-02-17 04:40:20 [INFO] journal_utilities.downloader: Audio already exists for P0uVOg81qE8, skipping
2026-02-17 04:40:20 [INFO] journal_utilities.downloader: Audio for P0uVOg81qE8: skipped
2026-02-17 04:40:21 [INFO] download_channel: [15/694] Processing M3r2AMBFZBo — ActInf Textbook Group ~ Cohort 7 ~ Session 6 (Chapter 3) ~ 8/26/2024
2026-02-17 04:40:21 [INFO] journal_utilities.downloader: Transcript already exists for M3r2AMBFZBo, skipping
2026-02-17 04:40:21 [INFO] journal_utilities.downloader: Transcript for M3r2AMBFZBo: skipped
2026-02-17 04:40:21 [INFO] journal_utilities.downloader: Audio already exists for M3r2AMBFZBo, skipping
2026-02-17 04:40:21 [INFO] journal_utilities.downloader: Audio for M3r2AMBFZBo: skipped
2026-02-17 04:40:22 [INFO] download_channel: [16/694] Processing KrzDtSB9KWw — ActInf Textbook Group ~ Cohort 7 ~ Session 22 (Chapter 9) ~ 4/3/2025
2026-02-17 04:40:22 [INFO] journal_utilities.downloader: Transcript already exists for KrzDtSB9KWw, skipping
2026-02-17 04:40:22 [INFO] journal_utilities.downloader: Transcript for KrzDtSB9KWw: skipped
2026-02-17 04:40:22 [INFO] journal_utilities.downloader: Audio already exists for KrzDtSB9KWw, skipping
2026-02-17 04:40:22 [INFO] journal_utilities.downloader: Audio for KrzDtSB9KWw: skipped
2026-02-17 04:40:23 [INFO] download_channel: [17/694] Processing G2BaTneyOLA — ActInf Textbook Group ~ Cohort 8 ~ Session 7 (Chapter 4) ~ 4/3/2025
2026-02-17 04:40:23 [INFO] journal_utilities.downloader: Transcript already exists for G2BaTneyOLA, skipping
2026-02-17 04:40:23 [INFO] journal_utilities.downloader: Transcript for G2BaTneyOLA: skipped
2026-02-17 04:40:23 [INFO] journal_utilities.downloader: Audio already exists for G2BaTneyOLA, skipping
2026-02-17 04:40:23 [INFO] journal_utilities.downloader: Audio for G2BaTneyOLA: skipped
2026-02-17 04:40:24 [INFO] download_channel: [18/694] Processing CV7fsxhgVe0 — ActInf Textbook Group ~ Cohort 7 ~ Session 17 (Chapter 6) ~ 2/27/2025
2026-02-17 04:40:24 [INFO] journal_utilities.downloader: Transcript already exists for CV7fsxhgVe0, skipping
2026-02-17 04:40:24 [INFO] journal_utilities.downloader: Transcript for CV7fsxhgVe0: skipped
2026-02-17 04:40:24 [INFO] journal_utilities.downloader: Audio already exists for CV7fsxhgVe0, skipping
2026-02-17 04:40:24 [INFO] journal_utilities.downloader: Audio for CV7fsxhgVe0: skipped
2026-02-17 04:40:25 [INFO] download_channel: [19/694] Processing 4ufIGiX0BWw — ActInf Textbook Group ~ Cohort 7 ~ Session 19 (Chapter 7) ~ 3/13/2025
2026-02-17 04:40:25 [INFO] journal_utilities.downloader: Transcript already exists for 4ufIGiX0BWw, skipping
2026-02-17 04:40:25 [INFO] journal_utilities.downloader: Transcript for 4ufIGiX0BWw: skipped
2026-02-17 04:40:25 [INFO] journal_utilities.downloader: Audio already exists for 4ufIGiX0BWw, skipping
2026-02-17 04:40:25 [INFO] journal_utilities.downloader: Audio for 4ufIGiX0BWw: skipped
2026-02-17 04:40:26 [INFO] download_channel: [20/694] Processing 3zdTINcxZC0 — ActInf Textbook Group ~ Cohort 7 ~ Session 18 (Chapter 7) ~ 3/6/2025
2026-02-17 04:40:26 [INFO] journal_utilities.downloader: Transcript already exists for 3zdTINcxZC0, skipping
2026-02-17 04:40:26 [INFO] journal_utilities.downloader: Transcript for 3zdTINcxZC0: skipped
2026-02-17 04:40:26 [INFO] journal_utilities.downloader: Audio already exists for 3zdTINcxZC0, skipping
2026-02-17 04:40:26 [INFO] journal_utilities.downloader: Audio for 3zdTINcxZC0: skipped
2026-02-17 04:40:27 [INFO] download_channel: [21/694] Processing 0FNa9vMVZ5I — ActInf Textbook Group ~ Cohort 7 ~ Session 2 (Chapter 1, Part 2) ~ 7/22/2024
2026-02-17 04:40:27 [INFO] journal_utilities.downloader: Transcript already exists for 0FNa9vMVZ5I, skipping
2026-02-17 04:40:27 [INFO] journal_utilities.downloader: Transcript for 0FNa9vMVZ5I: skipped
2026-02-17 04:40:27 [INFO] journal_utilities.downloader: Audio already exists for 0FNa9vMVZ5I, skipping
2026-02-17 04:40:27 [INFO] journal_utilities.downloader: Audio for 0FNa9vMVZ5I: skipped
2026-02-17 04:40:28 [INFO] download_channel: [22/694] Processing -7YZ8olj7Wo — ActInf Textbook Group ~ Cohort 7 ~ Session 7 (Chapter 4) ~ 9/16/2024
2026-02-17 04:40:28 [INFO] journal_utilities.downloader: Transcript already exists for -7YZ8olj7Wo, skipping
2026-02-17 04:40:28 [INFO] journal_utilities.downloader: Transcript for -7YZ8olj7Wo: skipped
2026-02-17 04:40:28 [INFO] journal_utilities.downloader: Audio already exists for -7YZ8olj7Wo, skipping
2026-02-17 04:40:28 [INFO] journal_utilities.downloader: Audio for -7YZ8olj7Wo: skipped
2026-02-17 04:40:29 [INFO] download_channel: [23/694] Processing TaFwI2zr_lE — Audio-Visual Production project at the Institute seeks participants for 2025!
2026-02-17 04:40:29 [INFO] journal_utilities.downloader: Transcript already exists for TaFwI2zr_lE, skipping
2026-02-17 04:40:29 [INFO] journal_utilities.downloader: Transcript for TaFwI2zr_lE: skipped
2026-02-17 04:40:29 [INFO] journal_utilities.downloader: Audio already exists for TaFwI2zr_lE, skipping
2026-02-17 04:40:29 [INFO] journal_utilities.downloader: Audio for TaFwI2zr_lE: skipped
2026-02-17 04:40:30 [INFO] download_channel: [24/694] Processing UYD8CR_Xorg — Bert Berkers: "Towards Autonomous Urban Digital Twins"
2026-02-17 04:40:30 [INFO] journal_utilities.downloader: Transcript already exists for UYD8CR_Xorg, skipping
2026-02-17 04:40:30 [INFO] journal_utilities.downloader: Transcript for UYD8CR_Xorg: skipped
2026-02-17 04:40:30 [INFO] journal_utilities.downloader: Audio already exists for UYD8CR_Xorg, skipping
2026-02-17 04:40:30 [INFO] journal_utilities.downloader: Audio for UYD8CR_Xorg: skipped
2026-02-17 04:40:31 [INFO] download_channel: [25/694] Processing ynekj8F4zeY — William Gebhardt: “An Introduction to NGC-Learn: A Computational Neuroscience Library“
2026-02-17 04:40:31 [INFO] journal_utilities.downloader: Transcript already exists for ynekj8F4zeY, skipping
2026-02-17 04:40:31 [INFO] journal_utilities.downloader: Transcript for ynekj8F4zeY: skipped
2026-02-17 04:40:31 [INFO] journal_utilities.downloader: Audio already exists for ynekj8F4zeY, skipping
2026-02-17 04:40:31 [INFO] journal_utilities.downloader: Audio for ynekj8F4zeY: skipped
2026-02-17 04:40:32 [INFO] download_channel: [26/694] Processing q5ZKdxc2tZI — John H Clippinger “Workshop part 1: Introduction to Applying Active Inference“
2026-02-17 04:40:32 [INFO] journal_utilities.downloader: Transcript already exists for q5ZKdxc2tZI, skipping
2026-02-17 04:40:32 [INFO] journal_utilities.downloader: Transcript for q5ZKdxc2tZI: skipped
2026-02-17 04:40:32 [INFO] journal_utilities.downloader: Audio already exists for q5ZKdxc2tZI, skipping
2026-02-17 04:40:32 [INFO] journal_utilities.downloader: Audio for q5ZKdxc2tZI: skipped
2026-02-17 04:40:33 [INFO] download_channel: [27/694] Processing p77yZJ0Bf38 — Octopus: “Cognitive Bifurcations and Mathematical Explorations“
2026-02-17 04:40:33 [INFO] journal_utilities.downloader: Transcript already exists for p77yZJ0Bf38, skipping
2026-02-17 04:40:33 [INFO] journal_utilities.downloader: Transcript for p77yZJ0Bf38: skipped
2026-02-17 04:40:33 [INFO] journal_utilities.downloader: Audio already exists for p77yZJ0Bf38, skipping
2026-02-17 04:40:33 [INFO] journal_utilities.downloader: Audio for p77yZJ0Bf38: skipped
2026-02-17 04:40:34 [INFO] download_channel: [28/694] Processing olybbchPgEY — John Boik: “CogNarr Ecosystem: Facilitating Group Cognition at Scale“
2026-02-17 04:40:34 [INFO] journal_utilities.downloader: Transcript already exists for olybbchPgEY, skipping
2026-02-17 04:40:34 [INFO] journal_utilities.downloader: Transcript for olybbchPgEY: skipped
2026-02-17 04:40:34 [INFO] journal_utilities.downloader: Audio already exists for olybbchPgEY, skipping
2026-02-17 04:40:34 [INFO] journal_utilities.downloader: Audio for olybbchPgEY: skipped
2026-02-17 04:40:35 [INFO] download_channel: [29/694] Processing jnavry7c11A — Michael Lennon : “Co-inferencing Organizational Symbiosis“
2026-02-17 04:40:35 [INFO] journal_utilities.downloader: Transcript already exists for jnavry7c11A, skipping
2026-02-17 04:40:35 [INFO] journal_utilities.downloader: Transcript for jnavry7c11A: skipped
2026-02-17 04:40:35 [INFO] journal_utilities.downloader: Audio already exists for jnavry7c11A, skipping
2026-02-17 04:40:35 [INFO] journal_utilities.downloader: Audio for jnavry7c11A: skipped
2026-02-17 04:40:36 [INFO] download_channel: [30/694] Processing geITY8aJJEA — Dmitry Bagaev: “RxInfer.jl updates and development“
2026-02-17 04:40:36 [INFO] journal_utilities.downloader: Transcript already exists for geITY8aJJEA, skipping
2026-02-17 04:40:36 [INFO] journal_utilities.downloader: Transcript for geITY8aJJEA: skipped
2026-02-17 04:40:36 [INFO] journal_utilities.downloader: Audio already exists for geITY8aJJEA, skipping
2026-02-17 04:40:36 [INFO] journal_utilities.downloader: Audio for geITY8aJJEA: skipped
2026-02-17 04:40:37 [INFO] download_channel: [31/694] Processing gEmvzUQjQVI — Steffen Bollman & Bradly Alicea: “Open Strategies Interest Group“
2026-02-17 04:40:37 [INFO] journal_utilities.downloader: Transcript already exists for gEmvzUQjQVI, skipping
2026-02-17 04:40:37 [INFO] journal_utilities.downloader: Transcript for gEmvzUQjQVI: skipped
2026-02-17 04:40:37 [INFO] journal_utilities.downloader: Audio already exists for gEmvzUQjQVI, skipping
2026-02-17 04:40:37 [INFO] journal_utilities.downloader: Audio for gEmvzUQjQVI: skipped
2026-02-17 04:40:38 [INFO] download_channel: [32/694] Processing fbz2VUi-MOo — Livestream 058.2: "From pixels to planning: scale free active inference"
2026-02-17 04:40:38 [INFO] journal_utilities.downloader: Transcript already exists for fbz2VUi-MOo, skipping
2026-02-17 04:40:38 [INFO] journal_utilities.downloader: Transcript for fbz2VUi-MOo: skipped
2026-02-17 04:40:38 [INFO] journal_utilities.downloader: Audio already exists for fbz2VUi-MOo, skipping
2026-02-17 04:40:38 [INFO] journal_utilities.downloader: Audio for fbz2VUi-MOo: skipped
2026-02-17 04:40:39 [INFO] download_channel: [33/694] Processing bPJMnFeaoOc — Alex Kiefer: “Resilience from an active inference perspective“
2026-02-17 04:40:39 [INFO] journal_utilities.downloader: Transcript already exists for bPJMnFeaoOc, skipping
2026-02-17 04:40:39 [INFO] journal_utilities.downloader: Transcript for bPJMnFeaoOc: skipped
2026-02-17 04:40:39 [INFO] journal_utilities.downloader: Audio already exists for bPJMnFeaoOc, skipping
2026-02-17 04:40:39 [INFO] journal_utilities.downloader: Audio for bPJMnFeaoOc: skipped
2026-02-17 04:40:40 [INFO] download_channel: [34/694] Processing _gjGH0Y_Cgo — Denise Holt: “The Potential Impact of Decentralized AI through Active Inference and Spatial Web“
2026-02-17 04:40:40 [INFO] journal_utilities.downloader: Transcript already exists for _gjGH0Y_Cgo, skipping
2026-02-17 04:40:40 [INFO] journal_utilities.downloader: Transcript for _gjGH0Y_Cgo: skipped
2026-02-17 04:40:40 [INFO] journal_utilities.downloader: Audio already exists for _gjGH0Y_Cgo, skipping
2026-02-17 04:40:40 [INFO] journal_utilities.downloader: Audio for _gjGH0Y_Cgo: skipped
2026-02-17 04:40:41 [INFO] download_channel: [35/694] Processing _D3uUU1N0bw — "Accounting for Multi scalar and Conscious Psychobiological Phenomena via Quantum Entanglement"
2026-02-17 04:40:41 [INFO] journal_utilities.downloader: Transcript already exists for _D3uUU1N0bw, skipping
2026-02-17 04:40:41 [INFO] journal_utilities.downloader: Transcript for _D3uUU1N0bw: skipped
2026-02-17 04:40:41 [INFO] journal_utilities.downloader: Audio already exists for _D3uUU1N0bw, skipping
2026-02-17 04:40:41 [INFO] journal_utilities.downloader: Audio for _D3uUU1N0bw: skipped
2026-02-17 04:40:42 [INFO] download_channel: [36/694] Processing WxTOeCnQNmY — Karl Friston & Alexander Ororbia: “First Day ~ Symposium Roundtable Discussion“
2026-02-17 04:40:42 [INFO] journal_utilities.downloader: Transcript already exists for WxTOeCnQNmY, skipping
2026-02-17 04:40:42 [INFO] journal_utilities.downloader: Transcript for WxTOeCnQNmY: skipped
2026-02-17 04:40:42 [INFO] journal_utilities.downloader: Audio already exists for WxTOeCnQNmY, skipping
2026-02-17 04:40:42 [INFO] journal_utilities.downloader: Audio for WxTOeCnQNmY: skipped
2026-02-17 04:40:43 [INFO] download_channel: [37/694] Processing TsQQX3ZdEmA — Anna Pereira: “Research Fellow Update“
2026-02-17 04:40:43 [INFO] journal_utilities.downloader: Transcript already exists for TsQQX3ZdEmA, skipping
2026-02-17 04:40:43 [INFO] journal_utilities.downloader: Transcript for TsQQX3ZdEmA: skipped
2026-02-17 04:40:43 [INFO] journal_utilities.downloader: Audio already exists for TsQQX3ZdEmA, skipping
2026-02-17 04:40:43 [INFO] journal_utilities.downloader: Audio for TsQQX3ZdEmA: skipped
2026-02-17 04:40:44 [INFO] download_channel: [38/694] Processing P3h51-J4g8M — Matthew Brown: “Real-Time Active Inference for Adaptive Robotic Control“
2026-02-17 04:40:44 [INFO] journal_utilities.downloader: Transcript already exists for P3h51-J4g8M, skipping
2026-02-17 04:40:44 [INFO] journal_utilities.downloader: Transcript for P3h51-J4g8M: skipped
2026-02-17 04:40:44 [INFO] journal_utilities.downloader: Audio already exists for P3h51-J4g8M, skipping
2026-02-17 04:40:44 [INFO] journal_utilities.downloader: Audio for P3h51-J4g8M: skipped
2026-02-17 04:40:45 [INFO] download_channel: [39/694] Processing OCCIDeeKOMA — Bridging Biology and Al Active Inference for Biologically Plausible Decision Making Models
2026-02-17 04:40:45 [INFO] journal_utilities.downloader: Transcript already exists for OCCIDeeKOMA, skipping
2026-02-17 04:40:45 [INFO] journal_utilities.downloader: Transcript for OCCIDeeKOMA: skipped
2026-02-17 04:40:45 [INFO] journal_utilities.downloader: Audio already exists for OCCIDeeKOMA, skipping
2026-02-17 04:40:45 [INFO] journal_utilities.downloader: Audio for OCCIDeeKOMA: skipped
2026-02-17 04:40:46 [INFO] download_channel: [40/694] Processing MRTULbP1ZKs — Introducing Activelnference jl, a julia package for simulating active inference models and fitting t
2026-02-17 04:40:46 [INFO] journal_utilities.downloader: Transcript already exists for MRTULbP1ZKs, skipping
2026-02-17 04:40:46 [INFO] journal_utilities.downloader: Transcript for MRTULbP1ZKs: skipped
2026-02-17 04:40:46 [INFO] journal_utilities.downloader: Audio already exists for MRTULbP1ZKs, skipping
2026-02-17 04:40:46 [INFO] journal_utilities.downloader: Audio for MRTULbP1ZKs: skipped
2026-02-17 04:40:47 [INFO] download_channel: [41/694] Processing LI_ZIXys1xU — A convergence of TAME (Levin 2022) and Active Inference FEP perspectives on dissociative experiences
2026-02-17 04:40:47 [INFO] journal_utilities.downloader: Transcript already exists for LI_ZIXys1xU, skipping
2026-02-17 04:40:47 [INFO] journal_utilities.downloader: Transcript for LI_ZIXys1xU: skipped
2026-02-17 04:40:47 [INFO] journal_utilities.downloader: Audio already exists for LI_ZIXys1xU, skipping
2026-02-17 04:40:47 [INFO] journal_utilities.downloader: Audio for LI_ZIXys1xU: skipped
2026-02-17 04:40:48 [INFO] download_channel: [42/694] Processing KR9KCKQ-KJo — Viet Dung Nguyen "Dynamic Prior Preference Learning for Scalable, Robust Deep Active Inference"
2026-02-17 04:40:48 [INFO] journal_utilities.downloader: Transcript already exists for KR9KCKQ-KJo, skipping
2026-02-17 04:40:48 [INFO] journal_utilities.downloader: Transcript for KR9KCKQ-KJo: skipped
2026-02-17 04:40:48 [INFO] journal_utilities.downloader: Audio already exists for KR9KCKQ-KJo, skipping
2026-02-17 04:40:48 [INFO] journal_utilities.downloader: Audio for KR9KCKQ-KJo: skipped
2026-02-17 04:40:49 [INFO] download_channel: [43/694] Processing G_Jksni5o8I — Giacomo Rossettini: “Placebo, nocebo and contextual effects: the missed link in clinical practice“
2026-02-17 04:40:49 [INFO] journal_utilities.downloader: Transcript already exists for G_Jksni5o8I, skipping
2026-02-17 04:40:49 [INFO] journal_utilities.downloader: Transcript for G_Jksni5o8I: skipped
2026-02-17 04:40:49 [INFO] journal_utilities.downloader: Audio already exists for G_Jksni5o8I, skipping
2026-02-17 04:40:49 [INFO] journal_utilities.downloader: Audio for G_Jksni5o8I: skipped
2026-02-17 04:40:50 [INFO] download_channel: [44/694] Processing FlZa_odQymU — Bradly Alicea: “An Overview of Open Source and Open Science“
2026-02-17 04:40:50 [INFO] journal_utilities.downloader: Transcript already exists for FlZa_odQymU, skipping
2026-02-17 04:40:50 [INFO] journal_utilities.downloader: Transcript for FlZa_odQymU: skipped
2026-02-17 04:40:50 [INFO] journal_utilities.downloader: Audio already exists for FlZa_odQymU, skipping
2026-02-17 04:40:50 [INFO] journal_utilities.downloader: Audio for FlZa_odQymU: skipped
2026-02-17 04:40:51 [INFO] download_channel: [45/694] Processing EkYlOX-f9sk — "Bridging Cognitive Processing and Social Dynamics New perspectives on Power and Active Ignorance"
2026-02-17 04:40:51 [INFO] journal_utilities.downloader: Transcript already exists for EkYlOX-f9sk, skipping
2026-02-17 04:40:51 [INFO] journal_utilities.downloader: Transcript for EkYlOX-f9sk: skipped
2026-02-17 04:40:51 [INFO] journal_utilities.downloader: Audio already exists for EkYlOX-f9sk, skipping
2026-02-17 04:40:51 [INFO] journal_utilities.downloader: Audio for EkYlOX-f9sk: skipped
2026-02-17 04:40:52 [INFO] download_channel: [46/694] Processing E3xAZAs7YeA — John H Clippinger & Andrew Pashea: “BioFirm Workshop part 2"
2026-02-17 04:40:52 [INFO] journal_utilities.downloader: Transcript already exists for E3xAZAs7YeA, skipping
2026-02-17 04:40:52 [INFO] journal_utilities.downloader: Transcript for E3xAZAs7YeA: skipped
2026-02-17 04:40:52 [INFO] journal_utilities.downloader: Audio already exists for E3xAZAs7YeA, skipping
2026-02-17 04:40:52 [INFO] journal_utilities.downloader: Audio for E3xAZAs7YeA: skipped
2026-02-17 04:40:53 [INFO] download_channel: [47/694] Processing C1Uqxg7mDCo — Purposefully Nonstandard Cybernetics an alternative to purpose driven control
2026-02-17 04:40:53 [INFO] journal_utilities.downloader: Transcript already exists for C1Uqxg7mDCo, skipping
2026-02-17 04:40:53 [INFO] journal_utilities.downloader: Transcript for C1Uqxg7mDCo: skipped
2026-02-17 04:40:53 [INFO] journal_utilities.downloader: Audio already exists for C1Uqxg7mDCo, skipping
2026-02-17 04:40:53 [INFO] journal_utilities.downloader: Audio for C1Uqxg7mDCo: skipped
2026-02-17 04:40:54 [INFO] download_channel: [48/694] Processing 9v22c92LWHQ — Shagor Rahman: “Humanity’s Story: A Search for Moral Clarity“
2026-02-17 04:40:54 [INFO] journal_utilities.downloader: Transcript already exists for 9v22c92LWHQ, skipping
2026-02-17 04:40:54 [INFO] journal_utilities.downloader: Transcript for 9v22c92LWHQ: skipped
2026-02-17 04:40:54 [INFO] journal_utilities.downloader: Audio already exists for 9v22c92LWHQ, skipping
2026-02-17 04:40:54 [INFO] journal_utilities.downloader: Audio for 9v22c92LWHQ: skipped
2026-02-17 04:40:55 [INFO] download_channel: [49/694] Processing 8X9K_gZWhqs — Mahault Albarracin: “Sustainability Under Active Inference“
2026-02-17 04:40:55 [INFO] journal_utilities.downloader: Transcript already exists for 8X9K_gZWhqs, skipping
2026-02-17 04:40:55 [INFO] journal_utilities.downloader: Transcript for 8X9K_gZWhqs: skipped
2026-02-17 04:40:55 [INFO] journal_utilities.downloader: Audio already exists for 8X9K_gZWhqs, skipping
2026-02-17 04:40:55 [INFO] journal_utilities.downloader: Audio for 8X9K_gZWhqs: skipped
2026-02-17 04:40:56 [INFO] download_channel: [50/694] Processing 7FuojyQMabw — Jean-François Cloutier: “An experiment in artificial agency“
2026-02-17 04:40:56 [INFO] journal_utilities.downloader: Transcript already exists for 7FuojyQMabw, skipping
2026-02-17 04:40:56 [INFO] journal_utilities.downloader: Transcript for 7FuojyQMabw: skipped
2026-02-17 04:40:56 [INFO] journal_utilities.downloader: Audio already exists for 7FuojyQMabw, skipping
2026-02-17 04:40:56 [INFO] journal_utilities.downloader: Audio for 7FuojyQMabw: skipped
2026-02-17 04:40:57 [INFO] download_channel: [51/694] Processing 1ZJBJGzOn0g — MLDawn "Brain in the Dark Design Principles for Neuromimetic Inference under Free Energy Principle"
2026-02-17 04:40:57 [INFO] journal_utilities.downloader: Transcript already exists for 1ZJBJGzOn0g, skipping
2026-02-17 04:40:57 [INFO] journal_utilities.downloader: Transcript for 1ZJBJGzOn0g: skipped
2026-02-17 04:40:57 [INFO] journal_utilities.downloader: Audio already exists for 1ZJBJGzOn0g, skipping
2026-02-17 04:40:57 [INFO] journal_utilities.downloader: Audio for 1ZJBJGzOn0g: skipped
2026-02-17 04:40:58 [INFO] download_channel: [52/694] Processing 0A36OXIDLhQ — Ines Hipolito: “Dysfunctional Markov Blankets: From Stuck States to Adaptive Perturbations“
2026-02-17 04:40:58 [INFO] journal_utilities.downloader: Transcript already exists for 0A36OXIDLhQ, skipping
2026-02-17 04:40:58 [INFO] journal_utilities.downloader: Transcript for 0A36OXIDLhQ: skipped
2026-02-17 04:40:58 [INFO] journal_utilities.downloader: Audio already exists for 0A36OXIDLhQ, skipping
2026-02-17 04:40:58 [INFO] journal_utilities.downloader: Audio for 0A36OXIDLhQ: skipped
2026-02-17 04:40:59 [INFO] download_channel: [53/694] Processing -39CESDAfLM — "Danceability as an Approximate Measure of Groove Collective Synchrony Through Music"
2026-02-17 04:40:59 [INFO] journal_utilities.downloader: Transcript already exists for -39CESDAfLM, skipping
2026-02-17 04:40:59 [INFO] journal_utilities.downloader: Transcript for -39CESDAfLM: skipped
2026-02-17 04:40:59 [INFO] journal_utilities.downloader: Audio already exists for -39CESDAfLM, skipping
2026-02-17 04:40:59 [INFO] journal_utilities.downloader: Audio for -39CESDAfLM: skipped
2026-02-17 04:41:00 [INFO] download_channel: [54/694] Processing nCZZBuk_wmU — 4th Applied Active Inference Symposium (Part 2, Nov 14, 2024) ~ Full Upload
2026-02-17 04:41:00 [INFO] journal_utilities.downloader: Transcript already exists for nCZZBuk_wmU, skipping
2026-02-17 04:41:00 [INFO] journal_utilities.downloader: Transcript for nCZZBuk_wmU: skipped
2026-02-17 04:41:00 [INFO] journal_utilities.downloader: Audio already exists for nCZZBuk_wmU, skipping
2026-02-17 04:41:00 [INFO] journal_utilities.downloader: Audio for nCZZBuk_wmU: skipped
2026-02-17 04:41:01 [INFO] download_channel: [55/694] Processing cIBIecj7UZE — 4th Applied Active Inference Symposium (Part 1, Nov 13, 2024) ~ Full Upload
2026-02-17 04:41:01 [INFO] journal_utilities.downloader: Transcript already exists for cIBIecj7UZE, skipping
2026-02-17 04:41:01 [INFO] journal_utilities.downloader: Transcript for cIBIecj7UZE: skipped
2026-02-17 04:41:01 [INFO] journal_utilities.downloader: Audio already exists for cIBIecj7UZE, skipping
2026-02-17 04:41:01 [INFO] journal_utilities.downloader: Audio for cIBIecj7UZE: skipped
2026-02-17 04:41:02 [INFO] download_channel: [56/694] Processing s3iUvrVuckc — ActInf Textbook Group ~ Cohort 6 ~ Session 5 (Chapter 2, Part 2) ~ 2/26/2024
2026-02-17 04:41:02 [INFO] journal_utilities.downloader: Transcript already exists for s3iUvrVuckc, skipping
2026-02-17 04:41:02 [INFO] journal_utilities.downloader: Transcript for s3iUvrVuckc: skipped
2026-02-17 04:41:02 [INFO] journal_utilities.downloader: Audio already exists for s3iUvrVuckc, skipping
2026-02-17 04:41:02 [INFO] journal_utilities.downloader: Audio for s3iUvrVuckc: skipped
2026-02-17 04:41:03 [INFO] download_channel: [57/694] Processing qYImZ0Gk298 — ActInf Textbook Group ~ Cohort 6 ~ Session 3 (Chapter 1, Part 2) ~ 2/12/2024
2026-02-17 04:41:03 [INFO] journal_utilities.downloader: Transcript already exists for qYImZ0Gk298, skipping
2026-02-17 04:41:03 [INFO] journal_utilities.downloader: Transcript for qYImZ0Gk298: skipped
2026-02-17 04:41:03 [INFO] journal_utilities.downloader: Audio already exists for qYImZ0Gk298, skipping
2026-02-17 04:41:03 [INFO] journal_utilities.downloader: Audio for qYImZ0Gk298: skipped
2026-02-17 04:41:04 [INFO] download_channel: [58/694] Processing meHNspbSYto — ActInf Textbook Group ~ Cohort 6 ~ Session 19 (Chapter 8, Part 1) 8/26/2024
2026-02-17 04:41:04 [INFO] journal_utilities.downloader: Transcript already exists for meHNspbSYto, skipping
2026-02-17 04:41:04 [INFO] journal_utilities.downloader: Transcript for meHNspbSYto: skipped
2026-02-17 04:41:04 [INFO] journal_utilities.downloader: Audio already exists for meHNspbSYto, skipping
2026-02-17 04:41:04 [INFO] journal_utilities.downloader: Audio for meHNspbSYto: skipped
2026-02-17 04:41:05 [INFO] download_channel: [59/694] Processing imqNCmLJMts — ActInf Textbook Group ~ Cohort 6 ~ Session 2 (Chapter 1, Part 1) ~ 2/5/2024
2026-02-17 04:41:05 [INFO] journal_utilities.downloader: Transcript already exists for imqNCmLJMts, skipping
2026-02-17 04:41:05 [INFO] journal_utilities.downloader: Transcript for imqNCmLJMts: skipped
2026-02-17 04:41:05 [INFO] journal_utilities.downloader: Audio already exists for imqNCmLJMts, skipping
2026-02-17 04:41:05 [INFO] journal_utilities.downloader: Audio for imqNCmLJMts: skipped
2026-02-17 04:41:06 [INFO] download_channel: [60/694] Processing Yp8LSoHiMlk — ActInf Textbook Group ~ Cohort 6 ~ Session 16 (Chapter 7, Part 1) 8/5/2024
2026-02-17 04:41:06 [INFO] journal_utilities.downloader: Transcript already exists for Yp8LSoHiMlk, skipping
2026-02-17 04:41:06 [INFO] journal_utilities.downloader: Transcript for Yp8LSoHiMlk: skipped
2026-02-17 04:41:06 [INFO] journal_utilities.downloader: Audio already exists for Yp8LSoHiMlk, skipping
2026-02-17 04:41:06 [INFO] journal_utilities.downloader: Audio for Yp8LSoHiMlk: skipped
2026-02-17 04:41:07 [INFO] download_channel: [61/694] Processing TZKflAT3JmY — ActInf Textbook Group ~ Cohort 6 ~ Session 21 (Applying Active Inference & Ontology) 9/9/2024
2026-02-17 04:41:07 [INFO] journal_utilities.downloader: Transcript already exists for TZKflAT3JmY, skipping
2026-02-17 04:41:07 [INFO] journal_utilities.downloader: Transcript for TZKflAT3JmY: skipped
2026-02-17 04:41:07 [INFO] journal_utilities.downloader: Audio already exists for TZKflAT3JmY, skipping
2026-02-17 04:41:07 [INFO] journal_utilities.downloader: Audio for TZKflAT3JmY: skipped
2026-02-17 04:41:08 [INFO] download_channel: [62/694] Processing T1mQYCLkQo8 — ActInf Textbook Group ~ Cohort 6 ~ Session 22 (Chapter 9) 9/16/2024
2026-02-17 04:41:08 [INFO] journal_utilities.downloader: Transcript already exists for T1mQYCLkQo8, skipping
2026-02-17 04:41:08 [INFO] journal_utilities.downloader: Transcript for T1mQYCLkQo8: skipped
2026-02-17 04:41:08 [INFO] journal_utilities.downloader: Audio already exists for T1mQYCLkQo8, skipping
2026-02-17 04:41:08 [INFO] journal_utilities.downloader: Audio for T1mQYCLkQo8: skipped
2026-02-17 04:41:09 [INFO] download_channel: [63/694] Processing nFHQ_Bjub3o — ActInf Textbook Group ~ Cohort 6 ~ Session 18 (Chapter 7, Part 3 / Applying ActInf) 8/12/2024
2026-02-17 04:41:09 [INFO] journal_utilities.downloader: Transcript already exists for nFHQ_Bjub3o, skipping
2026-02-17 04:41:09 [INFO] journal_utilities.downloader: Transcript for nFHQ_Bjub3o: skipped
2026-02-17 04:41:09 [INFO] journal_utilities.downloader: Audio already exists for nFHQ_Bjub3o, skipping
2026-02-17 04:41:09 [INFO] journal_utilities.downloader: Audio for nFHQ_Bjub3o: skipped
2026-02-17 04:41:10 [INFO] download_channel: [64/694] Processing L6FW9v3m-JA — ActInf Textbook Group ~ Cohort 6 ~ Session 6 (Chapter 4, Part 2) ~ 3/25/2024
2026-02-17 04:41:10 [INFO] journal_utilities.downloader: Transcript already exists for L6FW9v3m-JA, skipping
2026-02-17 04:41:10 [INFO] journal_utilities.downloader: Transcript for L6FW9v3m-JA: skipped
2026-02-17 04:41:10 [INFO] journal_utilities.downloader: Audio already exists for L6FW9v3m-JA, skipping
2026-02-17 04:41:10 [INFO] journal_utilities.downloader: Audio for L6FW9v3m-JA: skipped
2026-02-17 04:41:11 [INFO] download_channel: [65/694] Processing Ke0x0TrBROk — ActInf Textbook Group ~ Cohort 6 ~ Session 7 (Chapter 5, Part 1) ~ 4/1/2024
2026-02-17 04:41:11 [INFO] journal_utilities.downloader: Transcript already exists for Ke0x0TrBROk, skipping
2026-02-17 04:41:11 [INFO] journal_utilities.downloader: Transcript for Ke0x0TrBROk: skipped
2026-02-17 04:41:11 [INFO] journal_utilities.downloader: Audio already exists for Ke0x0TrBROk, skipping
2026-02-17 04:41:11 [INFO] journal_utilities.downloader: Audio for Ke0x0TrBROk: skipped
2026-02-17 04:41:12 [INFO] download_channel: [66/694] Processing HEGhyTjMJOo — ActInf Textbook Group ~ Cohort 6 ~ Session 8 (Chapter 5, Part 2) ~ 4/8/2024
2026-02-17 04:41:12 [INFO] journal_utilities.downloader: Transcript already exists for HEGhyTjMJOo, skipping
2026-02-17 04:41:12 [INFO] journal_utilities.downloader: Transcript for HEGhyTjMJOo: skipped
2026-02-17 04:41:12 [INFO] journal_utilities.downloader: Audio already exists for HEGhyTjMJOo, skipping
2026-02-17 04:41:12 [INFO] journal_utilities.downloader: Audio for HEGhyTjMJOo: skipped
2026-02-17 04:41:13 [INFO] download_channel: [67/694] Processing H-_iRin1vfI — ActInf Textbook Group ~ Cohort 6 ~ Session 13 (Chapter 6, Part 1) ~ 7/15/2024
2026-02-17 04:41:13 [INFO] journal_utilities.downloader: Transcript already exists for H-_iRin1vfI, skipping
2026-02-17 04:41:13 [INFO] journal_utilities.downloader: Transcript for H-_iRin1vfI: skipped
2026-02-17 04:41:13 [INFO] journal_utilities.downloader: Audio already exists for H-_iRin1vfI, skipping
2026-02-17 04:41:13 [INFO] journal_utilities.downloader: Audio for H-_iRin1vfI: skipped
2026-02-17 04:41:14 [INFO] download_channel: [68/694] Processing Gt5vADpuw_g — ActInf Textbook Group ~ Cohort 6 ~ Session 6 (Chapter 4, Part 1) ~ 3/18/2024
2026-02-17 04:41:14 [INFO] journal_utilities.downloader: Transcript already exists for Gt5vADpuw_g, skipping
2026-02-17 04:41:14 [INFO] journal_utilities.downloader: Transcript for Gt5vADpuw_g: skipped
2026-02-17 04:41:14 [INFO] journal_utilities.downloader: Audio already exists for Gt5vADpuw_g, skipping
2026-02-17 04:41:14 [INFO] journal_utilities.downloader: Audio for Gt5vADpuw_g: skipped
2026-02-17 04:41:15 [INFO] download_channel: [69/694] Processing ExQZpv43sSo — ActInf Textbook Group ~ Cohort 6 ~ Session 6 (Chapter 3, Part 2) ~ 3/11/2024
2026-02-17 04:41:15 [INFO] journal_utilities.downloader: Transcript already exists for ExQZpv43sSo, skipping
2026-02-17 04:41:15 [INFO] journal_utilities.downloader: Transcript for ExQZpv43sSo: skipped
2026-02-17 04:41:15 [INFO] journal_utilities.downloader: Audio already exists for ExQZpv43sSo, skipping
2026-02-17 04:41:15 [INFO] journal_utilities.downloader: Audio for ExQZpv43sSo: skipped
2026-02-17 04:41:16 [INFO] download_channel: [70/694] Processing CEL1TfYypAk — ActInf Textbook Group ~ Cohort 6 ~ Session 17 (Chapter 7, Part 2) 8/12/2024
2026-02-17 04:41:16 [INFO] journal_utilities.downloader: Transcript already exists for CEL1TfYypAk, skipping
2026-02-17 04:41:16 [INFO] journal_utilities.downloader: Transcript for CEL1TfYypAk: skipped
2026-02-17 04:41:16 [INFO] journal_utilities.downloader: Audio already exists for CEL1TfYypAk, skipping
2026-02-17 04:41:16 [INFO] journal_utilities.downloader: Audio for CEL1TfYypAk: skipped
2026-02-17 04:41:17 [INFO] download_channel: [71/694] Processing AJ245K2DC44 — ActInf Textbook Group ~ Cohort 6 ~ Session 4 (Chapter 2, Part 1) ~ 2/19/2024
2026-02-17 04:41:17 [INFO] journal_utilities.downloader: Transcript already exists for AJ245K2DC44, skipping
2026-02-17 04:41:17 [INFO] journal_utilities.downloader: Transcript for AJ245K2DC44: skipped
2026-02-17 04:41:17 [INFO] journal_utilities.downloader: Audio already exists for AJ245K2DC44, skipping
2026-02-17 04:41:17 [INFO] journal_utilities.downloader: Audio for AJ245K2DC44: skipped
2026-02-17 04:41:18 [INFO] download_channel: [72/694] Processing 7Ru_taOprEA — ActInf Textbook Group ~ Cohort 6 ~ Session 5 (Chapter 3, Part 1) ~ 2/26/2024
2026-02-17 04:41:18 [INFO] journal_utilities.downloader: Transcript already exists for 7Ru_taOprEA, skipping
2026-02-17 04:41:18 [INFO] journal_utilities.downloader: Transcript for 7Ru_taOprEA: skipped
2026-02-17 04:41:18 [INFO] journal_utilities.downloader: Audio already exists for 7Ru_taOprEA, skipping
2026-02-17 04:41:18 [INFO] journal_utilities.downloader: Audio for 7Ru_taOprEA: skipped
2026-02-17 04:41:19 [INFO] download_channel: [73/694] Processing 0rQWh-pBXSQ — ActInf Textbook Group ~ Cohort 6 ~ Session 15 (Applying Active Inference, Social Science) 7/22/2024
2026-02-17 04:41:19 [INFO] journal_utilities.downloader: Transcript already exists for 0rQWh-pBXSQ, skipping
2026-02-17 04:41:19 [INFO] journal_utilities.downloader: Transcript for 0rQWh-pBXSQ: skipped
2026-02-17 04:41:19 [INFO] journal_utilities.downloader: Audio already exists for 0rQWh-pBXSQ, skipping
2026-02-17 04:41:19 [INFO] journal_utilities.downloader: Audio for 0rQWh-pBXSQ: skipped
2026-02-17 04:41:20 [INFO] download_channel: [74/694] Processing -DQ6B7cagQ0 — ActInf Textbook Group ~ Cohort 6 ~ Session 14 (Chapter 6, Part 2) ~ 7/22/2024
2026-02-17 04:41:20 [INFO] journal_utilities.downloader: Transcript already exists for -DQ6B7cagQ0, skipping
2026-02-17 04:41:20 [INFO] journal_utilities.downloader: Transcript for -DQ6B7cagQ0: skipped
2026-02-17 04:41:20 [INFO] journal_utilities.downloader: Audio already exists for -DQ6B7cagQ0, skipping
2026-02-17 04:41:20 [INFO] journal_utilities.downloader: Audio for -DQ6B7cagQ0: skipped
2026-02-17 04:41:21 [INFO] download_channel: [75/694] Processing U6Edc13EQ_k — Google Video Vids Generative AI ~ Active Inference & Free Energy Principle EXPLAINED
2026-02-17 04:41:21 [INFO] journal_utilities.downloader: Transcript already exists for U6Edc13EQ_k, skipping
2026-02-17 04:41:21 [INFO] journal_utilities.downloader: Transcript for U6Edc13EQ_k: skipped
2026-02-17 04:41:21 [INFO] journal_utilities.downloader: Audio already exists for U6Edc13EQ_k, skipping
2026-02-17 04:41:21 [INFO] journal_utilities.downloader: Audio for U6Edc13EQ_k: skipped
2026-02-17 04:41:22 [INFO] download_channel: [76/694] Processing sKVZykutOD0 — Iain McGilchrist ~ Active Inference Insights 023 ~ Hemispheric Lateralisation, Relationality, Being
2026-02-17 04:41:22 [INFO] journal_utilities.downloader: Transcript already exists for sKVZykutOD0, skipping
2026-02-17 04:41:22 [INFO] journal_utilities.downloader: Transcript for sKVZykutOD0: skipped
2026-02-17 04:41:22 [INFO] journal_utilities.downloader: Audio already exists for sKVZykutOD0, skipping
2026-02-17 04:41:22 [INFO] journal_utilities.downloader: Audio for sKVZykutOD0: skipped
2026-02-17 04:41:23 [INFO] download_channel: [77/694] Processing ygmAhA18mkQ — ActInf ModelStream 010.2 ~ RxEnvironments.jl with Wouter Nuijten
2026-02-17 04:41:23 [INFO] journal_utilities.downloader: Transcript already exists for ygmAhA18mkQ, skipping
2026-02-17 04:41:23 [INFO] journal_utilities.downloader: Transcript for ygmAhA18mkQ: skipped
2026-02-17 04:41:23 [INFO] journal_utilities.downloader: Audio already exists for ygmAhA18mkQ, skipping
2026-02-17 04:41:23 [INFO] journal_utilities.downloader: Audio for ygmAhA18mkQ: skipped
2026-02-17 04:41:24 [INFO] download_channel: [78/694] Processing TvZcxUuosh0 — Krys Dolega ~ Active Inference Insights 022 ~ Emperor’s New Markov Blankets, Attention, Dan Dennett
2026-02-17 04:41:24 [INFO] journal_utilities.downloader: Transcript already exists for TvZcxUuosh0, skipping
2026-02-17 04:41:24 [INFO] journal_utilities.downloader: Transcript for TvZcxUuosh0: skipped
2026-02-17 04:41:24 [INFO] journal_utilities.downloader: Audio already exists for TvZcxUuosh0, skipping
2026-02-17 04:41:24 [INFO] journal_utilities.downloader: Audio for TvZcxUuosh0: skipped
2026-02-17 04:41:25 [INFO] download_channel: [79/694] Processing B64lXpQAOus — Announcing two new programs: Research Fellows & Partnerships
2026-02-17 04:41:25 [INFO] journal_utilities.downloader: Transcript already exists for B64lXpQAOus, skipping
2026-02-17 04:41:25 [INFO] journal_utilities.downloader: Transcript for B64lXpQAOus: skipped
2026-02-17 04:41:25 [INFO] journal_utilities.downloader: Audio already exists for B64lXpQAOus, skipping
2026-02-17 04:41:25 [INFO] journal_utilities.downloader: Audio for B64lXpQAOus: skipped
2026-02-17 04:41:26 [INFO] download_channel: [80/694] Processing IjWBAyJeCsc — Thomas Metzinger ~ Active Inference Insights 021 ~ Pure Awareness, Self-Models, Transparency
2026-02-17 04:41:26 [INFO] journal_utilities.downloader: Transcript already exists for IjWBAyJeCsc, skipping
2026-02-17 04:41:26 [INFO] journal_utilities.downloader: Transcript for IjWBAyJeCsc: skipped
2026-02-17 04:41:26 [INFO] journal_utilities.downloader: Audio already exists for IjWBAyJeCsc, skipping
2026-02-17 04:41:26 [INFO] journal_utilities.downloader: Audio for IjWBAyJeCsc: skipped
2026-02-17 04:41:27 [INFO] download_channel: [81/694] Processing 2hLeKUdOUrg — Kathryn Nave  ~ Active Inference Insights 020 ~ Agency, Vision, Life
2026-02-17 04:41:27 [INFO] journal_utilities.downloader: Transcript already exists for 2hLeKUdOUrg, skipping
2026-02-17 04:41:27 [INFO] journal_utilities.downloader: Transcript for 2hLeKUdOUrg: skipped
2026-02-17 04:41:27 [INFO] journal_utilities.downloader: Audio already exists for 2hLeKUdOUrg, skipping
2026-02-17 04:41:27 [INFO] journal_utilities.downloader: Audio for 2hLeKUdOUrg: skipped
2026-02-17 04:41:28 [INFO] download_channel: [82/694] Processing nf57wi3qLjk — Conor Heins  ~ Active Inference Insights 019 ~ Collective Behaviour,  Attention, Intelligence
2026-02-17 04:41:28 [INFO] journal_utilities.downloader: Transcript already exists for nf57wi3qLjk, skipping
2026-02-17 04:41:28 [INFO] journal_utilities.downloader: Transcript for nf57wi3qLjk: skipped
2026-02-17 04:41:28 [INFO] journal_utilities.downloader: Audio already exists for nf57wi3qLjk, skipping
2026-02-17 04:41:28 [INFO] journal_utilities.downloader: Audio for nf57wi3qLjk: skipped
2026-02-17 04:41:29 [INFO] download_channel: [83/694] Processing wFZSLtbhDLE — ActInf Textbook Group ~ Cohort 5 ~ Session 8 (Chapter 4, Part 1) ~ 11/7/2023
2026-02-17 04:41:29 [INFO] journal_utilities.downloader: Transcript already exists for wFZSLtbhDLE, skipping
2026-02-17 04:41:29 [INFO] journal_utilities.downloader: Transcript for wFZSLtbhDLE: skipped
2026-02-17 04:41:29 [INFO] journal_utilities.downloader: Audio already exists for wFZSLtbhDLE, skipping
2026-02-17 04:41:29 [INFO] journal_utilities.downloader: Audio for wFZSLtbhDLE: skipped
2026-02-17 04:41:30 [INFO] download_channel: [84/694] Processing ceTIEXxzfGM — ActInf Textbook Group ~ Cohort 5 ~ Session 22 (Chapter 10, Part 2) ~ 4/8/2024
2026-02-17 04:41:30 [INFO] journal_utilities.downloader: Transcript already exists for ceTIEXxzfGM, skipping
2026-02-17 04:41:30 [INFO] journal_utilities.downloader: Transcript for ceTIEXxzfGM: skipped
2026-02-17 04:41:30 [INFO] journal_utilities.downloader: Audio already exists for ceTIEXxzfGM, skipping
2026-02-17 04:41:30 [INFO] journal_utilities.downloader: Audio for ceTIEXxzfGM: skipped
2026-02-17 04:41:31 [INFO] download_channel: [85/694] Processing v8DiGoR29z8 — ActInf Textbook Group ~ Cohort 5 ~ Session 6 (Chapter 3, Part 1) ~ 10/24/2023
2026-02-17 04:41:31 [INFO] journal_utilities.downloader: Transcript already exists for v8DiGoR29z8, skipping
2026-02-17 04:41:31 [INFO] journal_utilities.downloader: Transcript for v8DiGoR29z8: skipped
2026-02-17 04:41:31 [INFO] journal_utilities.downloader: Audio already exists for v8DiGoR29z8, skipping
2026-02-17 04:41:31 [INFO] journal_utilities.downloader: Audio for v8DiGoR29z8: skipped
2026-02-17 04:41:32 [INFO] download_channel: [86/694] Processing snOZwtTgX3Q — ActInf Textbook Group ~ Cohort 5 ~ Session 5 (Chapter 2, Part 2) ~ 10/17/2023
2026-02-17 04:41:32 [INFO] journal_utilities.downloader: Transcript already exists for snOZwtTgX3Q, skipping
2026-02-17 04:41:32 [INFO] journal_utilities.downloader: Transcript for snOZwtTgX3Q: skipped
2026-02-17 04:41:32 [INFO] journal_utilities.downloader: Audio already exists for snOZwtTgX3Q, skipping
2026-02-17 04:41:32 [INFO] journal_utilities.downloader: Audio for snOZwtTgX3Q: skipped
2026-02-17 04:41:33 [INFO] download_channel: [87/694] Processing mqB1ZW3wVHc — ActInf Textbook Group ~ Cohort 5 ~ Session 16 (Chapter 7, Part 1) ~ 2/19/2024
2026-02-17 04:41:33 [INFO] journal_utilities.downloader: Transcript already exists for mqB1ZW3wVHc, skipping
2026-02-17 04:41:33 [INFO] journal_utilities.downloader: Transcript for mqB1ZW3wVHc: skipped
2026-02-17 04:41:33 [INFO] journal_utilities.downloader: Audio already exists for mqB1ZW3wVHc, skipping
2026-02-17 04:41:33 [INFO] journal_utilities.downloader: Audio for mqB1ZW3wVHc: skipped
2026-02-17 04:41:34 [INFO] download_channel: [88/694] Processing jhAy18rnFEM — ActInf Textbook Group ~ Cohort 5 ~ Session 19 (Chapter 8, Part 2) ~ 3/11/2024
2026-02-17 04:41:34 [INFO] journal_utilities.downloader: Transcript already exists for jhAy18rnFEM, skipping
2026-02-17 04:41:34 [INFO] journal_utilities.downloader: Transcript for jhAy18rnFEM: skipped
2026-02-17 04:41:34 [INFO] journal_utilities.downloader: Audio already exists for jhAy18rnFEM, skipping
2026-02-17 04:41:34 [INFO] journal_utilities.downloader: Audio for jhAy18rnFEM: skipped
2026-02-17 04:41:35 [INFO] download_channel: [89/694] Processing hf7V9oJAK6I — ActInf Textbook Group ~ Cohort 5 ~ Session 18 (Chapter 8, Part 1) ~ 3/4/2024
2026-02-17 04:41:35 [INFO] journal_utilities.downloader: Transcript already exists for hf7V9oJAK6I, skipping
2026-02-17 04:41:35 [INFO] journal_utilities.downloader: Transcript for hf7V9oJAK6I: skipped
2026-02-17 04:41:35 [INFO] journal_utilities.downloader: Audio already exists for hf7V9oJAK6I, skipping
2026-02-17 04:41:35 [INFO] journal_utilities.downloader: Audio for hf7V9oJAK6I: skipped
2026-02-17 04:41:36 [INFO] download_channel: [90/694] Processing hREkvTcNNRo — ActInf Textbook Group ~ Cohort 5 ~ Session 7 (Chapter 3, Part 2) ~ 10/31/2023
2026-02-17 04:41:36 [INFO] journal_utilities.downloader: Transcript already exists for hREkvTcNNRo, skipping
2026-02-17 04:41:36 [INFO] journal_utilities.downloader: Transcript for hREkvTcNNRo: skipped
2026-02-17 04:41:36 [INFO] journal_utilities.downloader: Audio already exists for hREkvTcNNRo, skipping
2026-02-17 04:41:36 [INFO] journal_utilities.downloader: Audio for hREkvTcNNRo: skipped
2026-02-17 04:41:37 [INFO] download_channel: [91/694] Processing gjqHdcZFXUE — ActInf Textbook Group ~ Cohort 5 ~ Session 11 (Chapter 5, Part 2) ~ 11/28/2023
2026-02-17 04:41:37 [INFO] journal_utilities.downloader: Transcript already exists for gjqHdcZFXUE, skipping
2026-02-17 04:41:37 [INFO] journal_utilities.downloader: Transcript for gjqHdcZFXUE: skipped
2026-02-17 04:41:37 [INFO] journal_utilities.downloader: Audio already exists for gjqHdcZFXUE, skipping
2026-02-17 04:41:37 [INFO] journal_utilities.downloader: Audio for gjqHdcZFXUE: skipped
2026-02-17 04:41:38 [INFO] download_channel: [92/694] Processing Wbl_xK_-ldM — ActInf Textbook Group ~ Cohort 5 ~ Session 4 (Chapter 2, Part 1) ~ 10/10/2023
2026-02-17 04:41:38 [INFO] journal_utilities.downloader: Transcript already exists for Wbl_xK_-ldM, skipping
2026-02-17 04:41:38 [INFO] journal_utilities.downloader: Transcript for Wbl_xK_-ldM: skipped
2026-02-17 04:41:38 [INFO] journal_utilities.downloader: Audio already exists for Wbl_xK_-ldM, skipping
2026-02-17 04:41:38 [INFO] journal_utilities.downloader: Audio for Wbl_xK_-ldM: skipped
2026-02-17 04:41:39 [INFO] download_channel: [93/694] Processing 0pd6BtofNkY — ActInf Textbook Group ~ Cohort 5 ~ Session 17 (Chapter 7, Part 2) ~ 2/26/2024
2026-02-17 04:41:39 [INFO] journal_utilities.downloader: Transcript already exists for 0pd6BtofNkY, skipping
2026-02-17 04:41:39 [INFO] journal_utilities.downloader: Transcript for 0pd6BtofNkY: skipped
2026-02-17 04:41:39 [INFO] journal_utilities.downloader: Audio already exists for 0pd6BtofNkY, skipping
2026-02-17 04:41:39 [INFO] journal_utilities.downloader: Audio for 0pd6BtofNkY: skipped
2026-02-17 04:41:40 [INFO] download_channel: [94/694] Processing 1w2JUt-xHH4 — ActInf Textbook Group ~ Cohort 5 ~ Session 3 (Chapter 1, Part 2) ~ 10/3/2023
2026-02-17 04:41:40 [INFO] journal_utilities.downloader: Transcript already exists for 1w2JUt-xHH4, skipping
2026-02-17 04:41:40 [INFO] journal_utilities.downloader: Transcript for 1w2JUt-xHH4: skipped
2026-02-17 04:41:40 [INFO] journal_utilities.downloader: Audio already exists for 1w2JUt-xHH4, skipping
2026-02-17 04:41:40 [INFO] journal_utilities.downloader: Audio for 1w2JUt-xHH4: skipped
2026-02-17 04:41:41 [INFO] download_channel: [95/694] Processing Da6PnLlK9oc — ActInf Textbook Group ~ Cohort 5 ~ Session 15 (Chapter 6, Part 2) ~ 2/12/2024
2026-02-17 04:41:41 [INFO] journal_utilities.downloader: Transcript already exists for Da6PnLlK9oc, skipping
2026-02-17 04:41:41 [INFO] journal_utilities.downloader: Transcript for Da6PnLlK9oc: skipped
2026-02-17 04:41:41 [INFO] journal_utilities.downloader: Audio already exists for Da6PnLlK9oc, skipping
2026-02-17 04:41:41 [INFO] journal_utilities.downloader: Audio for Da6PnLlK9oc: skipped
2026-02-17 04:41:42 [INFO] download_channel: [96/694] Processing WZ_rsHiwXRk — ActInf Textbook Group ~ Cohort 5 ~ Session 14 (Chapter 6, Part 1) ~ 2/5/2024
2026-02-17 04:41:42 [INFO] journal_utilities.downloader: Transcript already exists for WZ_rsHiwXRk, skipping
2026-02-17 04:41:42 [INFO] journal_utilities.downloader: Transcript for WZ_rsHiwXRk: skipped
2026-02-17 04:41:42 [INFO] journal_utilities.downloader: Audio already exists for WZ_rsHiwXRk, skipping
2026-02-17 04:41:42 [INFO] journal_utilities.downloader: Audio for WZ_rsHiwXRk: skipped
2026-02-17 04:41:43 [INFO] download_channel: [97/694] Processing MMOsuWNoPSo — ActInf Textbook Group ~ Cohort 5 ~ Session 10 (Chapter 5, Part 1) ~ 11/21/2023
2026-02-17 04:41:43 [INFO] journal_utilities.downloader: Transcript already exists for MMOsuWNoPSo, skipping
2026-02-17 04:41:43 [INFO] journal_utilities.downloader: Transcript for MMOsuWNoPSo: skipped
2026-02-17 04:41:43 [INFO] journal_utilities.downloader: Audio already exists for MMOsuWNoPSo, skipping
2026-02-17 04:41:43 [INFO] journal_utilities.downloader: Audio for MMOsuWNoPSo: skipped
2026-02-17 04:41:44 [INFO] download_channel: [98/694] Processing DgppOdct0JE — ActInf Textbook Group ~ Cohort 5 ~ Session 20 (Chapter 9, Part 1) ~ 3/18/2024
2026-02-17 04:41:44 [INFO] journal_utilities.downloader: Transcript already exists for DgppOdct0JE, skipping
2026-02-17 04:41:44 [INFO] journal_utilities.downloader: Transcript for DgppOdct0JE: skipped
2026-02-17 04:41:44 [INFO] journal_utilities.downloader: Audio already exists for DgppOdct0JE, skipping
2026-02-17 04:41:44 [INFO] journal_utilities.downloader: Audio for DgppOdct0JE: skipped
2026-02-17 04:41:45 [INFO] download_channel: [99/694] Processing D0eSAByd_Ak — ActInf Textbook Group ~ Cohort 5 ~ Session 9 (Chapter 4, Part 2) ~ 11/14/2023
2026-02-17 04:41:45 [INFO] journal_utilities.downloader: Transcript already exists for D0eSAByd_Ak, skipping
2026-02-17 04:41:45 [INFO] journal_utilities.downloader: Transcript for D0eSAByd_Ak: skipped
2026-02-17 04:41:45 [INFO] journal_utilities.downloader: Audio already exists for D0eSAByd_Ak, skipping
2026-02-17 04:41:45 [INFO] journal_utilities.downloader: Audio for D0eSAByd_Ak: skipped
2026-02-17 04:41:46 [INFO] download_channel: [100/694] Processing 85HzeHfna08 — ActInf Textbook Group ~ Cohort 5 ~ Session 2 (Chapter 1, Part 1) ~ 9/26/2023
2026-02-17 04:41:46 [INFO] journal_utilities.downloader: Transcript already exists for 85HzeHfna08, skipping
2026-02-17 04:41:46 [INFO] journal_utilities.downloader: Transcript for 85HzeHfna08: skipped
2026-02-17 04:41:46 [INFO] journal_utilities.downloader: Audio already exists for 85HzeHfna08, skipping
2026-02-17 04:41:46 [INFO] journal_utilities.downloader: Audio for 85HzeHfna08: skipped
2026-02-17 04:41:47 [INFO] download_channel: [101/694] Processing 3CQmexsuF64 — ActInf Textbook Group ~ Cohort 5 ~ Session 1 (Onboarding) ~ 9/19/2023
2026-02-17 04:41:47 [INFO] journal_utilities.downloader: Transcript already exists for 3CQmexsuF64, skipping
2026-02-17 04:41:47 [INFO] journal_utilities.downloader: Transcript for 3CQmexsuF64: skipped
2026-02-17 04:41:47 [INFO] journal_utilities.downloader: Audio already exists for 3CQmexsuF64, skipping
2026-02-17 04:41:47 [INFO] journal_utilities.downloader: Audio for 3CQmexsuF64: skipped
2026-02-17 04:41:48 [INFO] download_channel: [102/694] Processing 0sS-Qf60Uaw — ActInf Textbook Group ~ Cohort 5 ~ Session 21 (Chapter 9, Part 2) ~ 3/25/2024
2026-02-17 04:41:48 [INFO] journal_utilities.downloader: Transcript already exists for 0sS-Qf60Uaw, skipping
2026-02-17 04:41:48 [INFO] journal_utilities.downloader: Transcript for 0sS-Qf60Uaw: skipped
2026-02-17 04:41:48 [INFO] journal_utilities.downloader: Audio already exists for 0sS-Qf60Uaw, skipping
2026-02-17 04:41:48 [INFO] journal_utilities.downloader: Audio for 0sS-Qf60Uaw: skipped
2026-02-17 04:41:49 [INFO] download_channel: [103/694] Processing RDDfKm4yQIo — Active Inference in Rust.... For Ants? (4-4-2024 Active InferAnts bundle of updates)
2026-02-17 04:41:49 [INFO] journal_utilities.downloader: Transcript already exists for RDDfKm4yQIo, skipping
2026-02-17 04:41:49 [INFO] journal_utilities.downloader: Transcript for RDDfKm4yQIo: skipped
2026-02-17 04:41:49 [INFO] journal_utilities.downloader: Audio already exists for RDDfKm4yQIo, skipping
2026-02-17 04:41:49 [INFO] journal_utilities.downloader: Audio for RDDfKm4yQIo: skipped
2026-02-17 04:41:50 [INFO] download_channel: [104/694] Processing sAwPXw-WNg4 — Sanjeev Namjoshi ~ Active Inference Insights 018 ~ Education, Expectation-Maximisation, Evolution
2026-02-17 04:41:50 [INFO] journal_utilities.downloader: Transcript already exists for sAwPXw-WNg4, skipping
2026-02-17 04:41:50 [INFO] journal_utilities.downloader: Transcript for sAwPXw-WNg4: skipped
2026-02-17 04:41:50 [INFO] journal_utilities.downloader: Audio already exists for sAwPXw-WNg4, skipping
2026-02-17 04:41:50 [INFO] journal_utilities.downloader: Audio for sAwPXw-WNg4: skipped
2026-02-17 04:41:51 [INFO] download_channel: [105/694] Processing gpUuttKJoDM — Mark Solms ~ Active Inference Insights 017 ~ Affect, Consciousness, Dreams
2026-02-17 04:41:51 [INFO] journal_utilities.downloader: Transcript already exists for gpUuttKJoDM, skipping
2026-02-17 04:41:51 [INFO] journal_utilities.downloader: Transcript for gpUuttKJoDM: skipped
2026-02-17 04:41:51 [INFO] journal_utilities.downloader: Audio already exists for gpUuttKJoDM, skipping
2026-02-17 04:41:51 [INFO] journal_utilities.downloader: Audio for gpUuttKJoDM: skipped
2026-02-17 04:41:52 [INFO] download_channel: [106/694] Processing uO1QgxI9B3g — Wanja Wiese ~ Active Inference Insights 016 ~ Consciousness, Information Geometry, Ethical AI
2026-02-17 04:41:52 [INFO] journal_utilities.downloader: Transcript already exists for uO1QgxI9B3g, skipping
2026-02-17 04:41:52 [INFO] journal_utilities.downloader: Transcript for uO1QgxI9B3g: skipped
2026-02-17 04:41:52 [INFO] journal_utilities.downloader: Audio already exists for uO1QgxI9B3g, skipping
2026-02-17 04:41:52 [INFO] journal_utilities.downloader: Audio for uO1QgxI9B3g: skipped
2026-02-17 04:41:53 [INFO] download_channel: [107/694] Processing v6ddfMkuSpo — Michael Levin & Franz Kuchling ~ Active Inference Insights 015 ~ Morphogenesis, Selfhood, Teleonomy
2026-02-17 04:41:53 [INFO] journal_utilities.downloader: Transcript already exists for v6ddfMkuSpo, skipping
2026-02-17 04:41:53 [INFO] journal_utilities.downloader: Transcript for v6ddfMkuSpo: skipped
2026-02-17 04:41:53 [INFO] journal_utilities.downloader: Audio already exists for v6ddfMkuSpo, skipping
2026-02-17 04:41:53 [INFO] journal_utilities.downloader: Audio for v6ddfMkuSpo: skipped
2026-02-17 04:41:54 [INFO] download_channel: [108/694] Processing HIvGyLlZx4I — Alex Kiefer ~ Active Inference Insights 014 ~ Representations, Predictive Coding, Teleology
2026-02-17 04:41:54 [INFO] journal_utilities.downloader: Transcript already exists for HIvGyLlZx4I, skipping
2026-02-17 04:41:54 [INFO] journal_utilities.downloader: Transcript for HIvGyLlZx4I: skipped
2026-02-17 04:41:54 [INFO] journal_utilities.downloader: Audio already exists for HIvGyLlZx4I, skipping
2026-02-17 04:41:54 [INFO] journal_utilities.downloader: Audio for HIvGyLlZx4I: skipped
2026-02-17 04:41:55 [INFO] download_channel: [109/694] Processing T5nG_5UZ_yk — ActInf MorphStream 003.1 ~ Anand Subramoney "Principles of scalability and biological inspirations"
2026-02-17 04:41:55 [INFO] journal_utilities.downloader: Transcript already exists for T5nG_5UZ_yk, skipping
2026-02-17 04:41:55 [INFO] journal_utilities.downloader: Transcript for T5nG_5UZ_yk: skipped
2026-02-17 04:41:55 [INFO] journal_utilities.downloader: Audio already exists for T5nG_5UZ_yk, skipping
2026-02-17 04:41:55 [INFO] journal_utilities.downloader: Audio for T5nG_5UZ_yk: skipped
2026-02-17 04:41:56 [INFO] download_channel: [110/694] Processing bQAJKi5ewDI — Ryan Smith ~ Active Inference Insights 013 ~ Wellbeing, Modelling, Precision
2026-02-17 04:41:56 [INFO] journal_utilities.downloader: Transcript already exists for bQAJKi5ewDI, skipping
2026-02-17 04:41:56 [INFO] journal_utilities.downloader: Transcript for bQAJKi5ewDI: skipped
2026-02-17 04:41:56 [INFO] journal_utilities.downloader: Audio already exists for bQAJKi5ewDI, skipping
2026-02-17 04:41:56 [INFO] journal_utilities.downloader: Audio for bQAJKi5ewDI: skipped
2026-02-17 04:41:57 [INFO] download_channel: [111/694] Processing Ei8LHRlmbzI — Welcome to the Active Inference Institute (2024, version 1)
2026-02-17 04:41:57 [INFO] journal_utilities.downloader: Transcript already exists for Ei8LHRlmbzI, skipping
2026-02-17 04:41:57 [INFO] journal_utilities.downloader: Transcript for Ei8LHRlmbzI: skipped
2026-02-17 04:41:57 [INFO] journal_utilities.downloader: Audio already exists for Ei8LHRlmbzI, skipping
2026-02-17 04:41:57 [INFO] journal_utilities.downloader: Audio for Ei8LHRlmbzI: skipped
2026-02-17 04:41:58 [INFO] download_channel: [112/694] Processing kNel8V3TFZs — Ronald Sladky ~ Active Inference Insights 012 ~ Amygdala, Priors, fMRI
2026-02-17 04:41:58 [INFO] journal_utilities.downloader: Transcript already exists for kNel8V3TFZs, skipping
2026-02-17 04:41:58 [INFO] journal_utilities.downloader: Transcript for kNel8V3TFZs: skipped
2026-02-17 04:41:58 [INFO] journal_utilities.downloader: Audio already exists for kNel8V3TFZs, skipping
2026-02-17 04:41:58 [INFO] journal_utilities.downloader: Audio for kNel8V3TFZs: skipped
2026-02-17 04:41:59 [INFO] download_channel: [113/694] Processing 5OSdKU3Viu0 — Julian Kiverstein ~ Active Inference Insights 011 ~ Affordances, Enaction, Phenomenology
2026-02-17 04:41:59 [INFO] journal_utilities.downloader: Transcript already exists for 5OSdKU3Viu0, skipping
2026-02-17 04:41:59 [INFO] journal_utilities.downloader: Transcript for 5OSdKU3Viu0: skipped
2026-02-17 04:41:59 [INFO] journal_utilities.downloader: Audio already exists for 5OSdKU3Viu0, skipping
2026-02-17 04:41:59 [INFO] journal_utilities.downloader: Audio for 5OSdKU3Viu0: skipped
2026-02-17 04:42:00 [INFO] download_channel: [114/694] Processing ZeIM4mK9UuY — Projects & Measurements ~ February 8, 2024
2026-02-17 04:42:00 [INFO] journal_utilities.downloader: Transcript already exists for ZeIM4mK9UuY, skipping
2026-02-17 04:42:00 [INFO] journal_utilities.downloader: Transcript for ZeIM4mK9UuY: skipped
2026-02-17 04:42:00 [INFO] journal_utilities.downloader: Audio already exists for ZeIM4mK9UuY, skipping
2026-02-17 04:42:00 [INFO] journal_utilities.downloader: Audio for ZeIM4mK9UuY: skipped
2026-02-17 04:42:01 [INFO] download_channel: [115/694] Processing kLLMB91DMPA — Lance Da Costa ~ Active Inference Insights 010 ~ Mathematics, Time, Selfhood
2026-02-17 04:42:01 [INFO] journal_utilities.downloader: Transcript already exists for kLLMB91DMPA, skipping
2026-02-17 04:42:01 [INFO] journal_utilities.downloader: Transcript for kLLMB91DMPA: skipped
2026-02-17 04:42:01 [INFO] journal_utilities.downloader: Audio already exists for kLLMB91DMPA, skipping
2026-02-17 04:42:01 [INFO] journal_utilities.downloader: Audio for kLLMB91DMPA: skipped
2026-02-17 04:42:02 [INFO] download_channel: [116/694] Processing 23XMBqlFi78 — Chris Frith ~ Active Inference Insights 009 ~ Mentalizing, Schizophrenia, Consciousness
2026-02-17 04:42:02 [INFO] journal_utilities.downloader: Transcript already exists for 23XMBqlFi78, skipping
2026-02-17 04:42:02 [INFO] journal_utilities.downloader: Transcript for 23XMBqlFi78: skipped
2026-02-17 04:42:02 [INFO] journal_utilities.downloader: Audio already exists for 23XMBqlFi78, skipping
2026-02-17 04:42:02 [INFO] journal_utilities.downloader: Audio for 23XMBqlFi78: skipped
2026-02-17 04:42:03 [INFO] download_channel: [117/694] Processing YxrIbWTjSp4 — Active Inference Textbook Group in early 2024 ~ Cohort 6 begins & Cohort 5 continues
2026-02-17 04:42:03 [INFO] journal_utilities.downloader: Transcript already exists for YxrIbWTjSp4, skipping
2026-02-17 04:42:03 [INFO] journal_utilities.downloader: Transcript for YxrIbWTjSp4: skipped
2026-02-17 04:42:03 [INFO] journal_utilities.downloader: Audio already exists for YxrIbWTjSp4, skipping
2026-02-17 04:42:03 [INFO] journal_utilities.downloader: Audio for YxrIbWTjSp4: skipped
2026-02-17 04:42:04 [INFO] download_channel: [118/694] Processing oJZSGW2kCYY — Alexander Ororbia ~ Active Inference Insights 008 ~ Mortal Computation, Cybernetics, AI
2026-02-17 04:42:04 [INFO] journal_utilities.downloader: Transcript already exists for oJZSGW2kCYY, skipping
2026-02-17 04:42:04 [INFO] journal_utilities.downloader: Transcript for oJZSGW2kCYY: skipped
2026-02-17 04:42:04 [INFO] journal_utilities.downloader: Audio already exists for oJZSGW2kCYY, skipping
2026-02-17 04:42:04 [INFO] journal_utilities.downloader: Audio for oJZSGW2kCYY: skipped
2026-02-17 04:42:05 [INFO] download_channel: [119/694] Processing 1wxxhVjSo6w — Vicente Raja & Jeff Beck  ~ Active Inference Insights 007 ~ The Markov Blanket Trick Debate
2026-02-17 04:42:05 [INFO] journal_utilities.downloader: Transcript already exists for 1wxxhVjSo6w, skipping
2026-02-17 04:42:05 [INFO] journal_utilities.downloader: Transcript for 1wxxhVjSo6w: skipped
2026-02-17 04:42:05 [INFO] journal_utilities.downloader: Audio already exists for 1wxxhVjSo6w, skipping
2026-02-17 04:42:05 [INFO] journal_utilities.downloader: Audio for 1wxxhVjSo6w: skipped
2026-02-17 04:42:06 [INFO] download_channel: [120/694] Processing 7GGGBMFuRXE — Adam Safron ~ Active Inference Insights 006 ~ Psychedelics, Emotions, The Body
2026-02-17 04:42:06 [INFO] journal_utilities.downloader: Transcript already exists for 7GGGBMFuRXE, skipping
2026-02-17 04:42:06 [INFO] journal_utilities.downloader: Transcript for 7GGGBMFuRXE: skipped
2026-02-17 04:42:06 [INFO] journal_utilities.downloader: Audio already exists for 7GGGBMFuRXE, skipping
2026-02-17 04:42:06 [INFO] journal_utilities.downloader: Audio for 7GGGBMFuRXE: skipped
2026-02-17 04:42:07 [INFO] download_channel: [121/694] Processing mEP-E9Q92Es — Project Preparation/Measurement at Active Inference Institute in 2024 ~ Forms open
2026-02-17 04:42:07 [INFO] journal_utilities.downloader: Transcript already exists for mEP-E9Q92Es, skipping
2026-02-17 04:42:07 [INFO] journal_utilities.downloader: Transcript for mEP-E9Q92Es: skipped
2026-02-17 04:42:07 [INFO] journal_utilities.downloader: Audio already exists for mEP-E9Q92Es, skipping
2026-02-17 04:42:07 [INFO] journal_utilities.downloader: Audio for mEP-E9Q92Es: skipped
2026-02-17 04:42:08 [INFO] download_channel: [122/694] Processing Jutffqjgy18 — Marilyn Stendera ~ Active Inference Insights 005 ~ Autopoiesis, Heidegger, Futurity
2026-02-17 04:42:08 [INFO] journal_utilities.downloader: Transcript already exists for Jutffqjgy18, skipping
2026-02-17 04:42:08 [INFO] journal_utilities.downloader: Transcript for Jutffqjgy18: skipped
2026-02-17 04:42:08 [INFO] journal_utilities.downloader: Audio already exists for Jutffqjgy18, skipping
2026-02-17 04:42:08 [INFO] journal_utilities.downloader: Audio for Jutffqjgy18: skipped
2026-02-17 04:42:09 [INFO] download_channel: [123/694] Processing Wp7OebX_k70 — ActInf MorphStream 002.1 ~ Alon Loeffler "From Neuromorphic Nanowire Networks to Neurons"
2026-02-17 04:42:09 [INFO] journal_utilities.downloader: Transcript already exists for Wp7OebX_k70, skipping
2026-02-17 04:42:09 [INFO] journal_utilities.downloader: Transcript for Wp7OebX_k70: skipped
2026-02-17 04:42:09 [INFO] journal_utilities.downloader: Audio already exists for Wp7OebX_k70, skipping
2026-02-17 04:42:09 [INFO] journal_utilities.downloader: Audio for Wp7OebX_k70: skipped
2026-02-17 04:42:10 [INFO] download_channel: [124/694] Processing cKZIJQLhudk — Inês Hipólito ~ Active Inference Insights 004 ~ Markov Blankets, Modularity, Enactivism
2026-02-17 04:42:10 [INFO] journal_utilities.downloader: Transcript already exists for cKZIJQLhudk, skipping
2026-02-17 04:42:10 [INFO] journal_utilities.downloader: Transcript for cKZIJQLhudk: skipped
2026-02-17 04:42:10 [INFO] journal_utilities.downloader: Audio already exists for cKZIJQLhudk, skipping
2026-02-17 04:42:10 [INFO] journal_utilities.downloader: Audio for cKZIJQLhudk: skipped
2026-02-17 04:42:11 [INFO] download_channel: [125/694] Processing aC8GC15sqME — John Vervaeke ~ Active Inference Insights 003 ~ Relevance Realisation, Predictive Processing, Flow
2026-02-17 04:42:11 [INFO] journal_utilities.downloader: Transcript already exists for aC8GC15sqME, skipping
2026-02-17 04:42:11 [INFO] journal_utilities.downloader: Transcript for aC8GC15sqME: skipped
2026-02-17 04:42:11 [INFO] journal_utilities.downloader: Audio already exists for aC8GC15sqME, skipping
2026-02-17 04:42:11 [INFO] journal_utilities.downloader: Audio for aC8GC15sqME: skipped
2026-02-17 04:42:12 [INFO] download_channel: [126/694] Processing njbpi3YTMPY — Mahault Albarracin ~ Active Inference Insights 002 ~ Epistemic Communities, Social Scripts, AI
2026-02-17 04:42:12 [INFO] journal_utilities.downloader: Transcript already exists for njbpi3YTMPY, skipping
2026-02-17 04:42:12 [INFO] journal_utilities.downloader: Transcript for njbpi3YTMPY: skipped
2026-02-17 04:42:12 [INFO] journal_utilities.downloader: Audio already exists for njbpi3YTMPY, skipping
2026-02-17 04:42:12 [INFO] journal_utilities.downloader: Audio for njbpi3YTMPY: skipped
2026-02-17 04:42:13 [INFO] download_channel: [127/694] Processing rOchZu64b3A — ActInf Textbook Group ~ Cohort 4 ~ Meeting 20 (Chapter 9 part 2)
2026-02-17 04:42:13 [INFO] journal_utilities.downloader: Transcript already exists for rOchZu64b3A, skipping
2026-02-17 04:42:13 [INFO] journal_utilities.downloader: Transcript for rOchZu64b3A: skipped
2026-02-17 04:42:13 [INFO] journal_utilities.downloader: Audio already exists for rOchZu64b3A, skipping
2026-02-17 04:42:13 [INFO] journal_utilities.downloader: Audio for rOchZu64b3A: skipped
2026-02-17 04:42:14 [INFO] download_channel: [128/694] Processing k7nySEbMQDI — ActInf Textbook Group ~ Cohort 4 ~ Meeting 5 (Chapter 2 part 1)
2026-02-17 04:42:14 [INFO] journal_utilities.downloader: Transcript already exists for k7nySEbMQDI, skipping
2026-02-17 04:42:14 [INFO] journal_utilities.downloader: Transcript for k7nySEbMQDI: skipped
2026-02-17 04:42:14 [INFO] journal_utilities.downloader: Audio already exists for k7nySEbMQDI, skipping
2026-02-17 04:42:14 [INFO] journal_utilities.downloader: Audio for k7nySEbMQDI: skipped
2026-02-17 04:42:15 [INFO] download_channel: [129/694] Processing yICyXcr2idI — ActInf Textbook Group ~ Cohort 4 ~ Meeting 21 (Chapter 10 part 1)
2026-02-17 04:42:15 [INFO] journal_utilities.downloader: Transcript already exists for yICyXcr2idI, skipping
2026-02-17 04:42:15 [INFO] journal_utilities.downloader: Transcript for yICyXcr2idI: skipped
2026-02-17 04:42:15 [INFO] journal_utilities.downloader: Audio already exists for yICyXcr2idI, skipping
2026-02-17 04:42:15 [INFO] journal_utilities.downloader: Audio for yICyXcr2idI: skipped
2026-02-17 04:42:16 [INFO] download_channel: [130/694] Processing q5nQWvYZDrE — ActInf Textbook Group ~ Cohort 4 ~ Meeting 11 (Chapter 5 part 1)
2026-02-17 04:42:16 [INFO] journal_utilities.downloader: Transcript already exists for q5nQWvYZDrE, skipping
2026-02-17 04:42:16 [INFO] journal_utilities.downloader: Transcript for q5nQWvYZDrE: skipped
2026-02-17 04:42:16 [INFO] journal_utilities.downloader: Audio already exists for q5nQWvYZDrE, skipping
2026-02-17 04:42:16 [INFO] journal_utilities.downloader: Audio for q5nQWvYZDrE: skipped
2026-02-17 04:42:17 [INFO] download_channel: [131/694] Processing nsi6IAmt4Zc — ActInf Textbook Group ~ Cohort 4 ~ Meeting 10 (Chapter 4 part 2)
2026-02-17 04:42:17 [INFO] journal_utilities.downloader: Transcript already exists for nsi6IAmt4Zc, skipping
2026-02-17 04:42:17 [INFO] journal_utilities.downloader: Transcript for nsi6IAmt4Zc: skipped
2026-02-17 04:42:17 [INFO] journal_utilities.downloader: Audio already exists for nsi6IAmt4Zc, skipping
2026-02-17 04:42:17 [INFO] journal_utilities.downloader: Audio for nsi6IAmt4Zc: skipped
2026-02-17 04:42:18 [INFO] download_channel: [132/694] Processing gEL56jY7CY0 — ActInf Textbook Group ~ Cohort 4 ~ Meeting 16 (Chapter 7 part 1)
2026-02-17 04:42:18 [INFO] journal_utilities.downloader: Transcript already exists for gEL56jY7CY0, skipping
2026-02-17 04:42:18 [INFO] journal_utilities.downloader: Transcript for gEL56jY7CY0: skipped
2026-02-17 04:42:18 [INFO] journal_utilities.downloader: Audio already exists for gEL56jY7CY0, skipping
2026-02-17 04:42:18 [INFO] journal_utilities.downloader: Audio for gEL56jY7CY0: skipped
2026-02-17 04:42:19 [INFO] download_channel: [133/694] Processing dlZk_iF9EqM — ActInf Textbook Group ~ Cohort 4 ~ Meeting 13 (Chapter 6 part 1)
2026-02-17 04:42:19 [INFO] journal_utilities.downloader: Transcript already exists for dlZk_iF9EqM, skipping
2026-02-17 04:42:19 [INFO] journal_utilities.downloader: Transcript for dlZk_iF9EqM: skipped
2026-02-17 04:42:19 [INFO] journal_utilities.downloader: Audio already exists for dlZk_iF9EqM, skipping
2026-02-17 04:42:19 [INFO] journal_utilities.downloader: Audio for dlZk_iF9EqM: skipped
2026-02-17 04:42:20 [INFO] download_channel: [134/694] Processing ceHICB7bm_c — ActInf Textbook Group ~ Cohort 4 ~ Meeting 4 (Chapter 1 part 2)
2026-02-17 04:42:20 [INFO] journal_utilities.downloader: Transcript already exists for ceHICB7bm_c, skipping
2026-02-17 04:42:20 [INFO] journal_utilities.downloader: Transcript for ceHICB7bm_c: skipped
2026-02-17 04:42:20 [INFO] journal_utilities.downloader: Audio already exists for ceHICB7bm_c, skipping
2026-02-17 04:42:20 [INFO] journal_utilities.downloader: Audio for ceHICB7bm_c: skipped
2026-02-17 04:42:21 [INFO] download_channel: [135/694] Processing Z8hWG4Qf92w — ActInf Textbook Group ~ Cohort 4 ~ Meeting 17 (Chapter 8 part 1)
2026-02-17 04:42:21 [INFO] journal_utilities.downloader: Transcript already exists for Z8hWG4Qf92w, skipping
2026-02-17 04:42:21 [INFO] journal_utilities.downloader: Transcript for Z8hWG4Qf92w: skipped
2026-02-17 04:42:21 [INFO] journal_utilities.downloader: Audio already exists for Z8hWG4Qf92w, skipping
2026-02-17 04:42:21 [INFO] journal_utilities.downloader: Audio for Z8hWG4Qf92w: skipped
2026-02-17 04:42:22 [INFO] download_channel: [136/694] Processing QdyHzs1Slec — ActInf Textbook Group ~ Cohort 4 ~ Meeting 6 (Chapter 2 part 2)
2026-02-17 04:42:22 [INFO] journal_utilities.downloader: Transcript already exists for QdyHzs1Slec, skipping
2026-02-17 04:42:22 [INFO] journal_utilities.downloader: Transcript for QdyHzs1Slec: skipped
2026-02-17 04:42:22 [INFO] journal_utilities.downloader: Audio already exists for QdyHzs1Slec, skipping
2026-02-17 04:42:22 [INFO] journal_utilities.downloader: Audio for QdyHzs1Slec: skipped
2026-02-17 04:42:23 [INFO] download_channel: [137/694] Processing MIcDVLoElk8 — ActInf Textbook Group ~ Cohort 4 ~ Meeting 7 (Chapter 3 part 1)
2026-02-17 04:42:23 [INFO] journal_utilities.downloader: Transcript already exists for MIcDVLoElk8, skipping
2026-02-17 04:42:23 [INFO] journal_utilities.downloader: Transcript for MIcDVLoElk8: skipped
2026-02-17 04:42:23 [INFO] journal_utilities.downloader: Audio already exists for MIcDVLoElk8, skipping
2026-02-17 04:42:23 [INFO] journal_utilities.downloader: Audio for MIcDVLoElk8: skipped
2026-02-17 04:42:24 [INFO] download_channel: [138/694] Processing Gz0yDB6VOSI — ActInf Textbook Group ~ Cohort 4 ~ Meeting 18 (Chapter 8 part 2)
2026-02-17 04:42:24 [INFO] journal_utilities.downloader: Transcript already exists for Gz0yDB6VOSI, skipping
2026-02-17 04:42:24 [INFO] journal_utilities.downloader: Transcript for Gz0yDB6VOSI: skipped
2026-02-17 04:42:24 [INFO] journal_utilities.downloader: Audio already exists for Gz0yDB6VOSI, skipping
2026-02-17 04:42:24 [INFO] journal_utilities.downloader: Audio for Gz0yDB6VOSI: skipped
2026-02-17 04:42:25 [INFO] download_channel: [139/694] Processing F6-0JpsrzFA — ActInf Textbook Group ~ Cohort 4 ~ Meeting 3 (Chapter 1 part 1)
2026-02-17 04:42:25 [INFO] journal_utilities.downloader: Transcript already exists for F6-0JpsrzFA, skipping
2026-02-17 04:42:25 [INFO] journal_utilities.downloader: Transcript for F6-0JpsrzFA: skipped
2026-02-17 04:42:25 [INFO] journal_utilities.downloader: Audio already exists for F6-0JpsrzFA, skipping
2026-02-17 04:42:25 [INFO] journal_utilities.downloader: Audio for F6-0JpsrzFA: skipped
2026-02-17 04:42:26 [INFO] download_channel: [140/694] Processing BKgKVl_soZA — ActInf Textbook Group ~ Cohort 4 ~ Meeting 8 (Chapter 3 part 2)
2026-02-17 04:42:26 [INFO] journal_utilities.downloader: Transcript already exists for BKgKVl_soZA, skipping
2026-02-17 04:42:26 [INFO] journal_utilities.downloader: Transcript for BKgKVl_soZA: skipped
2026-02-17 04:42:26 [INFO] journal_utilities.downloader: Audio already exists for BKgKVl_soZA, skipping
2026-02-17 04:42:26 [INFO] journal_utilities.downloader: Audio for BKgKVl_soZA: skipped
2026-02-17 04:42:27 [INFO] download_channel: [141/694] Processing 82jRowV0oqA — ActInf Textbook Group ~ Cohort 4 ~ Meeting 22 (Chapter 10 part 2)
2026-02-17 04:42:27 [INFO] journal_utilities.downloader: Transcript already exists for 82jRowV0oqA, skipping
2026-02-17 04:42:27 [INFO] journal_utilities.downloader: Transcript for 82jRowV0oqA: skipped
2026-02-17 04:42:27 [INFO] journal_utilities.downloader: Audio already exists for 82jRowV0oqA, skipping
2026-02-17 04:42:27 [INFO] journal_utilities.downloader: Audio for 82jRowV0oqA: skipped
2026-02-17 04:42:28 [INFO] download_channel: [142/694] Processing 5a8zJ25BLYU — ActInf Textbook Group ~ Cohort 4 ~ Meeting 19 (Chapter 9 part 1)
2026-02-17 04:42:28 [INFO] journal_utilities.downloader: Transcript already exists for 5a8zJ25BLYU, skipping
2026-02-17 04:42:28 [INFO] journal_utilities.downloader: Transcript for 5a8zJ25BLYU: skipped
2026-02-17 04:42:28 [INFO] journal_utilities.downloader: Audio already exists for 5a8zJ25BLYU, skipping
2026-02-17 04:42:28 [INFO] journal_utilities.downloader: Audio for 5a8zJ25BLYU: skipped
2026-02-17 04:42:29 [INFO] download_channel: [143/694] Processing -j5JXt79H3w — ActInf Textbook Group ~ Cohort 4 ~ Meeting 14 (Chapter 6 part 2)
2026-02-17 04:42:29 [INFO] journal_utilities.downloader: Transcript already exists for -j5JXt79H3w, skipping
2026-02-17 04:42:29 [INFO] journal_utilities.downloader: Transcript for -j5JXt79H3w: skipped
2026-02-17 04:42:29 [INFO] journal_utilities.downloader: Audio already exists for -j5JXt79H3w, skipping
2026-02-17 04:42:29 [INFO] journal_utilities.downloader: Audio for -j5JXt79H3w: skipped
2026-02-17 04:42:30 [INFO] download_channel: [144/694] Processing 3U8AXcIaUFI — ActInf Textbook Group ~ Cohort 4 ~ Meeting 1 (Onboarding)
2026-02-17 04:42:30 [INFO] journal_utilities.downloader: Transcript already exists for 3U8AXcIaUFI, skipping
2026-02-17 04:42:30 [INFO] journal_utilities.downloader: Transcript for 3U8AXcIaUFI: skipped
2026-02-17 04:42:30 [INFO] journal_utilities.downloader: Audio already exists for 3U8AXcIaUFI, skipping
2026-02-17 04:42:30 [INFO] journal_utilities.downloader: Audio for 3U8AXcIaUFI: skipped
2026-02-17 04:42:31 [INFO] download_channel: [145/694] Processing 1Ooz_N1HJ58 — ActInf Textbook Group ~ Cohort 4 ~ Meeting 12 (Chapter 5 part 2)
2026-02-17 04:42:31 [INFO] journal_utilities.downloader: Transcript already exists for 1Ooz_N1HJ58, skipping
2026-02-17 04:42:31 [INFO] journal_utilities.downloader: Transcript for 1Ooz_N1HJ58: skipped
2026-02-17 04:42:31 [INFO] journal_utilities.downloader: Audio already exists for 1Ooz_N1HJ58, skipping
2026-02-17 04:42:31 [INFO] journal_utilities.downloader: Audio for 1Ooz_N1HJ58: skipped
2026-02-17 04:42:32 [INFO] download_channel: [146/694] Processing N5H5I6cvcrQ — Karl Friston ~ Active Inference Insights 001 ~ Free Energy, Time, Consciousness
2026-02-17 04:42:32 [INFO] journal_utilities.downloader: Transcript already exists for N5H5I6cvcrQ, skipping
2026-02-17 04:42:32 [INFO] journal_utilities.downloader: Transcript for N5H5I6cvcrQ: skipped
2026-02-17 04:42:32 [INFO] journal_utilities.downloader: Audio already exists for N5H5I6cvcrQ, skipping
2026-02-17 04:42:32 [INFO] journal_utilities.downloader: Audio for N5H5I6cvcrQ: skipped
2026-02-17 04:42:33 [INFO] download_channel: [147/694] Processing hZBkiePQtvc — Scientific Advisory Board (SAB) at Active Inference Institute ~ Application open for 2024
2026-02-17 04:42:33 [INFO] journal_utilities.downloader: Transcript already exists for hZBkiePQtvc, skipping
2026-02-17 04:42:33 [INFO] journal_utilities.downloader: Transcript for hZBkiePQtvc: skipped
2026-02-17 04:42:33 [INFO] journal_utilities.downloader: Audio already exists for hZBkiePQtvc, skipping
2026-02-17 04:42:33 [INFO] journal_utilities.downloader: Audio for hZBkiePQtvc: skipped
2026-02-17 04:42:34 [INFO] download_channel: [148/694] Processing yRhEbr4bpB0 — Using ResearchGPT for learning Active Inference and doing Ant research
2026-02-17 04:42:34 [DEBUG] journal_utilities.downloader: yt-dlp transcript cmd: yt-dlp --no-warnings --cookies data/output/cookies.txt --write-sub --write-auto-sub --sub-lang en --sub-format vtt --skip-download -o data/output/transcripts/%(id)s.%(ext)s https://www.youtube.com/watch?v=yRhEbr4bpB0
2026-02-17 04:42:38 [INFO] journal_utilities.downloader: yt-dlp subtitles unavailable for yRhEbr4bpB0, trying youtube_transcript_api
2026-02-17 04:42:38 [DEBUG] journal_utilities.downloader: Loaded cookies for transcript API from data/output/cookies.txt
2026-02-17 04:42:38 [DEBUG] urllib3.connectionpool: Starting new HTTPS connection (1): www.youtube.com:443
2026-02-17 04:42:39 [DEBUG] urllib3.connectionpool: https://www.youtube.com:443 "GET /watch?v=yRhEbr4bpB0 HTTP/1.1" 200 None
2026-02-17 04:42:40 [DEBUG] urllib3.connectionpool: https://www.youtube.com:443 "POST /youtubei/v1/player?key=AIzaSyAO_FJ2SlqU8Q4STEHLGCilw_Y9_11qcW8 HTTP/1.1" 200 None
2026-02-17 04:42:40 [DEBUG] urllib3.connectionpool: https://www.youtube.com:443 "GET /api/timedtext?v=yRhEbr4bpB0&ei=P2KUaa7dPK2QsfIPpo-kkAU&caps=asr&opi=112496729&xoaf=5&xowf=1&hl=en&ip=0.0.0.0&ipbits=0&expire=1771357360&sparams=ip,ipbits,expire,v,ei,caps,opi,xoaf&signature=59D9E18C5C860C6A37F34FB0502D16C0DC085304.114810A95132C392654B673F6F8F8D15886A4FBF&key=yt8&kind=asr&lang=en HTTP/1.1" 200 None
2026-02-17 04:42:40 [INFO] journal_utilities.downloader: Downloaded transcript via API for yRhEbr4bpB0
2026-02-17 04:42:40 [INFO] journal_utilities.downloader: Transcript for yRhEbr4bpB0: success
2026-02-17 04:42:40 [INFO] journal_utilities.downloader: Audio already exists for yRhEbr4bpB0, skipping
2026-02-17 04:42:40 [INFO] journal_utilities.downloader: Audio for yRhEbr4bpB0: skipped
2026-02-17 04:42:41 [INFO] download_channel: [149/694] Processing wNCZmPM0V44 — Introduction to recording & livestreaming with OBS
2026-02-17 04:42:41 [DEBUG] journal_utilities.downloader: yt-dlp transcript cmd: yt-dlp --no-warnings --cookies data/output/cookies.txt --write-sub --write-auto-sub --sub-lang en --sub-format vtt --skip-download -o data/output/transcripts/%(id)s.%(ext)s https://www.youtube.com/watch?v=wNCZmPM0V44
2026-02-17 04:42:44 [INFO] journal_utilities.downloader: yt-dlp subtitles unavailable for wNCZmPM0V44, trying youtube_transcript_api
2026-02-17 04:42:44 [DEBUG] journal_utilities.downloader: Loaded cookies for transcript API from data/output/cookies.txt
2026-02-17 04:42:44 [DEBUG] urllib3.connectionpool: Starting new HTTPS connection (1): www.youtube.com:443
2026-02-17 04:42:45 [DEBUG] urllib3.connectionpool: https://www.youtube.com:443 "GET /watch?v=wNCZmPM0V44 HTTP/1.1" 200 None
2026-02-17 04:42:45 [DEBUG] urllib3.connectionpool: https://www.youtube.com:443 "POST /youtubei/v1/player?key=AIzaSyAO_FJ2SlqU8Q4STEHLGCilw_Y9_11qcW8 HTTP/1.1" 200 None
2026-02-17 04:42:46 [DEBUG] urllib3.connectionpool: https://www.youtube.com:443 "GET /api/timedtext?v=wNCZmPM0V44&ei=RWKUacyNMYnWsfIP7a2WmQ8&caps=asr&opi=112496729&xoaf=5&xowf=1&hl=en&ip=0.0.0.0&ipbits=0&expire=1771357365&sparams=ip,ipbits,expire,v,ei,caps,opi,xoaf&signature=68FFD1C66891B516E37F9ADEAB01A7541E2A8B5F.557D4DF7E9434A57D3634902C4ED1C1089FF4637&key=yt8&kind=asr&lang=en HTTP/1.1" 200 None
2026-02-17 04:42:46 [INFO] journal_utilities.downloader: Downloaded transcript via API for wNCZmPM0V44
2026-02-17 04:42:46 [INFO] journal_utilities.downloader: Transcript for wNCZmPM0V44: success
2026-02-17 04:42:46 [INFO] journal_utilities.downloader: Audio already exists for wNCZmPM0V44, skipping
2026-02-17 04:42:46 [INFO] journal_utilities.downloader: Audio for wNCZmPM0V44: skipped
2026-02-17 04:42:47 [INFO] download_channel: [150/694] Processing znerIJTcqME — Active Inference ~ Parr, Pezzulo, Friston ~ Chapter 10 ~ BookStream #002.03
2026-02-17 04:42:47 [DEBUG] journal_utilities.downloader: yt-dlp transcript cmd: yt-dlp --no-warnings --cookies data/output/cookies.txt --write-sub --write-auto-sub --sub-lang en --sub-format vtt --skip-download -o data/output/transcripts/%(id)s.%(ext)s https://www.youtube.com/watch?v=znerIJTcqME
2026-02-17 04:42:50 [INFO] journal_utilities.downloader: yt-dlp subtitles unavailable for znerIJTcqME, trying youtube_transcript_api
2026-02-17 04:42:50 [DEBUG] journal_utilities.downloader: Loaded cookies for transcript API from data/output/cookies.txt
2026-02-17 04:42:50 [DEBUG] urllib3.connectionpool: Starting new HTTPS connection (1): www.youtube.com:443
2026-02-17 04:42:51 [DEBUG] urllib3.connectionpool: https://www.youtube.com:443 "GET /watch?v=znerIJTcqME HTTP/1.1" 200 None
2026-02-17 04:42:52 [DEBUG] urllib3.connectionpool: https://www.youtube.com:443 "POST /youtubei/v1/player?key=AIzaSyAO_FJ2SlqU8Q4STEHLGCilw_Y9_11qcW8 HTTP/1.1" 200 None
2026-02-17 04:42:52 [DEBUG] urllib3.connectionpool: https://www.youtube.com:443 "GET /api/timedtext?v=znerIJTcqME&ei=S2KUacKcOf_3sfIPvv_hiQQ&caps=asr&opi=112496729&xoaf=5&xowf=1&hl=en&ip=0.0.0.0&ipbits=0&expire=1771357371&sparams=ip,ipbits,expire,v,ei,caps,opi,xoaf&signature=0F35AB25DE4C243B139C29AEB4518A8E598B3A52.78C1CD71F571C5D6922289EF3A68AB839A957FAF&key=yt8&kind=asr&lang=en HTTP/1.1" 200 None
2026-02-17 04:42:52 [INFO] journal_utilities.downloader: Downloaded transcript via API for znerIJTcqME
2026-02-17 04:42:52 [INFO] journal_utilities.downloader: Transcript for znerIJTcqME: success
2026-02-17 04:42:52 [INFO] journal_utilities.downloader: Audio already exists for znerIJTcqME, skipping
2026-02-17 04:42:52 [INFO] journal_utilities.downloader: Audio for znerIJTcqME: skipped
2026-02-17 04:42:53 [INFO] download_channel: [151/694] Processing GCfJupUKc0Y — Active Inference ~ Parr, Pezzulo, Friston ~ Chapter 9 ~ BookStream #002.03
2026-02-17 04:42:53 [INFO] journal_utilities.downloader: Transcript already exists for GCfJupUKc0Y, skipping
2026-02-17 04:42:53 [INFO] journal_utilities.downloader: Transcript for GCfJupUKc0Y: skipped
2026-02-17 04:42:53 [INFO] journal_utilities.downloader: Audio already exists for GCfJupUKc0Y, skipping
2026-02-17 04:42:53 [INFO] journal_utilities.downloader: Audio for GCfJupUKc0Y: skipped
2026-02-17 04:42:54 [INFO] download_channel: [152/694] Processing XcoPRGZRO28 — ActInf Textbook Group ~ Cohort 5 ~ Onboarding & Overview (September 2023)
2026-02-17 04:42:54 [INFO] journal_utilities.downloader: Transcript already exists for XcoPRGZRO28, skipping
2026-02-17 04:42:54 [INFO] journal_utilities.downloader: Transcript for XcoPRGZRO28: skipped
2026-02-17 04:42:54 [INFO] journal_utilities.downloader: Audio already exists for XcoPRGZRO28, skipping
2026-02-17 04:42:54 [INFO] journal_utilities.downloader: Audio for XcoPRGZRO28: skipped
2026-02-17 04:42:55 [INFO] download_channel: [153/694] Processing wFjXz896pKU — ActInf Textbook Group ~ Cohort 3 ~ Meeting 4 (Chapter 2, part 1)
2026-02-17 04:42:55 [DEBUG] journal_utilities.downloader: yt-dlp transcript cmd: yt-dlp --no-warnings --cookies data/output/cookies.txt --write-sub --write-auto-sub --sub-lang en --sub-format vtt --skip-download -o data/output/transcripts/%(id)s.%(ext)s https://www.youtube.com/watch?v=wFjXz896pKU
2026-02-17 04:42:59 [INFO] journal_utilities.downloader: yt-dlp subtitles unavailable for wFjXz896pKU, trying youtube_transcript_api
2026-02-17 04:42:59 [DEBUG] journal_utilities.downloader: Loaded cookies for transcript API from data/output/cookies.txt
2026-02-17 04:42:59 [DEBUG] urllib3.connectionpool: Starting new HTTPS connection (1): www.youtube.com:443
2026-02-17 04:42:59 [DEBUG] urllib3.connectionpool: https://www.youtube.com:443 "GET /watch?v=wFjXz896pKU HTTP/1.1" 200 None
2026-02-17 04:43:00 [DEBUG] urllib3.connectionpool: https://www.youtube.com:443 "POST /youtubei/v1/player?key=AIzaSyAO_FJ2SlqU8Q4STEHLGCilw_Y9_11qcW8 HTTP/1.1" 200 None
2026-02-17 04:43:00 [DEBUG] urllib3.connectionpool: https://www.youtube.com:443 "GET /api/timedtext?v=wFjXz896pKU&ei=VGKUaazICaWBsfIPo9v2yQQ&caps=asr&opi=112496729&xoaf=5&xowf=1&hl=en&ip=0.0.0.0&ipbits=0&expire=1771357380&sparams=ip,ipbits,expire,v,ei,caps,opi,xoaf&signature=E6596DC224B1F2AF2239D01E9A4F784580139827.AADCE7CE087CB250892C36622CC35D96E489C1E9&key=yt8&kind=asr&lang=en HTTP/1.1" 200 None
2026-02-17 04:43:00 [INFO] journal_utilities.downloader: Downloaded transcript via API for wFjXz896pKU
2026-02-17 04:43:00 [INFO] journal_utilities.downloader: Transcript for wFjXz896pKU: success
2026-02-17 04:43:00 [INFO] journal_utilities.downloader: Audio already exists for wFjXz896pKU, skipping
2026-02-17 04:43:00 [INFO] journal_utilities.downloader: Audio for wFjXz896pKU: skipped
2026-02-17 04:43:01 [INFO] download_channel: [154/694] Processing Q5G-5FgTCFQ — ActInf Textbook Group ~ Cohort 3 ~ Meeting 17 (Chapter 7, part 2)
2026-02-17 04:43:01 [INFO] journal_utilities.downloader: Transcript already exists for Q5G-5FgTCFQ, skipping
2026-02-17 04:43:01 [INFO] journal_utilities.downloader: Transcript for Q5G-5FgTCFQ: skipped
2026-02-17 04:43:01 [INFO] journal_utilities.downloader: Audio already exists for Q5G-5FgTCFQ, skipping
2026-02-17 04:43:01 [INFO] journal_utilities.downloader: Audio for Q5G-5FgTCFQ: skipped
2026-02-17 04:43:02 [INFO] download_channel: [155/694] Processing MJXyGtYuK1U — ActInf Textbook Group ~ Cohort 3 ~ Meeting 5 (Chapter 2, part 2)
2026-02-17 04:43:02 [INFO] journal_utilities.downloader: Transcript already exists for MJXyGtYuK1U, skipping
2026-02-17 04:43:02 [INFO] journal_utilities.downloader: Transcript for MJXyGtYuK1U: skipped
2026-02-17 04:43:02 [INFO] journal_utilities.downloader: Audio already exists for MJXyGtYuK1U, skipping
2026-02-17 04:43:02 [INFO] journal_utilities.downloader: Audio for MJXyGtYuK1U: skipped
2026-02-17 04:43:03 [INFO] download_channel: [156/694] Processing 6w-2IBLM6KU — ActInf Textbook Group ~ Cohort 3 ~ Meeting 19 (Chapter 8, part 2)
2026-02-17 04:43:03 [INFO] journal_utilities.downloader: Transcript already exists for 6w-2IBLM6KU, skipping
2026-02-17 04:43:03 [INFO] journal_utilities.downloader: Transcript for 6w-2IBLM6KU: skipped
2026-02-17 04:43:03 [INFO] journal_utilities.downloader: Audio already exists for 6w-2IBLM6KU, skipping
2026-02-17 04:43:03 [INFO] journal_utilities.downloader: Audio for 6w-2IBLM6KU: skipped
2026-02-17 04:43:04 [INFO] download_channel: [157/694] Processing 5F8kbj05KHU — ActInf Textbook Group ~ Cohort 3 ~ Meeting 15 (Chapter 6, part 2)
2026-02-17 04:43:04 [INFO] journal_utilities.downloader: Transcript already exists for 5F8kbj05KHU, skipping
2026-02-17 04:43:04 [INFO] journal_utilities.downloader: Transcript for 5F8kbj05KHU: skipped
2026-02-17 04:43:04 [INFO] journal_utilities.downloader: Audio already exists for 5F8kbj05KHU, skipping
2026-02-17 04:43:04 [INFO] journal_utilities.downloader: Audio for 5F8kbj05KHU: skipped
2026-02-17 04:43:05 [INFO] download_channel: [158/694] Processing 4ZffpVN-Pe4 — ActInf Textbook Group ~ Cohort 3 ~ Meeting 18 (Chapter 8, part 1)
2026-02-17 04:43:05 [INFO] journal_utilities.downloader: Transcript already exists for 4ZffpVN-Pe4, skipping
2026-02-17 04:43:05 [INFO] journal_utilities.downloader: Transcript for 4ZffpVN-Pe4: skipped
2026-02-17 04:43:05 [INFO] journal_utilities.downloader: Audio already exists for 4ZffpVN-Pe4, skipping
2026-02-17 04:43:05 [INFO] journal_utilities.downloader: Audio for 4ZffpVN-Pe4: skipped
2026-02-17 04:43:06 [INFO] download_channel: [159/694] Processing 2UBBVXykuTM — ActInf Textbook Group ~ Cohort 3 ~ Meeting 22 (Chapter 10, part 1)
2026-02-17 04:43:06 [INFO] journal_utilities.downloader: Transcript already exists for 2UBBVXykuTM, skipping
2026-02-17 04:43:06 [INFO] journal_utilities.downloader: Transcript for 2UBBVXykuTM: skipped
2026-02-17 04:43:06 [INFO] journal_utilities.downloader: Audio already exists for 2UBBVXykuTM, skipping
2026-02-17 04:43:06 [INFO] journal_utilities.downloader: Audio for 2UBBVXykuTM: skipped
2026-02-17 04:43:07 [INFO] download_channel: [160/694] Processing ych0eX3C3YY — ActInf Textbook Group ~ Cohort 3 ~ Meeting 16 (Chapter 7, part 1)
2026-02-17 04:43:07 [DEBUG] journal_utilities.downloader: yt-dlp transcript cmd: yt-dlp --no-warnings --cookies data/output/cookies.txt --write-sub --write-auto-sub --sub-lang en --sub-format vtt --skip-download -o data/output/transcripts/%(id)s.%(ext)s https://www.youtube.com/watch?v=ych0eX3C3YY
2026-02-17 04:43:11 [INFO] journal_utilities.downloader: yt-dlp subtitles unavailable for ych0eX3C3YY, trying youtube_transcript_api
2026-02-17 04:43:11 [DEBUG] journal_utilities.downloader: Loaded cookies for transcript API from data/output/cookies.txt
2026-02-17 04:43:11 [DEBUG] urllib3.connectionpool: Starting new HTTPS connection (1): www.youtube.com:443
2026-02-17 04:43:11 [DEBUG] urllib3.connectionpool: https://www.youtube.com:443 "GET /watch?v=ych0eX3C3YY HTTP/1.1" 200 None
2026-02-17 04:43:12 [DEBUG] urllib3.connectionpool: https://www.youtube.com:443 "POST /youtubei/v1/player?key=AIzaSyAO_FJ2SlqU8Q4STEHLGCilw_Y9_11qcW8 HTTP/1.1" 200 None
2026-02-17 04:43:12 [DEBUG] urllib3.connectionpool: https://www.youtube.com:443 "GET /api/timedtext?v=ych0eX3C3YY&ei=YGKUad2SG4b4sfIPlqStsAQ&caps=asr&opi=112496729&xoaf=5&xowf=1&hl=en&ip=0.0.0.0&ipbits=0&expire=1771357392&sparams=ip,ipbits,expire,v,ei,caps,opi,xoaf&signature=5A2C32214F4A6C5E064614841B594E4674C6D8C6.C2C345D11B19BA32B2CB4D9825133F2C4DC91CB9&key=yt8&kind=asr&lang=en HTTP/1.1" 200 None
2026-02-17 04:43:12 [INFO] journal_utilities.downloader: Downloaded transcript via API for ych0eX3C3YY
2026-02-17 04:43:12 [INFO] journal_utilities.downloader: Transcript for ych0eX3C3YY: success
2026-02-17 04:43:12 [INFO] journal_utilities.downloader: Audio already exists for ych0eX3C3YY, skipping
2026-02-17 04:43:12 [INFO] journal_utilities.downloader: Audio for ych0eX3C3YY: skipped
2026-02-17 04:43:13 [INFO] download_channel: [161/694] Processing wI9O5B2m3xM — ActInf Textbook Group ~ Cohort 3 ~ Meeting 14 (Chapter 6, part 1)
2026-02-17 04:43:13 [DEBUG] journal_utilities.downloader: yt-dlp transcript cmd: yt-dlp --no-warnings --cookies data/output/cookies.txt --write-sub --write-auto-sub --sub-lang en --sub-format vtt --skip-download -o data/output/transcripts/%(id)s.%(ext)s https://www.youtube.com/watch?v=wI9O5B2m3xM
2026-02-17 04:43:17 [INFO] journal_utilities.downloader: yt-dlp subtitles unavailable for wI9O5B2m3xM, trying youtube_transcript_api
2026-02-17 04:43:17 [DEBUG] journal_utilities.downloader: Loaded cookies for transcript API from data/output/cookies.txt
2026-02-17 04:43:17 [DEBUG] urllib3.connectionpool: Starting new HTTPS connection (1): www.youtube.com:443
2026-02-17 04:43:17 [DEBUG] urllib3.connectionpool: https://www.youtube.com:443 "GET /watch?v=wI9O5B2m3xM HTTP/1.1" 200 None
2026-02-17 04:43:18 [DEBUG] urllib3.connectionpool: https://www.youtube.com:443 "POST /youtubei/v1/player?key=AIzaSyAO_FJ2SlqU8Q4STEHLGCilw_Y9_11qcW8 HTTP/1.1" 200 None
2026-02-17 04:43:18 [DEBUG] urllib3.connectionpool: https://www.youtube.com:443 "GET /api/timedtext?v=wI9O5B2m3xM&ei=ZmKUacOiHOmEt7EPiPqQ8Qs&caps=asr&opi=112496729&xoaf=5&xowf=1&hl=en&ip=0.0.0.0&ipbits=0&expire=1771357398&sparams=ip,ipbits,expire,v,ei,caps,opi,xoaf&signature=10DE6AE8E43928F1845C13DC4B3672420F1377F0.CDC992C670F1D15C625563DF7F2D3BF51916DEF7&key=yt8&kind=asr&lang=en HTTP/1.1" 200 None
2026-02-17 04:43:18 [INFO] journal_utilities.downloader: Downloaded transcript via API for wI9O5B2m3xM
2026-02-17 04:43:18 [INFO] journal_utilities.downloader: Transcript for wI9O5B2m3xM: success
2026-02-17 04:43:18 [INFO] journal_utilities.downloader: Audio already exists for wI9O5B2m3xM, skipping
2026-02-17 04:43:18 [INFO] journal_utilities.downloader: Audio for wI9O5B2m3xM: skipped
2026-02-17 04:43:19 [INFO] download_channel: [162/694] Processing lMsOOXaM2-E — ActInf Textbook Group ~ Cohort 3 ~ Meeting 6 (Chapter 3, part 1)
2026-02-17 04:43:19 [INFO] journal_utilities.downloader: Transcript already exists for lMsOOXaM2-E, skipping
2026-02-17 04:43:19 [INFO] journal_utilities.downloader: Transcript for lMsOOXaM2-E: skipped
2026-02-17 04:43:19 [INFO] journal_utilities.downloader: Audio already exists for lMsOOXaM2-E, skipping
2026-02-17 04:43:19 [INFO] journal_utilities.downloader: Audio for lMsOOXaM2-E: skipped
2026-02-17 04:43:20 [INFO] download_channel: [163/694] Processing l6aGBYmFGCc — ActInf Textbook Group ~ Cohort 3 ~ Meeting 10 (Chapter 5, part 1)
2026-02-17 04:43:20 [INFO] journal_utilities.downloader: Transcript already exists for l6aGBYmFGCc, skipping
2026-02-17 04:43:20 [INFO] journal_utilities.downloader: Transcript for l6aGBYmFGCc: skipped
2026-02-17 04:43:20 [INFO] journal_utilities.downloader: Audio already exists for l6aGBYmFGCc, skipping
2026-02-17 04:43:20 [INFO] journal_utilities.downloader: Audio for l6aGBYmFGCc: skipped
2026-02-17 04:43:21 [INFO] download_channel: [164/694] Processing awqzJPntNz4 — ActInf Textbook Group ~ Cohort 3 ~ Meeting 3 (Chapter 1, part 2)
2026-02-17 04:43:21 [INFO] journal_utilities.downloader: Transcript already exists for awqzJPntNz4, skipping
2026-02-17 04:43:21 [INFO] journal_utilities.downloader: Transcript for awqzJPntNz4: skipped
2026-02-17 04:43:21 [INFO] journal_utilities.downloader: Audio already exists for awqzJPntNz4, skipping
2026-02-17 04:43:21 [INFO] journal_utilities.downloader: Audio for awqzJPntNz4: skipped
2026-02-17 04:43:22 [INFO] download_channel: [165/694] Processing Ui8SwfQDhmA — ActInf Textbook Group ~ Cohort 3 ~ Meeting 11 (Chapter 5, part 2)
2026-02-17 04:43:22 [INFO] journal_utilities.downloader: Transcript already exists for Ui8SwfQDhmA, skipping
2026-02-17 04:43:22 [INFO] journal_utilities.downloader: Transcript for Ui8SwfQDhmA: skipped
2026-02-17 04:43:22 [INFO] journal_utilities.downloader: Audio already exists for Ui8SwfQDhmA, skipping
2026-02-17 04:43:22 [INFO] journal_utilities.downloader: Audio for Ui8SwfQDhmA: skipped
2026-02-17 04:43:23 [INFO] download_channel: [166/694] Processing QBEOnqGqeRY — ActInf Textbook Group ~ Cohort 3 ~ Meeting 21 (Chapter 9, part 2)
2026-02-17 04:43:23 [INFO] journal_utilities.downloader: Transcript already exists for QBEOnqGqeRY, skipping
2026-02-17 04:43:23 [INFO] journal_utilities.downloader: Transcript for QBEOnqGqeRY: skipped
2026-02-17 04:43:23 [INFO] journal_utilities.downloader: Audio already exists for QBEOnqGqeRY, skipping
2026-02-17 04:43:23 [INFO] journal_utilities.downloader: Audio for QBEOnqGqeRY: skipped
2026-02-17 04:43:24 [INFO] download_channel: [167/694] Processing Nak508NmYYA — ActInf Textbook Group ~ Cohort 3 ~ Meeting 9 (Chapter 4, part 2)
2026-02-17 04:43:24 [INFO] journal_utilities.downloader: Transcript already exists for Nak508NmYYA, skipping
2026-02-17 04:43:24 [INFO] journal_utilities.downloader: Transcript for Nak508NmYYA: skipped
2026-02-17 04:43:24 [INFO] journal_utilities.downloader: Audio already exists for Nak508NmYYA, skipping
2026-02-17 04:43:24 [INFO] journal_utilities.downloader: Audio for Nak508NmYYA: skipped
2026-02-17 04:43:25 [INFO] download_channel: [168/694] Processing JEz3du5S1os — ActInf Textbook Group ~ Cohort 3 ~ Meeting 8 (Chapter 4, part 1)
2026-02-17 04:43:25 [INFO] journal_utilities.downloader: Transcript already exists for JEz3du5S1os, skipping
2026-02-17 04:43:25 [INFO] journal_utilities.downloader: Transcript for JEz3du5S1os: skipped
2026-02-17 04:43:25 [INFO] journal_utilities.downloader: Audio already exists for JEz3du5S1os, skipping
2026-02-17 04:43:25 [INFO] journal_utilities.downloader: Audio for JEz3du5S1os: skipped
2026-02-17 04:43:26 [INFO] download_channel: [169/694] Processing HyKS1A0Ga8s — ActInf Textbook Group ~ Cohort 3 ~ Meeting 2 (Chapter 1, part 1)
2026-02-17 04:43:26 [INFO] journal_utilities.downloader: Transcript already exists for HyKS1A0Ga8s, skipping
2026-02-17 04:43:26 [INFO] journal_utilities.downloader: Transcript for HyKS1A0Ga8s: skipped
2026-02-17 04:43:26 [INFO] journal_utilities.downloader: Audio already exists for HyKS1A0Ga8s, skipping
2026-02-17 04:43:26 [INFO] journal_utilities.downloader: Audio for HyKS1A0Ga8s: skipped
2026-02-17 04:43:27 [INFO] download_channel: [170/694] Processing G9GfOMjF4g0 — ActInf Textbook Group ~ Cohort 3 ~ Meeting 1 (Welcome and Onboarding)
2026-02-17 04:43:27 [INFO] journal_utilities.downloader: Transcript already exists for G9GfOMjF4g0, skipping
2026-02-17 04:43:27 [INFO] journal_utilities.downloader: Transcript for G9GfOMjF4g0: skipped
2026-02-17 04:43:27 [INFO] journal_utilities.downloader: Audio already exists for G9GfOMjF4g0, skipping
2026-02-17 04:43:27 [INFO] journal_utilities.downloader: Audio for G9GfOMjF4g0: skipped
2026-02-17 04:43:28 [INFO] download_channel: [171/694] Processing F-kYst2mxTQ — ActInf Textbook Group ~ Cohort 3 ~ Meeting 20 (Chapter 9, part 1)
2026-02-17 04:43:28 [INFO] journal_utilities.downloader: Transcript already exists for F-kYst2mxTQ, skipping
2026-02-17 04:43:28 [INFO] journal_utilities.downloader: Transcript for F-kYst2mxTQ: skipped
2026-02-17 04:43:28 [INFO] journal_utilities.downloader: Audio already exists for F-kYst2mxTQ, skipping
2026-02-17 04:43:28 [INFO] journal_utilities.downloader: Audio for F-kYst2mxTQ: skipped
2026-02-17 04:43:29 [INFO] download_channel: [172/694] Processing 0zUYswqn8aI — ActInf Textbook Group ~ Cohort 3 ~ Meeting 7 (Chapter 3, part 2)
2026-02-17 04:43:29 [INFO] journal_utilities.downloader: Transcript already exists for 0zUYswqn8aI, skipping
2026-02-17 04:43:29 [INFO] journal_utilities.downloader: Transcript for 0zUYswqn8aI: skipped
2026-02-17 04:43:29 [INFO] journal_utilities.downloader: Audio already exists for 0zUYswqn8aI, skipping
2026-02-17 04:43:29 [INFO] journal_utilities.downloader: Audio for 0zUYswqn8aI: skipped
2026-02-17 04:43:30 [INFO] download_channel: [173/694] Processing 0x3TIoZal9Q — ActInf Textbook Group ~ Cohort 3 ~ Meeting 23 (Chapter 10, part 2)
2026-02-17 04:43:30 [INFO] journal_utilities.downloader: Transcript already exists for 0x3TIoZal9Q, skipping
2026-02-17 04:43:30 [INFO] journal_utilities.downloader: Transcript for 0x3TIoZal9Q: skipped
2026-02-17 04:43:30 [INFO] journal_utilities.downloader: Audio already exists for 0x3TIoZal9Q, skipping
2026-02-17 04:43:30 [INFO] journal_utilities.downloader: Audio for 0x3TIoZal9Q: skipped
2026-02-17 04:43:31 [INFO] download_channel: [174/694] Processing PKyPg32Lq9A — ActInf Textbook Group ~ Cohort 4 ~ Meeting 9 (Chapter 4 part 1)
2026-02-17 04:43:31 [INFO] journal_utilities.downloader: Transcript already exists for PKyPg32Lq9A, skipping
2026-02-17 04:43:31 [INFO] journal_utilities.downloader: Transcript for PKyPg32Lq9A: skipped
2026-02-17 04:43:31 [INFO] journal_utilities.downloader: Audio already exists for PKyPg32Lq9A, skipping
2026-02-17 04:43:31 [INFO] journal_utilities.downloader: Audio for PKyPg32Lq9A: skipped
2026-02-17 04:43:32 [INFO] download_channel: [175/694] Processing rs6EjQM6EdI — PerplexityAI ~ Learning and applying Active Inference & Reading the 2022 Textbook ~ July 31, 2023
2026-02-17 04:43:32 [INFO] journal_utilities.downloader: Transcript already exists for rs6EjQM6EdI, skipping
2026-02-17 04:43:32 [INFO] journal_utilities.downloader: Transcript for rs6EjQM6EdI: skipped
2026-02-17 04:43:32 [INFO] journal_utilities.downloader: Audio already exists for rs6EjQM6EdI, skipping
2026-02-17 04:43:32 [INFO] journal_utilities.downloader: Audio for rs6EjQM6EdI: skipped
2026-02-17 04:43:33 [INFO] download_channel: [176/694] Processing kP9sKFnWBA8 — Active Inference ~ Parr, Pezzulo, Friston ~ Chapter 8 ~ BookStream #002.02
2026-02-17 04:43:33 [INFO] journal_utilities.downloader: Transcript already exists for kP9sKFnWBA8, skipping
2026-02-17 04:43:33 [INFO] journal_utilities.downloader: Transcript for kP9sKFnWBA8: skipped
2026-02-17 04:43:33 [INFO] journal_utilities.downloader: Audio already exists for kP9sKFnWBA8, skipping
2026-02-17 04:43:33 [INFO] journal_utilities.downloader: Audio for kP9sKFnWBA8: skipped
2026-02-17 04:43:34 [INFO] download_channel: [177/694] Processing OmjS3Rhy7KY — Active Inference ~ Parr, Pezzulo, Friston ~ Chapter 7 ~ BookStream #002.02
2026-02-17 04:43:34 [INFO] journal_utilities.downloader: Transcript already exists for OmjS3Rhy7KY, skipping
2026-02-17 04:43:34 [INFO] journal_utilities.downloader: Transcript for OmjS3Rhy7KY: skipped
2026-02-17 04:43:34 [INFO] journal_utilities.downloader: Audio already exists for OmjS3Rhy7KY, skipping
2026-02-17 04:43:34 [INFO] journal_utilities.downloader: Audio for OmjS3Rhy7KY: skipped
2026-02-17 04:43:35 [INFO] download_channel: [178/694] Processing o8Ykugqn730 — Active Inference ~ Parr, Pezzulo, Friston ~ Chapter 5 ~ BookStream #002.02
2026-02-17 04:43:35 [INFO] journal_utilities.downloader: Transcript already exists for o8Ykugqn730, skipping
2026-02-17 04:43:35 [INFO] journal_utilities.downloader: Transcript for o8Ykugqn730: skipped
2026-02-17 04:43:35 [INFO] journal_utilities.downloader: Audio already exists for o8Ykugqn730, skipping
2026-02-17 04:43:35 [INFO] journal_utilities.downloader: Audio for o8Ykugqn730: skipped
2026-02-17 04:43:36 [INFO] download_channel: [179/694] Processing Tn_gJC1Z-xQ — Active Inference ~ Parr, Pezzulo, Friston ~ Chapter 4 ~ BookStream #002.02
2026-02-17 04:43:36 [INFO] journal_utilities.downloader: Transcript already exists for Tn_gJC1Z-xQ, skipping
2026-02-17 04:43:36 [INFO] journal_utilities.downloader: Transcript for Tn_gJC1Z-xQ: skipped
2026-02-17 04:43:36 [INFO] journal_utilities.downloader: Audio already exists for Tn_gJC1Z-xQ, skipping
2026-02-17 04:43:36 [INFO] journal_utilities.downloader: Audio for Tn_gJC1Z-xQ: skipped
2026-02-17 04:43:37 [INFO] download_channel: [180/694] Processing IpstHOA0o3I — ChatGPT Code Interpreter: Visualizations & Dissertations ~ Active Inference Journal ~ July 10, 2023
2026-02-17 04:43:37 [INFO] journal_utilities.downloader: Transcript already exists for IpstHOA0o3I, skipping
2026-02-17 04:43:37 [INFO] journal_utilities.downloader: Transcript for IpstHOA0o3I: skipped
2026-02-17 04:43:37 [INFO] journal_utilities.downloader: Audio already exists for IpstHOA0o3I, skipping
2026-02-17 04:43:37 [INFO] journal_utilities.downloader: Audio for IpstHOA0o3I: skipped
2026-02-17 04:43:38 [INFO] download_channel: [181/694] Processing Z-giW2yeZ7A — Active Inference Ontology ~ Update and call for participation (June 8, 2023)
2026-02-17 04:43:38 [INFO] journal_utilities.downloader: Transcript already exists for Z-giW2yeZ7A, skipping
2026-02-17 04:43:38 [INFO] journal_utilities.downloader: Transcript for Z-giW2yeZ7A: skipped
2026-02-17 04:43:38 [INFO] journal_utilities.downloader: Audio already exists for Z-giW2yeZ7A, skipping
2026-02-17 04:43:38 [INFO] journal_utilities.downloader: Audio for Z-giW2yeZ7A: skipped
2026-02-17 04:43:39 [INFO] download_channel: [182/694] Processing kVH6fvz784g — AI x Crypto ~ Active Entity Ontology for Science & Active Blockference ~ Active Inference Institute
2026-02-17 04:43:39 [INFO] journal_utilities.downloader: Transcript already exists for kVH6fvz784g, skipping
2026-02-17 04:43:39 [INFO] journal_utilities.downloader: Transcript for kVH6fvz784g: skipped
2026-02-17 04:43:39 [INFO] journal_utilities.downloader: Audio already exists for kVH6fvz784g, skipping
2026-02-17 04:43:39 [INFO] journal_utilities.downloader: Audio for kVH6fvz784g: skipped
2026-02-17 04:43:40 [INFO] download_channel: [183/694] Processing U0rdFwflr4M — Active Inference ~ Parr, Pezzulo, Friston ~ Chapter 2 ~ BookStream #002.01
2026-02-17 04:43:40 [INFO] journal_utilities.downloader: Transcript already exists for U0rdFwflr4M, skipping
2026-02-17 04:43:40 [INFO] journal_utilities.downloader: Transcript for U0rdFwflr4M: skipped
2026-02-17 04:43:40 [INFO] journal_utilities.downloader: Audio already exists for U0rdFwflr4M, skipping
2026-02-17 04:43:40 [INFO] journal_utilities.downloader: Audio for U0rdFwflr4M: skipped
2026-02-17 04:43:41 [INFO] download_channel: [184/694] Processing rJXyQzwUFJE — Active Inference ~ Parr, Pezzulo, Friston ~ Chapter 6 ~ BookStream #002.01
2026-02-17 04:43:41 [INFO] journal_utilities.downloader: Transcript already exists for rJXyQzwUFJE, skipping
2026-02-17 04:43:41 [INFO] journal_utilities.downloader: Transcript for rJXyQzwUFJE: skipped
2026-02-17 04:43:41 [INFO] journal_utilities.downloader: Audio already exists for rJXyQzwUFJE, skipping
2026-02-17 04:43:41 [INFO] journal_utilities.downloader: Audio for rJXyQzwUFJE: skipped
2026-02-17 04:43:42 [INFO] download_channel: [185/694] Processing PHfgUApaWgk — Active Inference ~ Parr, Pezzulo, Friston ~ Chapter 3 ~ BookStream #002.01
2026-02-17 04:43:42 [INFO] journal_utilities.downloader: Transcript already exists for PHfgUApaWgk, skipping
2026-02-17 04:43:42 [INFO] journal_utilities.downloader: Transcript for PHfgUApaWgk: skipped
2026-02-17 04:43:42 [INFO] journal_utilities.downloader: Audio already exists for PHfgUApaWgk, skipping
2026-02-17 04:43:42 [INFO] journal_utilities.downloader: Audio for PHfgUApaWgk: skipped
2026-02-17 04:43:43 [INFO] download_channel: [186/694] Processing spYhr_SdqOw — Active Inference ~ Parr, Pezzulo, Friston ~ Chapter 1 ~ BookStream #002.01
2026-02-17 04:43:43 [INFO] journal_utilities.downloader: Transcript already exists for spYhr_SdqOw, skipping
2026-02-17 04:43:43 [INFO] journal_utilities.downloader: Transcript for spYhr_SdqOw: skipped
2026-02-17 04:43:43 [INFO] journal_utilities.downloader: Audio already exists for spYhr_SdqOw, skipping
2026-02-17 04:43:43 [INFO] journal_utilities.downloader: Audio for spYhr_SdqOw: skipped
2026-02-17 04:43:44 [INFO] download_channel: [187/694] Processing cxJuA012HvM — 5/22/2023 Update ~ "Physics as Information Processing" at Active Inference Journal
2026-02-17 04:43:44 [INFO] journal_utilities.downloader: Transcript already exists for cxJuA012HvM, skipping
2026-02-17 04:43:44 [INFO] journal_utilities.downloader: Transcript for cxJuA012HvM: skipped
2026-02-17 04:43:44 [INFO] journal_utilities.downloader: Audio already exists for cxJuA012HvM, skipping
2026-02-17 04:43:44 [INFO] journal_utilities.downloader: Audio for cxJuA012HvM: skipped
2026-02-17 04:43:45 [INFO] download_channel: [188/694] Processing SV0glS6stuA — “Physics as Information Processing” by Chris Fields ~ Course overview
2026-02-17 04:43:45 [INFO] journal_utilities.downloader: Transcript already exists for SV0glS6stuA, skipping
2026-02-17 04:43:45 [INFO] journal_utilities.downloader: Transcript for SV0glS6stuA: skipped
2026-02-17 04:43:45 [INFO] journal_utilities.downloader: Audio already exists for SV0glS6stuA, skipping
2026-02-17 04:43:45 [INFO] journal_utilities.downloader: Audio for SV0glS6stuA: skipped
2026-02-17 04:43:46 [INFO] download_channel: [189/694] Processing sOo0Ti6-U54 — ActInf Textbook Group ~ Cohort 2 ~ Meeting 14 (Chapter 6, part 1)
2026-02-17 04:43:46 [INFO] journal_utilities.downloader: Transcript already exists for sOo0Ti6-U54, skipping
2026-02-17 04:43:46 [INFO] journal_utilities.downloader: Transcript for sOo0Ti6-U54: skipped
2026-02-17 04:43:46 [INFO] journal_utilities.downloader: Audio already exists for sOo0Ti6-U54, skipping
2026-02-17 04:43:46 [INFO] journal_utilities.downloader: Audio for sOo0Ti6-U54: skipped
2026-02-17 04:43:47 [INFO] download_channel: [190/694] Processing r9Oa35eVI8c — ActInf Textbook Group ~ Cohort 2 ~ Meeting 3 (Chapter 1, part 2)
2026-02-17 04:43:47 [INFO] journal_utilities.downloader: Transcript already exists for r9Oa35eVI8c, skipping
2026-02-17 04:43:47 [INFO] journal_utilities.downloader: Transcript for r9Oa35eVI8c: skipped
2026-02-17 04:43:47 [INFO] journal_utilities.downloader: Audio already exists for r9Oa35eVI8c, skipping
2026-02-17 04:43:47 [INFO] journal_utilities.downloader: Audio for r9Oa35eVI8c: skipped
2026-02-17 04:43:48 [INFO] download_channel: [191/694] Processing _cmYWZ8X4J4 — ActInf Textbook Group ~ Cohort 2 ~ Meeting 9 (Chapter 4, part 2)
2026-02-17 04:43:48 [INFO] journal_utilities.downloader: Transcript already exists for _cmYWZ8X4J4, skipping
2026-02-17 04:43:48 [INFO] journal_utilities.downloader: Transcript for _cmYWZ8X4J4: skipped
2026-02-17 04:43:48 [INFO] journal_utilities.downloader: Audio already exists for _cmYWZ8X4J4, skipping
2026-02-17 04:43:48 [INFO] journal_utilities.downloader: Audio for _cmYWZ8X4J4: skipped
2026-02-17 04:43:49 [INFO] download_channel: [192/694] Processing Jwu2UJi5xNA — ActInf Textbook Group ~ Cohort 2 ~ Meeting 15 (Chapter 6, part 2)
2026-02-17 04:43:49 [INFO] journal_utilities.downloader: Transcript already exists for Jwu2UJi5xNA, skipping
2026-02-17 04:43:49 [INFO] journal_utilities.downloader: Transcript for Jwu2UJi5xNA: skipped
2026-02-17 04:43:49 [INFO] journal_utilities.downloader: Audio already exists for Jwu2UJi5xNA, skipping
2026-02-17 04:43:49 [INFO] journal_utilities.downloader: Audio for Jwu2UJi5xNA: skipped
2026-02-17 04:43:50 [INFO] download_channel: [193/694] Processing 7bKXo3caFH8 — ActInf Textbook Group ~ Cohort 2 ~ Meeting 10 (Chapter 5, part 1)
2026-02-17 04:43:50 [INFO] journal_utilities.downloader: Transcript already exists for 7bKXo3caFH8, skipping
2026-02-17 04:43:50 [INFO] journal_utilities.downloader: Transcript for 7bKXo3caFH8: skipped
2026-02-17 04:43:50 [INFO] journal_utilities.downloader: Audio already exists for 7bKXo3caFH8, skipping
2026-02-17 04:43:50 [INFO] journal_utilities.downloader: Audio for 7bKXo3caFH8: skipped
2026-02-17 04:43:51 [INFO] download_channel: [194/694] Processing zE3ESd6vy9I — ActInf Textbook Group ~ Cohort 2 ~ Meeting 11 (Chapter 5, part 2)
2026-02-17 04:43:51 [DEBUG] journal_utilities.downloader: yt-dlp transcript cmd: yt-dlp --no-warnings --cookies data/output/cookies.txt --write-sub --write-auto-sub --sub-lang en --sub-format vtt --skip-download -o data/output/transcripts/%(id)s.%(ext)s https://www.youtube.com/watch?v=zE3ESd6vy9I
2026-02-17 04:43:55 [INFO] journal_utilities.downloader: yt-dlp subtitles unavailable for zE3ESd6vy9I, trying youtube_transcript_api
2026-02-17 04:43:55 [DEBUG] journal_utilities.downloader: Loaded cookies for transcript API from data/output/cookies.txt
2026-02-17 04:43:55 [DEBUG] urllib3.connectionpool: Starting new HTTPS connection (1): www.youtube.com:443
2026-02-17 04:43:56 [DEBUG] urllib3.connectionpool: https://www.youtube.com:443 "GET /watch?v=zE3ESd6vy9I HTTP/1.1" 200 None
2026-02-17 04:43:57 [DEBUG] urllib3.connectionpool: https://www.youtube.com:443 "POST /youtubei/v1/player?key=AIzaSyAO_FJ2SlqU8Q4STEHLGCilw_Y9_11qcW8 HTTP/1.1" 200 None
2026-02-17 04:43:57 [DEBUG] urllib3.connectionpool: https://www.youtube.com:443 "GET /api/timedtext?v=zE3ESd6vy9I&ei=jWKUacq-GIuYsfIP7-eWmAs&caps=asr&opi=112496729&xoaf=5&xowf=1&hl=en&ip=0.0.0.0&ipbits=0&expire=1771357437&sparams=ip,ipbits,expire,v,ei,caps,opi,xoaf&signature=4E17F735477885DDE519EB2DD5433EFCF1A5B0BE.4E3D50FCF016CDDC5D4DEA61DEC7192E234F6429&key=yt8&kind=asr&lang=en HTTP/1.1" 200 None
2026-02-17 04:43:57 [INFO] journal_utilities.downloader: Downloaded transcript via API for zE3ESd6vy9I
2026-02-17 04:43:57 [INFO] journal_utilities.downloader: Transcript for zE3ESd6vy9I: success
2026-02-17 04:43:57 [INFO] journal_utilities.downloader: Audio already exists for zE3ESd6vy9I, skipping
2026-02-17 04:43:57 [INFO] journal_utilities.downloader: Audio for zE3ESd6vy9I: skipped
2026-02-17 04:43:58 [INFO] download_channel: [195/694] Processing tIjKJ8RAPfA — ActInf Textbook Group ~ Cohort 2 ~ Meeting 2 (Chapter 1)
2026-02-17 04:43:58 [INFO] journal_utilities.downloader: Transcript already exists for tIjKJ8RAPfA, skipping
2026-02-17 04:43:58 [INFO] journal_utilities.downloader: Transcript for tIjKJ8RAPfA: skipped
2026-02-17 04:43:58 [INFO] journal_utilities.downloader: Audio already exists for tIjKJ8RAPfA, skipping
2026-02-17 04:43:58 [INFO] journal_utilities.downloader: Audio for tIjKJ8RAPfA: skipped
2026-02-17 04:43:59 [INFO] download_channel: [196/694] Processing s8gjDh7sin4 — ActInf Textbook Group ~ Cohort 2 ~ Meeting 8 (Chapter 4, part 1)
2026-02-17 04:43:59 [INFO] journal_utilities.downloader: Transcript already exists for s8gjDh7sin4, skipping
2026-02-17 04:43:59 [INFO] journal_utilities.downloader: Transcript for s8gjDh7sin4: skipped
2026-02-17 04:43:59 [INFO] journal_utilities.downloader: Audio already exists for s8gjDh7sin4, skipping
2026-02-17 04:43:59 [INFO] journal_utilities.downloader: Audio for s8gjDh7sin4: skipped
2026-02-17 04:44:00 [INFO] download_channel: [197/694] Processing mNw1JOM71Os — ActInf Textbook Group ~ Cohort 2 ~ Meeting 18 (Chapter 8, part 1)
2026-02-17 04:44:00 [INFO] journal_utilities.downloader: Transcript already exists for mNw1JOM71Os, skipping
2026-02-17 04:44:00 [INFO] journal_utilities.downloader: Transcript for mNw1JOM71Os: skipped
2026-02-17 04:44:00 [INFO] journal_utilities.downloader: Audio already exists for mNw1JOM71Os, skipping
2026-02-17 04:44:00 [INFO] journal_utilities.downloader: Audio for mNw1JOM71Os: skipped
2026-02-17 04:44:01 [INFO] download_channel: [198/694] Processing mGlgngiIH40 — ActInf Textbook Group ~ Cohort 2 ~ Meeting 5 (Chapter 2, part 2)
2026-02-17 04:44:01 [INFO] journal_utilities.downloader: Transcript already exists for mGlgngiIH40, skipping
2026-02-17 04:44:01 [INFO] journal_utilities.downloader: Transcript for mGlgngiIH40: skipped
2026-02-17 04:44:01 [INFO] journal_utilities.downloader: Audio already exists for mGlgngiIH40, skipping
2026-02-17 04:44:01 [INFO] journal_utilities.downloader: Audio for mGlgngiIH40: skipped
2026-02-17 04:44:02 [INFO] download_channel: [199/694] Processing e9Yoha7yhk8 — ActInf Textbook Group ~ Cohort 2 ~ Meeting 21 (Chapter 9, part 2)
2026-02-17 04:44:02 [INFO] journal_utilities.downloader: Transcript already exists for e9Yoha7yhk8, skipping
2026-02-17 04:44:02 [INFO] journal_utilities.downloader: Transcript for e9Yoha7yhk8: skipped
2026-02-17 04:44:02 [INFO] journal_utilities.downloader: Audio already exists for e9Yoha7yhk8, skipping
2026-02-17 04:44:02 [INFO] journal_utilities.downloader: Audio for e9Yoha7yhk8: skipped
2026-02-17 04:44:03 [INFO] download_channel: [200/694] Processing cULb4SvpD34 — ActInf Textbook Group ~ Cohort 2 ~ Meeting 6 (Chapter 3, part 1)
2026-02-17 04:44:03 [INFO] journal_utilities.downloader: Transcript already exists for cULb4SvpD34, skipping
2026-02-17 04:44:03 [INFO] journal_utilities.downloader: Transcript for cULb4SvpD34: skipped
2026-02-17 04:44:03 [INFO] journal_utilities.downloader: Audio already exists for cULb4SvpD34, skipping
2026-02-17 04:44:03 [INFO] journal_utilities.downloader: Audio for cULb4SvpD34: skipped
2026-02-17 04:44:04 [INFO] download_channel: [201/694] Processing YQ1galAHOIw — ActInf Textbook Group ~ Cohort 2 ~ Meeting 22 (Chapter 10, part 1)
2026-02-17 04:44:04 [INFO] journal_utilities.downloader: Transcript already exists for YQ1galAHOIw, skipping
2026-02-17 04:44:04 [INFO] journal_utilities.downloader: Transcript for YQ1galAHOIw: skipped
2026-02-17 04:44:04 [INFO] journal_utilities.downloader: Audio already exists for YQ1galAHOIw, skipping
2026-02-17 04:44:04 [INFO] journal_utilities.downloader: Audio for YQ1galAHOIw: skipped
2026-02-17 04:44:05 [INFO] download_channel: [202/694] Processing WPYR76Pfzuc — ActInf Textbook Group ~ Cohort 2 ~ Meeting 4 (Chapter 2, part 1)
2026-02-17 04:44:05 [INFO] journal_utilities.downloader: Transcript already exists for WPYR76Pfzuc, skipping
2026-02-17 04:44:05 [INFO] journal_utilities.downloader: Transcript for WPYR76Pfzuc: skipped
2026-02-17 04:44:05 [INFO] journal_utilities.downloader: Audio already exists for WPYR76Pfzuc, skipping
2026-02-17 04:44:05 [INFO] journal_utilities.downloader: Audio for WPYR76Pfzuc: skipped
2026-02-17 04:44:06 [INFO] download_channel: [203/694] Processing W4lIy05RycM — ActInf Textbook Group ~ Cohort 2 ~ Meeting 17 (Chapter 7, part 2)
2026-02-17 04:44:06 [INFO] journal_utilities.downloader: Transcript already exists for W4lIy05RycM, skipping
2026-02-17 04:44:06 [INFO] journal_utilities.downloader: Transcript for W4lIy05RycM: skipped
2026-02-17 04:44:06 [INFO] journal_utilities.downloader: Audio already exists for W4lIy05RycM, skipping
2026-02-17 04:44:06 [INFO] journal_utilities.downloader: Audio for W4lIy05RycM: skipped
2026-02-17 04:44:07 [INFO] download_channel: [204/694] Processing QjGcN1l6NXg — ActInf Textbook Group ~ Cohort 2 ~ Meeting 20 (Chapter 9, part 1)
2026-02-17 04:44:07 [INFO] journal_utilities.downloader: Transcript already exists for QjGcN1l6NXg, skipping
2026-02-17 04:44:07 [INFO] journal_utilities.downloader: Transcript for QjGcN1l6NXg: skipped
2026-02-17 04:44:07 [INFO] journal_utilities.downloader: Audio already exists for QjGcN1l6NXg, skipping
2026-02-17 04:44:07 [INFO] journal_utilities.downloader: Audio for QjGcN1l6NXg: skipped
2026-02-17 04:44:08 [INFO] download_channel: [205/694] Processing On8-Ngn8pIE — ActInf Textbook Group ~ Cohort 2 ~ Meeting 23 (Chapter 10, part 2)
2026-02-17 04:44:08 [INFO] journal_utilities.downloader: Transcript already exists for On8-Ngn8pIE, skipping
2026-02-17 04:44:08 [INFO] journal_utilities.downloader: Transcript for On8-Ngn8pIE: skipped
2026-02-17 04:44:08 [INFO] journal_utilities.downloader: Audio already exists for On8-Ngn8pIE, skipping
2026-02-17 04:44:08 [INFO] journal_utilities.downloader: Audio for On8-Ngn8pIE: skipped
2026-02-17 04:44:09 [INFO] download_channel: [206/694] Processing GhUTj0OVEU8 — ActInf Textbook Group ~ Cohort 2 ~ Meeting 16 (Chapter 7, part 1)
2026-02-17 04:44:09 [INFO] journal_utilities.downloader: Transcript already exists for GhUTj0OVEU8, skipping
2026-02-17 04:44:09 [INFO] journal_utilities.downloader: Transcript for GhUTj0OVEU8: skipped
2026-02-17 04:44:09 [INFO] journal_utilities.downloader: Audio already exists for GhUTj0OVEU8, skipping
2026-02-17 04:44:09 [INFO] journal_utilities.downloader: Audio for GhUTj0OVEU8: skipped
2026-02-17 04:44:10 [INFO] download_channel: [207/694] Processing Fg3NqmI2R1g — ActInf Textbook Group ~ Cohort 2 ~ Meeting 1 (Welcome back, Coda & Learning Practices overview)
2026-02-17 04:44:10 [INFO] journal_utilities.downloader: Transcript already exists for Fg3NqmI2R1g, skipping
2026-02-17 04:44:10 [INFO] journal_utilities.downloader: Transcript for Fg3NqmI2R1g: skipped
2026-02-17 04:44:10 [INFO] journal_utilities.downloader: Audio already exists for Fg3NqmI2R1g, skipping
2026-02-17 04:44:10 [INFO] journal_utilities.downloader: Audio for Fg3NqmI2R1g: skipped
2026-02-17 04:44:11 [INFO] download_channel: [208/694] Processing 3GJS1uVnQo4 — ActInf Textbook Group ~ Cohort 2 ~ Meeting 19 (Chapter 8, part 2)
2026-02-17 04:44:11 [INFO] journal_utilities.downloader: Transcript already exists for 3GJS1uVnQo4, skipping
2026-02-17 04:44:11 [INFO] journal_utilities.downloader: Transcript for 3GJS1uVnQo4: skipped
2026-02-17 04:44:11 [INFO] journal_utilities.downloader: Audio already exists for 3GJS1uVnQo4, skipping
2026-02-17 04:44:11 [INFO] journal_utilities.downloader: Audio for 3GJS1uVnQo4: skipped
2026-02-17 04:44:12 [INFO] download_channel: [209/694] Processing 1-2-DNekZdM — ActInf Textbook Group ~ Cohort 2 ~ Meeting 13 (Welcome back to part 2)
2026-02-17 04:44:12 [INFO] journal_utilities.downloader: Transcript already exists for 1-2-DNekZdM, skipping
2026-02-17 04:44:12 [INFO] journal_utilities.downloader: Transcript for 1-2-DNekZdM: skipped
2026-02-17 04:44:12 [INFO] journal_utilities.downloader: Audio already exists for 1-2-DNekZdM, skipping
2026-02-17 04:44:12 [INFO] journal_utilities.downloader: Audio for 1-2-DNekZdM: skipped
2026-02-17 04:44:13 [INFO] download_channel: [210/694] Processing Z7Z29pu6NnY — ActInf Textbook Group ~ Cohort 1 ~ Meeting 4 (Chapter 2 pt. 1)
2026-02-17 04:44:13 [INFO] journal_utilities.downloader: Transcript already exists for Z7Z29pu6NnY, skipping
2026-02-17 04:44:13 [INFO] journal_utilities.downloader: Transcript for Z7Z29pu6NnY: skipped
2026-02-17 04:44:13 [INFO] journal_utilities.downloader: Audio already exists for Z7Z29pu6NnY, skipping
2026-02-17 04:44:13 [INFO] journal_utilities.downloader: Audio for Z7Z29pu6NnY: skipped
2026-02-17 04:44:14 [INFO] download_channel: [211/694] Processing 8OT2EC-l0N4 — ActInf Textbook Group ~ Cohort 1 ~ Meeting 3 (Appendix A + Appendix B + 2nd hour discussion)
2026-02-17 04:44:14 [INFO] journal_utilities.downloader: Transcript already exists for 8OT2EC-l0N4, skipping
2026-02-17 04:44:14 [INFO] journal_utilities.downloader: Transcript for 8OT2EC-l0N4: skipped
2026-02-17 04:44:14 [INFO] journal_utilities.downloader: Audio already exists for 8OT2EC-l0N4, skipping
2026-02-17 04:44:14 [INFO] journal_utilities.downloader: Audio for 8OT2EC-l0N4: skipped
2026-02-17 04:44:15 [INFO] download_channel: [212/694] Processing 7Ti-r8f15So — ActInf Textbook Group ~ Cohort 1 ~ Meeting 23 (Chapter 10, part 1)
2026-02-17 04:44:15 [INFO] journal_utilities.downloader: Transcript already exists for 7Ti-r8f15So, skipping
2026-02-17 04:44:15 [INFO] journal_utilities.downloader: Transcript for 7Ti-r8f15So: skipped
2026-02-17 04:44:15 [INFO] journal_utilities.downloader: Audio already exists for 7Ti-r8f15So, skipping
2026-02-17 04:44:15 [INFO] journal_utilities.downloader: Audio for 7Ti-r8f15So: skipped
2026-02-17 04:44:16 [INFO] download_channel: [213/694] Processing JJaQ0F81Ucs — ActInf Textbook Group ~ Cohort 1 ~ Meeting 5 (Chapter 2 pt. 2)
2026-02-17 04:44:16 [INFO] journal_utilities.downloader: Transcript already exists for JJaQ0F81Ucs, skipping
2026-02-17 04:44:16 [INFO] journal_utilities.downloader: Transcript for JJaQ0F81Ucs: skipped
2026-02-17 04:44:16 [INFO] journal_utilities.downloader: Audio already exists for JJaQ0F81Ucs, skipping
2026-02-17 04:44:16 [INFO] journal_utilities.downloader: Audio for JJaQ0F81Ucs: skipped
2026-02-17 04:44:17 [INFO] download_channel: [214/694] Processing dLWepm5noE8 — ActInf Textbook Group ~ Cohort 1 ~ Meeting 19  (Chapter 8, part 1)
2026-02-17 04:44:17 [INFO] journal_utilities.downloader: Transcript already exists for dLWepm5noE8, skipping
2026-02-17 04:44:17 [INFO] journal_utilities.downloader: Transcript for dLWepm5noE8: skipped
2026-02-17 04:44:17 [INFO] journal_utilities.downloader: Audio already exists for dLWepm5noE8, skipping
2026-02-17 04:44:17 [INFO] journal_utilities.downloader: Audio for dLWepm5noE8: skipped
2026-02-17 04:44:18 [INFO] download_channel: [215/694] Processing wNrcVOKwpOY — ActInf Textbook Group ~ Cohort 1 ~ Meeting 18  (Chapter 7, part 2)
2026-02-17 04:44:18 [INFO] journal_utilities.downloader: Transcript already exists for wNrcVOKwpOY, skipping
2026-02-17 04:44:18 [INFO] journal_utilities.downloader: Transcript for wNrcVOKwpOY: skipped
2026-02-17 04:44:18 [INFO] journal_utilities.downloader: Audio already exists for wNrcVOKwpOY, skipping
2026-02-17 04:44:18 [INFO] journal_utilities.downloader: Audio for wNrcVOKwpOY: skipped
2026-02-17 04:44:19 [INFO] download_channel: [216/694] Processing rvwMeZpA91U — ActInf Textbook Group ~ Cohort 1 ~ Meeting 9 (Chapter 4 pt. 2)
2026-02-17 04:44:19 [INFO] journal_utilities.downloader: Transcript already exists for rvwMeZpA91U, skipping
2026-02-17 04:44:19 [INFO] journal_utilities.downloader: Transcript for rvwMeZpA91U: skipped
2026-02-17 04:44:19 [INFO] journal_utilities.downloader: Audio already exists for rvwMeZpA91U, skipping
2026-02-17 04:44:19 [INFO] journal_utilities.downloader: Audio for rvwMeZpA91U: skipped
2026-02-17 04:44:20 [INFO] download_channel: [217/694] Processing pJy1M1RnirA — ActInf Textbook Group ~ Cohort 1 ~ Meeting 2 (Chapter 1)
2026-02-17 04:44:20 [INFO] journal_utilities.downloader: Transcript already exists for pJy1M1RnirA, skipping
2026-02-17 04:44:20 [INFO] journal_utilities.downloader: Transcript for pJy1M1RnirA: skipped
2026-02-17 04:44:20 [INFO] journal_utilities.downloader: Audio already exists for pJy1M1RnirA, skipping
2026-02-17 04:44:20 [INFO] journal_utilities.downloader: Audio for pJy1M1RnirA: skipped
2026-02-17 04:44:21 [INFO] download_channel: [218/694] Processing ogvzkg-0qjY — ActInf Textbook Group ~ Cohort 1 ~ Meeting 14 (Welcome back, starting of Chapters 6-10)
2026-02-17 04:44:21 [INFO] journal_utilities.downloader: Transcript already exists for ogvzkg-0qjY, skipping
2026-02-17 04:44:21 [INFO] journal_utilities.downloader: Transcript for ogvzkg-0qjY: skipped
2026-02-17 04:44:21 [INFO] journal_utilities.downloader: Audio already exists for ogvzkg-0qjY, skipping
2026-02-17 04:44:21 [INFO] journal_utilities.downloader: Audio for ogvzkg-0qjY: skipped
2026-02-17 04:44:22 [INFO] download_channel: [219/694] Processing ogV63M3uTlQ — ActInf Textbook Group ~ Cohort 1 ~ Meeting 1 (Onboarding)
2026-02-17 04:44:22 [INFO] journal_utilities.downloader: Transcript already exists for ogV63M3uTlQ, skipping
2026-02-17 04:44:22 [INFO] journal_utilities.downloader: Transcript for ogV63M3uTlQ: skipped
2026-02-17 04:44:22 [INFO] journal_utilities.downloader: Audio already exists for ogV63M3uTlQ, skipping
2026-02-17 04:44:22 [INFO] journal_utilities.downloader: Audio for ogV63M3uTlQ: skipped
2026-02-17 04:44:23 [INFO] download_channel: [220/694] Processing kpBrzN8X1ZA — ActInf Textbook Group ~ Cohort 1 ~ Meeting 12 (Review, Questions, Feedback)
2026-02-17 04:44:23 [INFO] journal_utilities.downloader: Transcript already exists for kpBrzN8X1ZA, skipping
2026-02-17 04:44:23 [INFO] journal_utilities.downloader: Transcript for kpBrzN8X1ZA: skipped
2026-02-17 04:44:23 [INFO] journal_utilities.downloader: Audio already exists for kpBrzN8X1ZA, skipping
2026-02-17 04:44:23 [INFO] journal_utilities.downloader: Audio for kpBrzN8X1ZA: skipped
2026-02-17 04:44:24 [INFO] download_channel: [221/694] Processing ZATda5W08qY — ActInf Textbook Group ~ Cohort 1 ~ Meeting 11 (Chapter 5 pt. 2)
2026-02-17 04:44:24 [INFO] journal_utilities.downloader: Transcript already exists for ZATda5W08qY, skipping
2026-02-17 04:44:24 [INFO] journal_utilities.downloader: Transcript for ZATda5W08qY: skipped
2026-02-17 04:44:24 [INFO] journal_utilities.downloader: Audio already exists for ZATda5W08qY, skipping
2026-02-17 04:44:24 [INFO] journal_utilities.downloader: Audio for ZATda5W08qY: skipped
2026-02-17 04:44:25 [INFO] download_channel: [222/694] Processing QvAApEfYBmk — ActInf Textbook Group ~ Cohort 1 ~ Meeting 20 (Chapter 8, part 2)
2026-02-17 04:44:25 [INFO] journal_utilities.downloader: Transcript already exists for QvAApEfYBmk, skipping
2026-02-17 04:44:25 [INFO] journal_utilities.downloader: Transcript for QvAApEfYBmk: skipped
2026-02-17 04:44:25 [INFO] journal_utilities.downloader: Audio already exists for QvAApEfYBmk, skipping
2026-02-17 04:44:25 [INFO] journal_utilities.downloader: Audio for QvAApEfYBmk: skipped
2026-02-17 04:44:26 [INFO] download_channel: [223/694] Processing NT30pJ_sb6A — ActInf Textbook Group ~ Cohort 1 ~ Meeting 10 (Chapter 5 pt. 1)
2026-02-17 04:44:26 [INFO] journal_utilities.downloader: Transcript already exists for NT30pJ_sb6A, skipping
2026-02-17 04:44:26 [INFO] journal_utilities.downloader: Transcript for NT30pJ_sb6A: skipped
2026-02-17 04:44:26 [INFO] journal_utilities.downloader: Audio already exists for NT30pJ_sb6A, skipping
2026-02-17 04:44:26 [INFO] journal_utilities.downloader: Audio for NT30pJ_sb6A: skipped
2026-02-17 04:44:27 [INFO] download_channel: [224/694] Processing MXbknE8EZp0 — ActInf Textbook Group ~ Cohort 1 ~ Meeting 6 (Chapter 3 pt. 1)
2026-02-17 04:44:27 [INFO] journal_utilities.downloader: Transcript already exists for MXbknE8EZp0, skipping
2026-02-17 04:44:27 [INFO] journal_utilities.downloader: Transcript for MXbknE8EZp0: skipped
2026-02-17 04:44:27 [INFO] journal_utilities.downloader: Audio already exists for MXbknE8EZp0, skipping
2026-02-17 04:44:27 [INFO] journal_utilities.downloader: Audio for MXbknE8EZp0: skipped
2026-02-17 04:44:28 [INFO] download_channel: [225/694] Processing HCuGxvefPOE — ActInf Textbook Group ~ Cohort 1 ~ Meeting 21 (Chapter 9, part 1)
2026-02-17 04:44:28 [INFO] journal_utilities.downloader: Transcript already exists for HCuGxvefPOE, skipping
2026-02-17 04:44:28 [INFO] journal_utilities.downloader: Transcript for HCuGxvefPOE: skipped
2026-02-17 04:44:28 [INFO] journal_utilities.downloader: Audio already exists for HCuGxvefPOE, skipping
2026-02-17 04:44:28 [INFO] journal_utilities.downloader: Audio for HCuGxvefPOE: skipped
2026-02-17 04:44:29 [INFO] download_channel: [226/694] Processing GYBF_c-ajgI — ActInf Textbook Group ~ Cohort 1 ~ Meeting 22 (Chapter 9, part 2)
2026-02-17 04:44:29 [INFO] journal_utilities.downloader: Transcript already exists for GYBF_c-ajgI, skipping
2026-02-17 04:44:29 [INFO] journal_utilities.downloader: Transcript for GYBF_c-ajgI: skipped
2026-02-17 04:44:29 [INFO] journal_utilities.downloader: Audio already exists for GYBF_c-ajgI, skipping
2026-02-17 04:44:29 [INFO] journal_utilities.downloader: Audio for GYBF_c-ajgI: skipped
2026-02-17 04:44:30 [INFO] download_channel: [227/694] Processing DrNJfmf_IdA — ActInf Textbook Group ~ Cohort 1 ~ Meeting 24 (Chapter 10, part 2)
2026-02-17 04:44:30 [INFO] journal_utilities.downloader: Transcript already exists for DrNJfmf_IdA, skipping
2026-02-17 04:44:30 [INFO] journal_utilities.downloader: Transcript for DrNJfmf_IdA: skipped
2026-02-17 04:44:30 [INFO] journal_utilities.downloader: Audio already exists for DrNJfmf_IdA, skipping
2026-02-17 04:44:30 [INFO] journal_utilities.downloader: Audio for DrNJfmf_IdA: skipped
2026-02-17 04:44:31 [INFO] download_channel: [228/694] Processing Cd6rz0HzOe8 — ActInf Textbook Group ~ Cohort 1 ~ Meeting 13 (Feedback, Next steps, Projects)
2026-02-17 04:44:31 [INFO] journal_utilities.downloader: Transcript already exists for Cd6rz0HzOe8, skipping
2026-02-17 04:44:31 [INFO] journal_utilities.downloader: Transcript for Cd6rz0HzOe8: skipped
2026-02-17 04:44:31 [INFO] journal_utilities.downloader: Audio already exists for Cd6rz0HzOe8, skipping
2026-02-17 04:44:31 [INFO] journal_utilities.downloader: Audio for Cd6rz0HzOe8: skipped
2026-02-17 04:44:32 [INFO] download_channel: [229/694] Processing 8HKcr0bOLG4 — ActInf Textbook Group ~ Cohort 1 ~ Meeting 17 (Chapter 7, part 1)
2026-02-17 04:44:32 [INFO] journal_utilities.downloader: Transcript already exists for 8HKcr0bOLG4, skipping
2026-02-17 04:44:32 [INFO] journal_utilities.downloader: Transcript for 8HKcr0bOLG4: skipped
2026-02-17 04:44:32 [INFO] journal_utilities.downloader: Audio already exists for 8HKcr0bOLG4, skipping
2026-02-17 04:44:32 [INFO] journal_utilities.downloader: Audio for 8HKcr0bOLG4: skipped
2026-02-17 04:44:33 [INFO] download_channel: [230/694] Processing 8DlXH6Wk_h8 — ActInf Textbook Group ~ Cohort 1 ~ Meeting 16 (Chapter 6, part 2)
2026-02-17 04:44:33 [INFO] journal_utilities.downloader: Transcript already exists for 8DlXH6Wk_h8, skipping
2026-02-17 04:44:33 [INFO] journal_utilities.downloader: Transcript for 8DlXH6Wk_h8: skipped
2026-02-17 04:44:33 [INFO] journal_utilities.downloader: Audio already exists for 8DlXH6Wk_h8, skipping
2026-02-17 04:44:33 [INFO] journal_utilities.downloader: Audio for 8DlXH6Wk_h8: skipped
2026-02-17 04:44:34 [INFO] download_channel: [231/694] Processing 4q-UYQMMrDg — ActInf Textbook Group ~ Cohort 1 ~ Meeting 15 (Chapter 6, part 1)
2026-02-17 04:44:34 [INFO] journal_utilities.downloader: Transcript already exists for 4q-UYQMMrDg, skipping
2026-02-17 04:44:34 [INFO] journal_utilities.downloader: Transcript for 4q-UYQMMrDg: skipped
2026-02-17 04:44:34 [INFO] journal_utilities.downloader: Audio already exists for 4q-UYQMMrDg, skipping
2026-02-17 04:44:34 [INFO] journal_utilities.downloader: Audio for 4q-UYQMMrDg: skipped
2026-02-17 04:44:35 [INFO] download_channel: [232/694] Processing 08iZGLAqI8E — ActInf Textbook Group ~ Cohort 1 ~ Meeting 8 (Chapter 4 pt. 1)
2026-02-17 04:44:35 [INFO] journal_utilities.downloader: Transcript already exists for 08iZGLAqI8E, skipping
2026-02-17 04:44:35 [INFO] journal_utilities.downloader: Transcript for 08iZGLAqI8E: skipped
2026-02-17 04:44:35 [INFO] journal_utilities.downloader: Audio already exists for 08iZGLAqI8E, skipping
2026-02-17 04:44:35 [INFO] journal_utilities.downloader: Audio for 08iZGLAqI8E: skipped
2026-02-17 04:44:36 [INFO] download_channel: [233/694] Processing AKeKLERgmQA — ActInf Textbook Group ~ Cohort 1 ~ Meeting 7 (Chapter 3 pt. 2)
2026-02-17 04:44:36 [INFO] journal_utilities.downloader: Transcript already exists for AKeKLERgmQA, skipping
2026-02-17 04:44:36 [INFO] journal_utilities.downloader: Transcript for AKeKLERgmQA: skipped
2026-02-17 04:44:36 [INFO] journal_utilities.downloader: Audio already exists for AKeKLERgmQA, skipping
2026-02-17 04:44:36 [INFO] journal_utilities.downloader: Audio for AKeKLERgmQA: skipped
2026-02-17 04:44:37 [INFO] download_channel: [234/694] Processing W0637hJm_D4 — Active Inference Institute ~ 2022 Quarterly Roundtable #4
2026-02-17 04:44:37 [INFO] journal_utilities.downloader: Transcript already exists for W0637hJm_D4, skipping
2026-02-17 04:44:37 [INFO] journal_utilities.downloader: Transcript for W0637hJm_D4: skipped
2026-02-17 04:44:37 [INFO] journal_utilities.downloader: Audio already exists for W0637hJm_D4, skipping
2026-02-17 04:44:37 [INFO] journal_utilities.downloader: Audio for W0637hJm_D4: skipped
2026-02-17 04:44:38 [INFO] download_channel: [235/694] Processing tOFA7FODn8w — ActInf GuestStream #024.1 ~ Stephen Grossberg, "Explainable and Reliable AI"
2026-02-17 04:44:38 [INFO] journal_utilities.downloader: Transcript already exists for tOFA7FODn8w, skipping
2026-02-17 04:44:38 [INFO] journal_utilities.downloader: Transcript for tOFA7FODn8w: skipped
2026-02-17 04:44:38 [INFO] journal_utilities.downloader: Audio already exists for tOFA7FODn8w, skipping
2026-02-17 04:44:38 [INFO] journal_utilities.downloader: Audio for tOFA7FODn8w: skipped
2026-02-17 04:44:39 [INFO] download_channel: [236/694] Processing XSYxOt8CRDI — ActInf Livestream #025.2  ~ "The Computational Boundary of a Self"
2026-02-17 04:44:39 [INFO] journal_utilities.downloader: Transcript already exists for XSYxOt8CRDI, skipping
2026-02-17 04:44:39 [INFO] journal_utilities.downloader: Transcript for XSYxOt8CRDI: skipped
2026-02-17 04:44:39 [INFO] journal_utilities.downloader: Audio already exists for XSYxOt8CRDI, skipping
2026-02-17 04:44:39 [INFO] journal_utilities.downloader: Audio for XSYxOt8CRDI: skipped
2026-02-17 04:44:40 [INFO] download_channel: [237/694] Processing hW9IiOujS1E — Prof. Karl Friston ~ Applied Active Inference Symposium pt. 3 (Tools)
2026-02-17 04:44:40 [INFO] journal_utilities.downloader: Transcript already exists for hW9IiOujS1E, skipping
2026-02-17 04:44:40 [INFO] journal_utilities.downloader: Transcript for hW9IiOujS1E: skipped
2026-02-17 04:44:40 [INFO] journal_utilities.downloader: Audio already exists for hW9IiOujS1E, skipping
2026-02-17 04:44:40 [INFO] journal_utilities.downloader: Audio for hW9IiOujS1E: skipped
2026-02-17 04:44:41 [INFO] download_channel: [238/694] Processing X2GwqUVLlcs — Prof. Karl Friston ~ Applied Active Inference Symposium pt. 2 (Communication)
2026-02-17 04:44:41 [INFO] journal_utilities.downloader: Transcript already exists for X2GwqUVLlcs, skipping
2026-02-17 04:44:41 [INFO] journal_utilities.downloader: Transcript for X2GwqUVLlcs: skipped
2026-02-17 04:44:41 [INFO] journal_utilities.downloader: Audio already exists for X2GwqUVLlcs, skipping
2026-02-17 04:44:41 [INFO] journal_utilities.downloader: Audio for X2GwqUVLlcs: skipped
2026-02-17 04:44:42 [INFO] download_channel: [239/694] Processing INRaCBikpso — Prof. Karl Friston ~ Applied Active Inference Symposium pt. 1 (Education)
2026-02-17 04:44:42 [INFO] journal_utilities.downloader: Transcript already exists for INRaCBikpso, skipping
2026-02-17 04:44:42 [INFO] journal_utilities.downloader: Transcript for INRaCBikpso: skipped
2026-02-17 04:44:42 [INFO] journal_utilities.downloader: Audio already exists for INRaCBikpso, skipping
2026-02-17 04:44:42 [INFO] journal_utilities.downloader: Audio for INRaCBikpso: skipped
2026-02-17 04:44:43 [INFO] download_channel: [240/694] Processing szCSh8pVEa4 — ActInf Livestream #020.1 ~ The Emperor’s New Markov Blankets (full upload)
2026-02-17 04:44:43 [INFO] journal_utilities.downloader: Transcript already exists for szCSh8pVEa4, skipping
2026-02-17 04:44:43 [INFO] journal_utilities.downloader: Transcript for szCSh8pVEa4: skipped
2026-02-17 04:44:43 [INFO] journal_utilities.downloader: Audio already exists for szCSh8pVEa4, skipping
2026-02-17 04:44:43 [INFO] journal_utilities.downloader: Audio for szCSh8pVEa4: skipped
2026-02-17 04:44:44 [INFO] download_channel: [241/694] Processing MlvyehPDQXg — ActInf Livestream #021.02 ~ John Boik
2026-02-17 04:44:44 [INFO] journal_utilities.downloader: Transcript already exists for MlvyehPDQXg, skipping
2026-02-17 04:44:44 [INFO] journal_utilities.downloader: Transcript for MlvyehPDQXg: skipped
2026-02-17 04:44:44 [INFO] journal_utilities.downloader: Audio already exists for MlvyehPDQXg, skipping
2026-02-17 04:44:44 [INFO] journal_utilities.downloader: Audio for MlvyehPDQXg: skipped
2026-02-17 04:44:45 [INFO] download_channel: [242/694] Processing y4tljwMAWho — ActInf Livestream #006.2: "A tale of two densities" (2020) REUPLOAD
2026-02-17 04:44:45 [DEBUG] journal_utilities.downloader: yt-dlp transcript cmd: yt-dlp --no-warnings --cookies data/output/cookies.txt --write-sub --write-auto-sub --sub-lang en --sub-format vtt --skip-download -o data/output/transcripts/%(id)s.%(ext)s https://www.youtube.com/watch?v=y4tljwMAWho
2026-02-17 04:44:49 [INFO] journal_utilities.downloader: yt-dlp subtitles unavailable for y4tljwMAWho, trying youtube_transcript_api
2026-02-17 04:44:49 [DEBUG] journal_utilities.downloader: Loaded cookies for transcript API from data/output/cookies.txt
2026-02-17 04:44:49 [DEBUG] urllib3.connectionpool: Starting new HTTPS connection (1): www.youtube.com:443
2026-02-17 04:44:49 [DEBUG] urllib3.connectionpool: https://www.youtube.com:443 "GET /watch?v=y4tljwMAWho HTTP/1.1" 200 None
2026-02-17 04:44:50 [DEBUG] urllib3.connectionpool: https://www.youtube.com:443 "POST /youtubei/v1/player?key=AIzaSyAO_FJ2SlqU8Q4STEHLGCilw_Y9_11qcW8 HTTP/1.1" 200 None
2026-02-17 04:44:50 [DEBUG] urllib3.connectionpool: https://www.youtube.com:443 "GET /api/timedtext?v=y4tljwMAWho&ei=wmKUaci8Jd6YsfIP--G-8Qg&caps=asr&opi=112496729&xoaf=5&xowf=1&hl=en&ip=0.0.0.0&ipbits=0&expire=1771357490&sparams=ip,ipbits,expire,v,ei,caps,opi,xoaf&signature=486804B027176EFC2FE936970504BD0D09595024.AF3E8E439E09851A4C03564E85C5EE53AB011A97&key=yt8&kind=asr&lang=en HTTP/1.1" 200 None
2026-02-17 04:44:50 [INFO] journal_utilities.downloader: Downloaded transcript via API for y4tljwMAWho
2026-02-17 04:44:50 [INFO] journal_utilities.downloader: Transcript for y4tljwMAWho: success
2026-02-17 04:44:50 [INFO] journal_utilities.downloader: Audio already exists for y4tljwMAWho, skipping
2026-02-17 04:44:50 [INFO] journal_utilities.downloader: Audio for y4tljwMAWho: skipped
2026-02-17 04:44:51 [INFO] download_channel: [243/694] Processing ijuxHfPDd3U — ActInf Livestream #003.2  "A World Unto Itself: Human Communication as Active Inference"
2026-02-17 04:44:51 [INFO] journal_utilities.downloader: Transcript already exists for ijuxHfPDd3U, skipping
2026-02-17 04:44:51 [INFO] journal_utilities.downloader: Transcript for ijuxHfPDd3U: skipped
2026-02-17 04:44:51 [INFO] journal_utilities.downloader: Audio already exists for ijuxHfPDd3U, skipping
2026-02-17 04:44:51 [INFO] journal_utilities.downloader: Audio for ijuxHfPDd3U: skipped
2026-02-17 04:44:52 [INFO] download_channel: [244/694] Processing QmVuId8SY8k — Karl Friston "Active inference and deep temporal models" 23.09.19
2026-02-17 04:44:52 [INFO] journal_utilities.downloader: Transcript already exists for QmVuId8SY8k, skipping
2026-02-17 04:44:52 [INFO] journal_utilities.downloader: Transcript for QmVuId8SY8k: skipped
2026-02-17 04:44:52 [INFO] journal_utilities.downloader: Audio already exists for QmVuId8SY8k, skipping
2026-02-17 04:44:52 [INFO] journal_utilities.downloader: Audio for QmVuId8SY8k: skipped
2026-02-17 04:44:53 [INFO] download_channel: [245/694] Processing 2NB7hTsp_F0 — ActInf ModelStream 021.1: Melih Kandemir: "Distributional Active Inference"
2026-02-17 04:44:53 [DEBUG] journal_utilities.downloader: yt-dlp transcript cmd: yt-dlp --no-warnings --cookies data/output/cookies.txt --write-sub --write-auto-sub --sub-lang en --sub-format vtt --skip-download -o data/output/transcripts/%(id)s.%(ext)s https://www.youtube.com/watch?v=2NB7hTsp_F0
2026-02-17 04:44:56 [INFO] journal_utilities.downloader: yt-dlp subtitles unavailable for 2NB7hTsp_F0, trying youtube_transcript_api
2026-02-17 04:44:56 [DEBUG] journal_utilities.downloader: Loaded cookies for transcript API from data/output/cookies.txt
2026-02-17 04:44:56 [DEBUG] urllib3.connectionpool: Starting new HTTPS connection (1): www.youtube.com:443
2026-02-17 04:44:56 [DEBUG] urllib3.connectionpool: https://www.youtube.com:443 "GET /watch?v=2NB7hTsp_F0 HTTP/1.1" 200 None
2026-02-17 04:44:57 [DEBUG] urllib3.connectionpool: https://www.youtube.com:443 "POST /youtubei/v1/player?key=AIzaSyAO_FJ2SlqU8Q4STEHLGCilw_Y9_11qcW8 HTTP/1.1" 200 None
2026-02-17 04:44:57 [ERROR] journal_utilities.downloader: youtube-transcript-api failed for 2NB7hTsp_F0: 
Could not retrieve a transcript for the video https://www.youtube.com/watch?v=2NB7hTsp_F0! This is most likely caused by:

The video is unplayable for the following reason: This live event will begin in 16 days.

If you are sure that the described cause is not responsible for this error and that a transcript should be retrievable, please create an issue at https://github.com/jdepoix/youtube-transcript-api/issues. Please add which version of youtube_transcript_api you are using and provide the information needed to replicate the error. Also make sure that there are no open issues which already describe your problem!
2026-02-17 04:44:57 [INFO] journal_utilities.downloader: Transcript for 2NB7hTsp_F0: failed (
Could not retrieve a transcript for the video https://www.youtube.com/watch?v=2NB7hTsp_F0! This is most likely caused by:

The video is unplayable for the following reason: This live event will begin in 16 days.

If you are sure that the described cause is not responsible for this error and that a transcript should be retrievable, please create an issue at https://github.com/jdepoix/youtube-transcript-api/issues. Please add which version of youtube_transcript_api you are using and provide the information needed to replicate the error. Also make sure that there are no open issues which already describe your problem!)
2026-02-17 04:44:57 [DEBUG] journal_utilities.downloader: yt-dlp audio cmd: yt-dlp --no-warnings --cookies data/output/cookies.txt -x --audio-format mp3 --audio-quality 0 -o data/output/audio/%(id)s.%(ext)s https://www.youtube.com/watch?v=2NB7hTsp_F0
2026-02-17 04:44:59 [ERROR] journal_utilities.downloader: Audio download failed for 2NB7hTsp_F0: ERROR: [youtube] 2NB7hTsp_F0: This live event will begin in 16 days.

2026-02-17 04:44:59 [INFO] journal_utilities.downloader: Audio for 2NB7hTsp_F0: failed (ERROR: [youtube] 2NB7hTsp_F0: This live event will begin in 16 days.
)
2026-02-17 04:45:00 [INFO] download_channel: [246/694] Processing dTcuDE6nUpg — ActInf GuestStream 015.4 Bobby Azarian: A Strange Loop Solution to the Hard Problem of Consciousness
2026-02-17 04:45:00 [DEBUG] journal_utilities.downloader: yt-dlp transcript cmd: yt-dlp --no-warnings --cookies data/output/cookies.txt --write-sub --write-auto-sub --sub-lang en --sub-format vtt --skip-download -o data/output/transcripts/%(id)s.%(ext)s https://www.youtube.com/watch?v=dTcuDE6nUpg
2026-02-17 04:45:02 [INFO] journal_utilities.downloader: yt-dlp subtitles unavailable for dTcuDE6nUpg, trying youtube_transcript_api
2026-02-17 04:45:02 [DEBUG] journal_utilities.downloader: Loaded cookies for transcript API from data/output/cookies.txt
2026-02-17 04:45:02 [DEBUG] urllib3.connectionpool: Starting new HTTPS connection (1): www.youtube.com:443
2026-02-17 04:45:02 [DEBUG] urllib3.connectionpool: https://www.youtube.com:443 "GET /watch?v=dTcuDE6nUpg HTTP/1.1" 200 None
2026-02-17 04:45:03 [DEBUG] urllib3.connectionpool: https://www.youtube.com:443 "POST /youtubei/v1/player?key=AIzaSyAO_FJ2SlqU8Q4STEHLGCilw_Y9_11qcW8 HTTP/1.1" 200 None
2026-02-17 04:45:03 [ERROR] journal_utilities.downloader: youtube-transcript-api failed for dTcuDE6nUpg: 
Could not retrieve a transcript for the video https://www.youtube.com/watch?v=dTcuDE6nUpg! This is most likely caused by:

The video is unplayable for the following reason: This live event will begin in 8 days.

If you are sure that the described cause is not responsible for this error and that a transcript should be retrievable, please create an issue at https://github.com/jdepoix/youtube-transcript-api/issues. Please add which version of youtube_transcript_api you are using and provide the information needed to replicate the error. Also make sure that there are no open issues which already describe your problem!
2026-02-17 04:45:03 [INFO] journal_utilities.downloader: Transcript for dTcuDE6nUpg: failed (
Could not retrieve a transcript for the video https://www.youtube.com/watch?v=dTcuDE6nUpg! This is most likely caused by:

The video is unplayable for the following reason: This live event will begin in 8 days.

If you are sure that the described cause is not responsible for this error and that a transcript should be retrievable, please create an issue at https://github.com/jdepoix/youtube-transcript-api/issues. Please add which version of youtube_transcript_api you are using and provide the information needed to replicate the error. Also make sure that there are no open issues which already describe your problem!)
2026-02-17 04:45:03 [DEBUG] journal_utilities.downloader: yt-dlp audio cmd: yt-dlp --no-warnings --cookies data/output/cookies.txt -x --audio-format mp3 --audio-quality 0 -o data/output/audio/%(id)s.%(ext)s https://www.youtube.com/watch?v=dTcuDE6nUpg
2026-02-17 04:45:05 [ERROR] journal_utilities.downloader: Audio download failed for dTcuDE6nUpg: ERROR: [youtube] dTcuDE6nUpg: This live event will begin in 8 days.

2026-02-17 04:45:05 [INFO] journal_utilities.downloader: Audio for dTcuDE6nUpg: failed (ERROR: [youtube] dTcuDE6nUpg: This live event will begin in 8 days.
)
2026-02-17 04:45:06 [INFO] download_channel: [247/694] Processing GngvdY7-w10 — Active InferAnt Stream 017.1 ~ "Of Course I Can": Active Inference Courses for All
2026-02-17 04:45:06 [INFO] journal_utilities.downloader: Transcript already exists for GngvdY7-w10, skipping
2026-02-17 04:45:06 [INFO] journal_utilities.downloader: Transcript for GngvdY7-w10: skipped
2026-02-17 04:45:06 [INFO] journal_utilities.downloader: Audio already exists for GngvdY7-w10, skipping
2026-02-17 04:45:06 [INFO] journal_utilities.downloader: Audio for GngvdY7-w10: skipped
2026-02-17 04:45:07 [INFO] download_channel: [248/694] Processing CFqMSSJ1X5g — ActInf ModelStream 020.1: Kenric Nelson: "Learning extreme models with the Coupled Free Energy"
2026-02-17 04:45:07 [INFO] journal_utilities.downloader: Transcript already exists for CFqMSSJ1X5g, skipping
2026-02-17 04:45:07 [INFO] journal_utilities.downloader: Transcript for CFqMSSJ1X5g: skipped
2026-02-17 04:45:07 [INFO] journal_utilities.downloader: Audio already exists for CFqMSSJ1X5g, skipping
2026-02-17 04:45:07 [INFO] journal_utilities.downloader: Audio for CFqMSSJ1X5g: skipped
2026-02-17 04:45:08 [INFO] download_channel: [249/694] Processing jm70DuWHUI0 — ActInf GuestStream 126.1 ~ Distributed Information and Computation in Generic Quantum Systems
2026-02-17 04:45:08 [INFO] journal_utilities.downloader: Transcript already exists for jm70DuWHUI0, skipping
2026-02-17 04:45:08 [INFO] journal_utilities.downloader: Transcript for jm70DuWHUI0: skipped
2026-02-17 04:45:08 [INFO] journal_utilities.downloader: Audio already exists for jm70DuWHUI0, skipping
2026-02-17 04:45:08 [INFO] journal_utilities.downloader: Audio for jm70DuWHUI0: skipped
2026-02-17 04:45:09 [INFO] download_channel: [250/694] Processing q6Z-4aXO36U — ActInf ModelStream 019.1: Active Inference in Discrete State Spaces from First Principles (P. Kenny)
2026-02-17 04:45:09 [INFO] journal_utilities.downloader: Transcript already exists for q6Z-4aXO36U, skipping
2026-02-17 04:45:09 [INFO] journal_utilities.downloader: Transcript for q6Z-4aXO36U: skipped
2026-02-17 04:45:09 [INFO] journal_utilities.downloader: Audio already exists for q6Z-4aXO36U, skipping
2026-02-17 04:45:09 [INFO] journal_utilities.downloader: Audio for q6Z-4aXO36U: skipped
2026-02-17 04:45:10 [INFO] download_channel: [251/694] Processing 09FfbL1YYOI — Active Inference Institute ~ 2025 Quarterly Roundtable #4
2026-02-17 04:45:10 [INFO] journal_utilities.downloader: Transcript already exists for 09FfbL1YYOI, skipping
2026-02-17 04:45:10 [INFO] journal_utilities.downloader: Transcript for 09FfbL1YYOI: skipped
2026-02-17 04:45:10 [INFO] journal_utilities.downloader: Audio already exists for 09FfbL1YYOI, skipping
2026-02-17 04:45:10 [INFO] journal_utilities.downloader: Audio for 09FfbL1YYOI: skipped
2026-02-17 04:45:11 [INFO] download_channel: [252/694] Processing gS-qhMNFm84 — 2025 ReviewStream
2026-02-17 04:45:11 [INFO] journal_utilities.downloader: Transcript already exists for gS-qhMNFm84, skipping
2026-02-17 04:45:11 [INFO] journal_utilities.downloader: Transcript for gS-qhMNFm84: skipped
2026-02-17 04:45:11 [INFO] journal_utilities.downloader: Audio already exists for gS-qhMNFm84, skipping
2026-02-17 04:45:11 [INFO] journal_utilities.downloader: Audio for gS-qhMNFm84: skipped
2026-02-17 04:45:12 [INFO] download_channel: [253/694] Processing LmgPFAlNHNQ — ActInf GuestStream 125.1 ~ From Charles Darwin’s “Root Brain” to Nikola Tesla’s “6G World Brain”...
2026-02-17 04:45:12 [INFO] journal_utilities.downloader: Transcript already exists for LmgPFAlNHNQ, skipping
2026-02-17 04:45:12 [INFO] journal_utilities.downloader: Transcript for LmgPFAlNHNQ: skipped
2026-02-17 04:45:12 [INFO] journal_utilities.downloader: Audio already exists for LmgPFAlNHNQ, skipping
2026-02-17 04:45:12 [INFO] journal_utilities.downloader: Audio for LmgPFAlNHNQ: skipped
2026-02-17 04:45:13 [INFO] download_channel: [254/694] Processing vUraSyZnsDo — Active InferAnt Stream 016.2 ~ Generative Education: What Will We Do With Our Faculties?
2026-02-17 04:45:13 [DEBUG] journal_utilities.downloader: yt-dlp transcript cmd: yt-dlp --no-warnings --cookies data/output/cookies.txt --write-sub --write-auto-sub --sub-lang en --sub-format vtt --skip-download -o data/output/transcripts/%(id)s.%(ext)s https://www.youtube.com/watch?v=vUraSyZnsDo
2026-02-17 04:45:17 [INFO] journal_utilities.downloader: yt-dlp subtitles unavailable for vUraSyZnsDo, trying youtube_transcript_api
2026-02-17 04:45:17 [DEBUG] journal_utilities.downloader: Loaded cookies for transcript API from data/output/cookies.txt
2026-02-17 04:45:17 [DEBUG] urllib3.connectionpool: Starting new HTTPS connection (1): www.youtube.com:443
2026-02-17 04:45:17 [DEBUG] urllib3.connectionpool: https://www.youtube.com:443 "GET /watch?v=vUraSyZnsDo HTTP/1.1" 200 None
2026-02-17 04:45:18 [DEBUG] urllib3.connectionpool: https://www.youtube.com:443 "POST /youtubei/v1/player?key=AIzaSyAO_FJ2SlqU8Q4STEHLGCilw_Y9_11qcW8 HTTP/1.1" 200 None
2026-02-17 04:45:18 [DEBUG] urllib3.connectionpool: https://www.youtube.com:443 "GET /api/timedtext?v=vUraSyZnsDo&ei=3mKUaZPTBbaZsfIPm4OL2Q8&caps=asr&opi=112496729&xoaf=5&xowf=1&xospf=1&hl=en&ip=0.0.0.0&ipbits=0&expire=1771357518&sparams=ip,ipbits,expire,v,ei,caps,opi,xoaf&signature=82470ADC52EDC88582CE2102F18D9835D1CC28CD.7407A4EDCCFD2EB71E461FE94316D5B0CB3CC706&key=yt8&kind=asr&lang=en&variant=ec HTTP/1.1" 200 None
2026-02-17 04:45:18 [INFO] journal_utilities.downloader: Downloaded transcript via API for vUraSyZnsDo
2026-02-17 04:45:18 [INFO] journal_utilities.downloader: Transcript for vUraSyZnsDo: success
2026-02-17 04:45:18 [INFO] journal_utilities.downloader: Audio already exists for vUraSyZnsDo, skipping
2026-02-17 04:45:18 [INFO] journal_utilities.downloader: Audio for vUraSyZnsDo: skipped
2026-02-17 04:45:19 [INFO] download_channel: [255/694] Processing AKyK7kKgI28 — ActInf GuestStream 124.1 ~ Ty Roachford: "PCT vs. FEP: A Comparison"
2026-02-17 04:45:19 [INFO] journal_utilities.downloader: Transcript already exists for AKyK7kKgI28, skipping
2026-02-17 04:45:19 [INFO] journal_utilities.downloader: Transcript for AKyK7kKgI28: skipped
2026-02-17 04:45:19 [INFO] journal_utilities.downloader: Audio already exists for AKyK7kKgI28, skipping
2026-02-17 04:45:19 [INFO] journal_utilities.downloader: Audio for AKyK7kKgI28: skipped
2026-02-17 04:45:20 [INFO] download_channel: [256/694] Processing GNAoP8T9WW4 — Active InferAnt Stream 016.1 ~ Actionable Template-driven Research: Operational Meta-Science
2026-02-17 04:45:20 [INFO] journal_utilities.downloader: Transcript already exists for GNAoP8T9WW4, skipping
2026-02-17 04:45:20 [INFO] journal_utilities.downloader: Transcript for GNAoP8T9WW4: skipped
2026-02-17 04:45:20 [INFO] journal_utilities.downloader: Audio already exists for GNAoP8T9WW4, skipping
2026-02-17 04:45:20 [INFO] journal_utilities.downloader: Audio for GNAoP8T9WW4: skipped
2026-02-17 04:45:21 [INFO] download_channel: [257/694] Processing v7aSUMX1nfs — 5th Applied Active Inference Symposium (Part 3, Nov 14, 2025) ~ LIVE
2026-02-17 04:45:21 [DEBUG] journal_utilities.downloader: yt-dlp transcript cmd: yt-dlp --no-warnings --cookies data/output/cookies.txt --write-sub --write-auto-sub --sub-lang en --sub-format vtt --skip-download -o data/output/transcripts/%(id)s.%(ext)s https://www.youtube.com/watch?v=v7aSUMX1nfs
2026-02-17 04:45:25 [INFO] journal_utilities.downloader: yt-dlp subtitles unavailable for v7aSUMX1nfs, trying youtube_transcript_api
2026-02-17 04:45:25 [DEBUG] journal_utilities.downloader: Loaded cookies for transcript API from data/output/cookies.txt
2026-02-17 04:45:25 [DEBUG] urllib3.connectionpool: Starting new HTTPS connection (1): www.youtube.com:443
2026-02-17 04:45:26 [DEBUG] urllib3.connectionpool: https://www.youtube.com:443 "GET /watch?v=v7aSUMX1nfs HTTP/1.1" 200 None
2026-02-17 04:45:27 [DEBUG] urllib3.connectionpool: https://www.youtube.com:443 "POST /youtubei/v1/player?key=AIzaSyAO_FJ2SlqU8Q4STEHLGCilw_Y9_11qcW8 HTTP/1.1" 200 None
2026-02-17 04:45:27 [DEBUG] urllib3.connectionpool: https://www.youtube.com:443 "GET /api/timedtext?v=v7aSUMX1nfs&ei=52KUaYaFIdeXsfIP-eD5-Ao&caps=asr&opi=112496729&xoaf=5&xowf=1&xospf=1&hl=en&ip=0.0.0.0&ipbits=0&expire=1771357527&sparams=ip,ipbits,expire,v,ei,caps,opi,xoaf&signature=1F8DA926FDDE8CEEA6AD7C8385573CCDAB568107.6CFB24A1EC481682187B4A249C012317A409DAF7&key=yt8&kind=asr&lang=en HTTP/1.1" 200 None
2026-02-17 04:45:28 [INFO] journal_utilities.downloader: Downloaded transcript via API for v7aSUMX1nfs
2026-02-17 04:45:28 [INFO] journal_utilities.downloader: Transcript for v7aSUMX1nfs: success
2026-02-17 04:45:28 [INFO] journal_utilities.downloader: Audio already exists for v7aSUMX1nfs, skipping
2026-02-17 04:45:28 [INFO] journal_utilities.downloader: Audio for v7aSUMX1nfs: skipped
2026-02-17 04:45:29 [INFO] download_channel: [258/694] Processing VTivWre-8Kk — 5th Applied Active Inference Symposium (Part 1, Nov 12, 2025) ~ LIVE
2026-02-17 04:45:29 [INFO] journal_utilities.downloader: Transcript already exists for VTivWre-8Kk, skipping
2026-02-17 04:45:29 [INFO] journal_utilities.downloader: Transcript for VTivWre-8Kk: skipped
2026-02-17 04:45:29 [INFO] journal_utilities.downloader: Audio already exists for VTivWre-8Kk, skipping
2026-02-17 04:45:29 [INFO] journal_utilities.downloader: Audio for VTivWre-8Kk: skipped
2026-02-17 04:45:30 [INFO] download_channel: [259/694] Processing hCIxFkdu_-Y — Applied Active Inference Symposium tomorrow (Nov 11, 2025 update)
2026-02-17 04:45:30 [INFO] journal_utilities.downloader: Transcript already exists for hCIxFkdu_-Y, skipping
2026-02-17 04:45:30 [INFO] journal_utilities.downloader: Transcript for hCIxFkdu_-Y: skipped
2026-02-17 04:45:30 [INFO] journal_utilities.downloader: Audio already exists for hCIxFkdu_-Y, skipping
2026-02-17 04:45:30 [INFO] journal_utilities.downloader: Audio for hCIxFkdu_-Y: skipped
2026-02-17 04:45:31 [INFO] download_channel: [260/694] Processing No0GIVMujik — ActInf GuestStream 123.1 ~ Marcelo Guzman: "Learning in Physical Systems"
2026-02-17 04:45:31 [INFO] journal_utilities.downloader: Transcript already exists for No0GIVMujik, skipping
2026-02-17 04:45:31 [INFO] journal_utilities.downloader: Transcript for No0GIVMujik: skipped
2026-02-17 04:45:31 [INFO] journal_utilities.downloader: Audio already exists for No0GIVMujik, skipping
2026-02-17 04:45:31 [INFO] journal_utilities.downloader: Audio for No0GIVMujik: skipped
2026-02-17 04:45:32 [INFO] download_channel: [261/694] Processing nFnZSIqoFv4 — ActInf GuestStream 082.7 ~ Robert Worden "Language and Human Nature"
2026-02-17 04:45:32 [INFO] journal_utilities.downloader: Transcript already exists for nFnZSIqoFv4, skipping
2026-02-17 04:45:32 [INFO] journal_utilities.downloader: Transcript for nFnZSIqoFv4: skipped
2026-02-17 04:45:32 [INFO] journal_utilities.downloader: Audio already exists for nFnZSIqoFv4, skipping
2026-02-17 04:45:32 [INFO] journal_utilities.downloader: Audio for nFnZSIqoFv4: skipped
2026-02-17 04:45:33 [INFO] download_channel: [262/694] Processing iaKDs6TQj0Q — ActInf GuestStream 122.1 ~ Radical Relation, Scaling without Hierarchies, Models without the Meat
2026-02-17 04:45:33 [INFO] journal_utilities.downloader: Transcript already exists for iaKDs6TQj0Q, skipping
2026-02-17 04:45:33 [INFO] journal_utilities.downloader: Transcript for iaKDs6TQj0Q: skipped
2026-02-17 04:45:33 [INFO] journal_utilities.downloader: Audio already exists for iaKDs6TQj0Q, skipping
2026-02-17 04:45:33 [INFO] journal_utilities.downloader: Audio for iaKDs6TQj0Q: skipped
2026-02-17 04:45:34 [INFO] download_channel: [263/694] Processing vUO6t1pD0Hg — ActInf GuestStream 082.6 ~ Robert Worden "A Unified Theory of Language"
2026-02-17 04:45:34 [DEBUG] journal_utilities.downloader: yt-dlp transcript cmd: yt-dlp --no-warnings --cookies data/output/cookies.txt --write-sub --write-auto-sub --sub-lang en --sub-format vtt --skip-download -o data/output/transcripts/%(id)s.%(ext)s https://www.youtube.com/watch?v=vUO6t1pD0Hg
2026-02-17 04:45:37 [INFO] journal_utilities.downloader: yt-dlp subtitles unavailable for vUO6t1pD0Hg, trying youtube_transcript_api
2026-02-17 04:45:37 [DEBUG] journal_utilities.downloader: Loaded cookies for transcript API from data/output/cookies.txt
2026-02-17 04:45:37 [DEBUG] urllib3.connectionpool: Starting new HTTPS connection (1): www.youtube.com:443
2026-02-17 04:45:38 [DEBUG] urllib3.connectionpool: https://www.youtube.com:443 "GET /watch?v=vUO6t1pD0Hg HTTP/1.1" 200 None
2026-02-17 04:45:38 [DEBUG] urllib3.connectionpool: https://www.youtube.com:443 "POST /youtubei/v1/player?key=AIzaSyAO_FJ2SlqU8Q4STEHLGCilw_Y9_11qcW8 HTTP/1.1" 200 None
2026-02-17 04:45:38 [DEBUG] urllib3.connectionpool: https://www.youtube.com:443 "GET /api/timedtext?v=vUO6t1pD0Hg&ei=8mKUabjTMeP5sfIP6bff8Aw&caps=asr&opi=112496729&xoaf=5&xowf=1&xospf=1&hl=en&ip=0.0.0.0&ipbits=0&expire=1771357538&sparams=ip,ipbits,expire,v,ei,caps,opi,xoaf&signature=EC004E5C8CB09AAAC4CA1FD7EDC4B28CFBCDC704.CD0619E65D4909AAFDBF75DBECC97D1B7FDB75F5&key=yt8&kind=asr&lang=en HTTP/1.1" 200 None
2026-02-17 04:45:39 [INFO] journal_utilities.downloader: Downloaded transcript via API for vUO6t1pD0Hg
2026-02-17 04:45:39 [INFO] journal_utilities.downloader: Transcript for vUO6t1pD0Hg: success
2026-02-17 04:45:39 [INFO] journal_utilities.downloader: Audio already exists for vUO6t1pD0Hg, skipping
2026-02-17 04:45:39 [INFO] journal_utilities.downloader: Audio for vUO6t1pD0Hg: skipped
2026-02-17 04:45:40 [INFO] download_channel: [264/694] Processing PPKFlARc7gY — Active Inference Institute ~ 2025 Quarterly Roundtable #3
2026-02-17 04:45:40 [INFO] journal_utilities.downloader: Transcript already exists for PPKFlARc7gY, skipping
2026-02-17 04:45:40 [INFO] journal_utilities.downloader: Transcript for PPKFlARc7gY: skipped
2026-02-17 04:45:40 [INFO] journal_utilities.downloader: Audio already exists for PPKFlARc7gY, skipping
2026-02-17 04:45:40 [INFO] journal_utilities.downloader: Audio for PPKFlARc7gY: skipped
2026-02-17 04:45:41 [INFO] download_channel: [265/694] Processing FeD_L8oOhIk — ActInf GuestStream 121.1 ~ Conscious active inference (Wiest and Puniani)
2026-02-17 04:45:41 [INFO] journal_utilities.downloader: Transcript already exists for FeD_L8oOhIk, skipping
2026-02-17 04:45:41 [INFO] journal_utilities.downloader: Transcript for FeD_L8oOhIk: skipped
2026-02-17 04:45:41 [INFO] journal_utilities.downloader: Audio already exists for FeD_L8oOhIk, skipping
2026-02-17 04:45:41 [INFO] journal_utilities.downloader: Audio for FeD_L8oOhIk: skipped
2026-02-17 04:45:42 [INFO] download_channel: [266/694] Processing vwppypTticY — ActInf GuestStream 120.1 ~ Temporal Cognition and the Emergent Properties of Consciousness
2026-02-17 04:45:42 [DEBUG] journal_utilities.downloader: yt-dlp transcript cmd: yt-dlp --no-warnings --cookies data/output/cookies.txt --write-sub --write-auto-sub --sub-lang en --sub-format vtt --skip-download -o data/output/transcripts/%(id)s.%(ext)s https://www.youtube.com/watch?v=vwppypTticY
2026-02-17 04:45:45 [INFO] journal_utilities.downloader: yt-dlp subtitles unavailable for vwppypTticY, trying youtube_transcript_api
2026-02-17 04:45:45 [DEBUG] journal_utilities.downloader: Loaded cookies for transcript API from data/output/cookies.txt
2026-02-17 04:45:45 [DEBUG] urllib3.connectionpool: Starting new HTTPS connection (1): www.youtube.com:443
2026-02-17 04:45:45 [DEBUG] urllib3.connectionpool: https://www.youtube.com:443 "GET /watch?v=vwppypTticY HTTP/1.1" 200 None
2026-02-17 04:45:46 [DEBUG] urllib3.connectionpool: https://www.youtube.com:443 "POST /youtubei/v1/player?key=AIzaSyAO_FJ2SlqU8Q4STEHLGCilw_Y9_11qcW8 HTTP/1.1" 200 None
2026-02-17 04:45:46 [DEBUG] urllib3.connectionpool: https://www.youtube.com:443 "GET /api/timedtext?v=vwppypTticY&ei=-mKUaeOdLpz9sfIPu76BiQs&caps=asr&opi=112496729&xoaf=5&xowf=1&xospf=1&hl=en&ip=0.0.0.0&ipbits=0&expire=1771357546&sparams=ip,ipbits,expire,v,ei,caps,opi,xoaf&signature=17EEC701CA5166E842329FE7C58E3A2227D6F2BA.096021D9FEBD5E582F9AC0992C6164D68D8A1B2E&key=yt8&kind=asr&lang=en HTTP/1.1" 200 None
2026-02-17 04:45:46 [INFO] journal_utilities.downloader: Downloaded transcript via API for vwppypTticY
2026-02-17 04:45:46 [INFO] journal_utilities.downloader: Transcript for vwppypTticY: success
2026-02-17 04:45:46 [INFO] journal_utilities.downloader: Audio already exists for vwppypTticY, skipping
2026-02-17 04:45:46 [INFO] journal_utilities.downloader: Audio for vwppypTticY: skipped
2026-02-17 04:45:47 [INFO] download_channel: [267/694] Processing O4JkF40yvqU — ActInf GuestStream 119.1 Thermal Macroeconomics: An axiomatic theory of aggregate economic phenomena
2026-02-17 04:45:47 [INFO] journal_utilities.downloader: Transcript already exists for O4JkF40yvqU, skipping
2026-02-17 04:45:47 [INFO] journal_utilities.downloader: Transcript for O4JkF40yvqU: skipped
2026-02-17 04:45:47 [INFO] journal_utilities.downloader: Audio already exists for O4JkF40yvqU, skipping
2026-02-17 04:45:47 [INFO] journal_utilities.downloader: Audio for O4JkF40yvqU: skipped
2026-02-17 04:45:48 [INFO] download_channel: [268/694] Processing 0cOV7-St2Ws — Active InferAnt Stream 015.1 ~ START/HERE: A Map & What Might Happen Next
2026-02-17 04:45:48 [INFO] journal_utilities.downloader: Transcript already exists for 0cOV7-St2Ws, skipping
2026-02-17 04:45:48 [INFO] journal_utilities.downloader: Transcript for 0cOV7-St2Ws: skipped
2026-02-17 04:45:48 [INFO] journal_utilities.downloader: Audio already exists for 0cOV7-St2Ws, skipping
2026-02-17 04:45:48 [INFO] journal_utilities.downloader: Audio for 0cOV7-St2Ws: skipped
2026-02-17 04:45:49 [INFO] download_channel: [269/694] Processing 0t14D4epcuw — ActInf GuestStream 118.1 ~ Tadahiro Taniguchi "Co-Creative Learning via Metropolis-Hastings..."
2026-02-17 04:45:49 [INFO] journal_utilities.downloader: Transcript already exists for 0t14D4epcuw, skipping
2026-02-17 04:45:49 [INFO] journal_utilities.downloader: Transcript for 0t14D4epcuw: skipped
2026-02-17 04:45:49 [INFO] journal_utilities.downloader: Audio already exists for 0t14D4epcuw, skipping
2026-02-17 04:45:49 [INFO] journal_utilities.downloader: Audio for 0t14D4epcuw: skipped
2026-02-17 04:45:50 [INFO] download_channel: [270/694] Processing rj3iBEnZvGU — ActInf GuestStream 117.1 ~ Robert Stamps: Active Inference and Artificial Spin Ice
2026-02-17 04:45:50 [INFO] journal_utilities.downloader: Transcript already exists for rj3iBEnZvGU, skipping
2026-02-17 04:45:50 [INFO] journal_utilities.downloader: Transcript for rj3iBEnZvGU: skipped
2026-02-17 04:45:50 [INFO] journal_utilities.downloader: Audio already exists for rj3iBEnZvGU, skipping
2026-02-17 04:45:50 [INFO] journal_utilities.downloader: Audio for rj3iBEnZvGU: skipped
2026-02-17 04:45:51 [INFO] download_channel: [271/694] Processing 0h_mf5usgvg — ActInf GuestStream 116.1 ~ Max Aifer: "Solving the compute crisis with physics-based ASICs"
2026-02-17 04:45:51 [INFO] journal_utilities.downloader: Transcript already exists for 0h_mf5usgvg, skipping
2026-02-17 04:45:51 [INFO] journal_utilities.downloader: Transcript for 0h_mf5usgvg: skipped
2026-02-17 04:45:51 [INFO] journal_utilities.downloader: Audio already exists for 0h_mf5usgvg, skipping
2026-02-17 04:45:51 [INFO] journal_utilities.downloader: Audio for 0h_mf5usgvg: skipped
2026-02-17 04:45:52 [INFO] download_channel: [272/694] Processing 85ob-jrG7xQ — ActInf GuestStream 115.1 ~ Energy-Based Transformers and the Future of Scaling
2026-02-17 04:45:52 [INFO] journal_utilities.downloader: Transcript already exists for 85ob-jrG7xQ, skipping
2026-02-17 04:45:52 [INFO] journal_utilities.downloader: Transcript for 85ob-jrG7xQ: skipped
2026-02-17 04:45:52 [INFO] journal_utilities.downloader: Audio already exists for 85ob-jrG7xQ, skipping
2026-02-17 04:45:52 [INFO] journal_utilities.downloader: Audio for 85ob-jrG7xQ: skipped
2026-02-17 04:45:53 [INFO] download_channel: [273/694] Processing C1NxyfMDP4U — ActInf GuestStream 114.1 ~ How do inner screens enable imaginative experience?
2026-02-17 04:45:53 [INFO] journal_utilities.downloader: Transcript already exists for C1NxyfMDP4U, skipping
2026-02-17 04:45:53 [INFO] journal_utilities.downloader: Transcript for C1NxyfMDP4U: skipped
2026-02-17 04:45:53 [INFO] journal_utilities.downloader: Audio already exists for C1NxyfMDP4U, skipping
2026-02-17 04:45:53 [INFO] journal_utilities.downloader: Audio for C1NxyfMDP4U: skipped
2026-02-17 04:45:54 [INFO] download_channel: [274/694] Processing -cKpXSZLvMQ — Active Inference Institute ~ 2025 Quarterly Roundtable #2
2026-02-17 04:45:54 [INFO] journal_utilities.downloader: Transcript already exists for -cKpXSZLvMQ, skipping
2026-02-17 04:45:54 [INFO] journal_utilities.downloader: Transcript for -cKpXSZLvMQ: skipped
2026-02-17 04:45:54 [INFO] journal_utilities.downloader: Audio already exists for -cKpXSZLvMQ, skipping
2026-02-17 04:45:54 [INFO] journal_utilities.downloader: Audio for -cKpXSZLvMQ: skipped
2026-02-17 04:45:55 [INFO] download_channel: [275/694] Processing vgSYGS9l8nI — ActInf GuestStream 113.1 ~ Bayesian Mechanics of Economic Choice (Ernesto Moya-Albor et al.)
2026-02-17 04:45:55 [DEBUG] journal_utilities.downloader: yt-dlp transcript cmd: yt-dlp --no-warnings --cookies data/output/cookies.txt --write-sub --write-auto-sub --sub-lang en --sub-format vtt --skip-download -o data/output/transcripts/%(id)s.%(ext)s https://www.youtube.com/watch?v=vgSYGS9l8nI
2026-02-17 04:45:59 [INFO] journal_utilities.downloader: yt-dlp subtitles unavailable for vgSYGS9l8nI, trying youtube_transcript_api
2026-02-17 04:45:59 [DEBUG] journal_utilities.downloader: Loaded cookies for transcript API from data/output/cookies.txt
2026-02-17 04:45:59 [DEBUG] urllib3.connectionpool: Starting new HTTPS connection (1): www.youtube.com:443
2026-02-17 04:45:59 [DEBUG] urllib3.connectionpool: https://www.youtube.com:443 "GET /watch?v=vgSYGS9l8nI HTTP/1.1" 200 None
2026-02-17 04:46:00 [DEBUG] urllib3.connectionpool: https://www.youtube.com:443 "POST /youtubei/v1/player?key=AIzaSyAO_FJ2SlqU8Q4STEHLGCilw_Y9_11qcW8 HTTP/1.1" 200 None
2026-02-17 04:46:00 [DEBUG] urllib3.connectionpool: https://www.youtube.com:443 "GET /api/timedtext?v=vgSYGS9l8nI&ei=CGOUaY6oJp-psfIPysjCgQs&caps=asr&opi=112496729&xoaf=5&xowf=1&hl=en&ip=0.0.0.0&ipbits=0&expire=1771357560&sparams=ip,ipbits,expire,v,ei,caps,opi,xoaf&signature=7A6B07B75EFD7B73E9DA8EF44B0A72433BE6501B.9BDA442E3AC7142EACE150BC2D3A966BCA34EB56&key=yt8&kind=asr&lang=en HTTP/1.1" 200 None
2026-02-17 04:46:00 [INFO] journal_utilities.downloader: Downloaded transcript via API for vgSYGS9l8nI
2026-02-17 04:46:00 [INFO] journal_utilities.downloader: Transcript for vgSYGS9l8nI: success
2026-02-17 04:46:00 [INFO] journal_utilities.downloader: Audio already exists for vgSYGS9l8nI, skipping
2026-02-17 04:46:00 [INFO] journal_utilities.downloader: Audio for vgSYGS9l8nI: skipped
2026-02-17 04:46:01 [INFO] download_channel: [276/694] Processing fTg-S81Ymto — ActInf GuestStream 112.1 ~ Brain-like variational inference (Hadi Vafaii)
2026-02-17 04:46:01 [INFO] journal_utilities.downloader: Transcript already exists for fTg-S81Ymto, skipping
2026-02-17 04:46:01 [INFO] journal_utilities.downloader: Transcript for fTg-S81Ymto: skipped
2026-02-17 04:46:01 [INFO] journal_utilities.downloader: Audio already exists for fTg-S81Ymto, skipping
2026-02-17 04:46:01 [INFO] journal_utilities.downloader: Audio for fTg-S81Ymto: skipped
2026-02-17 04:46:02 [INFO] download_channel: [277/694] Processing L0kFneuINsg — Active InferAnt Stream 014.3 ~ The Sound of Uncertainty: Auditory Rendering of Generative Models
2026-02-17 04:46:02 [INFO] journal_utilities.downloader: Transcript already exists for L0kFneuINsg, skipping
2026-02-17 04:46:02 [INFO] journal_utilities.downloader: Transcript for L0kFneuINsg: skipped
2026-02-17 04:46:02 [INFO] journal_utilities.downloader: Audio already exists for L0kFneuINsg, skipping
2026-02-17 04:46:02 [INFO] journal_utilities.downloader: Audio for L0kFneuINsg: skipped
2026-02-17 04:46:03 [INFO] download_channel: [278/694] Processing q3kUt1xR_fo — ActInf OrgStream 009.1 ~ The Value of Open Source Software (Hoffmann, Nagle, Zhou)
2026-02-17 04:46:03 [INFO] journal_utilities.downloader: Transcript already exists for q3kUt1xR_fo, skipping
2026-02-17 04:46:03 [INFO] journal_utilities.downloader: Transcript for q3kUt1xR_fo: skipped
2026-02-17 04:46:03 [INFO] journal_utilities.downloader: Audio already exists for q3kUt1xR_fo, skipping
2026-02-17 04:46:03 [INFO] journal_utilities.downloader: Audio for q3kUt1xR_fo: skipped
2026-02-17 04:46:04 [INFO] download_channel: [279/694] Processing sSStRTOxuWk — ActInf GuestStream 111.1 ~ Modeling and Predicting Self-Organization in Dynamic Systems (G Georgiev)
2026-02-17 04:46:04 [INFO] journal_utilities.downloader: Transcript already exists for sSStRTOxuWk, skipping
2026-02-17 04:46:04 [INFO] journal_utilities.downloader: Transcript for sSStRTOxuWk: skipped
2026-02-17 04:46:04 [INFO] journal_utilities.downloader: Audio already exists for sSStRTOxuWk, skipping
2026-02-17 04:46:04 [INFO] journal_utilities.downloader: Audio for sSStRTOxuWk: skipped
2026-02-17 04:46:05 [INFO] download_channel: [280/694] Processing Y3-FMoaEZYE — Active InferAnt Stream 014.2 ~ Generalized Notation Notation for Generative Model Supply Chains
2026-02-17 04:46:05 [INFO] journal_utilities.downloader: Transcript already exists for Y3-FMoaEZYE, skipping
2026-02-17 04:46:05 [INFO] journal_utilities.downloader: Transcript for Y3-FMoaEZYE: skipped
2026-02-17 04:46:05 [INFO] journal_utilities.downloader: Audio already exists for Y3-FMoaEZYE, skipping
2026-02-17 04:46:05 [INFO] journal_utilities.downloader: Audio for Y3-FMoaEZYE: skipped
2026-02-17 04:46:06 [INFO] download_channel: [281/694] Processing gS_WocoCJvI — ActInf GuestStream 110.1 ~ Triple equivalence for the emergence of biological intelligence (Isomura)
2026-02-17 04:46:06 [INFO] journal_utilities.downloader: Transcript already exists for gS_WocoCJvI, skipping
2026-02-17 04:46:06 [INFO] journal_utilities.downloader: Transcript for gS_WocoCJvI: skipped
2026-02-17 04:46:06 [INFO] journal_utilities.downloader: Audio already exists for gS_WocoCJvI, skipping
2026-02-17 04:46:06 [INFO] journal_utilities.downloader: Audio for gS_WocoCJvI: skipped
2026-02-17 04:46:07 [INFO] download_channel: [282/694] Processing kDLBmwMikfk — ActInf MathStream 014.1 ~ Jesse van Oostrum: A concise mathematical description of active inference
2026-02-17 04:46:07 [INFO] journal_utilities.downloader: Transcript already exists for kDLBmwMikfk, skipping
2026-02-17 04:46:07 [INFO] journal_utilities.downloader: Transcript for kDLBmwMikfk: skipped
2026-02-17 04:46:07 [INFO] journal_utilities.downloader: Audio already exists for kDLBmwMikfk, skipping
2026-02-17 04:46:07 [INFO] journal_utilities.downloader: Audio for kDLBmwMikfk: skipped
2026-02-17 04:46:08 [INFO] download_channel: [283/694] Processing aRT9n16N4J8 — ActInf GuestStream 109.1 ~ Hemming: "Free Energy, Attentional Narrowing, and Cognitive Rigidity"
2026-02-17 04:46:08 [INFO] journal_utilities.downloader: Transcript already exists for aRT9n16N4J8, skipping
2026-02-17 04:46:08 [INFO] journal_utilities.downloader: Transcript for aRT9n16N4J8: skipped
2026-02-17 04:46:08 [INFO] journal_utilities.downloader: Audio already exists for aRT9n16N4J8, skipping
2026-02-17 04:46:08 [INFO] journal_utilities.downloader: Audio for aRT9n16N4J8: skipped
2026-02-17 04:46:09 [INFO] download_channel: [284/694] Processing _YRRB5basok — ActInf GuestStream 108.1 ~ Next-Generation AI for Emergent Semantic Communications (Christo Thomas)
2026-02-17 04:46:09 [INFO] journal_utilities.downloader: Transcript already exists for _YRRB5basok, skipping
2026-02-17 04:46:09 [INFO] journal_utilities.downloader: Transcript for _YRRB5basok: skipped
2026-02-17 04:46:09 [INFO] journal_utilities.downloader: Audio already exists for _YRRB5basok, skipping
2026-02-17 04:46:09 [INFO] journal_utilities.downloader: Audio for _YRRB5basok: skipped
2026-02-17 04:46:10 [INFO] download_channel: [285/694] Processing 3a01ltP-p9I — ActInf GuestStream 107.1 ~ David Benrimoh "The Role of Affective States in Computational Psychiatry"
2026-02-17 04:46:10 [INFO] journal_utilities.downloader: Transcript already exists for 3a01ltP-p9I, skipping
2026-02-17 04:46:10 [INFO] journal_utilities.downloader: Transcript for 3a01ltP-p9I: skipped
2026-02-17 04:46:10 [INFO] journal_utilities.downloader: Audio already exists for 3a01ltP-p9I, skipping
2026-02-17 04:46:10 [INFO] journal_utilities.downloader: Audio for 3a01ltP-p9I: skipped
2026-02-17 04:46:11 [INFO] download_channel: [286/694] Processing _8xNPQEqnKE — ActInf MathStream 013.1 ~ Alexis Toumi: "DisCoPy: Monoidal Categories for Active Inference"
2026-02-17 04:46:11 [INFO] journal_utilities.downloader: Transcript already exists for _8xNPQEqnKE, skipping
2026-02-17 04:46:11 [INFO] journal_utilities.downloader: Transcript for _8xNPQEqnKE: skipped
2026-02-17 04:46:11 [INFO] journal_utilities.downloader: Audio already exists for _8xNPQEqnKE, skipping
2026-02-17 04:46:11 [INFO] journal_utilities.downloader: Audio for _8xNPQEqnKE: skipped
2026-02-17 04:46:12 [INFO] download_channel: [287/694] Processing 3tYOBVIOLyU — Active InferAnt Stream 014.1 ~ Generalized Notation Notation: From Plaintext to Triple Play
2026-02-17 04:46:12 [INFO] journal_utilities.downloader: Transcript already exists for 3tYOBVIOLyU, skipping
2026-02-17 04:46:12 [INFO] journal_utilities.downloader: Transcript for 3tYOBVIOLyU: skipped
2026-02-17 04:46:12 [INFO] journal_utilities.downloader: Audio already exists for 3tYOBVIOLyU, skipping
2026-02-17 04:46:12 [INFO] journal_utilities.downloader: Audio for 3tYOBVIOLyU: skipped
2026-02-17 04:46:13 [INFO] download_channel: [288/694] Processing pqMph8eEUs4 — ActInf GuestStream 106.1 ~  "Advances and Challenges in Foundation Agents" Bang Liu et al.
2026-02-17 04:46:13 [INFO] journal_utilities.downloader: Transcript already exists for pqMph8eEUs4, skipping
2026-02-17 04:46:13 [INFO] journal_utilities.downloader: Transcript for pqMph8eEUs4: skipped
2026-02-17 04:46:13 [INFO] journal_utilities.downloader: Audio already exists for pqMph8eEUs4, skipping
2026-02-17 04:46:13 [INFO] journal_utilities.downloader: Audio for pqMph8eEUs4: skipped
2026-02-17 04:46:14 [INFO] download_channel: [289/694] Processing TKksAVCOUCU — ActInf GuestStream 105.1 ~ Paola Di Maio: "Systemic Deviation, A Key to Explain Systemic Failures"
2026-02-17 04:46:14 [INFO] journal_utilities.downloader: Transcript already exists for TKksAVCOUCU, skipping
2026-02-17 04:46:14 [INFO] journal_utilities.downloader: Transcript for TKksAVCOUCU: skipped
2026-02-17 04:46:14 [INFO] journal_utilities.downloader: Audio already exists for TKksAVCOUCU, skipping
2026-02-17 04:46:14 [INFO] journal_utilities.downloader: Audio for TKksAVCOUCU: skipped
2026-02-17 04:46:15 [INFO] download_channel: [290/694] Processing 7vbtSdkDgc8 — ActInf ModelStream 018.1: Robust Decision-Making Via Free Energy Minimization (Russo & Jesawada)
2026-02-17 04:46:15 [INFO] journal_utilities.downloader: Transcript already exists for 7vbtSdkDgc8, skipping
2026-02-17 04:46:15 [INFO] journal_utilities.downloader: Transcript for 7vbtSdkDgc8: skipped
2026-02-17 04:46:15 [INFO] journal_utilities.downloader: Audio already exists for 7vbtSdkDgc8, skipping
2026-02-17 04:46:15 [INFO] journal_utilities.downloader: Audio for 7vbtSdkDgc8: skipped
2026-02-17 04:46:16 [INFO] download_channel: [291/694] Processing nT11dSbr6QE — Active InferAnt Stream 013.1 ~ NoOrg is a Real Org
2026-02-17 04:46:16 [INFO] journal_utilities.downloader: Transcript already exists for nT11dSbr6QE, skipping
2026-02-17 04:46:16 [INFO] journal_utilities.downloader: Transcript for nT11dSbr6QE: skipped
2026-02-17 04:46:16 [INFO] journal_utilities.downloader: Audio already exists for nT11dSbr6QE, skipping
2026-02-17 04:46:16 [INFO] journal_utilities.downloader: Audio for nT11dSbr6QE: skipped
2026-02-17 04:46:17 [INFO] download_channel: [292/694] Processing veGQUGE0hLI — ActInf GuestStream 104.1 ~ Tadahiro Taniguchi: Collective Predictive Coding and Active Inference
2026-02-17 04:46:17 [DEBUG] journal_utilities.downloader: yt-dlp transcript cmd: yt-dlp --no-warnings --cookies data/output/cookies.txt --write-sub --write-auto-sub --sub-lang en --sub-format vtt --skip-download -o data/output/transcripts/%(id)s.%(ext)s https://www.youtube.com/watch?v=veGQUGE0hLI
2026-02-17 04:46:21 [INFO] journal_utilities.downloader: yt-dlp subtitles unavailable for veGQUGE0hLI, trying youtube_transcript_api
2026-02-17 04:46:21 [DEBUG] journal_utilities.downloader: Loaded cookies for transcript API from data/output/cookies.txt
2026-02-17 04:46:21 [DEBUG] urllib3.connectionpool: Starting new HTTPS connection (1): www.youtube.com:443
2026-02-17 04:46:21 [DEBUG] urllib3.connectionpool: https://www.youtube.com:443 "GET /watch?v=veGQUGE0hLI HTTP/1.1" 200 None
2026-02-17 04:46:22 [DEBUG] urllib3.connectionpool: https://www.youtube.com:443 "POST /youtubei/v1/player?key=AIzaSyAO_FJ2SlqU8Q4STEHLGCilw_Y9_11qcW8 HTTP/1.1" 200 None
2026-02-17 04:46:22 [DEBUG] urllib3.connectionpool: https://www.youtube.com:443 "GET /api/timedtext?v=veGQUGE0hLI&ei=HmOUadepKcaVt7EPi96Z4Ac&caps=asr&opi=112496729&xoaf=5&xowf=1&hl=en&ip=0.0.0.0&ipbits=0&expire=1771357582&sparams=ip,ipbits,expire,v,ei,caps,opi,xoaf&signature=47429119E30B50CFBFC3B2DB161BB412D5AC77D8.5190EF1B7DF8E929E04040FC986956F97E5155C8&key=yt8&kind=asr&lang=en HTTP/1.1" 200 None
2026-02-17 04:46:22 [INFO] journal_utilities.downloader: Downloaded transcript via API for veGQUGE0hLI
2026-02-17 04:46:22 [INFO] journal_utilities.downloader: Transcript for veGQUGE0hLI: success
2026-02-17 04:46:22 [INFO] journal_utilities.downloader: Audio already exists for veGQUGE0hLI, skipping
2026-02-17 04:46:22 [INFO] journal_utilities.downloader: Audio for veGQUGE0hLI: skipped
2026-02-17 04:46:23 [INFO] download_channel: [293/694] Processing ZRNQ8ZzMc_c — ActInf GuestStream 103.1 ~ Tobias Plowman "The Mind in Motion": A Systems Model...
2026-02-17 04:46:23 [INFO] journal_utilities.downloader: Transcript already exists for ZRNQ8ZzMc_c, skipping
2026-02-17 04:46:23 [INFO] journal_utilities.downloader: Transcript for ZRNQ8ZzMc_c: skipped
2026-02-17 04:46:23 [INFO] journal_utilities.downloader: Audio already exists for ZRNQ8ZzMc_c, skipping
2026-02-17 04:46:23 [INFO] journal_utilities.downloader: Audio for ZRNQ8ZzMc_c: skipped
2026-02-17 04:46:24 [INFO] download_channel: [294/694] Processing EIOIMEo8vOY — Active InferAnt Stream 012.2 ~ Case of the Evolving CEREBRUM: The Curious Language of the Incident
2026-02-17 04:46:24 [INFO] journal_utilities.downloader: Transcript already exists for EIOIMEo8vOY, skipping
2026-02-17 04:46:24 [INFO] journal_utilities.downloader: Transcript for EIOIMEo8vOY: skipped
2026-02-17 04:46:24 [INFO] journal_utilities.downloader: Audio already exists for EIOIMEo8vOY, skipping
2026-02-17 04:46:24 [INFO] journal_utilities.downloader: Audio for EIOIMEo8vOY: skipped
2026-02-17 04:46:25 [INFO] download_channel: [295/694] Processing p7iq4AAIwjc — ActInf GuestStream 082.5 ~ Robert Worden "Computers, Meaning and Consciousness"
2026-02-17 04:46:25 [INFO] journal_utilities.downloader: Transcript already exists for p7iq4AAIwjc, skipping
2026-02-17 04:46:25 [INFO] journal_utilities.downloader: Transcript for p7iq4AAIwjc: skipped
2026-02-17 04:46:25 [INFO] journal_utilities.downloader: Audio already exists for p7iq4AAIwjc, skipping
2026-02-17 04:46:25 [INFO] journal_utilities.downloader: Audio for p7iq4AAIwjc: skipped
2026-02-17 04:46:26 [INFO] download_channel: [296/694] Processing h6426dEKaMg — ActInf MathStream 012.1 ~ ELBOing Stein: Variational Bayes with Stein Mixture Inference, Ola Rønning
2026-02-17 04:46:26 [INFO] journal_utilities.downloader: Transcript already exists for h6426dEKaMg, skipping
2026-02-17 04:46:26 [INFO] journal_utilities.downloader: Transcript for h6426dEKaMg: skipped
2026-02-17 04:46:26 [INFO] journal_utilities.downloader: Audio already exists for h6426dEKaMg, skipping
2026-02-17 04:46:26 [INFO] journal_utilities.downloader: Audio for h6426dEKaMg: skipped
2026-02-17 04:46:27 [INFO] download_channel: [297/694] Processing gSL8PWN4soc — ActInf GuestStream 102.1 ~ Majid Beni "Scientific Explanation, Causality, and Agency"
2026-02-17 04:46:27 [INFO] journal_utilities.downloader: Transcript already exists for gSL8PWN4soc, skipping
2026-02-17 04:46:27 [INFO] journal_utilities.downloader: Transcript for gSL8PWN4soc: skipped
2026-02-17 04:46:27 [INFO] journal_utilities.downloader: Audio already exists for gSL8PWN4soc, skipping
2026-02-17 04:46:27 [INFO] journal_utilities.downloader: Audio for gSL8PWN4soc: skipped
2026-02-17 04:46:28 [INFO] download_channel: [298/694] Processing eZPshFv24_g — ActInf GuestStream 101.1 ~ Autonomous Vehicles, Diffusion-Based Motion Prediction, Active Inference
2026-02-17 04:46:28 [INFO] journal_utilities.downloader: Transcript already exists for eZPshFv24_g, skipping
2026-02-17 04:46:28 [INFO] journal_utilities.downloader: Transcript for eZPshFv24_g: skipped
2026-02-17 04:46:28 [INFO] journal_utilities.downloader: Audio already exists for eZPshFv24_g, skipping
2026-02-17 04:46:28 [INFO] journal_utilities.downloader: Audio for eZPshFv24_g: skipped
2026-02-17 04:46:29 [INFO] download_channel: [299/694] Processing 8Ohlb8iTW0k — Active InferAnt Stream 012.1 ~ CEREBRUM: Case-Enabled Reasoning Engine with...
2026-02-17 04:46:29 [INFO] journal_utilities.downloader: Transcript already exists for 8Ohlb8iTW0k, skipping
2026-02-17 04:46:29 [INFO] journal_utilities.downloader: Transcript for 8Ohlb8iTW0k: skipped
2026-02-17 04:46:29 [INFO] journal_utilities.downloader: Audio already exists for 8Ohlb8iTW0k, skipping
2026-02-17 04:46:29 [INFO] journal_utilities.downloader: Audio for 8Ohlb8iTW0k: skipped
2026-02-17 04:46:30 [INFO] download_channel: [300/694] Processing 9LKWp5nydnA — Active InferAnt Stream 011.1 ~ April Agents Bring May Simulations: OpenManus, RxInfer.jl, and ...
2026-02-17 04:46:30 [INFO] journal_utilities.downloader: Transcript already exists for 9LKWp5nydnA, skipping
2026-02-17 04:46:30 [INFO] journal_utilities.downloader: Transcript for 9LKWp5nydnA: skipped
2026-02-17 04:46:30 [INFO] journal_utilities.downloader: Audio already exists for 9LKWp5nydnA, skipping
2026-02-17 04:46:30 [INFO] journal_utilities.downloader: Audio for 9LKWp5nydnA: skipped
2026-02-17 04:46:31 [INFO] download_channel: [301/694] Processing aEe8y9Ebs10 — Active Inference Institute ~ 2025 Quarterly Roundtable #1
2026-02-17 04:46:31 [INFO] journal_utilities.downloader: Transcript already exists for aEe8y9Ebs10, skipping
2026-02-17 04:46:31 [INFO] journal_utilities.downloader: Transcript for aEe8y9Ebs10: skipped
2026-02-17 04:46:31 [INFO] journal_utilities.downloader: Audio already exists for aEe8y9Ebs10, skipping
2026-02-17 04:46:31 [INFO] journal_utilities.downloader: Audio for aEe8y9Ebs10: skipped
2026-02-17 04:46:32 [INFO] download_channel: [302/694] Processing pwfJQRN6iIc — ActInf ModelStream 017.1 What's Wrong with Active Inference and How Lazy Dynamics Is Set to Solve It
2026-02-17 04:46:32 [INFO] journal_utilities.downloader: Transcript already exists for pwfJQRN6iIc, skipping
2026-02-17 04:46:32 [INFO] journal_utilities.downloader: Transcript for pwfJQRN6iIc: skipped
2026-02-17 04:46:32 [INFO] journal_utilities.downloader: Audio already exists for pwfJQRN6iIc, skipping
2026-02-17 04:46:32 [INFO] journal_utilities.downloader: Audio for pwfJQRN6iIc: skipped
2026-02-17 04:46:33 [INFO] download_channel: [303/694] Processing BN2akPkfNxA — ActInf GuestStream 100.1 ~ Yu Kanazawa: The free energy principle, language learning, and education
2026-02-17 04:46:33 [INFO] journal_utilities.downloader: Transcript already exists for BN2akPkfNxA, skipping
2026-02-17 04:46:33 [INFO] journal_utilities.downloader: Transcript for BN2akPkfNxA: skipped
2026-02-17 04:46:33 [INFO] journal_utilities.downloader: Audio already exists for BN2akPkfNxA, skipping
2026-02-17 04:46:33 [INFO] journal_utilities.downloader: Audio for BN2akPkfNxA: skipped
2026-02-17 04:46:34 [INFO] download_channel: [304/694] Processing NZnlrI-6mS8 — ActInf GuestStream 099.1 ~ Avel Guénin-Carlut: "From Contextuality to Social Constraints"
2026-02-17 04:46:34 [INFO] journal_utilities.downloader: Transcript already exists for NZnlrI-6mS8, skipping
2026-02-17 04:46:34 [INFO] journal_utilities.downloader: Transcript for NZnlrI-6mS8: skipped
2026-02-17 04:46:34 [INFO] journal_utilities.downloader: Audio already exists for NZnlrI-6mS8, skipping
2026-02-17 04:46:34 [INFO] journal_utilities.downloader: Audio for NZnlrI-6mS8: skipped
2026-02-17 04:46:35 [INFO] download_channel: [305/694] Processing Gl7yd2MRjmk — Active InferAnt Stream 010.2 ~ plain_text too: Learning Paths, Application Guides, and More Things
2026-02-17 04:46:35 [INFO] journal_utilities.downloader: Transcript already exists for Gl7yd2MRjmk, skipping
2026-02-17 04:46:35 [INFO] journal_utilities.downloader: Transcript for Gl7yd2MRjmk: skipped
2026-02-17 04:46:35 [INFO] journal_utilities.downloader: Audio already exists for Gl7yd2MRjmk, skipping
2026-02-17 04:46:35 [INFO] journal_utilities.downloader: Audio for Gl7yd2MRjmk: skipped
2026-02-17 04:46:36 [INFO] download_channel: [306/694] Processing E3vyVxMZanA — ActInf GuestStream 090.2 Decoding the ARC: The Evolution of Reason in the Abstract Reasoning Corpus
2026-02-17 04:46:36 [INFO] journal_utilities.downloader: Transcript already exists for E3vyVxMZanA, skipping
2026-02-17 04:46:36 [INFO] journal_utilities.downloader: Transcript for E3vyVxMZanA: skipped
2026-02-17 04:46:36 [INFO] journal_utilities.downloader: Audio already exists for E3vyVxMZanA, skipping
2026-02-17 04:46:36 [INFO] journal_utilities.downloader: Audio for E3vyVxMZanA: skipped
2026-02-17 04:46:37 [INFO] download_channel: [307/694] Processing tU2PfMNp-OI — ActInf GuestStream 098.1 ~ Active Inference and Human-Computer Interaction
2026-02-17 04:46:37 [INFO] journal_utilities.downloader: Transcript already exists for tU2PfMNp-OI, skipping
2026-02-17 04:46:37 [INFO] journal_utilities.downloader: Transcript for tU2PfMNp-OI: skipped
2026-02-17 04:46:37 [INFO] journal_utilities.downloader: Audio already exists for tU2PfMNp-OI, skipping
2026-02-17 04:46:37 [INFO] journal_utilities.downloader: Audio for tU2PfMNp-OI: skipped
2026-02-17 04:46:38 [INFO] download_channel: [308/694] Processing ed9iSi4cD3o — Active InferAnt Stream 010.1 ~ plain_text for active_inference: Modeling, Learning, and Exploration
2026-02-17 04:46:38 [INFO] journal_utilities.downloader: Transcript already exists for ed9iSi4cD3o, skipping
2026-02-17 04:46:38 [INFO] journal_utilities.downloader: Transcript for ed9iSi4cD3o: skipped
2026-02-17 04:46:38 [INFO] journal_utilities.downloader: Audio already exists for ed9iSi4cD3o, skipping
2026-02-17 04:46:38 [INFO] journal_utilities.downloader: Audio for ed9iSi4cD3o: skipped
2026-02-17 04:46:39 [INFO] download_channel: [309/694] Processing dP5MwxvYSno — MathArtStream 11 ~ Feedback Welcome
2026-02-17 04:46:39 [INFO] journal_utilities.downloader: Transcript already exists for dP5MwxvYSno, skipping
2026-02-17 04:46:39 [INFO] journal_utilities.downloader: Transcript for dP5MwxvYSno: skipped
2026-02-17 04:46:39 [INFO] journal_utilities.downloader: Audio already exists for dP5MwxvYSno, skipping
2026-02-17 04:46:39 [INFO] journal_utilities.downloader: Audio for dP5MwxvYSno: skipped
2026-02-17 04:46:40 [INFO] download_channel: [310/694] Processing VLTXPOsrg_s — ActInf GuestStream 097.1 ~ Matthew Sims: Slime Mould and Philosophy
2026-02-17 04:46:40 [INFO] journal_utilities.downloader: Transcript already exists for VLTXPOsrg_s, skipping
2026-02-17 04:46:40 [INFO] journal_utilities.downloader: Transcript for VLTXPOsrg_s: skipped
2026-02-17 04:46:40 [INFO] journal_utilities.downloader: Audio already exists for VLTXPOsrg_s, skipping
2026-02-17 04:46:40 [INFO] journal_utilities.downloader: Audio for VLTXPOsrg_s: skipped
2026-02-17 04:46:41 [INFO] download_channel: [311/694] Processing kCmC4i-drEY — ActInf GuestStream: Ron Itelman: Cognitive Experience Design (CXD): Designing AI Systems for Trust
2026-02-17 04:46:41 [INFO] journal_utilities.downloader: Transcript already exists for kCmC4i-drEY, skipping
2026-02-17 04:46:41 [INFO] journal_utilities.downloader: Transcript for kCmC4i-drEY: skipped
2026-02-17 04:46:41 [INFO] journal_utilities.downloader: Audio already exists for kCmC4i-drEY, skipping
2026-02-17 04:46:41 [INFO] journal_utilities.downloader: Audio for kCmC4i-drEY: skipped
2026-02-17 04:46:42 [INFO] download_channel: [312/694] Processing Y76dco2nAkQ — ActInf GuestStream 095.1 ~ Rithvik Prakki: Active Inference for Self-Organizing Multi-LLM Systems
2026-02-17 04:46:42 [INFO] journal_utilities.downloader: Transcript already exists for Y76dco2nAkQ, skipping
2026-02-17 04:46:42 [INFO] journal_utilities.downloader: Transcript for Y76dco2nAkQ: skipped
2026-02-17 04:46:42 [INFO] journal_utilities.downloader: Audio already exists for Y76dco2nAkQ, skipping
2026-02-17 04:46:42 [INFO] journal_utilities.downloader: Audio for Y76dco2nAkQ: skipped
2026-02-17 04:46:43 [INFO] download_channel: [313/694] Processing cmPPvfElkCE — Active InferAnt Stream 009.1 ~ How to Accelerate? Active Inference Mountain Car in RxInfer.jl
2026-02-17 04:46:43 [INFO] journal_utilities.downloader: Transcript already exists for cmPPvfElkCE, skipping
2026-02-17 04:46:43 [INFO] journal_utilities.downloader: Transcript for cmPPvfElkCE: skipped
2026-02-17 04:46:43 [INFO] journal_utilities.downloader: Audio already exists for cmPPvfElkCE, skipping
2026-02-17 04:46:43 [INFO] journal_utilities.downloader: Audio for cmPPvfElkCE: skipped
2026-02-17 04:46:44 [INFO] download_channel: [314/694] Processing S8z_Y95WBeE — 2024 ReviewStream
2026-02-17 04:46:44 [INFO] journal_utilities.downloader: Transcript already exists for S8z_Y95WBeE, skipping
2026-02-17 04:46:44 [INFO] journal_utilities.downloader: Transcript for S8z_Y95WBeE: skipped
2026-02-17 04:46:44 [INFO] journal_utilities.downloader: Audio already exists for S8z_Y95WBeE, skipping
2026-02-17 04:46:44 [INFO] journal_utilities.downloader: Audio for S8z_Y95WBeE: skipped
2026-02-17 04:46:45 [INFO] download_channel: [315/694] Processing bK3lIWs23RE — Active Inference Institute ~ 2024 Quarterly Roundtable #4
2026-02-17 04:46:45 [INFO] journal_utilities.downloader: Transcript already exists for bK3lIWs23RE, skipping
2026-02-17 04:46:45 [INFO] journal_utilities.downloader: Transcript for bK3lIWs23RE: skipped
2026-02-17 04:46:45 [INFO] journal_utilities.downloader: Audio already exists for bK3lIWs23RE, skipping
2026-02-17 04:46:45 [INFO] journal_utilities.downloader: Audio for bK3lIWs23RE: skipped
2026-02-17 04:46:46 [INFO] download_channel: [316/694] Processing 1Qr7um2W-Rc — ActInf GuestStream 094.1 ~ Joséphine Pazem:, "Free Energy Projective Simulation (FEPS)"
2026-02-17 04:46:46 [INFO] journal_utilities.downloader: Transcript already exists for 1Qr7um2W-Rc, skipping
2026-02-17 04:46:46 [INFO] journal_utilities.downloader: Transcript for 1Qr7um2W-Rc: skipped
2026-02-17 04:46:46 [INFO] journal_utilities.downloader: Audio already exists for 1Qr7um2W-Rc, skipping
2026-02-17 04:46:46 [INFO] journal_utilities.downloader: Audio for 1Qr7um2W-Rc: skipped
2026-02-17 04:46:47 [INFO] download_channel: [317/694] Processing h_tO7gZH2Ks — Active InferAnt Stream 008.1 ~ Onboarding to Active Inference across backgrounds & languages
2026-02-17 04:46:47 [INFO] journal_utilities.downloader: Transcript already exists for h_tO7gZH2Ks, skipping
2026-02-17 04:46:47 [INFO] journal_utilities.downloader: Transcript for h_tO7gZH2Ks: skipped
2026-02-17 04:46:47 [INFO] journal_utilities.downloader: Audio already exists for h_tO7gZH2Ks, skipping
2026-02-17 04:46:47 [INFO] journal_utilities.downloader: Audio for h_tO7gZH2Ks: skipped
2026-02-17 04:46:48 [INFO] download_channel: [318/694] Processing GVsBiTn_E6o — ActInf GuestStream 093.1 ~ Nassim Dehouche "Enhancing Population-based Search with Active Inference"
2026-02-17 04:46:48 [INFO] journal_utilities.downloader: Transcript already exists for GVsBiTn_E6o, skipping
2026-02-17 04:46:48 [INFO] journal_utilities.downloader: Transcript for GVsBiTn_E6o: skipped
2026-02-17 04:46:48 [INFO] journal_utilities.downloader: Audio already exists for GVsBiTn_E6o, skipping
2026-02-17 04:46:48 [INFO] journal_utilities.downloader: Audio for GVsBiTn_E6o: skipped
2026-02-17 04:46:49 [INFO] download_channel: [319/694] Processing x6rwST67ugU — ActInf ArtStream 004.1 ~ Karin Kukkonen: "Literature as Uncertainty Practice"
2026-02-17 04:46:49 [DEBUG] journal_utilities.downloader: yt-dlp transcript cmd: yt-dlp --no-warnings --cookies data/output/cookies.txt --write-sub --write-auto-sub --sub-lang en --sub-format vtt --skip-download -o data/output/transcripts/%(id)s.%(ext)s https://www.youtube.com/watch?v=x6rwST67ugU
2026-02-17 04:46:53 [INFO] journal_utilities.downloader: yt-dlp subtitles unavailable for x6rwST67ugU, trying youtube_transcript_api
2026-02-17 04:46:53 [DEBUG] journal_utilities.downloader: Loaded cookies for transcript API from data/output/cookies.txt
2026-02-17 04:46:53 [DEBUG] urllib3.connectionpool: Starting new HTTPS connection (1): www.youtube.com:443
2026-02-17 04:46:54 [DEBUG] urllib3.connectionpool: https://www.youtube.com:443 "GET /watch?v=x6rwST67ugU HTTP/1.1" 200 None
2026-02-17 04:46:54 [DEBUG] urllib3.connectionpool: https://www.youtube.com:443 "POST /youtubei/v1/player?key=AIzaSyAO_FJ2SlqU8Q4STEHLGCilw_Y9_11qcW8 HTTP/1.1" 200 None
2026-02-17 04:46:54 [DEBUG] urllib3.connectionpool: https://www.youtube.com:443 "GET /api/timedtext?v=x6rwST67ugU&ei=PmOUacGFMeK8sfIP9Y-kcA&caps=asr&opi=112496729&xoaf=5&xowf=1&hl=en&ip=0.0.0.0&ipbits=0&expire=1771357614&sparams=ip,ipbits,expire,v,ei,caps,opi,xoaf&signature=EF3DF1C8C6C61115E3BDEEA900262270E9C941B7.CCAB090B6B12550315F6988B040E88C665B62B89&key=yt8&kind=asr&lang=en HTTP/1.1" 200 None
2026-02-17 04:46:54 [INFO] journal_utilities.downloader: Downloaded transcript via API for x6rwST67ugU
2026-02-17 04:46:54 [INFO] journal_utilities.downloader: Transcript for x6rwST67ugU: success
2026-02-17 04:46:54 [INFO] journal_utilities.downloader: Audio already exists for x6rwST67ugU, skipping
2026-02-17 04:46:54 [INFO] journal_utilities.downloader: Audio for x6rwST67ugU: skipped
2026-02-17 04:46:55 [INFO] download_channel: [320/694] Processing pNfQqKXUdic — ActInf ModelStream 016.1: Eli Sennesh and Tommaso Salvatori "Divide-and-Conquer Predictive Coding"
2026-02-17 04:46:55 [INFO] journal_utilities.downloader: Transcript already exists for pNfQqKXUdic, skipping
2026-02-17 04:46:55 [INFO] journal_utilities.downloader: Transcript for pNfQqKXUdic: skipped
2026-02-17 04:46:55 [INFO] journal_utilities.downloader: Audio already exists for pNfQqKXUdic, skipping
2026-02-17 04:46:55 [INFO] journal_utilities.downloader: Audio for pNfQqKXUdic: skipped
2026-02-17 04:46:57 [INFO] download_channel: [321/694] Processing wDYI7pOGamI — Active InferAnt Stream 001.2 ~ FieldSHIFTing for the SoftComp Intelligent Soft Matter Workshop
2026-02-17 04:46:57 [DEBUG] journal_utilities.downloader: yt-dlp transcript cmd: yt-dlp --no-warnings --cookies data/output/cookies.txt --write-sub --write-auto-sub --sub-lang en --sub-format vtt --skip-download -o data/output/transcripts/%(id)s.%(ext)s https://www.youtube.com/watch?v=wDYI7pOGamI
2026-02-17 04:47:01 [INFO] journal_utilities.downloader: yt-dlp subtitles unavailable for wDYI7pOGamI, trying youtube_transcript_api
2026-02-17 04:47:01 [DEBUG] journal_utilities.downloader: Loaded cookies for transcript API from data/output/cookies.txt
2026-02-17 04:47:01 [DEBUG] urllib3.connectionpool: Starting new HTTPS connection (1): www.youtube.com:443
2026-02-17 04:47:01 [DEBUG] urllib3.connectionpool: https://www.youtube.com:443 "GET /watch?v=wDYI7pOGamI HTTP/1.1" 200 None
2026-02-17 04:47:02 [DEBUG] urllib3.connectionpool: https://www.youtube.com:443 "POST /youtubei/v1/player?key=AIzaSyAO_FJ2SlqU8Q4STEHLGCilw_Y9_11qcW8 HTTP/1.1" 200 None
2026-02-17 04:47:02 [DEBUG] urllib3.connectionpool: https://www.youtube.com:443 "GET /api/timedtext?v=wDYI7pOGamI&ei=RmOUaem8DfOLsfIP3szGmAU&caps=asr&opi=112496729&xoaf=5&xowf=1&hl=en&ip=0.0.0.0&ipbits=0&expire=1771357622&sparams=ip,ipbits,expire,v,ei,caps,opi,xoaf&signature=8DE4FEE1330235F7AAADC52F7D4F0A4F0A5B1F87.6521596CF8C614E64AB608499E709C135198981A&key=yt8&kind=asr&lang=en HTTP/1.1" 200 None
2026-02-17 04:47:02 [INFO] journal_utilities.downloader: Downloaded transcript via API for wDYI7pOGamI
2026-02-17 04:47:02 [INFO] journal_utilities.downloader: Transcript for wDYI7pOGamI: success
2026-02-17 04:47:02 [INFO] journal_utilities.downloader: Audio already exists for wDYI7pOGamI, skipping
2026-02-17 04:47:02 [INFO] journal_utilities.downloader: Audio for wDYI7pOGamI: skipped
2026-02-17 04:47:03 [INFO] download_channel: [322/694] Processing mcMYdZxmVo0 — Institute updates (Nov 12, 2024): Symposium tomorrow & Institute/Ecosystem paper snapshot today!
2026-02-17 04:47:03 [INFO] journal_utilities.downloader: Transcript already exists for mcMYdZxmVo0, skipping
2026-02-17 04:47:03 [INFO] journal_utilities.downloader: Transcript for mcMYdZxmVo0: skipped
2026-02-17 04:47:03 [INFO] journal_utilities.downloader: Audio already exists for mcMYdZxmVo0, skipping
2026-02-17 04:47:03 [INFO] journal_utilities.downloader: Audio for mcMYdZxmVo0: skipped
2026-02-17 04:47:04 [INFO] download_channel: [323/694] Processing DAZNlhxOhSg — ActInf GuestStream 092.1 ~ Max Aifer: "Thermodynamic Linear Algebra"
2026-02-17 04:47:04 [INFO] journal_utilities.downloader: Transcript already exists for DAZNlhxOhSg, skipping
2026-02-17 04:47:04 [INFO] journal_utilities.downloader: Transcript for DAZNlhxOhSg: skipped
2026-02-17 04:47:04 [INFO] journal_utilities.downloader: Audio already exists for DAZNlhxOhSg, skipping
2026-02-17 04:47:04 [INFO] journal_utilities.downloader: Audio for DAZNlhxOhSg: skipped
2026-02-17 04:47:05 [INFO] download_channel: [324/694] Processing kGRczFpO8zQ — Active InferAnt Stream 007.1 ~ AgentMaker for PyMDP for Active Inference Biofirms for Bioregionalism
2026-02-17 04:47:05 [INFO] journal_utilities.downloader: Transcript already exists for kGRczFpO8zQ, skipping
2026-02-17 04:47:05 [INFO] journal_utilities.downloader: Transcript for kGRczFpO8zQ: skipped
2026-02-17 04:47:05 [INFO] journal_utilities.downloader: Audio already exists for kGRczFpO8zQ, skipping
2026-02-17 04:47:05 [INFO] journal_utilities.downloader: Audio for kGRczFpO8zQ: skipped
2026-02-17 04:47:06 [INFO] download_channel: [325/694] Processing OPapscuD05s — Active Inference LiveStream 058.1 ~ "From pixels to planning: scale-free active inference"
2026-02-17 04:47:06 [INFO] journal_utilities.downloader: Transcript already exists for OPapscuD05s, skipping
2026-02-17 04:47:06 [INFO] journal_utilities.downloader: Transcript for OPapscuD05s: skipped
2026-02-17 04:47:06 [INFO] journal_utilities.downloader: Audio already exists for OPapscuD05s, skipping
2026-02-17 04:47:06 [INFO] journal_utilities.downloader: Audio for OPapscuD05s: skipped
2026-02-17 04:47:07 [INFO] download_channel: [326/694] Processing QyOslBrs2qA — Active InferAnt Stream 006.1 ~ Towards (Open Source, Active Inference) Bioregional Biofirm Modeling
2026-02-17 04:47:07 [INFO] journal_utilities.downloader: Transcript already exists for QyOslBrs2qA, skipping
2026-02-17 04:47:07 [INFO] journal_utilities.downloader: Transcript for QyOslBrs2qA: skipped
2026-02-17 04:47:07 [INFO] journal_utilities.downloader: Audio already exists for QyOslBrs2qA, skipping
2026-02-17 04:47:07 [INFO] journal_utilities.downloader: Audio for QyOslBrs2qA: skipped
2026-02-17 04:47:08 [INFO] download_channel: [327/694] Processing b8meLjc8XHE — ActInf GuestStream 091.1 ~ Dall’Aglio: Consciousness Enjoying Uncertainty, Lacan Neuropsychoanalysis
2026-02-17 04:47:08 [INFO] journal_utilities.downloader: Transcript already exists for b8meLjc8XHE, skipping
2026-02-17 04:47:08 [INFO] journal_utilities.downloader: Transcript for b8meLjc8XHE: skipped
2026-02-17 04:47:08 [INFO] journal_utilities.downloader: Audio already exists for b8meLjc8XHE, skipping
2026-02-17 04:47:08 [INFO] journal_utilities.downloader: Audio for b8meLjc8XHE: skipped
2026-02-17 04:47:09 [INFO] download_channel: [328/694] Processing 8mGBPhgYGCo — ActInf GuestStream 090.1 ~ Benjamin Nelson, "Mechanics of the Mind"
2026-02-17 04:47:09 [INFO] journal_utilities.downloader: Transcript already exists for 8mGBPhgYGCo, skipping
2026-02-17 04:47:09 [INFO] journal_utilities.downloader: Transcript for 8mGBPhgYGCo: skipped
2026-02-17 04:47:09 [INFO] journal_utilities.downloader: Audio already exists for 8mGBPhgYGCo, skipping
2026-02-17 04:47:09 [INFO] journal_utilities.downloader: Audio for 8mGBPhgYGCo: skipped
2026-02-17 04:47:10 [INFO] download_channel: [329/694] Processing _zW1BrLwACY — Active Inference LiveStream 058.0 ~ "From pixels to planning: scale-free active inference"
2026-02-17 04:47:10 [INFO] journal_utilities.downloader: Transcript already exists for _zW1BrLwACY, skipping
2026-02-17 04:47:10 [INFO] journal_utilities.downloader: Transcript for _zW1BrLwACY: skipped
2026-02-17 04:47:10 [INFO] journal_utilities.downloader: Audio already exists for _zW1BrLwACY, skipping
2026-02-17 04:47:10 [INFO] journal_utilities.downloader: Audio for _zW1BrLwACY: skipped
2026-02-17 04:47:11 [INFO] download_channel: [330/694] Processing wAd-ARzquj8 — ActInf ModelStream 015.0: Andrew Pashea "Active Agents: Agent-Based Modeling in the Social Sciences"
2026-02-17 04:47:11 [DEBUG] journal_utilities.downloader: yt-dlp transcript cmd: yt-dlp --no-warnings --cookies data/output/cookies.txt --write-sub --write-auto-sub --sub-lang en --sub-format vtt --skip-download -o data/output/transcripts/%(id)s.%(ext)s https://www.youtube.com/watch?v=wAd-ARzquj8
2026-02-17 04:47:15 [INFO] journal_utilities.downloader: yt-dlp subtitles unavailable for wAd-ARzquj8, trying youtube_transcript_api
2026-02-17 04:47:15 [DEBUG] journal_utilities.downloader: Loaded cookies for transcript API from data/output/cookies.txt
2026-02-17 04:47:15 [DEBUG] urllib3.connectionpool: Starting new HTTPS connection (1): www.youtube.com:443
2026-02-17 04:47:15 [DEBUG] urllib3.connectionpool: https://www.youtube.com:443 "GET /watch?v=wAd-ARzquj8 HTTP/1.1" 200 None
2026-02-17 04:47:16 [DEBUG] urllib3.connectionpool: https://www.youtube.com:443 "POST /youtubei/v1/player?key=AIzaSyAO_FJ2SlqU8Q4STEHLGCilw_Y9_11qcW8 HTTP/1.1" 200 None
2026-02-17 04:47:16 [DEBUG] urllib3.connectionpool: https://www.youtube.com:443 "GET /api/timedtext?v=wAd-ARzquj8&ei=VGOUadreJImAsfIP5enB4AQ&caps=asr&opi=112496729&xoaf=5&xowf=1&hl=en&ip=0.0.0.0&ipbits=0&expire=1771357636&sparams=ip,ipbits,expire,v,ei,caps,opi,xoaf&signature=9DE70B22B23B9E0B9A1DC2AB10B4E3E8D6EB9717.EADD4F9966348A461E91077C677D967E7AA6E928&key=yt8&kind=asr&lang=en HTTP/1.1" 200 None
2026-02-17 04:47:16 [INFO] journal_utilities.downloader: Downloaded transcript via API for wAd-ARzquj8
2026-02-17 04:47:16 [INFO] journal_utilities.downloader: Transcript for wAd-ARzquj8: success
2026-02-17 04:47:16 [INFO] journal_utilities.downloader: Audio already exists for wAd-ARzquj8, skipping
2026-02-17 04:47:16 [INFO] journal_utilities.downloader: Audio for wAd-ARzquj8: skipped
2026-02-17 04:47:17 [INFO] download_channel: [331/694] Processing gWJ-rG8UuFg — Active InferAnt Stream 005.1 ~ FORMINDEX: FORMIS INtegrated Database EXploration
2026-02-17 04:47:17 [INFO] journal_utilities.downloader: Transcript already exists for gWJ-rG8UuFg, skipping
2026-02-17 04:47:17 [INFO] journal_utilities.downloader: Transcript for gWJ-rG8UuFg: skipped
2026-02-17 04:47:17 [INFO] journal_utilities.downloader: Audio already exists for gWJ-rG8UuFg, skipping
2026-02-17 04:47:17 [INFO] journal_utilities.downloader: Audio for gWJ-rG8UuFg: skipped
2026-02-17 04:47:18 [INFO] download_channel: [332/694] Processing -nF0EXr3Rpk — Active InferAnt Stream 004.1 ~ Does Synthetic Fabric dream of Active Inference (too)?
2026-02-17 04:47:18 [INFO] journal_utilities.downloader: Transcript already exists for -nF0EXr3Rpk, skipping
2026-02-17 04:47:18 [INFO] journal_utilities.downloader: Transcript for -nF0EXr3Rpk: skipped
2026-02-17 04:47:18 [INFO] journal_utilities.downloader: Audio already exists for -nF0EXr3Rpk, skipping
2026-02-17 04:47:18 [INFO] journal_utilities.downloader: Audio for -nF0EXr3Rpk: skipped
2026-02-17 04:47:19 [INFO] download_channel: [333/694] Processing tlDnkNGVK1Y — Active Inference Institute ~ 2024 Quarterly Roundtable #3
2026-02-17 04:47:19 [DEBUG] journal_utilities.downloader: yt-dlp transcript cmd: yt-dlp --no-warnings --cookies data/output/cookies.txt --write-sub --write-auto-sub --sub-lang en --sub-format vtt --skip-download -o data/output/transcripts/%(id)s.%(ext)s https://www.youtube.com/watch?v=tlDnkNGVK1Y
2026-02-17 04:47:23 [INFO] journal_utilities.downloader: yt-dlp subtitles unavailable for tlDnkNGVK1Y, trying youtube_transcript_api
2026-02-17 04:47:23 [DEBUG] journal_utilities.downloader: Loaded cookies for transcript API from data/output/cookies.txt
2026-02-17 04:47:23 [DEBUG] urllib3.connectionpool: Starting new HTTPS connection (1): www.youtube.com:443
2026-02-17 04:47:23 [DEBUG] urllib3.connectionpool: https://www.youtube.com:443 "GET /watch?v=tlDnkNGVK1Y HTTP/1.1" 200 None
2026-02-17 04:47:25 [DEBUG] urllib3.connectionpool: https://www.youtube.com:443 "POST /youtubei/v1/player?key=AIzaSyAO_FJ2SlqU8Q4STEHLGCilw_Y9_11qcW8 HTTP/1.1" 200 None
2026-02-17 04:47:25 [DEBUG] urllib3.connectionpool: https://www.youtube.com:443 "GET /api/timedtext?v=tlDnkNGVK1Y&ei=XGOUaZ6oO8mKsfIPpOrRyQU&caps=asr&opi=112496729&xoaf=5&xowf=1&hl=en&ip=0.0.0.0&ipbits=0&expire=1771357645&sparams=ip,ipbits,expire,v,ei,caps,opi,xoaf&signature=7119E7C8C08E2C0CC65674D1163F42ABCA959D83.A6DC3C0594DFABAE19B30A38FECF333AD8630867&key=yt8&kind=asr&lang=en HTTP/1.1" 200 None
2026-02-17 04:47:25 [INFO] journal_utilities.downloader: Downloaded transcript via API for tlDnkNGVK1Y
2026-02-17 04:47:25 [INFO] journal_utilities.downloader: Transcript for tlDnkNGVK1Y: success
2026-02-17 04:47:25 [INFO] journal_utilities.downloader: Audio already exists for tlDnkNGVK1Y, skipping
2026-02-17 04:47:25 [INFO] journal_utilities.downloader: Audio for tlDnkNGVK1Y: skipped
2026-02-17 04:47:26 [INFO] download_channel: [334/694] Processing esn5C4i9Jlc — ActInf GuestStream 089.1 ~ "Generic framework for a coherent integration of experience and exposure"
2026-02-17 04:47:26 [INFO] journal_utilities.downloader: Transcript already exists for esn5C4i9Jlc, skipping
2026-02-17 04:47:26 [INFO] journal_utilities.downloader: Transcript for esn5C4i9Jlc: skipped
2026-02-17 04:47:26 [INFO] journal_utilities.downloader: Audio already exists for esn5C4i9Jlc, skipping
2026-02-17 04:47:26 [INFO] journal_utilities.downloader: Audio for esn5C4i9Jlc: skipped
2026-02-17 04:47:27 [INFO] download_channel: [335/694] Processing m__QjVPk98Y — ActInf GuestStream 088.1 ~ Abdulrahman: What is the Limit of Our Brains in Predicting Future Events?
2026-02-17 04:47:27 [INFO] journal_utilities.downloader: Transcript already exists for m__QjVPk98Y, skipping
2026-02-17 04:47:27 [INFO] journal_utilities.downloader: Transcript for m__QjVPk98Y: skipped
2026-02-17 04:47:27 [INFO] journal_utilities.downloader: Audio already exists for m__QjVPk98Y, skipping
2026-02-17 04:47:27 [INFO] journal_utilities.downloader: Audio for m__QjVPk98Y: skipped
2026-02-17 04:47:28 [INFO] download_channel: [336/694] Processing Me3BitlU6Vs — ActInf ModelStream 014.1: Ran Wei, Value of Information and Reward Specification in Active Inference
2026-02-17 04:47:28 [INFO] journal_utilities.downloader: Transcript already exists for Me3BitlU6Vs, skipping
2026-02-17 04:47:28 [INFO] journal_utilities.downloader: Transcript for Me3BitlU6Vs: skipped
2026-02-17 04:47:28 [INFO] journal_utilities.downloader: Audio already exists for Me3BitlU6Vs, skipping
2026-02-17 04:47:28 [INFO] journal_utilities.downloader: Audio for Me3BitlU6Vs: skipped
2026-02-17 04:47:29 [INFO] download_channel: [337/694] Processing 52eHP5ReG34 — ActInf GuestStream 087.2 ~ John Boik "CogNarr Ecosystem: Preliminary Thoughts on a Story Graph..."
2026-02-17 04:47:29 [INFO] journal_utilities.downloader: Transcript already exists for 52eHP5ReG34, skipping
2026-02-17 04:47:29 [INFO] journal_utilities.downloader: Transcript for 52eHP5ReG34: skipped
2026-02-17 04:47:29 [INFO] journal_utilities.downloader: Audio already exists for 52eHP5ReG34, skipping
2026-02-17 04:47:29 [INFO] journal_utilities.downloader: Audio for 52eHP5ReG34: skipped
2026-02-17 04:47:30 [INFO] download_channel: [338/694] Processing ZfGRa_n4gB4 — ActInf ArtStream 003.1 ~ Diana Omigie: "A model of time-varying music engagement"
2026-02-17 04:47:30 [INFO] journal_utilities.downloader: Transcript already exists for ZfGRa_n4gB4, skipping
2026-02-17 04:47:30 [INFO] journal_utilities.downloader: Transcript for ZfGRa_n4gB4: skipped
2026-02-17 04:47:30 [INFO] journal_utilities.downloader: Audio already exists for ZfGRa_n4gB4, skipping
2026-02-17 04:47:30 [INFO] journal_utilities.downloader: Audio for ZfGRa_n4gB4: skipped
2026-02-17 04:47:31 [INFO] download_channel: [339/694] Processing 0Cx5MTNxs-0 — ActInf GuestStream 087.1 ~ John Boik "CogNarr Ecosystem: Facilitating Group Cognition at Scale"
2026-02-17 04:47:31 [INFO] journal_utilities.downloader: Transcript already exists for 0Cx5MTNxs-0, skipping
2026-02-17 04:47:31 [INFO] journal_utilities.downloader: Transcript for 0Cx5MTNxs-0: skipped
2026-02-17 04:47:31 [INFO] journal_utilities.downloader: Audio already exists for 0Cx5MTNxs-0, skipping
2026-02-17 04:47:31 [INFO] journal_utilities.downloader: Audio for 0Cx5MTNxs-0: skipped
2026-02-17 04:47:32 [INFO] download_channel: [340/694] Processing _OYKnrktAOU — Active InferAnt Stream 003.1 ~ Systems Within Systems: Blake, FOIA, Cognitive Sovereignty, and PyMDP
2026-02-17 04:47:32 [INFO] journal_utilities.downloader: Transcript already exists for _OYKnrktAOU, skipping
2026-02-17 04:47:32 [INFO] journal_utilities.downloader: Transcript for _OYKnrktAOU: skipped
2026-02-17 04:47:32 [INFO] journal_utilities.downloader: Audio already exists for _OYKnrktAOU, skipping
2026-02-17 04:47:32 [INFO] journal_utilities.downloader: Audio for _OYKnrktAOU: skipped
2026-02-17 04:47:33 [INFO] download_channel: [341/694] Processing MUaKYWKs0kk — ActInf ModelStream 013.1 ~ "Synthesizing the Born rule with reinforcement learning" Jacques Pienaar
2026-02-17 04:47:33 [INFO] journal_utilities.downloader: Transcript already exists for MUaKYWKs0kk, skipping
2026-02-17 04:47:33 [INFO] journal_utilities.downloader: Transcript for MUaKYWKs0kk: skipped
2026-02-17 04:47:33 [INFO] journal_utilities.downloader: Audio already exists for MUaKYWKs0kk, skipping
2026-02-17 04:47:33 [INFO] journal_utilities.downloader: Audio for MUaKYWKs0kk: skipped
2026-02-17 04:47:34 [INFO] download_channel: [342/694] Processing pYJUgEqS42U — ActInf GuestStream 086.1 ~ Biological Neurons Compete with Deep Reinforcement Learning
2026-02-17 04:47:34 [INFO] journal_utilities.downloader: Transcript already exists for pYJUgEqS42U, skipping
2026-02-17 04:47:34 [INFO] journal_utilities.downloader: Transcript for pYJUgEqS42U: skipped
2026-02-17 04:47:34 [INFO] journal_utilities.downloader: Audio already exists for pYJUgEqS42U, skipping
2026-02-17 04:47:34 [INFO] journal_utilities.downloader: Audio for pYJUgEqS42U: skipped
2026-02-17 04:47:35 [INFO] download_channel: [343/694] Processing IPiazKlNZ4g — ActInf MathStream 011.1 ~ "Structured Active Inference", Toby St Clere Smithe
2026-02-17 04:47:35 [INFO] journal_utilities.downloader: Transcript already exists for IPiazKlNZ4g, skipping
2026-02-17 04:47:35 [INFO] journal_utilities.downloader: Transcript for IPiazKlNZ4g: skipped
2026-02-17 04:47:35 [INFO] journal_utilities.downloader: Audio already exists for IPiazKlNZ4g, skipping
2026-02-17 04:47:35 [INFO] journal_utilities.downloader: Audio for IPiazKlNZ4g: skipped
2026-02-17 04:47:36 [INFO] download_channel: [344/694] Processing UB-TIIlmwlU — ActInf GuestStream 085.1 ~ David Bloomin: "[Deep] Learning Active Inference"
2026-02-17 04:47:36 [INFO] journal_utilities.downloader: Transcript already exists for UB-TIIlmwlU, skipping
2026-02-17 04:47:36 [INFO] journal_utilities.downloader: Transcript for UB-TIIlmwlU: skipped
2026-02-17 04:47:36 [INFO] journal_utilities.downloader: Audio already exists for UB-TIIlmwlU, skipping
2026-02-17 04:47:36 [INFO] journal_utilities.downloader: Audio for UB-TIIlmwlU: skipped
2026-02-17 04:47:37 [INFO] download_channel: [345/694] Processing 6E4CpJvzddg — Active InferAnt Stream 001.1 ~ FieldSHIFT-2: Fully Synthetic Dissertations for All-by-All Domains
2026-02-17 04:47:37 [INFO] journal_utilities.downloader: Transcript already exists for 6E4CpJvzddg, skipping
2026-02-17 04:47:37 [INFO] journal_utilities.downloader: Transcript for 6E4CpJvzddg: skipped
2026-02-17 04:47:37 [INFO] journal_utilities.downloader: Audio already exists for 6E4CpJvzddg, skipping
2026-02-17 04:47:37 [INFO] journal_utilities.downloader: Audio for 6E4CpJvzddg: skipped
2026-02-17 04:47:38 [INFO] download_channel: [346/694] Processing zqOcywx40n8 — ActInf GuestStream 082.4 ~ Robert Worden "Assessment of the Brain Wave Hypothesis"
2026-02-17 04:47:38 [DEBUG] journal_utilities.downloader: yt-dlp transcript cmd: yt-dlp --no-warnings --cookies data/output/cookies.txt --write-sub --write-auto-sub --sub-lang en --sub-format vtt --skip-download -o data/output/transcripts/%(id)s.%(ext)s https://www.youtube.com/watch?v=zqOcywx40n8
2026-02-17 04:47:42 [INFO] journal_utilities.downloader: yt-dlp subtitles unavailable for zqOcywx40n8, trying youtube_transcript_api
2026-02-17 04:47:42 [DEBUG] journal_utilities.downloader: Loaded cookies for transcript API from data/output/cookies.txt
2026-02-17 04:47:42 [DEBUG] urllib3.connectionpool: Starting new HTTPS connection (1): www.youtube.com:443
2026-02-17 04:47:42 [DEBUG] urllib3.connectionpool: https://www.youtube.com:443 "GET /watch?v=zqOcywx40n8 HTTP/1.1" 200 None
2026-02-17 04:47:44 [DEBUG] urllib3.connectionpool: https://www.youtube.com:443 "POST /youtubei/v1/player?key=AIzaSyAO_FJ2SlqU8Q4STEHLGCilw_Y9_11qcW8 HTTP/1.1" 200 None
2026-02-17 04:47:44 [DEBUG] urllib3.connectionpool: https://www.youtube.com:443 "GET /api/timedtext?v=zqOcywx40n8&ei=cGOUaYDUApiTsfIP1NTpqQ4&caps=asr&opi=112496729&xoaf=5&xowf=1&hl=en&ip=0.0.0.0&ipbits=0&expire=1771357664&sparams=ip,ipbits,expire,v,ei,caps,opi,xoaf&signature=6889E05DE7C9F29BB69751501133955D3F5859F2.4B0D730D78820F4A6305F04282AEE7D74C9287A0&key=yt8&kind=asr&lang=en HTTP/1.1" 200 None
2026-02-17 04:47:44 [INFO] journal_utilities.downloader: Downloaded transcript via API for zqOcywx40n8
2026-02-17 04:47:44 [INFO] journal_utilities.downloader: Transcript for zqOcywx40n8: success
2026-02-17 04:47:44 [INFO] journal_utilities.downloader: Audio already exists for zqOcywx40n8, skipping
2026-02-17 04:47:44 [INFO] journal_utilities.downloader: Audio for zqOcywx40n8: skipped
2026-02-17 04:47:45 [INFO] download_channel: [347/694] Processing IvY4acL8YeA — ActInf GuestStream 082.3 ~ "The Projective Wave Theory of Consciousness" Worden, Rudrauf, Williford
2026-02-17 04:47:45 [INFO] journal_utilities.downloader: Transcript already exists for IvY4acL8YeA, skipping
2026-02-17 04:47:45 [INFO] journal_utilities.downloader: Transcript for IvY4acL8YeA: skipped
2026-02-17 04:47:45 [INFO] journal_utilities.downloader: Audio already exists for IvY4acL8YeA, skipping
2026-02-17 04:47:45 [INFO] journal_utilities.downloader: Audio for IvY4acL8YeA: skipped
2026-02-17 04:47:46 [INFO] download_channel: [348/694] Processing Wn65WcYGQSA — ActInf GuestStream 084.1 ~ Anthropocentric bias and the possibility of artificial cognition
2026-02-17 04:47:46 [INFO] journal_utilities.downloader: Transcript already exists for Wn65WcYGQSA, skipping
2026-02-17 04:47:46 [INFO] journal_utilities.downloader: Transcript for Wn65WcYGQSA: skipped
2026-02-17 04:47:46 [INFO] journal_utilities.downloader: Audio already exists for Wn65WcYGQSA, skipping
2026-02-17 04:47:46 [INFO] journal_utilities.downloader: Audio for Wn65WcYGQSA: skipped
2026-02-17 04:47:47 [INFO] download_channel: [349/694] Processing yknM6SFlPPc — ActInf GuestStream 083.1 ~ "Embodied intelligence", Joshua Bongard
2026-02-17 04:47:47 [DEBUG] journal_utilities.downloader: yt-dlp transcript cmd: yt-dlp --no-warnings --cookies data/output/cookies.txt --write-sub --write-auto-sub --sub-lang en --sub-format vtt --skip-download -o data/output/transcripts/%(id)s.%(ext)s https://www.youtube.com/watch?v=yknM6SFlPPc
2026-02-17 04:47:51 [INFO] journal_utilities.downloader: yt-dlp subtitles unavailable for yknM6SFlPPc, trying youtube_transcript_api
2026-02-17 04:47:51 [DEBUG] journal_utilities.downloader: Loaded cookies for transcript API from data/output/cookies.txt
2026-02-17 04:47:51 [DEBUG] urllib3.connectionpool: Starting new HTTPS connection (1): www.youtube.com:443
2026-02-17 04:47:51 [DEBUG] urllib3.connectionpool: https://www.youtube.com:443 "GET /watch?v=yknM6SFlPPc HTTP/1.1" 200 None
2026-02-17 04:47:52 [DEBUG] urllib3.connectionpool: https://www.youtube.com:443 "POST /youtubei/v1/player?key=AIzaSyAO_FJ2SlqU8Q4STEHLGCilw_Y9_11qcW8 HTTP/1.1" 200 None
2026-02-17 04:47:52 [DEBUG] urllib3.connectionpool: https://www.youtube.com:443 "GET /api/timedtext?v=yknM6SFlPPc&ei=eGOUaZTxB57WsfIPy6WT6A4&caps=asr&opi=112496729&xoaf=5&xowf=1&hl=en&ip=0.0.0.0&ipbits=0&expire=1771357672&sparams=ip,ipbits,expire,v,ei,caps,opi,xoaf&signature=6F99F358EFB557CC666EDA8DA39D68215B343C92.403ED69E22F593D5C2F64BC5B8300DEBA575A4A0&key=yt8&kind=asr&lang=en HTTP/1.1" 200 None
2026-02-17 04:47:52 [INFO] journal_utilities.downloader: Downloaded transcript via API for yknM6SFlPPc
2026-02-17 04:47:52 [INFO] journal_utilities.downloader: Transcript for yknM6SFlPPc: success
2026-02-17 04:47:52 [INFO] journal_utilities.downloader: Audio already exists for yknM6SFlPPc, skipping
2026-02-17 04:47:52 [INFO] journal_utilities.downloader: Audio for yknM6SFlPPc: skipped
2026-02-17 04:47:53 [INFO] download_channel: [350/694] Processing 1Xu8jYKWsGM — Active Inference Insights 024 ~ Darius Parvizi-Wayne (Season Finale // Reflection)
2026-02-17 04:47:53 [INFO] journal_utilities.downloader: Transcript already exists for 1Xu8jYKWsGM, skipping
2026-02-17 04:47:53 [INFO] journal_utilities.downloader: Transcript for 1Xu8jYKWsGM: skipped
2026-02-17 04:47:53 [INFO] journal_utilities.downloader: Audio already exists for 1Xu8jYKWsGM, skipping
2026-02-17 04:47:53 [INFO] journal_utilities.downloader: Audio for 1Xu8jYKWsGM: skipped
2026-02-17 04:47:54 [INFO] download_channel: [351/694] Processing UD-VfVJ41WA — ActInf ArtStream 002.1 ~Aenne Brielmann: "Modelling individual aesthetic judgements over time"
2026-02-17 04:47:54 [INFO] journal_utilities.downloader: Transcript already exists for UD-VfVJ41WA, skipping
2026-02-17 04:47:54 [INFO] journal_utilities.downloader: Transcript for UD-VfVJ41WA: skipped
2026-02-17 04:47:54 [INFO] journal_utilities.downloader: Audio already exists for UD-VfVJ41WA, skipping
2026-02-17 04:47:54 [INFO] journal_utilities.downloader: Audio for UD-VfVJ41WA: skipped
2026-02-17 04:47:55 [INFO] download_channel: [352/694] Processing VLP_jV_KRhc — Active Inference Institute ~ 2024 Quarterly Roundtable #2
2026-02-17 04:47:55 [INFO] journal_utilities.downloader: Transcript already exists for VLP_jV_KRhc, skipping
2026-02-17 04:47:55 [INFO] journal_utilities.downloader: Transcript for VLP_jV_KRhc: skipped
2026-02-17 04:47:55 [INFO] journal_utilities.downloader: Audio already exists for VLP_jV_KRhc, skipping
2026-02-17 04:47:55 [INFO] journal_utilities.downloader: Audio for VLP_jV_KRhc: skipped
2026-02-17 04:47:56 [INFO] download_channel: [353/694] Processing u0y-NFl8emU — ActInf ModelStream 012.1 ~ Fisher, Whyte, and Hohwy: An Active Inference Model of the Optimism Bias
2026-02-17 04:47:56 [DEBUG] journal_utilities.downloader: yt-dlp transcript cmd: yt-dlp --no-warnings --cookies data/output/cookies.txt --write-sub --write-auto-sub --sub-lang en --sub-format vtt --skip-download -o data/output/transcripts/%(id)s.%(ext)s https://www.youtube.com/watch?v=u0y-NFl8emU
2026-02-17 04:48:00 [INFO] journal_utilities.downloader: yt-dlp subtitles unavailable for u0y-NFl8emU, trying youtube_transcript_api
2026-02-17 04:48:00 [DEBUG] journal_utilities.downloader: Loaded cookies for transcript API from data/output/cookies.txt
2026-02-17 04:48:00 [DEBUG] urllib3.connectionpool: Starting new HTTPS connection (1): www.youtube.com:443
2026-02-17 04:48:00 [DEBUG] urllib3.connectionpool: https://www.youtube.com:443 "GET /watch?v=u0y-NFl8emU HTTP/1.1" 200 None
2026-02-17 04:48:01 [DEBUG] urllib3.connectionpool: https://www.youtube.com:443 "POST /youtubei/v1/player?key=AIzaSyAO_FJ2SlqU8Q4STEHLGCilw_Y9_11qcW8 HTTP/1.1" 200 None
2026-02-17 04:48:01 [DEBUG] urllib3.connectionpool: https://www.youtube.com:443 "GET /api/timedtext?v=u0y-NFl8emU&ei=gWOUabvlDZOWsfIPuYT6sAQ&caps=asr&opi=112496729&xoaf=5&xowf=1&hl=en&ip=0.0.0.0&ipbits=0&expire=1771357681&sparams=ip,ipbits,expire,v,ei,caps,opi,xoaf&signature=9F568D47254835BB4EE3C999CF17397CAECD81DC.9CFDBE12588372027B0C037FAC4FD2365E7168A8&key=yt8&kind=asr&lang=en HTTP/1.1" 200 None
2026-02-17 04:48:01 [INFO] journal_utilities.downloader: Downloaded transcript via API for u0y-NFl8emU
2026-02-17 04:48:01 [INFO] journal_utilities.downloader: Transcript for u0y-NFl8emU: success
2026-02-17 04:48:01 [INFO] journal_utilities.downloader: Audio already exists for u0y-NFl8emU, skipping
2026-02-17 04:48:01 [INFO] journal_utilities.downloader: Audio for u0y-NFl8emU: skipped
2026-02-17 04:48:02 [INFO] download_channel: [354/694] Processing Y9hP79tBXHo — ActInf ModelStream 011.1 ~ Hadi Vafaii: "Poisson Variational Autoencoder"
2026-02-17 04:48:02 [INFO] journal_utilities.downloader: Transcript already exists for Y9hP79tBXHo, skipping
2026-02-17 04:48:02 [INFO] journal_utilities.downloader: Transcript for Y9hP79tBXHo: skipped
2026-02-17 04:48:02 [INFO] journal_utilities.downloader: Audio already exists for Y9hP79tBXHo, skipping
2026-02-17 04:48:02 [INFO] journal_utilities.downloader: Audio for Y9hP79tBXHo: skipped
2026-02-17 04:48:03 [INFO] download_channel: [355/694] Processing qztkjHf2g3g — Active Inference LiveStream 057.2 ~ Active Data Selection and Information Seeking
2026-02-17 04:48:03 [INFO] journal_utilities.downloader: Transcript already exists for qztkjHf2g3g, skipping
2026-02-17 04:48:03 [INFO] journal_utilities.downloader: Transcript for qztkjHf2g3g: skipped
2026-02-17 04:48:03 [INFO] journal_utilities.downloader: Audio already exists for qztkjHf2g3g, skipping
2026-02-17 04:48:03 [INFO] journal_utilities.downloader: Audio for qztkjHf2g3g: skipped
2026-02-17 04:48:04 [INFO] download_channel: [356/694] Processing gMPa_xoOctU — ActInf GuestStream 082.2 ~ Robert Worden "Three-dimensional Spatial Cognition: Bees and Bats"
2026-02-17 04:48:04 [INFO] journal_utilities.downloader: Transcript already exists for gMPa_xoOctU, skipping
2026-02-17 04:48:04 [INFO] journal_utilities.downloader: Transcript for gMPa_xoOctU: skipped
2026-02-17 04:48:04 [INFO] journal_utilities.downloader: Audio already exists for gMPa_xoOctU, skipping
2026-02-17 04:48:04 [INFO] journal_utilities.downloader: Audio for gMPa_xoOctU: skipped
2026-02-17 04:48:05 [INFO] download_channel: [357/694] Processing Fc7bUNNdTfY — ActInf GuestStream 084.1 ~ "The Nature of Habits and Agential Systems", Jesse G
2026-02-17 04:48:05 [INFO] journal_utilities.downloader: Transcript already exists for Fc7bUNNdTfY, skipping
2026-02-17 04:48:05 [INFO] journal_utilities.downloader: Transcript for Fc7bUNNdTfY: skipped
2026-02-17 04:48:05 [INFO] journal_utilities.downloader: Audio already exists for Fc7bUNNdTfY, skipping
2026-02-17 04:48:05 [INFO] journal_utilities.downloader: Audio for Fc7bUNNdTfY: skipped
2026-02-17 04:48:06 [INFO] download_channel: [358/694] Processing N0ozoxTgWD0 — Active Inference LiveStream 057.1 ~ Active Data Selection and Information Seeking
2026-02-17 04:48:06 [INFO] journal_utilities.downloader: Transcript already exists for N0ozoxTgWD0, skipping
2026-02-17 04:48:06 [INFO] journal_utilities.downloader: Transcript for N0ozoxTgWD0: skipped
2026-02-17 04:48:06 [INFO] journal_utilities.downloader: Audio already exists for N0ozoxTgWD0, skipping
2026-02-17 04:48:06 [INFO] journal_utilities.downloader: Audio for N0ozoxTgWD0: skipped
2026-02-17 04:48:07 [INFO] download_channel: [359/694] Processing GoXtkxLGkjQ — Active Inference LiveStream 057.0 ~ Active Data Selection and Information Seeking
2026-02-17 04:48:07 [INFO] journal_utilities.downloader: Transcript already exists for GoXtkxLGkjQ, skipping
2026-02-17 04:48:07 [INFO] journal_utilities.downloader: Transcript for GoXtkxLGkjQ: skipped
2026-02-17 04:48:07 [INFO] journal_utilities.downloader: Audio already exists for GoXtkxLGkjQ, skipping
2026-02-17 04:48:07 [INFO] journal_utilities.downloader: Audio for GoXtkxLGkjQ: skipped
2026-02-17 04:48:08 [INFO] download_channel: [360/694] Processing 15n6WN9jGrY — ActInf GuestStream 083.1 ~ Simon Wardley
2026-02-17 04:48:08 [INFO] journal_utilities.downloader: Transcript already exists for 15n6WN9jGrY, skipping
2026-02-17 04:48:08 [INFO] journal_utilities.downloader: Transcript for 15n6WN9jGrY: skipped
2026-02-17 04:48:08 [INFO] journal_utilities.downloader: Audio already exists for 15n6WN9jGrY, skipping
2026-02-17 04:48:08 [INFO] journal_utilities.downloader: Audio for 15n6WN9jGrY: skipped
2026-02-17 04:48:09 [INFO] download_channel: [361/694] Processing 6gw6KEX10vo — ActInf GuestStream 082.1 ~ Robert Worden "Bayesian Model-Based Cognition: The Requirement Equation"
2026-02-17 04:48:09 [INFO] journal_utilities.downloader: Transcript already exists for 6gw6KEX10vo, skipping
2026-02-17 04:48:09 [INFO] journal_utilities.downloader: Transcript for 6gw6KEX10vo: skipped
2026-02-17 04:48:09 [INFO] journal_utilities.downloader: Audio already exists for 6gw6KEX10vo, skipping
2026-02-17 04:48:09 [INFO] journal_utilities.downloader: Audio for 6gw6KEX10vo: skipped
2026-02-17 04:48:10 [INFO] download_channel: [362/694] Processing q_fAglCMvPw — ActInf ArtStream 001.1 ~ "Order and change in art", Sander Van de Cruys, Jacopo Frascaroli
2026-02-17 04:48:10 [INFO] journal_utilities.downloader: Transcript already exists for q_fAglCMvPw, skipping
2026-02-17 04:48:10 [INFO] journal_utilities.downloader: Transcript for q_fAglCMvPw: skipped
2026-02-17 04:48:10 [INFO] journal_utilities.downloader: Audio already exists for q_fAglCMvPw, skipping
2026-02-17 04:48:10 [INFO] journal_utilities.downloader: Audio for q_fAglCMvPw: skipped
2026-02-17 04:48:11 [INFO] download_channel: [363/694] Processing Q-_YCWfO0b0 — ActInf GuestStream 081.1 Hannah Biddell, Ruben Laukkonen: Arousal coherence, uncertainty, well-being
2026-02-17 04:48:11 [INFO] journal_utilities.downloader: Transcript already exists for Q-_YCWfO0b0, skipping
2026-02-17 04:48:11 [INFO] journal_utilities.downloader: Transcript for Q-_YCWfO0b0: skipped
2026-02-17 04:48:11 [INFO] journal_utilities.downloader: Audio already exists for Q-_YCWfO0b0, skipping
2026-02-17 04:48:11 [INFO] journal_utilities.downloader: Audio for Q-_YCWfO0b0: skipped
2026-02-17 04:48:12 [INFO] download_channel: [364/694] Processing viJt9sFqWdg — ActInf GuestStream 080.1 ~ Laura Desirée Di Paolo: "Active Inference Goes to School"
2026-02-17 04:48:12 [DEBUG] journal_utilities.downloader: yt-dlp transcript cmd: yt-dlp --no-warnings --cookies data/output/cookies.txt --write-sub --write-auto-sub --sub-lang en --sub-format vtt --skip-download -o data/output/transcripts/%(id)s.%(ext)s https://www.youtube.com/watch?v=viJt9sFqWdg
2026-02-17 04:48:17 [INFO] journal_utilities.downloader: yt-dlp subtitles unavailable for viJt9sFqWdg, trying youtube_transcript_api
2026-02-17 04:48:17 [DEBUG] journal_utilities.downloader: Loaded cookies for transcript API from data/output/cookies.txt
2026-02-17 04:48:17 [DEBUG] urllib3.connectionpool: Starting new HTTPS connection (1): www.youtube.com:443
2026-02-17 04:48:17 [DEBUG] urllib3.connectionpool: https://www.youtube.com:443 "GET /watch?v=viJt9sFqWdg HTTP/1.1" 200 None
2026-02-17 04:48:18 [DEBUG] urllib3.connectionpool: https://www.youtube.com:443 "POST /youtubei/v1/player?key=AIzaSyAO_FJ2SlqU8Q4STEHLGCilw_Y9_11qcW8 HTTP/1.1" 200 None
2026-02-17 04:48:18 [DEBUG] urllib3.connectionpool: https://www.youtube.com:443 "GET /api/timedtext?v=viJt9sFqWdg&ei=kmOUafaiLZOWsfIPuYT6sAQ&caps=asr&opi=112496729&xoaf=5&xowf=1&hl=en&ip=0.0.0.0&ipbits=0&expire=1771357698&sparams=ip,ipbits,expire,v,ei,caps,opi,xoaf&signature=B35FDAD60C49ED44CE6771106EE3CE5BB1B14F4F.D7E93459CF233CFA610134BCCD4D785EB0D7C014&key=yt8&kind=asr&lang=en HTTP/1.1" 200 None
2026-02-17 04:48:18 [INFO] journal_utilities.downloader: Downloaded transcript via API for viJt9sFqWdg
2026-02-17 04:48:18 [INFO] journal_utilities.downloader: Transcript for viJt9sFqWdg: success
2026-02-17 04:48:18 [INFO] journal_utilities.downloader: Audio already exists for viJt9sFqWdg, skipping
2026-02-17 04:48:18 [INFO] journal_utilities.downloader: Audio for viJt9sFqWdg: skipped
2026-02-17 04:48:19 [INFO] download_channel: [365/694] Processing KwFpamHzmUc — ActInf OrgStream 008.1 ~ Nathan Schneider: "Governable Spaces: Democratic Design for Online Life"
2026-02-17 04:48:19 [INFO] journal_utilities.downloader: Transcript already exists for KwFpamHzmUc, skipping
2026-02-17 04:48:19 [INFO] journal_utilities.downloader: Transcript for KwFpamHzmUc: skipped
2026-02-17 04:48:19 [INFO] journal_utilities.downloader: Audio already exists for KwFpamHzmUc, skipping
2026-02-17 04:48:19 [INFO] journal_utilities.downloader: Audio for KwFpamHzmUc: skipped
2026-02-17 04:48:20 [INFO] download_channel: [366/694] Processing TZNXs5jP9hE — ActInf ModelStream 010.1 ~ Building a Drone with RxInfer.jl ~ Bart van Erp, Albert Podusenko
2026-02-17 04:48:20 [INFO] journal_utilities.downloader: Transcript already exists for TZNXs5jP9hE, skipping
2026-02-17 04:48:20 [INFO] journal_utilities.downloader: Transcript for TZNXs5jP9hE: skipped
2026-02-17 04:48:20 [INFO] journal_utilities.downloader: Audio already exists for TZNXs5jP9hE, skipping
2026-02-17 04:48:20 [INFO] journal_utilities.downloader: Audio for TZNXs5jP9hE: skipped
2026-02-17 04:48:21 [INFO] download_channel: [367/694] Processing 7AtInJ-q7Hk — ActInf GuestStream 079.1 ~ Ryota Kanai: "Meta-Representations as Representations of Processes"
2026-02-17 04:48:21 [INFO] journal_utilities.downloader: Transcript already exists for 7AtInJ-q7Hk, skipping
2026-02-17 04:48:21 [INFO] journal_utilities.downloader: Transcript for 7AtInJ-q7Hk: skipped
2026-02-17 04:48:21 [INFO] journal_utilities.downloader: Audio already exists for 7AtInJ-q7Hk, skipping
2026-02-17 04:48:21 [INFO] journal_utilities.downloader: Audio for 7AtInJ-q7Hk: skipped
2026-02-17 04:48:22 [INFO] download_channel: [368/694] Processing BcepTxAv_xI — ActInf GuestStream 078.1 ~ Juan Diego Bogotá: "What could come before time?"
2026-02-17 04:48:22 [INFO] journal_utilities.downloader: Transcript already exists for BcepTxAv_xI, skipping
2026-02-17 04:48:22 [INFO] journal_utilities.downloader: Transcript for BcepTxAv_xI: skipped
2026-02-17 04:48:22 [INFO] journal_utilities.downloader: Audio already exists for BcepTxAv_xI, skipping
2026-02-17 04:48:22 [INFO] journal_utilities.downloader: Audio for BcepTxAv_xI: skipped
2026-02-17 04:48:23 [INFO] download_channel: [369/694] Processing xgMW47d8H2k — ActInf GuestStream 077.1 ~ Gareth Lee Stubbs: "The Police Hunch" Bayesian Brain, Active Inference
2026-02-17 04:48:23 [DEBUG] journal_utilities.downloader: yt-dlp transcript cmd: yt-dlp --no-warnings --cookies data/output/cookies.txt --write-sub --write-auto-sub --sub-lang en --sub-format vtt --skip-download -o data/output/transcripts/%(id)s.%(ext)s https://www.youtube.com/watch?v=xgMW47d8H2k
2026-02-17 04:48:27 [INFO] journal_utilities.downloader: yt-dlp subtitles unavailable for xgMW47d8H2k, trying youtube_transcript_api
2026-02-17 04:48:27 [DEBUG] journal_utilities.downloader: Loaded cookies for transcript API from data/output/cookies.txt
2026-02-17 04:48:27 [DEBUG] urllib3.connectionpool: Starting new HTTPS connection (1): www.youtube.com:443
2026-02-17 04:48:28 [DEBUG] urllib3.connectionpool: https://www.youtube.com:443 "GET /watch?v=xgMW47d8H2k HTTP/1.1" 200 None
2026-02-17 04:48:28 [DEBUG] urllib3.connectionpool: https://www.youtube.com:443 "POST /youtubei/v1/player?key=AIzaSyAO_FJ2SlqU8Q4STEHLGCilw_Y9_11qcW8 HTTP/1.1" 200 None
2026-02-17 04:48:29 [DEBUG] urllib3.connectionpool: https://www.youtube.com:443 "GET /api/timedtext?v=xgMW47d8H2k&ei=nGOUaeyyNbOZsfIProLyeA&caps=asr&opi=112496729&xoaf=4&xowf=1&hl=en&ip=0.0.0.0&ipbits=0&expire=1771357708&sparams=ip,ipbits,expire,v,ei,caps,opi,xoaf&signature=CABAE1B9819E7998B5CD32A2A120543BCA5A8BA3.B3D931E39D30E9918621F89D89B5F9AE8BF9D45C&key=yt8&kind=asr&lang=en HTTP/1.1" 200 None
2026-02-17 04:48:29 [INFO] journal_utilities.downloader: Downloaded transcript via API for xgMW47d8H2k
2026-02-17 04:48:29 [INFO] journal_utilities.downloader: Transcript for xgMW47d8H2k: success
2026-02-17 04:48:29 [INFO] journal_utilities.downloader: Audio already exists for xgMW47d8H2k, skipping
2026-02-17 04:48:29 [INFO] journal_utilities.downloader: Audio for xgMW47d8H2k: skipped
2026-02-17 04:48:30 [INFO] download_channel: [370/694] Processing Ln_g3qynnbA — Active Inference Institute ~ 2024 Quarterly Roundtable #1
2026-02-17 04:48:30 [INFO] journal_utilities.downloader: Transcript already exists for Ln_g3qynnbA, skipping
2026-02-17 04:48:30 [INFO] journal_utilities.downloader: Transcript for Ln_g3qynnbA: skipped
2026-02-17 04:48:30 [INFO] journal_utilities.downloader: Audio already exists for Ln_g3qynnbA, skipping
2026-02-17 04:48:30 [INFO] journal_utilities.downloader: Audio for Ln_g3qynnbA: skipped
2026-02-17 04:48:31 [INFO] download_channel: [371/694] Processing 3iY8ICcmd2E — ActInf MathStream 010.1 ~ Thomas Varley "Generalized decomposition of multivariate information"
2026-02-17 04:48:31 [INFO] journal_utilities.downloader: Transcript already exists for 3iY8ICcmd2E, skipping
2026-02-17 04:48:31 [INFO] journal_utilities.downloader: Transcript for 3iY8ICcmd2E: skipped
2026-02-17 04:48:31 [INFO] journal_utilities.downloader: Audio already exists for 3iY8ICcmd2E, skipping
2026-02-17 04:48:31 [INFO] journal_utilities.downloader: Audio for 3iY8ICcmd2E: skipped
2026-02-17 04:48:32 [INFO] download_channel: [372/694] Processing cPv4TVBFANc — ActInf OrgStream 007.1 ~ Jamie Joyce, John Ash: Harnessing Collective Intelligence to Map AI Debates
2026-02-17 04:48:32 [INFO] journal_utilities.downloader: Transcript already exists for cPv4TVBFANc, skipping
2026-02-17 04:48:32 [INFO] journal_utilities.downloader: Transcript for cPv4TVBFANc: skipped
2026-02-17 04:48:32 [INFO] journal_utilities.downloader: Audio already exists for cPv4TVBFANc, skipping
2026-02-17 04:48:32 [INFO] journal_utilities.downloader: Audio for cPv4TVBFANc: skipped
2026-02-17 04:48:33 [INFO] download_channel: [373/694] Processing vixLMftkUK0 — ActInf GuestStream 075.1 ~ Matsumura et al.: "Active Inference With Empathy Mechanism"
2026-02-17 04:48:33 [DEBUG] journal_utilities.downloader: yt-dlp transcript cmd: yt-dlp --no-warnings --cookies data/output/cookies.txt --write-sub --write-auto-sub --sub-lang en --sub-format vtt --skip-download -o data/output/transcripts/%(id)s.%(ext)s https://www.youtube.com/watch?v=vixLMftkUK0
2026-02-17 04:48:36 [INFO] journal_utilities.downloader: yt-dlp subtitles unavailable for vixLMftkUK0, trying youtube_transcript_api
2026-02-17 04:48:36 [DEBUG] journal_utilities.downloader: Loaded cookies for transcript API from data/output/cookies.txt
2026-02-17 04:48:36 [DEBUG] urllib3.connectionpool: Starting new HTTPS connection (1): www.youtube.com:443
2026-02-17 04:48:37 [DEBUG] urllib3.connectionpool: https://www.youtube.com:443 "GET /watch?v=vixLMftkUK0 HTTP/1.1" 200 None
2026-02-17 04:48:38 [DEBUG] urllib3.connectionpool: https://www.youtube.com:443 "POST /youtubei/v1/player?key=AIzaSyAO_FJ2SlqU8Q4STEHLGCilw_Y9_11qcW8 HTTP/1.1" 200 None
2026-02-17 04:48:38 [DEBUG] urllib3.connectionpool: https://www.youtube.com:443 "GET /api/timedtext?v=vixLMftkUK0&ei=pmOUaaCDAZDGsfIPoJ_-6As&caps=asr&opi=112496729&xoaf=5&xowf=1&hl=en&ip=0.0.0.0&ipbits=0&expire=1771357718&sparams=ip,ipbits,expire,v,ei,caps,opi,xoaf&signature=DB55A56B42F7FBB68059DD260A740371D8F0C264.5DB239E38612DFAAE449F254D7B6A9939EFA7503&key=yt8&kind=asr&lang=en HTTP/1.1" 200 None
2026-02-17 04:48:38 [INFO] journal_utilities.downloader: Downloaded transcript via API for vixLMftkUK0
2026-02-17 04:48:38 [INFO] journal_utilities.downloader: Transcript for vixLMftkUK0: success
2026-02-17 04:48:38 [INFO] journal_utilities.downloader: Audio already exists for vixLMftkUK0, skipping
2026-02-17 04:48:38 [INFO] journal_utilities.downloader: Audio for vixLMftkUK0: skipped
2026-02-17 04:48:39 [INFO] download_channel: [374/694] Processing XX61J32RT9g — ActInf GuestStream 074.1 ~ Narrative Fallacy and Other Limitations of Psychodynamic Case Formulation
2026-02-17 04:48:39 [INFO] journal_utilities.downloader: Transcript already exists for XX61J32RT9g, skipping
2026-02-17 04:48:39 [INFO] journal_utilities.downloader: Transcript for XX61J32RT9g: skipped
2026-02-17 04:48:39 [INFO] journal_utilities.downloader: Audio already exists for XX61J32RT9g, skipping
2026-02-17 04:48:39 [INFO] journal_utilities.downloader: Audio for XX61J32RT9g: skipped
2026-02-17 04:48:40 [INFO] download_channel: [375/694] Processing I3rhsT-8isk — ActInf MathStream 009.1 ~ Jonathan Gorard: A computational perspective on observation and cognition
2026-02-17 04:48:40 [INFO] journal_utilities.downloader: Transcript already exists for I3rhsT-8isk, skipping
2026-02-17 04:48:40 [INFO] journal_utilities.downloader: Transcript for I3rhsT-8isk: skipped
2026-02-17 04:48:40 [INFO] journal_utilities.downloader: Audio already exists for I3rhsT-8isk, skipping
2026-02-17 04:48:40 [INFO] journal_utilities.downloader: Audio for I3rhsT-8isk: skipped
2026-02-17 04:48:41 [INFO] download_channel: [376/694] Processing ps3B2dfmK5Y — ActInf GuestStream 073.1 ~ Lachlan Kent: "Mental gravity: Modelling the embodied self"
2026-02-17 04:48:41 [INFO] journal_utilities.downloader: Transcript already exists for ps3B2dfmK5Y, skipping
2026-02-17 04:48:41 [INFO] journal_utilities.downloader: Transcript for ps3B2dfmK5Y: skipped
2026-02-17 04:48:41 [INFO] journal_utilities.downloader: Audio already exists for ps3B2dfmK5Y, skipping
2026-02-17 04:48:41 [INFO] journal_utilities.downloader: Audio for ps3B2dfmK5Y: skipped
2026-02-17 04:48:42 [INFO] download_channel: [377/694] Processing jI3wnTbpkNo — ActInf GuestStream 072.1 ~ Open Source AI: The truth is the first casualty in war
2026-02-17 04:48:42 [INFO] journal_utilities.downloader: Transcript already exists for jI3wnTbpkNo, skipping
2026-02-17 04:48:42 [INFO] journal_utilities.downloader: Transcript for jI3wnTbpkNo: skipped
2026-02-17 04:48:42 [INFO] journal_utilities.downloader: Audio already exists for jI3wnTbpkNo, skipping
2026-02-17 04:48:42 [INFO] journal_utilities.downloader: Audio for jI3wnTbpkNo: skipped
2026-02-17 04:48:43 [INFO] download_channel: [378/694] Processing nss0y1P3nso — ActInf GuestStream 071.1 ~ The empirical status of predictive coding and active inference
2026-02-17 04:48:43 [INFO] journal_utilities.downloader: Transcript already exists for nss0y1P3nso, skipping
2026-02-17 04:48:43 [INFO] journal_utilities.downloader: Transcript for nss0y1P3nso: skipped
2026-02-17 04:48:43 [INFO] journal_utilities.downloader: Audio already exists for nss0y1P3nso, skipping
2026-02-17 04:48:43 [INFO] journal_utilities.downloader: Audio for nss0y1P3nso: skipped
2026-02-17 04:48:44 [INFO] download_channel: [379/694] Processing UAtfOc3Q4_0 — ActInf GuestStream 066.2 ~ Adrian Bejan, "Freedom and Evolution"
2026-02-17 04:48:44 [INFO] journal_utilities.downloader: Transcript already exists for UAtfOc3Q4_0, skipping
2026-02-17 04:48:44 [INFO] journal_utilities.downloader: Transcript for UAtfOc3Q4_0: skipped
2026-02-17 04:48:44 [INFO] journal_utilities.downloader: Audio already exists for UAtfOc3Q4_0, skipping
2026-02-17 04:48:44 [INFO] journal_utilities.downloader: Audio for UAtfOc3Q4_0: skipped
2026-02-17 04:48:45 [INFO] download_channel: [380/694] Processing FNgAL97_uwE — ActInf GuestStream 070.1 ~ Jerry Michalski: "Practical Collective Sensemaking"
2026-02-17 04:48:45 [INFO] journal_utilities.downloader: Transcript already exists for FNgAL97_uwE, skipping
2026-02-17 04:48:45 [INFO] journal_utilities.downloader: Transcript for FNgAL97_uwE: skipped
2026-02-17 04:48:45 [INFO] journal_utilities.downloader: Audio already exists for FNgAL97_uwE, skipping
2026-02-17 04:48:45 [INFO] journal_utilities.downloader: Audio for FNgAL97_uwE: skipped
2026-02-17 04:48:46 [INFO] download_channel: [381/694] Processing Q0ySDpKFrPA — ActInf GuestStream 069.1 ~ Andrew McLuhan: "Marshall McLuhan and Project 69"
2026-02-17 04:48:46 [INFO] journal_utilities.downloader: Transcript already exists for Q0ySDpKFrPA, skipping
2026-02-17 04:48:46 [INFO] journal_utilities.downloader: Transcript for Q0ySDpKFrPA: skipped
2026-02-17 04:48:46 [INFO] journal_utilities.downloader: Audio already exists for Q0ySDpKFrPA, skipping
2026-02-17 04:48:46 [INFO] journal_utilities.downloader: Audio for Q0ySDpKFrPA: skipped
2026-02-17 04:48:47 [INFO] download_channel: [382/694] Processing S-6qpCNq4uA — ActInf MathStream 008.2 ~ R Servajean: Intro to Bayesian mechanics: paths-based formalism (part 2)
2026-02-17 04:48:47 [INFO] journal_utilities.downloader: Transcript already exists for S-6qpCNq4uA, skipping
2026-02-17 04:48:47 [INFO] journal_utilities.downloader: Transcript for S-6qpCNq4uA: skipped
2026-02-17 04:48:47 [INFO] journal_utilities.downloader: Audio already exists for S-6qpCNq4uA, skipping
2026-02-17 04:48:47 [INFO] journal_utilities.downloader: Audio for S-6qpCNq4uA: skipped
2026-02-17 04:48:48 [INFO] download_channel: [383/694] Processing bXOAOqJxujs — ActInf MathStream 008.1 ~ R Servajean: Intro to Bayesian mechanics: state-based formalism (part 1)
2026-02-17 04:48:48 [INFO] journal_utilities.downloader: Transcript already exists for bXOAOqJxujs, skipping
2026-02-17 04:48:48 [INFO] journal_utilities.downloader: Transcript for bXOAOqJxujs: skipped
2026-02-17 04:48:48 [INFO] journal_utilities.downloader: Audio already exists for bXOAOqJxujs, skipping
2026-02-17 04:48:48 [INFO] journal_utilities.downloader: Audio for bXOAOqJxujs: skipped
2026-02-17 04:48:49 [INFO] download_channel: [384/694] Processing 3QpD4fXqQ7w — ActInf GuestStream 068.1 ~ Darius Parvizi-Wayne, "Distrusting the policy"
2026-02-17 04:48:49 [INFO] journal_utilities.downloader: Transcript already exists for 3QpD4fXqQ7w, skipping
2026-02-17 04:48:49 [INFO] journal_utilities.downloader: Transcript for 3QpD4fXqQ7w: skipped
2026-02-17 04:48:49 [INFO] journal_utilities.downloader: Audio already exists for 3QpD4fXqQ7w, skipping
2026-02-17 04:48:49 [INFO] journal_utilities.downloader: Audio for 3QpD4fXqQ7w: skipped
2026-02-17 04:48:50 [INFO] download_channel: [385/694] Processing SerC9wYOMHs — ActInf OrgStream 006.1 ~ d20 Governance: an experimental governance environment
2026-02-17 04:48:50 [INFO] journal_utilities.downloader: Transcript already exists for SerC9wYOMHs, skipping
2026-02-17 04:48:50 [INFO] journal_utilities.downloader: Transcript for SerC9wYOMHs: skipped
2026-02-17 04:48:50 [INFO] journal_utilities.downloader: Audio already exists for SerC9wYOMHs, skipping
2026-02-17 04:48:50 [INFO] journal_utilities.downloader: Audio for SerC9wYOMHs: skipped
2026-02-17 04:48:51 [INFO] download_channel: [386/694] Processing ykmasEwYSqQ — 2023 Video ReviewStream ~ Active Inference Institute
2026-02-17 04:48:51 [DEBUG] journal_utilities.downloader: yt-dlp transcript cmd: yt-dlp --no-warnings --cookies data/output/cookies.txt --write-sub --write-auto-sub --sub-lang en --sub-format vtt --skip-download -o data/output/transcripts/%(id)s.%(ext)s https://www.youtube.com/watch?v=ykmasEwYSqQ
2026-02-17 04:48:55 [INFO] journal_utilities.downloader: yt-dlp subtitles unavailable for ykmasEwYSqQ, trying youtube_transcript_api
2026-02-17 04:48:55 [DEBUG] journal_utilities.downloader: Loaded cookies for transcript API from data/output/cookies.txt
2026-02-17 04:48:55 [DEBUG] urllib3.connectionpool: Starting new HTTPS connection (1): www.youtube.com:443
2026-02-17 04:48:55 [DEBUG] urllib3.connectionpool: https://www.youtube.com:443 "GET /watch?v=ykmasEwYSqQ HTTP/1.1" 200 None
2026-02-17 04:48:56 [DEBUG] urllib3.connectionpool: https://www.youtube.com:443 "POST /youtubei/v1/player?key=AIzaSyAO_FJ2SlqU8Q4STEHLGCilw_Y9_11qcW8 HTTP/1.1" 200 None
2026-02-17 04:48:56 [DEBUG] urllib3.connectionpool: https://www.youtube.com:443 "GET /api/timedtext?v=ykmasEwYSqQ&ei=uGOUabnHLee0sfIPyuPQ0QM&caps=asr&opi=112496729&xoaf=5&xowf=1&hl=en&ip=0.0.0.0&ipbits=0&expire=1771357736&sparams=ip,ipbits,expire,v,ei,caps,opi,xoaf&signature=515A3BF1FCFF922EEAB0E9783DE9AB7DADEF75C9.C76A08FF2DE1D051CD7190ECD8A0FD13643B12BF&key=yt8&kind=asr&lang=en HTTP/1.1" 200 None
2026-02-17 04:48:56 [INFO] journal_utilities.downloader: Downloaded transcript via API for ykmasEwYSqQ
2026-02-17 04:48:56 [INFO] journal_utilities.downloader: Transcript for ykmasEwYSqQ: success
2026-02-17 04:48:56 [INFO] journal_utilities.downloader: Audio already exists for ykmasEwYSqQ, skipping
2026-02-17 04:48:56 [INFO] journal_utilities.downloader: Audio for ykmasEwYSqQ: skipped
2026-02-17 04:48:57 [INFO] download_channel: [387/694] Processing rKrrpoVbwWQ — Active Inference Institute ~ 2023 Quarterly Roundtable #4
2026-02-17 04:48:57 [INFO] journal_utilities.downloader: Transcript already exists for rKrrpoVbwWQ, skipping
2026-02-17 04:48:57 [INFO] journal_utilities.downloader: Transcript for rKrrpoVbwWQ: skipped
2026-02-17 04:48:57 [INFO] journal_utilities.downloader: Audio already exists for rKrrpoVbwWQ, skipping
2026-02-17 04:48:57 [INFO] journal_utilities.downloader: Audio for rKrrpoVbwWQ: skipped
2026-02-17 04:48:58 [INFO] download_channel: [388/694] Processing HThdpvQzA4o — ActInf GuestStream 067.1 ~ Andrés Corrada "The logic of NTQR evaluations of noisy judges"
2026-02-17 04:48:58 [INFO] journal_utilities.downloader: Transcript already exists for HThdpvQzA4o, skipping
2026-02-17 04:48:58 [INFO] journal_utilities.downloader: Transcript for HThdpvQzA4o: skipped
2026-02-17 04:48:58 [INFO] journal_utilities.downloader: Audio already exists for HThdpvQzA4o, skipping
2026-02-17 04:48:58 [INFO] journal_utilities.downloader: Audio for HThdpvQzA4o: skipped
2026-02-17 04:48:59 [INFO] download_channel: [389/694] Processing rF3zyjv2Drw — ActInf GuestStream 066.1 ~ Adrian Bejan, "The Physics of Life: How to Predict Evolution"
2026-02-17 04:48:59 [INFO] journal_utilities.downloader: Transcript already exists for rF3zyjv2Drw, skipping
2026-02-17 04:48:59 [INFO] journal_utilities.downloader: Transcript for rF3zyjv2Drw: skipped
2026-02-17 04:48:59 [INFO] journal_utilities.downloader: Audio already exists for rF3zyjv2Drw, skipping
2026-02-17 04:48:59 [INFO] journal_utilities.downloader: Audio for rF3zyjv2Drw: skipped
2026-02-17 04:49:00 [INFO] download_channel: [390/694] Processing eMtgUJl68jg — ActInf GuestStream 065.1 ~ Phoebe Klett, "Towards Bayesian World Models"
2026-02-17 04:49:00 [INFO] journal_utilities.downloader: Transcript already exists for eMtgUJl68jg, skipping
2026-02-17 04:49:00 [INFO] journal_utilities.downloader: Transcript for eMtgUJl68jg: skipped
2026-02-17 04:49:00 [INFO] journal_utilities.downloader: Audio already exists for eMtgUJl68jg, skipping
2026-02-17 04:49:00 [INFO] journal_utilities.downloader: Audio for eMtgUJl68jg: skipped
2026-02-17 04:49:01 [INFO] download_channel: [391/694] Processing PQGoQYpyqUY — ActInf GuestStream 064.1 ~ Elliot Murphy "ROSE: A neurocomputational architecture for syntax"
2026-02-17 04:49:01 [INFO] journal_utilities.downloader: Transcript already exists for PQGoQYpyqUY, skipping
2026-02-17 04:49:01 [INFO] journal_utilities.downloader: Transcript for PQGoQYpyqUY: skipped
2026-02-17 04:49:01 [INFO] journal_utilities.downloader: Audio already exists for PQGoQYpyqUY, skipping
2026-02-17 04:49:01 [INFO] journal_utilities.downloader: Audio for PQGoQYpyqUY: skipped
2026-02-17 04:49:02 [INFO] download_channel: [392/694] Processing 0CY0fTqtdHo — Active Inference LiveStream 056.2 Neural Generative Coding, Active Inference, and Mortal Computation
2026-02-17 04:49:02 [INFO] journal_utilities.downloader: Transcript already exists for 0CY0fTqtdHo, skipping
2026-02-17 04:49:02 [INFO] journal_utilities.downloader: Transcript for 0CY0fTqtdHo: skipped
2026-02-17 04:49:02 [INFO] journal_utilities.downloader: Audio already exists for 0CY0fTqtdHo, skipping
2026-02-17 04:49:02 [INFO] journal_utilities.downloader: Audio for 0CY0fTqtdHo: skipped
2026-02-17 04:49:03 [INFO] download_channel: [393/694] Processing q8OIuyFXqQ0 — ActInf OrgStream 005.1 ~ Anna-Marie Swan, "Ecological Organisations"
2026-02-17 04:49:03 [INFO] journal_utilities.downloader: Transcript already exists for q8OIuyFXqQ0, skipping
2026-02-17 04:49:03 [INFO] journal_utilities.downloader: Transcript for q8OIuyFXqQ0: skipped
2026-02-17 04:49:03 [INFO] journal_utilities.downloader: Audio already exists for q8OIuyFXqQ0, skipping
2026-02-17 04:49:03 [INFO] journal_utilities.downloader: Audio for q8OIuyFXqQ0: skipped
2026-02-17 04:49:04 [INFO] download_channel: [394/694] Processing N7QSuazEEhE — ActInf Livestream 055.2 ~ "Realising Synthetic Active Inference Agents” Part I & Part II
2026-02-17 04:49:04 [INFO] journal_utilities.downloader: Transcript already exists for N7QSuazEEhE, skipping
2026-02-17 04:49:04 [INFO] journal_utilities.downloader: Transcript for N7QSuazEEhE: skipped
2026-02-17 04:49:04 [INFO] journal_utilities.downloader: Audio already exists for N7QSuazEEhE, skipping
2026-02-17 04:49:04 [INFO] journal_utilities.downloader: Audio for N7QSuazEEhE: skipped
2026-02-17 04:49:05 [INFO] download_channel: [395/694] Processing BMrgdUnF2iI — Active Inference LiveStream 056.1 ~ Neural coding, Predictive processing, and Cognitive modeling
2026-02-17 04:49:05 [INFO] journal_utilities.downloader: Transcript already exists for BMrgdUnF2iI, skipping
2026-02-17 04:49:05 [INFO] journal_utilities.downloader: Transcript for BMrgdUnF2iI: skipped
2026-02-17 04:49:05 [INFO] journal_utilities.downloader: Audio already exists for BMrgdUnF2iI, skipping
2026-02-17 04:49:05 [INFO] journal_utilities.downloader: Audio for BMrgdUnF2iI: skipped
2026-02-17 04:49:06 [INFO] download_channel: [396/694] Processing 6Yr_g9j4kso — ActInf GuestStream 063.1 ~ "Incorporating (variational) free energy models into mechanisms"
2026-02-17 04:49:06 [INFO] journal_utilities.downloader: Transcript already exists for 6Yr_g9j4kso, skipping
2026-02-17 04:49:06 [INFO] journal_utilities.downloader: Transcript for 6Yr_g9j4kso: skipped
2026-02-17 04:49:06 [INFO] journal_utilities.downloader: Audio already exists for 6Yr_g9j4kso, skipping
2026-02-17 04:49:06 [INFO] journal_utilities.downloader: Audio for 6Yr_g9j4kso: skipped
2026-02-17 04:49:07 [INFO] download_channel: [397/694] Processing KX62d4gvFAY — Active Inference LiveStream 056.0 ~ Neural coding, Predictive processing, and Cognitive modeling.
2026-02-17 04:49:08 [INFO] journal_utilities.downloader: Transcript already exists for KX62d4gvFAY, skipping
2026-02-17 04:49:08 [INFO] journal_utilities.downloader: Transcript for KX62d4gvFAY: skipped
2026-02-17 04:49:08 [INFO] journal_utilities.downloader: Audio already exists for KX62d4gvFAY, skipping
2026-02-17 04:49:08 [INFO] journal_utilities.downloader: Audio for KX62d4gvFAY: skipped
2026-02-17 04:49:09 [INFO] download_channel: [398/694] Processing cGW-ZAvybz8 — Conclusion (Discussion) ~ Active Inference for the Social Sciences 2023
2026-02-17 04:49:09 [INFO] journal_utilities.downloader: Transcript already exists for cGW-ZAvybz8, skipping
2026-02-17 04:49:09 [INFO] journal_utilities.downloader: Transcript for cGW-ZAvybz8: skipped
2026-02-17 04:49:09 [INFO] journal_utilities.downloader: Audio already exists for cGW-ZAvybz8, skipping
2026-02-17 04:49:09 [INFO] journal_utilities.downloader: Audio for cGW-ZAvybz8: skipped
2026-02-17 04:49:10 [INFO] download_channel: [399/694] Processing YNsUMgOQYpk — ActInf Livestream 055.1 ~ "Realising Synthetic Active Inference Agents” Part I & Part II
2026-02-17 04:49:10 [INFO] journal_utilities.downloader: Transcript already exists for YNsUMgOQYpk, skipping
2026-02-17 04:49:10 [INFO] journal_utilities.downloader: Transcript for YNsUMgOQYpk: skipped
2026-02-17 04:49:10 [INFO] journal_utilities.downloader: Audio already exists for YNsUMgOQYpk, skipping
2026-02-17 04:49:10 [INFO] journal_utilities.downloader: Audio for YNsUMgOQYpk: skipped
2026-02-17 04:49:11 [INFO] download_channel: [400/694] Processing ciFMH8svne4 — ActInf GuestStream 062.1 ~ Michael Carl, "Deep temporal Models of the Translation Process"
2026-02-17 04:49:11 [INFO] journal_utilities.downloader: Transcript already exists for ciFMH8svne4, skipping
2026-02-17 04:49:11 [INFO] journal_utilities.downloader: Transcript for ciFMH8svne4: skipped
2026-02-17 04:49:11 [INFO] journal_utilities.downloader: Audio already exists for ciFMH8svne4, skipping
2026-02-17 04:49:11 [INFO] journal_utilities.downloader: Audio for ciFMH8svne4: skipped
2026-02-17 04:49:12 [INFO] download_channel: [401/694] Processing dAolShffDWo — "Physics as Information Processing" ~ Ander Aguirre ~ Discussion 6
2026-02-17 04:49:12 [INFO] journal_utilities.downloader: Transcript already exists for dAolShffDWo, skipping
2026-02-17 04:49:12 [INFO] journal_utilities.downloader: Transcript for dAolShffDWo: skipped
2026-02-17 04:49:12 [INFO] journal_utilities.downloader: Audio already exists for dAolShffDWo, skipping
2026-02-17 04:49:12 [INFO] journal_utilities.downloader: Audio for dAolShffDWo: skipped
2026-02-17 04:49:13 [INFO] download_channel: [402/694] Processing pJit1ONOYcM — Social constraints (Discussion) ~ Avel Guénin-Carlut ~ ActInf Social Sciences 2023
2026-02-17 04:49:13 [INFO] journal_utilities.downloader: Transcript already exists for pJit1ONOYcM, skipping
2026-02-17 04:49:13 [INFO] journal_utilities.downloader: Transcript for pJit1ONOYcM: skipped
2026-02-17 04:49:13 [INFO] journal_utilities.downloader: Audio already exists for pJit1ONOYcM, skipping
2026-02-17 04:49:13 [INFO] journal_utilities.downloader: Audio for pJit1ONOYcM: skipped
2026-02-17 04:49:14 [INFO] download_channel: [403/694] Processing nuUWmwrz6cI — ActInf Livestream 055.0 ~ "Realising Synthetic Active Inference Agents” Part I & Part II
2026-02-17 04:49:14 [INFO] journal_utilities.downloader: Transcript already exists for nuUWmwrz6cI, skipping
2026-02-17 04:49:14 [INFO] journal_utilities.downloader: Transcript for nuUWmwrz6cI: skipped
2026-02-17 04:49:14 [INFO] journal_utilities.downloader: Audio already exists for nuUWmwrz6cI, skipping
2026-02-17 04:49:14 [INFO] journal_utilities.downloader: Audio for nuUWmwrz6cI: skipped
2026-02-17 04:49:15 [INFO] download_channel: [404/694] Processing vh8Q6Bc-TQA — ActInf GuestStream 061.1 ~  Shagor Rahman: "Myth of objectivity and the origin of symbols"
2026-02-17 04:49:15 [DEBUG] journal_utilities.downloader: yt-dlp transcript cmd: yt-dlp --no-warnings --cookies data/output/cookies.txt --write-sub --write-auto-sub --sub-lang en --sub-format vtt --skip-download -o data/output/transcripts/%(id)s.%(ext)s https://www.youtube.com/watch?v=vh8Q6Bc-TQA
2026-02-17 04:49:19 [INFO] journal_utilities.downloader: yt-dlp subtitles unavailable for vh8Q6Bc-TQA, trying youtube_transcript_api
2026-02-17 04:49:19 [DEBUG] journal_utilities.downloader: Loaded cookies for transcript API from data/output/cookies.txt
2026-02-17 04:49:19 [DEBUG] urllib3.connectionpool: Starting new HTTPS connection (1): www.youtube.com:443
2026-02-17 04:49:19 [DEBUG] urllib3.connectionpool: https://www.youtube.com:443 "GET /watch?v=vh8Q6Bc-TQA HTTP/1.1" 200 None
2026-02-17 04:49:20 [DEBUG] urllib3.connectionpool: https://www.youtube.com:443 "POST /youtubei/v1/player?key=AIzaSyAO_FJ2SlqU8Q4STEHLGCilw_Y9_11qcW8 HTTP/1.1" 200 None
2026-02-17 04:49:20 [DEBUG] urllib3.connectionpool: https://www.youtube.com:443 "GET /api/timedtext?v=vh8Q6Bc-TQA&ei=0GOUabPjLvz3sfIPxbiUkA8&caps=asr&opi=112496729&xoaf=5&xowf=1&hl=en&ip=0.0.0.0&ipbits=0&expire=1771357760&sparams=ip,ipbits,expire,v,ei,caps,opi,xoaf&signature=5A55E81764D44487D3A9BD89231A70F1D1783E70.5CC5EFE7D02AD4527E855E0BE643DB2C6D520388&key=yt8&kind=asr&lang=en HTTP/1.1" 200 None
2026-02-17 04:49:21 [INFO] journal_utilities.downloader: Downloaded transcript via API for vh8Q6Bc-TQA
2026-02-17 04:49:21 [INFO] journal_utilities.downloader: Transcript for vh8Q6Bc-TQA: success
2026-02-17 04:49:21 [INFO] journal_utilities.downloader: Audio already exists for vh8Q6Bc-TQA, skipping
2026-02-17 04:49:21 [INFO] journal_utilities.downloader: Audio for vh8Q6Bc-TQA: skipped
2026-02-17 04:49:22 [INFO] download_channel: [405/694] Processing TubYmyvsynA — ActInf GuestStream 060.1 ~ "Reflections and implications of a naïve attitude to architecture"
2026-02-17 04:49:22 [INFO] journal_utilities.downloader: Transcript already exists for TubYmyvsynA, skipping
2026-02-17 04:49:22 [INFO] journal_utilities.downloader: Transcript for TubYmyvsynA: skipped
2026-02-17 04:49:22 [INFO] journal_utilities.downloader: Audio already exists for TubYmyvsynA, skipping
2026-02-17 04:49:22 [INFO] journal_utilities.downloader: Audio for TubYmyvsynA: skipped
2026-02-17 04:49:23 [INFO] download_channel: [406/694] Processing StyeVhPobXg — Social constraints (Lecture) ~ Avel Guénin-Carlut ~ ActInf Social Sciences 2023
2026-02-17 04:49:23 [INFO] journal_utilities.downloader: Transcript already exists for StyeVhPobXg, skipping
2026-02-17 04:49:23 [INFO] journal_utilities.downloader: Transcript for StyeVhPobXg: skipped
2026-02-17 04:49:23 [INFO] journal_utilities.downloader: Audio already exists for StyeVhPobXg, skipping
2026-02-17 04:49:23 [INFO] journal_utilities.downloader: Audio for StyeVhPobXg: skipped
2026-02-17 04:49:24 [INFO] download_channel: [407/694] Processing knhfxLxyeyQ — ActInf GuestStream 059.1 ~ David Tuckett, "Conviction Narrative Theory"
2026-02-17 04:49:24 [INFO] journal_utilities.downloader: Transcript already exists for knhfxLxyeyQ, skipping
2026-02-17 04:49:24 [INFO] journal_utilities.downloader: Transcript for knhfxLxyeyQ: skipped
2026-02-17 04:49:24 [INFO] journal_utilities.downloader: Audio already exists for knhfxLxyeyQ, skipping
2026-02-17 04:49:24 [INFO] journal_utilities.downloader: Audio for knhfxLxyeyQ: skipped
2026-02-17 04:49:25 [INFO] download_channel: [408/694] Processing bSPQ3BkqTh4 — "Physics as Information Processing" ~ Chris Fields ~ Lecture 6
2026-02-17 04:49:25 [INFO] journal_utilities.downloader: Transcript already exists for bSPQ3BkqTh4, skipping
2026-02-17 04:49:25 [INFO] journal_utilities.downloader: Transcript for bSPQ3BkqTh4: skipped
2026-02-17 04:49:25 [INFO] journal_utilities.downloader: Audio already exists for bSPQ3BkqTh4, skipping
2026-02-17 04:49:25 [INFO] journal_utilities.downloader: Audio for bSPQ3BkqTh4: skipped
2026-02-17 04:49:26 [INFO] download_channel: [409/694] Processing _NfqCpsZPeM — "Physics as Information Processing" ~ Ander Aguirre ~ Discussion 5
2026-02-17 04:49:26 [INFO] journal_utilities.downloader: Transcript already exists for _NfqCpsZPeM, skipping
2026-02-17 04:49:26 [INFO] journal_utilities.downloader: Transcript for _NfqCpsZPeM: skipped
2026-02-17 04:49:26 [INFO] journal_utilities.downloader: Audio already exists for _NfqCpsZPeM, skipping
2026-02-17 04:49:26 [INFO] journal_utilities.downloader: Audio for _NfqCpsZPeM: skipped
2026-02-17 04:49:27 [INFO] download_channel: [410/694] Processing 93-rNtJR-9I — Active Inference Institute ~ 2023 Quarterly Roundtable #3
2026-02-17 04:49:27 [INFO] journal_utilities.downloader: Transcript already exists for 93-rNtJR-9I, skipping
2026-02-17 04:49:27 [INFO] journal_utilities.downloader: Transcript for 93-rNtJR-9I: skipped
2026-02-17 04:49:27 [INFO] journal_utilities.downloader: Audio already exists for 93-rNtJR-9I, skipping
2026-02-17 04:49:27 [INFO] journal_utilities.downloader: Audio for 93-rNtJR-9I: skipped
2026-02-17 04:49:28 [INFO] download_channel: [411/694] Processing MzYmdBaJIYc — ActInf MorphStream 001.1 ~ David Kappel and Sarah Hamburg
2026-02-17 04:49:28 [INFO] journal_utilities.downloader: Transcript already exists for MzYmdBaJIYc, skipping
2026-02-17 04:49:28 [INFO] journal_utilities.downloader: Transcript for MzYmdBaJIYc: skipped
2026-02-17 04:49:28 [INFO] journal_utilities.downloader: Audio already exists for MzYmdBaJIYc, skipping
2026-02-17 04:49:28 [INFO] journal_utilities.downloader: Audio for MzYmdBaJIYc: skipped
2026-02-17 04:49:29 [INFO] download_channel: [412/694] Processing Qbmuu61dnWY — Norms, Scripts, Narratives, Languages (Lecture) ~ Mahault Albarracin ~ ActInf Social Sciences 2023
2026-02-17 04:49:29 [INFO] journal_utilities.downloader: Transcript already exists for Qbmuu61dnWY, skipping
2026-02-17 04:49:29 [INFO] journal_utilities.downloader: Transcript for Qbmuu61dnWY: skipped
2026-02-17 04:49:29 [INFO] journal_utilities.downloader: Audio already exists for Qbmuu61dnWY, skipping
2026-02-17 04:49:29 [INFO] journal_utilities.downloader: Audio for Qbmuu61dnWY: skipped
2026-02-17 04:49:30 [INFO] download_channel: [413/694] Processing Sz7ZP2N6DuE — ActInf GuestStream 058.1 ~ Working with Gerald Edelman
2026-02-17 04:49:30 [INFO] journal_utilities.downloader: Transcript already exists for Sz7ZP2N6DuE, skipping
2026-02-17 04:49:30 [INFO] journal_utilities.downloader: Transcript for Sz7ZP2N6DuE: skipped
2026-02-17 04:49:30 [INFO] journal_utilities.downloader: Audio already exists for Sz7ZP2N6DuE, skipping
2026-02-17 04:49:30 [INFO] journal_utilities.downloader: Audio for Sz7ZP2N6DuE: skipped
2026-02-17 04:49:31 [INFO] download_channel: [414/694] Processing kJUVdt-fN7U — ActInf MathStream 007.1 ~ "Constructor Theory as Process Theory", Vincent Wang-Mascianica et al.
2026-02-17 04:49:31 [INFO] journal_utilities.downloader: Transcript already exists for kJUVdt-fN7U, skipping
2026-02-17 04:49:31 [INFO] journal_utilities.downloader: Transcript for kJUVdt-fN7U: skipped
2026-02-17 04:49:31 [INFO] journal_utilities.downloader: Audio already exists for kJUVdt-fN7U, skipping
2026-02-17 04:49:31 [INFO] journal_utilities.downloader: Audio for kJUVdt-fN7U: skipped
2026-02-17 04:49:32 [INFO] download_channel: [415/694] Processing 1uIRljnLtc4 — ActInf GuestStream 057.1~ Andy Keller, "Natural Neural Structure in Artificial Neural Networks"
2026-02-17 04:49:32 [INFO] journal_utilities.downloader: Transcript already exists for 1uIRljnLtc4, skipping
2026-02-17 04:49:32 [INFO] journal_utilities.downloader: Transcript for 1uIRljnLtc4: skipped
2026-02-17 04:49:32 [INFO] journal_utilities.downloader: Audio already exists for 1uIRljnLtc4, skipping
2026-02-17 04:49:32 [INFO] journal_utilities.downloader: Audio for 1uIRljnLtc4: skipped
2026-02-17 04:49:33 [INFO] download_channel: [416/694] Processing h0Tfm2lw6PQ — ActInf GuestStream 056.1 ~ Grégoire Sergeant, "Agency with structured latent state-spaces"
2026-02-17 04:49:33 [INFO] journal_utilities.downloader: Transcript already exists for h0Tfm2lw6PQ, skipping
2026-02-17 04:49:33 [INFO] journal_utilities.downloader: Transcript for h0Tfm2lw6PQ: skipped
2026-02-17 04:49:33 [INFO] journal_utilities.downloader: Audio already exists for h0Tfm2lw6PQ, skipping
2026-02-17 04:49:33 [INFO] journal_utilities.downloader: Audio for h0Tfm2lw6PQ: skipped
2026-02-17 04:49:34 [INFO] download_channel: [417/694] Processing Il9sBNAia7g — "Physics as Information Processing" ~ Chris Fields ~ Lecture 5
2026-02-17 04:49:34 [INFO] journal_utilities.downloader: Transcript already exists for Il9sBNAia7g, skipping
2026-02-17 04:49:34 [INFO] journal_utilities.downloader: Transcript for Il9sBNAia7g: skipped
2026-02-17 04:49:34 [INFO] journal_utilities.downloader: Audio already exists for Il9sBNAia7g, skipping
2026-02-17 04:49:34 [INFO] journal_utilities.downloader: Audio for Il9sBNAia7g: skipped
2026-02-17 04:49:35 [INFO] download_channel: [418/694] Processing MrAiB9X7Ock — Semiotics and Semantics (Discussion) ~ Lorena Sganzerla ~ Active Inference for Social Sciences 2023
2026-02-17 04:49:35 [INFO] journal_utilities.downloader: Transcript already exists for MrAiB9X7Ock, skipping
2026-02-17 04:49:35 [INFO] journal_utilities.downloader: Transcript for MrAiB9X7Ock: skipped
2026-02-17 04:49:35 [INFO] journal_utilities.downloader: Audio already exists for MrAiB9X7Ock, skipping
2026-02-17 04:49:35 [INFO] journal_utilities.downloader: Audio for MrAiB9X7Ock: skipped
2026-02-17 04:49:36 [INFO] download_channel: [419/694] Processing p1GMPGBJGfw — ActInf MathStream #006.1 ~ Sean Tull "Active Inference in String Diagrams"
2026-02-17 04:49:36 [INFO] journal_utilities.downloader: Transcript already exists for p1GMPGBJGfw, skipping
2026-02-17 04:49:36 [INFO] journal_utilities.downloader: Transcript for p1GMPGBJGfw: skipped
2026-02-17 04:49:36 [INFO] journal_utilities.downloader: Audio already exists for p1GMPGBJGfw, skipping
2026-02-17 04:49:36 [INFO] journal_utilities.downloader: Audio for p1GMPGBJGfw: skipped
2026-02-17 04:49:37 [INFO] download_channel: [420/694] Processing a4DC1YCVpsU — ActInf GuestStream 055.1~ James Pang & Alex Fornito "Geometric constraints on human brain function"
2026-02-17 04:49:37 [INFO] journal_utilities.downloader: Transcript already exists for a4DC1YCVpsU, skipping
2026-02-17 04:49:37 [INFO] journal_utilities.downloader: Transcript for a4DC1YCVpsU: skipped
2026-02-17 04:49:37 [INFO] journal_utilities.downloader: Audio already exists for a4DC1YCVpsU, skipping
2026-02-17 04:49:37 [INFO] journal_utilities.downloader: Audio for a4DC1YCVpsU: skipped
2026-02-17 04:49:38 [INFO] download_channel: [421/694] Processing 4ijYLWm4P2I — Semiotics and Semantics (Lecture) ~ Lorena Sganzerla ~ Active Inference for the Social Sciences 2023
2026-02-17 04:49:38 [INFO] journal_utilities.downloader: Transcript already exists for 4ijYLWm4P2I, skipping
2026-02-17 04:49:38 [INFO] journal_utilities.downloader: Transcript for 4ijYLWm4P2I: skipped
2026-02-17 04:49:38 [INFO] journal_utilities.downloader: Audio already exists for 4ijYLWm4P2I, skipping
2026-02-17 04:49:38 [INFO] journal_utilities.downloader: Audio for 4ijYLWm4P2I: skipped
2026-02-17 04:49:39 [INFO] download_channel: [422/694] Processing jWEcQVcgleM — "Physics as Information Processing" ~ Ander Aguirre ~ Discussion 4
2026-02-17 04:49:39 [INFO] journal_utilities.downloader: Transcript already exists for jWEcQVcgleM, skipping
2026-02-17 04:49:39 [INFO] journal_utilities.downloader: Transcript for jWEcQVcgleM: skipped
2026-02-17 04:49:39 [INFO] journal_utilities.downloader: Audio already exists for jWEcQVcgleM, skipping
2026-02-17 04:49:39 [INFO] journal_utilities.downloader: Audio for jWEcQVcgleM: skipped
2026-02-17 04:49:40 [INFO] download_channel: [423/694] Processing bhLPZaLmi2k — ActInf GuestStream 054.1 ~ A Gómez-Emilsson & C Percy ~ Electromagnetic Field Topology Consciousness
2026-02-17 04:49:40 [INFO] journal_utilities.downloader: Transcript already exists for bhLPZaLmi2k, skipping
2026-02-17 04:49:40 [INFO] journal_utilities.downloader: Transcript for bhLPZaLmi2k: skipped
2026-02-17 04:49:40 [INFO] journal_utilities.downloader: Audio already exists for bhLPZaLmi2k, skipping
2026-02-17 04:49:40 [INFO] journal_utilities.downloader: Audio for bhLPZaLmi2k: skipped
2026-02-17 04:49:41 [INFO] download_channel: [424/694] Processing _GHJO_bnyrY — ActInf GuestStream 053.1 ~ A case for chaos theory inclusion in neuropsychoanalytic modeling
2026-02-17 04:49:41 [INFO] journal_utilities.downloader: Transcript already exists for _GHJO_bnyrY, skipping
2026-02-17 04:49:41 [INFO] journal_utilities.downloader: Transcript for _GHJO_bnyrY: skipped
2026-02-17 04:49:41 [INFO] journal_utilities.downloader: Audio already exists for _GHJO_bnyrY, skipping
2026-02-17 04:49:41 [INFO] journal_utilities.downloader: Audio for _GHJO_bnyrY: skipped
2026-02-17 04:49:42 [INFO] download_channel: [425/694] Processing PVeyvHSAwmk — 3rd Applied Active Inference Symposium ~ "Enacting Ecosystems of Shared Intelligence" ~ 2nd session
2026-02-17 04:49:42 [INFO] journal_utilities.downloader: Transcript already exists for PVeyvHSAwmk, skipping
2026-02-17 04:49:42 [INFO] journal_utilities.downloader: Transcript for PVeyvHSAwmk: skipped
2026-02-17 04:49:42 [INFO] journal_utilities.downloader: Audio already exists for PVeyvHSAwmk, skipping
2026-02-17 04:49:42 [INFO] journal_utilities.downloader: Audio for PVeyvHSAwmk: skipped
2026-02-17 04:49:43 [INFO] download_channel: [426/694] Processing rIemcswLfGg — 3rd Applied Active Inference Symposium ~ "Enacting Ecosystems of Shared Intelligence" ~ 1st session
2026-02-17 04:49:43 [INFO] journal_utilities.downloader: Transcript already exists for rIemcswLfGg, skipping
2026-02-17 04:49:43 [INFO] journal_utilities.downloader: Transcript for rIemcswLfGg: skipped
2026-02-17 04:49:43 [INFO] journal_utilities.downloader: Audio already exists for rIemcswLfGg, skipping
2026-02-17 04:49:43 [INFO] journal_utilities.downloader: Audio for rIemcswLfGg: skipped
2026-02-17 04:49:44 [INFO] download_channel: [427/694] Processing 2IxxzY2ZDHA — Collective Behavior (Discussion) ~ Daniel Friedman ~ Active Inference for the Social Sciences 2023
2026-02-17 04:49:44 [INFO] journal_utilities.downloader: Transcript already exists for 2IxxzY2ZDHA, skipping
2026-02-17 04:49:44 [INFO] journal_utilities.downloader: Transcript for 2IxxzY2ZDHA: skipped
2026-02-17 04:49:44 [INFO] journal_utilities.downloader: Audio already exists for 2IxxzY2ZDHA, skipping
2026-02-17 04:49:44 [INFO] journal_utilities.downloader: Audio for 2IxxzY2ZDHA: skipped
2026-02-17 04:49:45 [INFO] download_channel: [428/694] Processing KPeOC9eNDnA — ActInf GuestStream 052.1 ~ A ElSaid, T Desell, A Ororbia "Ant-Based Neural Topology Search"
2026-02-17 04:49:45 [INFO] journal_utilities.downloader: Transcript already exists for KPeOC9eNDnA, skipping
2026-02-17 04:49:45 [INFO] journal_utilities.downloader: Transcript for KPeOC9eNDnA: skipped
2026-02-17 04:49:45 [INFO] journal_utilities.downloader: Audio already exists for KPeOC9eNDnA, skipping
2026-02-17 04:49:45 [INFO] journal_utilities.downloader: Audio for KPeOC9eNDnA: skipped
2026-02-17 04:49:46 [INFO] download_channel: [429/694] Processing k55mAFCIQ60 — "Physics as Information Processing" ~ Chris Fields ~ Lecture 4
2026-02-17 04:49:46 [INFO] journal_utilities.downloader: Transcript already exists for k55mAFCIQ60, skipping
2026-02-17 04:49:46 [INFO] journal_utilities.downloader: Transcript for k55mAFCIQ60: skipped
2026-02-17 04:49:46 [INFO] journal_utilities.downloader: Audio already exists for k55mAFCIQ60, skipping
2026-02-17 04:49:46 [INFO] journal_utilities.downloader: Audio for k55mAFCIQ60: skipped
2026-02-17 04:49:47 [INFO] download_channel: [430/694] Processing ran1M2UmD80 — Collective Behavior (Lecture) ~ Daniel Friedman ~ Active Inference for the Social Sciences 2023
2026-02-17 04:49:47 [INFO] journal_utilities.downloader: Transcript already exists for ran1M2UmD80, skipping
2026-02-17 04:49:47 [INFO] journal_utilities.downloader: Transcript for ran1M2UmD80: skipped
2026-02-17 04:49:47 [INFO] journal_utilities.downloader: Audio already exists for ran1M2UmD80, skipping
2026-02-17 04:49:47 [INFO] journal_utilities.downloader: Audio for ran1M2UmD80: skipped
2026-02-17 04:49:48 [INFO] download_channel: [431/694] Processing hOto96Q8sYQ — "Physics as Information Processing" ~ Ander Aguirre ~ Discussion 3
2026-02-17 04:49:48 [INFO] journal_utilities.downloader: Transcript already exists for hOto96Q8sYQ, skipping
2026-02-17 04:49:48 [INFO] journal_utilities.downloader: Transcript for hOto96Q8sYQ: skipped
2026-02-17 04:49:48 [INFO] journal_utilities.downloader: Audio already exists for hOto96Q8sYQ, skipping
2026-02-17 04:49:48 [INFO] journal_utilities.downloader: Audio for hOto96Q8sYQ: skipped
2026-02-17 04:49:49 [INFO] download_channel: [432/694] Processing 3_5pTCguAv4 — Active Inference BookStream 002.02 ~ Parr, Pezzulo, Friston ~ Chapters 4, 5, 7, 8
2026-02-17 04:49:49 [INFO] journal_utilities.downloader: Transcript already exists for 3_5pTCguAv4, skipping
2026-02-17 04:49:49 [INFO] journal_utilities.downloader: Transcript for 3_5pTCguAv4: skipped
2026-02-17 04:49:49 [INFO] journal_utilities.downloader: Audio already exists for 3_5pTCguAv4, skipping
2026-02-17 04:49:49 [INFO] journal_utilities.downloader: Audio for 3_5pTCguAv4: skipped
2026-02-17 04:49:50 [INFO] download_channel: [433/694] Processing NOj0mB8I6BI — ActInf GuestStream 051.1 ~ Tommaso Salvatori "Causal Inference via Predictive Coding"
2026-02-17 04:49:50 [INFO] journal_utilities.downloader: Transcript already exists for NOj0mB8I6BI, skipping
2026-02-17 04:49:50 [INFO] journal_utilities.downloader: Transcript for NOj0mB8I6BI: skipped
2026-02-17 04:49:50 [INFO] journal_utilities.downloader: Audio already exists for NOj0mB8I6BI, skipping
2026-02-17 04:49:50 [INFO] journal_utilities.downloader: Audio for NOj0mB8I6BI: skipped
2026-02-17 04:49:51 [INFO] download_channel: [434/694] Processing vBk0zZEy59E — ActInf GuestStream 050.1 ~ Valeria Becattini & Anna Ciaunica, "Selfless Minds, Unlimited Bodies?"
2026-02-17 04:49:51 [DEBUG] journal_utilities.downloader: yt-dlp transcript cmd: yt-dlp --no-warnings --cookies data/output/cookies.txt --write-sub --write-auto-sub --sub-lang en --sub-format vtt --skip-download -o data/output/transcripts/%(id)s.%(ext)s https://www.youtube.com/watch?v=vBk0zZEy59E
2026-02-17 04:49:55 [INFO] journal_utilities.downloader: yt-dlp subtitles unavailable for vBk0zZEy59E, trying youtube_transcript_api
2026-02-17 04:49:55 [DEBUG] journal_utilities.downloader: Loaded cookies for transcript API from data/output/cookies.txt
2026-02-17 04:49:55 [DEBUG] urllib3.connectionpool: Starting new HTTPS connection (1): www.youtube.com:443
2026-02-17 04:49:55 [DEBUG] urllib3.connectionpool: https://www.youtube.com:443 "GET /watch?v=vBk0zZEy59E HTTP/1.1" 200 None
2026-02-17 04:49:56 [DEBUG] urllib3.connectionpool: https://www.youtube.com:443 "POST /youtubei/v1/player?key=AIzaSyAO_FJ2SlqU8Q4STEHLGCilw_Y9_11qcW8 HTTP/1.1" 200 None
2026-02-17 04:49:56 [DEBUG] urllib3.connectionpool: https://www.youtube.com:443 "GET /api/timedtext?v=vBk0zZEy59E&ei=9GOUacvNFJiFt7EP1qef6Qs&caps=asr&opi=112496729&xoaf=5&xowf=1&hl=en&ip=0.0.0.0&ipbits=0&expire=1771357796&sparams=ip,ipbits,expire,v,ei,caps,opi,xoaf&signature=A520F7E560CDDAA941F8D6BDA6ED9AE4E649154B.1A587E5F99A674DD8B0423786577CD4350F25B09&key=yt8&kind=asr&lang=en HTTP/1.1" 200 None
2026-02-17 04:49:56 [INFO] journal_utilities.downloader: Downloaded transcript via API for vBk0zZEy59E
2026-02-17 04:49:56 [INFO] journal_utilities.downloader: Transcript for vBk0zZEy59E: success
2026-02-17 04:49:56 [INFO] journal_utilities.downloader: Audio already exists for vBk0zZEy59E, skipping
2026-02-17 04:49:56 [INFO] journal_utilities.downloader: Audio for vBk0zZEy59E: skipped
2026-02-17 04:49:57 [INFO] download_channel: [435/694] Processing dUXfgzKHV1c — ActInf GuestStream 049.1 ~ "Clickbait, consciousness science, and responsible journalism"
2026-02-17 04:49:57 [INFO] journal_utilities.downloader: Transcript already exists for dUXfgzKHV1c, skipping
2026-02-17 04:49:57 [INFO] journal_utilities.downloader: Transcript for dUXfgzKHV1c: skipped
2026-02-17 04:49:57 [INFO] journal_utilities.downloader: Audio already exists for dUXfgzKHV1c, skipping
2026-02-17 04:49:57 [INFO] journal_utilities.downloader: Audio for dUXfgzKHV1c: skipped
2026-02-17 04:49:58 [INFO] download_channel: [436/694] Processing u6taX0npOY8 — Basics of Active Inference (Discussion) ~ Ben White ~ Active Inference for the Social Sciences 2023
2026-02-17 04:49:58 [DEBUG] journal_utilities.downloader: yt-dlp transcript cmd: yt-dlp --no-warnings --cookies data/output/cookies.txt --write-sub --write-auto-sub --sub-lang en --sub-format vtt --skip-download -o data/output/transcripts/%(id)s.%(ext)s https://www.youtube.com/watch?v=u6taX0npOY8
2026-02-17 04:50:02 [INFO] journal_utilities.downloader: yt-dlp subtitles unavailable for u6taX0npOY8, trying youtube_transcript_api
2026-02-17 04:50:02 [DEBUG] journal_utilities.downloader: Loaded cookies for transcript API from data/output/cookies.txt
2026-02-17 04:50:02 [DEBUG] urllib3.connectionpool: Starting new HTTPS connection (1): www.youtube.com:443
2026-02-17 04:50:02 [DEBUG] urllib3.connectionpool: https://www.youtube.com:443 "GET /watch?v=u6taX0npOY8 HTTP/1.1" 200 None
2026-02-17 04:50:03 [DEBUG] urllib3.connectionpool: https://www.youtube.com:443 "POST /youtubei/v1/player?key=AIzaSyAO_FJ2SlqU8Q4STEHLGCilw_Y9_11qcW8 HTTP/1.1" 200 None
2026-02-17 04:50:03 [DEBUG] urllib3.connectionpool: https://www.youtube.com:443 "GET /api/timedtext?v=u6taX0npOY8&ei=-2OUaajiJbL2sfIP6JftkA8&caps=asr&opi=112496729&xoaf=4&xowf=1&hl=en&ip=0.0.0.0&ipbits=0&expire=1771357803&sparams=ip,ipbits,expire,v,ei,caps,opi,xoaf&signature=41C9BC44E6B4F099B57305903327A19554395301.AE2BB294BCB63B5C6B1487F56A3D6FDAD67ADC4B&key=yt8&kind=asr&lang=en HTTP/1.1" 200 None
2026-02-17 04:50:03 [INFO] journal_utilities.downloader: Downloaded transcript via API for u6taX0npOY8
2026-02-17 04:50:03 [INFO] journal_utilities.downloader: Transcript for u6taX0npOY8: success
2026-02-17 04:50:03 [INFO] journal_utilities.downloader: Audio already exists for u6taX0npOY8, skipping
2026-02-17 04:50:03 [INFO] journal_utilities.downloader: Audio for u6taX0npOY8: skipped
2026-02-17 04:50:04 [INFO] download_channel: [437/694] Processing aFwuucck7a8 — ActInf GuestStream 048.1 ~ Arthur Juliani & Adam Safron "Deep CANALs"
2026-02-17 04:50:04 [INFO] journal_utilities.downloader: Transcript already exists for aFwuucck7a8, skipping
2026-02-17 04:50:04 [INFO] journal_utilities.downloader: Transcript for aFwuucck7a8: skipped
2026-02-17 04:50:04 [INFO] journal_utilities.downloader: Audio already exists for aFwuucck7a8, skipping
2026-02-17 04:50:04 [INFO] journal_utilities.downloader: Audio for aFwuucck7a8: skipped
2026-02-17 04:50:05 [INFO] download_channel: [438/694] Processing QqEp4jtaQ2E — ActInf MathStream 005.1 ~ Cristian Bodnar  "Topological Deep Learning: Graphs, Complexes, Sheaves"
2026-02-17 04:50:05 [INFO] journal_utilities.downloader: Transcript already exists for QqEp4jtaQ2E, skipping
2026-02-17 04:50:05 [INFO] journal_utilities.downloader: Transcript for QqEp4jtaQ2E: skipped
2026-02-17 04:50:05 [INFO] journal_utilities.downloader: Audio already exists for QqEp4jtaQ2E, skipping
2026-02-17 04:50:05 [INFO] journal_utilities.downloader: Audio for QqEp4jtaQ2E: skipped
2026-02-17 04:50:06 [INFO] download_channel: [439/694] Processing CEKWhxnH3-E — ActInf ModelStream 009.1 ~ Aswin Paul "On efficient computation in active inference"
2026-02-17 04:50:06 [INFO] journal_utilities.downloader: Transcript already exists for CEKWhxnH3-E, skipping
2026-02-17 04:50:06 [INFO] journal_utilities.downloader: Transcript for CEKWhxnH3-E: skipped
2026-02-17 04:50:06 [INFO] journal_utilities.downloader: Audio already exists for CEKWhxnH3-E, skipping
2026-02-17 04:50:06 [INFO] journal_utilities.downloader: Audio for CEKWhxnH3-E: skipped
2026-02-17 04:50:07 [INFO] download_channel: [440/694] Processing TOZp_XNYijQ — "Physics as Information Processing" ~ Chris Fields ~ Lecture 3
2026-02-17 04:50:07 [INFO] journal_utilities.downloader: Transcript already exists for TOZp_XNYijQ, skipping
2026-02-17 04:50:07 [INFO] journal_utilities.downloader: Transcript for TOZp_XNYijQ: skipped
2026-02-17 04:50:07 [INFO] journal_utilities.downloader: Audio already exists for TOZp_XNYijQ, skipping
2026-02-17 04:50:07 [INFO] journal_utilities.downloader: Audio for TOZp_XNYijQ: skipped
2026-02-17 04:50:08 [INFO] download_channel: [441/694] Processing BNLnbOFdgc0 — Basics of Active Inference (Lecture) ~ Ben White ~ Active Inference for the Social Sciences 2023
2026-02-17 04:50:08 [INFO] journal_utilities.downloader: Transcript already exists for BNLnbOFdgc0, skipping
2026-02-17 04:50:08 [INFO] journal_utilities.downloader: Transcript for BNLnbOFdgc0: skipped
2026-02-17 04:50:08 [INFO] journal_utilities.downloader: Audio already exists for BNLnbOFdgc0, skipping
2026-02-17 04:50:08 [INFO] journal_utilities.downloader: Audio for BNLnbOFdgc0: skipped
2026-02-17 04:50:09 [INFO] download_channel: [442/694] Processing O6adLcDhOYU — ActInf GuestStream 047.1 ~ "Predicting & Reflecting Framework for Dual Process Theory" Bellini-Leite
2026-02-17 04:50:09 [INFO] journal_utilities.downloader: Transcript already exists for O6adLcDhOYU, skipping
2026-02-17 04:50:09 [INFO] journal_utilities.downloader: Transcript for O6adLcDhOYU: skipped
2026-02-17 04:50:09 [INFO] journal_utilities.downloader: Audio already exists for O6adLcDhOYU, skipping
2026-02-17 04:50:09 [INFO] journal_utilities.downloader: Audio for O6adLcDhOYU: skipped
2026-02-17 04:50:10 [INFO] download_channel: [443/694] Processing JkORFoyk8o8 — Introduction (Lecture) ~ Avel Guénin-Carlut ~ Active Inference for the Social Sciences 2023
2026-02-17 04:50:10 [INFO] journal_utilities.downloader: Transcript already exists for JkORFoyk8o8, skipping
2026-02-17 04:50:10 [INFO] journal_utilities.downloader: Transcript for JkORFoyk8o8: skipped
2026-02-17 04:50:10 [INFO] journal_utilities.downloader: Audio already exists for JkORFoyk8o8, skipping
2026-02-17 04:50:10 [INFO] journal_utilities.downloader: Audio for JkORFoyk8o8: skipped
2026-02-17 04:50:11 [INFO] download_channel: [444/694] Processing hSj7eOYuZe4 — "Physics as Information Processing" ~ Ander Aguirre ~ Discussion 2
2026-02-17 04:50:11 [INFO] journal_utilities.downloader: Transcript already exists for hSj7eOYuZe4, skipping
2026-02-17 04:50:11 [INFO] journal_utilities.downloader: Transcript for hSj7eOYuZe4: skipped
2026-02-17 04:50:11 [INFO] journal_utilities.downloader: Audio already exists for hSj7eOYuZe4, skipping
2026-02-17 04:50:11 [INFO] journal_utilities.downloader: Audio for hSj7eOYuZe4: skipped
2026-02-17 04:50:12 [INFO] download_channel: [445/694] Processing aJ9Py86ZFjU — Active Inference Institute ~ 2023 Quarterly Roundtable #2
2026-02-17 04:50:12 [INFO] journal_utilities.downloader: Transcript already exists for aJ9Py86ZFjU, skipping
2026-02-17 04:50:12 [INFO] journal_utilities.downloader: Transcript for aJ9Py86ZFjU: skipped
2026-02-17 04:50:12 [INFO] journal_utilities.downloader: Audio already exists for aJ9Py86ZFjU, skipping
2026-02-17 04:50:12 [INFO] journal_utilities.downloader: Audio for aJ9Py86ZFjU: skipped
2026-02-17 04:50:13 [INFO] download_channel: [446/694] Processing dUW8cD8XUec — ActInf GuestStream 046.1 ~ Denise Holt, "Active Inference AI & the Spatial Web"
2026-02-17 04:50:13 [INFO] journal_utilities.downloader: Transcript already exists for dUW8cD8XUec, skipping
2026-02-17 04:50:13 [INFO] journal_utilities.downloader: Transcript for dUW8cD8XUec: skipped
2026-02-17 04:50:13 [INFO] journal_utilities.downloader: Audio already exists for dUW8cD8XUec, skipping
2026-02-17 04:50:13 [INFO] journal_utilities.downloader: Audio for dUW8cD8XUec: skipped
2026-02-17 04:50:14 [INFO] download_channel: [447/694] Processing y0Jyj6LAb8g — ActInf GuestStream 045.1 ~ Ramstead & Albarracin: "The inner screen model of consciousness"
2026-02-17 04:50:14 [DEBUG] journal_utilities.downloader: yt-dlp transcript cmd: yt-dlp --no-warnings --cookies data/output/cookies.txt --write-sub --write-auto-sub --sub-lang en --sub-format vtt --skip-download -o data/output/transcripts/%(id)s.%(ext)s https://www.youtube.com/watch?v=y0Jyj6LAb8g
2026-02-17 04:50:19 [INFO] journal_utilities.downloader: yt-dlp subtitles unavailable for y0Jyj6LAb8g, trying youtube_transcript_api
2026-02-17 04:50:19 [DEBUG] journal_utilities.downloader: Loaded cookies for transcript API from data/output/cookies.txt
2026-02-17 04:50:19 [DEBUG] urllib3.connectionpool: Starting new HTTPS connection (1): www.youtube.com:443
2026-02-17 04:50:19 [DEBUG] urllib3.connectionpool: https://www.youtube.com:443 "GET /watch?v=y0Jyj6LAb8g HTTP/1.1" 200 None
2026-02-17 04:50:20 [DEBUG] urllib3.connectionpool: https://www.youtube.com:443 "POST /youtubei/v1/player?key=AIzaSyAO_FJ2SlqU8Q4STEHLGCilw_Y9_11qcW8 HTTP/1.1" 200 None
2026-02-17 04:50:20 [DEBUG] urllib3.connectionpool: https://www.youtube.com:443 "GET /api/timedtext?v=y0Jyj6LAb8g&ei=DGSUaaXXKf6KsfIP64S5yQY&caps=asr&opi=112496729&xoaf=5&xowf=1&hl=en&ip=0.0.0.0&ipbits=0&expire=1771357820&sparams=ip,ipbits,expire,v,ei,caps,opi,xoaf&signature=59706F63A68BA52653CC3D6FE87311E7EEA23258.0B242074D77EAE5F9609ADD1AA41CE2A8E6E02E3&key=yt8&kind=asr&lang=en HTTP/1.1" 200 None
2026-02-17 04:50:20 [INFO] journal_utilities.downloader: Downloaded transcript via API for y0Jyj6LAb8g
2026-02-17 04:50:20 [INFO] journal_utilities.downloader: Transcript for y0Jyj6LAb8g: success
2026-02-17 04:50:20 [INFO] journal_utilities.downloader: Audio already exists for y0Jyj6LAb8g, skipping
2026-02-17 04:50:20 [INFO] journal_utilities.downloader: Audio for y0Jyj6LAb8g: skipped
2026-02-17 04:50:21 [INFO] download_channel: [448/694] Processing WkWIqpxWRM4 — "Physics as Information Processing" ~ Chris Fields ~ Lecture 2
2026-02-17 04:50:21 [INFO] journal_utilities.downloader: Transcript already exists for WkWIqpxWRM4, skipping
2026-02-17 04:50:21 [INFO] journal_utilities.downloader: Transcript for WkWIqpxWRM4: skipped
2026-02-17 04:50:21 [INFO] journal_utilities.downloader: Audio already exists for WkWIqpxWRM4, skipping
2026-02-17 04:50:21 [INFO] journal_utilities.downloader: Audio for WkWIqpxWRM4: skipped
2026-02-17 04:50:22 [INFO] download_channel: [449/694] Processing GfImcptiLsY — Active Inference LiveStream 054.2 ~ “...Compositional Account of the Bayesian Brain” (Smithe)
2026-02-17 04:50:22 [INFO] journal_utilities.downloader: Transcript already exists for GfImcptiLsY, skipping
2026-02-17 04:50:22 [INFO] journal_utilities.downloader: Transcript for GfImcptiLsY: skipped
2026-02-17 04:50:22 [INFO] journal_utilities.downloader: Audio already exists for GfImcptiLsY, skipping
2026-02-17 04:50:22 [INFO] journal_utilities.downloader: Audio for GfImcptiLsY: skipped
2026-02-17 04:50:23 [INFO] download_channel: [450/694] Processing FymR0rKdLZo — ActInf GuestStream 044.1 ~ Tsuchiya & Saigo: Category Theory, Consciousness, Integrated Information
2026-02-17 04:50:23 [INFO] journal_utilities.downloader: Transcript already exists for FymR0rKdLZo, skipping
2026-02-17 04:50:23 [INFO] journal_utilities.downloader: Transcript for FymR0rKdLZo: skipped
2026-02-17 04:50:23 [INFO] journal_utilities.downloader: Audio already exists for FymR0rKdLZo, skipping
2026-02-17 04:50:23 [INFO] journal_utilities.downloader: Audio for FymR0rKdLZo: skipped
2026-02-17 04:50:24 [INFO] download_channel: [451/694] Processing fzFDvJhrn0U — Active Inference LiveStream 054.1 ~ “...Compositional Account of the Bayesian Brain” (Smithe)
2026-02-17 04:50:24 [INFO] journal_utilities.downloader: Transcript already exists for fzFDvJhrn0U, skipping
2026-02-17 04:50:24 [INFO] journal_utilities.downloader: Transcript for fzFDvJhrn0U: skipped
2026-02-17 04:50:24 [INFO] journal_utilities.downloader: Audio already exists for fzFDvJhrn0U, skipping
2026-02-17 04:50:24 [INFO] journal_utilities.downloader: Audio for fzFDvJhrn0U: skipped
2026-02-17 04:50:25 [INFO] download_channel: [452/694] Processing rOoTkgLI1Z8 — "Physics as Information Processing" ~ Ander Aguirre ~ Discussion 1
2026-02-17 04:50:25 [INFO] journal_utilities.downloader: Transcript already exists for rOoTkgLI1Z8, skipping
2026-02-17 04:50:25 [INFO] journal_utilities.downloader: Transcript for rOoTkgLI1Z8: skipped
2026-02-17 04:50:25 [INFO] journal_utilities.downloader: Audio already exists for rOoTkgLI1Z8, skipping
2026-02-17 04:50:25 [INFO] journal_utilities.downloader: Audio for rOoTkgLI1Z8: skipped
2026-02-17 04:50:26 [INFO] download_channel: [453/694] Processing S-tFHIqtbSI — ActInf GuestStream #015.3 ~ Bobby Azarian: "The Teleological Stance: The Free Energy Principle..."
2026-02-17 04:50:26 [INFO] journal_utilities.downloader: Transcript already exists for S-tFHIqtbSI, skipping
2026-02-17 04:50:26 [INFO] journal_utilities.downloader: Transcript for S-tFHIqtbSI: skipped
2026-02-17 04:50:26 [INFO] journal_utilities.downloader: Audio already exists for S-tFHIqtbSI, skipping
2026-02-17 04:50:26 [INFO] journal_utilities.downloader: Audio for S-tFHIqtbSI: skipped
2026-02-17 04:50:27 [INFO] download_channel: [454/694] Processing HK9ZkbxieLY — Active Inference LiveStream 054.0 ~ “...Compositional Account of the Bayesian Brain” (Smithe)
2026-02-17 04:50:27 [INFO] journal_utilities.downloader: Transcript already exists for HK9ZkbxieLY, skipping
2026-02-17 04:50:27 [INFO] journal_utilities.downloader: Transcript for HK9ZkbxieLY: skipped
2026-02-17 04:50:27 [INFO] journal_utilities.downloader: Audio already exists for HK9ZkbxieLY, skipping
2026-02-17 04:50:27 [INFO] journal_utilities.downloader: Audio for HK9ZkbxieLY: skipped
2026-02-17 04:50:28 [INFO] download_channel: [455/694] Processing FV7pW4p60VI — Active Inference BookStream 002.01 ~ Parr, Pezzulo, Friston ~ Chapters 1, 2, 3, 6
2026-02-17 04:50:28 [INFO] journal_utilities.downloader: Transcript already exists for FV7pW4p60VI, skipping
2026-02-17 04:50:28 [INFO] journal_utilities.downloader: Transcript for FV7pW4p60VI: skipped
2026-02-17 04:50:28 [INFO] journal_utilities.downloader: Audio already exists for FV7pW4p60VI, skipping
2026-02-17 04:50:28 [INFO] journal_utilities.downloader: Audio for FV7pW4p60VI: skipped
2026-02-17 04:50:29 [INFO] download_channel: [456/694] Processing RpOrRw4EhTo — "Physics as Information Processing" ~ Chris Fields ~ Lecture 1
2026-02-17 04:50:29 [INFO] journal_utilities.downloader: Transcript already exists for RpOrRw4EhTo, skipping
2026-02-17 04:50:29 [INFO] journal_utilities.downloader: Transcript for RpOrRw4EhTo: skipped
2026-02-17 04:50:29 [INFO] journal_utilities.downloader: Audio already exists for RpOrRw4EhTo, skipping
2026-02-17 04:50:29 [INFO] journal_utilities.downloader: Audio for RpOrRw4EhTo: skipped
2026-02-17 04:50:30 [INFO] download_channel: [457/694] Processing ChO1u1mJRGE — ActInf GuestStream 043.1 ~ Tom Froese: "Irruption Theory: Enactive Account of Motivated Activity"
2026-02-17 04:50:30 [INFO] journal_utilities.downloader: Transcript already exists for ChO1u1mJRGE, skipping
2026-02-17 04:50:30 [INFO] journal_utilities.downloader: Transcript for ChO1u1mJRGE: skipped
2026-02-17 04:50:30 [INFO] journal_utilities.downloader: Audio already exists for ChO1u1mJRGE, skipping
2026-02-17 04:50:30 [INFO] journal_utilities.downloader: Audio for ChO1u1mJRGE: skipped
2026-02-17 04:50:32 [INFO] download_channel: [458/694] Processing 6bZYptbETAw — ActInf GuestStream 042.1 ~ Bogotá & Djebbara: "Time-consciousness in computational phenomenology"
2026-02-17 04:50:32 [INFO] journal_utilities.downloader: Transcript already exists for 6bZYptbETAw, skipping
2026-02-17 04:50:32 [INFO] journal_utilities.downloader: Transcript for 6bZYptbETAw: skipped
2026-02-17 04:50:32 [INFO] journal_utilities.downloader: Audio already exists for 6bZYptbETAw, skipping
2026-02-17 04:50:32 [INFO] journal_utilities.downloader: Audio for 6bZYptbETAw: skipped
2026-02-17 04:50:33 [INFO] download_channel: [459/694] Processing EEyVd9d3D5U — ActInf GuestStream 041.1 ~ "A conversation on Chomsky & Large Language Models" ~ Murphy & Piantadosi
2026-02-17 04:50:33 [INFO] journal_utilities.downloader: Transcript already exists for EEyVd9d3D5U, skipping
2026-02-17 04:50:33 [INFO] journal_utilities.downloader: Transcript for EEyVd9d3D5U: skipped
2026-02-17 04:50:33 [INFO] journal_utilities.downloader: Audio already exists for EEyVd9d3D5U, skipping
2026-02-17 04:50:33 [INFO] journal_utilities.downloader: Audio for EEyVd9d3D5U: skipped
2026-02-17 04:50:34 [INFO] download_channel: [460/694] Processing xXAllRLtyoc — ActInf OrgStream #004.1 ~ "Plural Publics", Shrey Jain
2026-02-17 04:50:34 [DEBUG] journal_utilities.downloader: yt-dlp transcript cmd: yt-dlp --no-warnings --cookies data/output/cookies.txt --write-sub --write-auto-sub --sub-lang en --sub-format vtt --skip-download -o data/output/transcripts/%(id)s.%(ext)s https://www.youtube.com/watch?v=xXAllRLtyoc
2026-02-17 04:50:38 [INFO] journal_utilities.downloader: yt-dlp subtitles unavailable for xXAllRLtyoc, trying youtube_transcript_api
2026-02-17 04:50:38 [DEBUG] journal_utilities.downloader: Loaded cookies for transcript API from data/output/cookies.txt
2026-02-17 04:50:38 [DEBUG] urllib3.connectionpool: Starting new HTTPS connection (1): www.youtube.com:443
2026-02-17 04:50:38 [DEBUG] urllib3.connectionpool: https://www.youtube.com:443 "GET /watch?v=xXAllRLtyoc HTTP/1.1" 200 None
2026-02-17 04:50:40 [DEBUG] urllib3.connectionpool: https://www.youtube.com:443 "POST /youtubei/v1/player?key=AIzaSyAO_FJ2SlqU8Q4STEHLGCilw_Y9_11qcW8 HTTP/1.1" 200 None
2026-02-17 04:50:40 [DEBUG] urllib3.connectionpool: https://www.youtube.com:443 "GET /api/timedtext?v=xXAllRLtyoc&ei=IGSUafavFtSUt7EPoN6f6As&caps=asr&opi=112496729&xoaf=5&xowf=1&hl=en&ip=0.0.0.0&ipbits=0&expire=1771357840&sparams=ip,ipbits,expire,v,ei,caps,opi,xoaf&signature=18D0599FCB9EEA7D7AC8BC69C93AC56876ECCEC9.97335B91BD15D57997B96E0213F666187E0C99A3&key=yt8&kind=asr&lang=en HTTP/1.1" 200 None
2026-02-17 04:50:40 [INFO] journal_utilities.downloader: Downloaded transcript via API for xXAllRLtyoc
2026-02-17 04:50:40 [INFO] journal_utilities.downloader: Transcript for xXAllRLtyoc: success
2026-02-17 04:50:40 [INFO] journal_utilities.downloader: Audio already exists for xXAllRLtyoc, skipping
2026-02-17 04:50:40 [INFO] journal_utilities.downloader: Audio for xXAllRLtyoc: skipped
2026-02-17 04:50:41 [INFO] download_channel: [461/694] Processing XYMPAAynUu8 — Active Inference Institute ~ 2023 Quarterly Roundtable #1
2026-02-17 04:50:41 [INFO] journal_utilities.downloader: Transcript already exists for XYMPAAynUu8, skipping
2026-02-17 04:50:41 [INFO] journal_utilities.downloader: Transcript for XYMPAAynUu8: skipped
2026-02-17 04:50:41 [INFO] journal_utilities.downloader: Audio already exists for XYMPAAynUu8, skipping
2026-02-17 04:50:41 [INFO] journal_utilities.downloader: Audio for XYMPAAynUu8: skipped
2026-02-17 04:50:42 [INFO] download_channel: [462/694] Processing L6dhr5hUu8o — ActInf Livestream #053.2 ~ "Snakes and Ladders in Paleoanthropology" & "To copy or not to copy…"
2026-02-17 04:50:42 [INFO] journal_utilities.downloader: Transcript already exists for L6dhr5hUu8o, skipping
2026-02-17 04:50:42 [INFO] journal_utilities.downloader: Transcript for L6dhr5hUu8o: skipped
2026-02-17 04:50:42 [INFO] journal_utilities.downloader: Audio already exists for L6dhr5hUu8o, skipping
2026-02-17 04:50:42 [INFO] journal_utilities.downloader: Audio for L6dhr5hUu8o: skipped
2026-02-17 04:50:43 [INFO] download_channel: [463/694] Processing eZDSNPFS0Fs — ActInf GuestStream #040.1 ~ Wanja Wiese ~ Could large language models be conscious?
2026-02-17 04:50:43 [INFO] journal_utilities.downloader: Transcript already exists for eZDSNPFS0Fs, skipping
2026-02-17 04:50:43 [INFO] journal_utilities.downloader: Transcript for eZDSNPFS0Fs: skipped
2026-02-17 04:50:43 [INFO] journal_utilities.downloader: Audio already exists for eZDSNPFS0Fs, skipping
2026-02-17 04:50:43 [INFO] journal_utilities.downloader: Audio for eZDSNPFS0Fs: skipped
2026-02-17 04:50:44 [INFO] download_channel: [464/694] Processing 5IGzzm28qec — Active Inference BookStream #001.012 ~ "Governing Continuous Transformation"
2026-02-17 04:50:44 [INFO] journal_utilities.downloader: Transcript already exists for 5IGzzm28qec, skipping
2026-02-17 04:50:44 [INFO] journal_utilities.downloader: Transcript for 5IGzzm28qec: skipped
2026-02-17 04:50:44 [INFO] journal_utilities.downloader: Audio already exists for 5IGzzm28qec, skipping
2026-02-17 04:50:44 [INFO] journal_utilities.downloader: Audio for 5IGzzm28qec: skipped
2026-02-17 04:50:45 [INFO] download_channel: [465/694] Processing iHgxmn0ockg — ActInf Livestream #053.1 ~ "Snakes and Ladders in Paleoanthropology" & "To copy or not to copy…"
2026-02-17 04:50:45 [INFO] journal_utilities.downloader: Transcript already exists for iHgxmn0ockg, skipping
2026-02-17 04:50:45 [INFO] journal_utilities.downloader: Transcript for iHgxmn0ockg: skipped
2026-02-17 04:50:45 [INFO] journal_utilities.downloader: Audio already exists for iHgxmn0ockg, skipping
2026-02-17 04:50:45 [INFO] journal_utilities.downloader: Audio for iHgxmn0ockg: skipped
2026-02-17 04:50:46 [INFO] download_channel: [466/694] Processing c7ybFyP9KrI — ActInf Livestream #053.0 ~ "Snakes and Ladders in Paleoanthropology" & "To copy or not to copy…"
2026-02-17 04:50:46 [INFO] journal_utilities.downloader: Transcript already exists for c7ybFyP9KrI, skipping
2026-02-17 04:50:46 [INFO] journal_utilities.downloader: Transcript for c7ybFyP9KrI: skipped
2026-02-17 04:50:46 [INFO] journal_utilities.downloader: Audio already exists for c7ybFyP9KrI, skipping
2026-02-17 04:50:46 [INFO] journal_utilities.downloader: Audio for c7ybFyP9KrI: skipped
2026-02-17 04:50:47 [INFO] download_channel: [467/694] Processing jXEJO_5g0ho — ActInf GuestStream #039.1 ~ Sources of Richness and Ineffability for Phenomenally Conscious States
2026-02-17 04:50:47 [INFO] journal_utilities.downloader: Transcript already exists for jXEJO_5g0ho, skipping
2026-02-17 04:50:47 [INFO] journal_utilities.downloader: Transcript for jXEJO_5g0ho: skipped
2026-02-17 04:50:47 [INFO] journal_utilities.downloader: Audio already exists for jXEJO_5g0ho, skipping
2026-02-17 04:50:47 [INFO] journal_utilities.downloader: Audio for jXEJO_5g0ho: skipped
2026-02-17 04:50:48 [INFO] download_channel: [468/694] Processing eIZjx0miM9o — Active Inference BookStream #001.010 ~ "Governing Continuous Transformation"
2026-02-17 04:50:48 [INFO] journal_utilities.downloader: Transcript already exists for eIZjx0miM9o, skipping
2026-02-17 04:50:48 [INFO] journal_utilities.downloader: Transcript for eIZjx0miM9o: skipped
2026-02-17 04:50:48 [INFO] journal_utilities.downloader: Audio already exists for eIZjx0miM9o, skipping
2026-02-17 04:50:48 [INFO] journal_utilities.downloader: Audio for eIZjx0miM9o: skipped
2026-02-17 04:50:49 [INFO] download_channel: [469/694] Processing RO3XVXqvAII — ActInf Livestream #052.2 ~ Geometric Methods for Sampling, Optimisation, Inference and Adaptive...
2026-02-17 04:50:49 [INFO] journal_utilities.downloader: Transcript already exists for RO3XVXqvAII, skipping
2026-02-17 04:50:49 [INFO] journal_utilities.downloader: Transcript for RO3XVXqvAII: skipped
2026-02-17 04:50:49 [INFO] journal_utilities.downloader: Audio already exists for RO3XVXqvAII, skipping
2026-02-17 04:50:49 [INFO] journal_utilities.downloader: Audio for RO3XVXqvAII: skipped
2026-02-17 04:50:50 [INFO] download_channel: [470/694] Processing mrFZwfYuthk — ActInf GuestStream #038.1 ~ Max Berg "Oversampled and undersolved"
2026-02-17 04:50:50 [INFO] journal_utilities.downloader: Transcript already exists for mrFZwfYuthk, skipping
2026-02-17 04:50:50 [INFO] journal_utilities.downloader: Transcript for mrFZwfYuthk: skipped
2026-02-17 04:50:50 [INFO] journal_utilities.downloader: Audio already exists for mrFZwfYuthk, skipping
2026-02-17 04:50:50 [INFO] journal_utilities.downloader: Audio for mrFZwfYuthk: skipped
2026-02-17 04:50:51 [INFO] download_channel: [471/694] Processing 00O1QK9FWh8 — ActInf Livestream #052.1 ~ Geometric Methods for Sampling, Optimisation, Inference and Adaptive...
2026-02-17 04:50:51 [INFO] journal_utilities.downloader: Transcript already exists for 00O1QK9FWh8, skipping
2026-02-17 04:50:51 [INFO] journal_utilities.downloader: Transcript for 00O1QK9FWh8: skipped
2026-02-17 04:50:51 [INFO] journal_utilities.downloader: Audio already exists for 00O1QK9FWh8, skipping
2026-02-17 04:50:51 [INFO] journal_utilities.downloader: Audio for 00O1QK9FWh8: skipped
2026-02-17 04:50:52 [INFO] download_channel: [472/694] Processing LPj_ok8Pxxw — ActInf Livestream #052.0 ~ Geometric Methods for Sampling, Optimisation, Inference and Adaptive...
2026-02-17 04:50:52 [INFO] journal_utilities.downloader: Transcript already exists for LPj_ok8Pxxw, skipping
2026-02-17 04:50:52 [INFO] journal_utilities.downloader: Transcript for LPj_ok8Pxxw: skipped
2026-02-17 04:50:52 [INFO] journal_utilities.downloader: Audio already exists for LPj_ok8Pxxw, skipping
2026-02-17 04:50:52 [INFO] journal_utilities.downloader: Audio for LPj_ok8Pxxw: skipped
2026-02-17 04:50:53 [INFO] download_channel: [473/694] Processing xwybWzLFXGY — ActInf GuestStream #037.1 ~ Baba Brinkman
2026-02-17 04:50:53 [DEBUG] journal_utilities.downloader: yt-dlp transcript cmd: yt-dlp --no-warnings --cookies data/output/cookies.txt --write-sub --write-auto-sub --sub-lang en --sub-format vtt --skip-download -o data/output/transcripts/%(id)s.%(ext)s https://www.youtube.com/watch?v=xwybWzLFXGY
2026-02-17 04:50:57 [INFO] journal_utilities.downloader: yt-dlp subtitles unavailable for xwybWzLFXGY, trying youtube_transcript_api
2026-02-17 04:50:57 [DEBUG] journal_utilities.downloader: Loaded cookies for transcript API from data/output/cookies.txt
2026-02-17 04:50:57 [DEBUG] urllib3.connectionpool: Starting new HTTPS connection (1): www.youtube.com:443
2026-02-17 04:50:57 [DEBUG] urllib3.connectionpool: https://www.youtube.com:443 "GET /watch?v=xwybWzLFXGY HTTP/1.1" 200 None
2026-02-17 04:50:58 [DEBUG] urllib3.connectionpool: https://www.youtube.com:443 "POST /youtubei/v1/player?key=AIzaSyAO_FJ2SlqU8Q4STEHLGCilw_Y9_11qcW8 HTTP/1.1" 200 None
2026-02-17 04:50:58 [DEBUG] urllib3.connectionpool: https://www.youtube.com:443 "GET /api/timedtext?v=xwybWzLFXGY&ei=MmSUacaFJImUsfIPi-roEA&caps=asr&opi=112496729&xoaf=4&xowf=1&hl=en&ip=0.0.0.0&ipbits=0&expire=1771357858&sparams=ip,ipbits,expire,v,ei,caps,opi,xoaf&signature=B71B1F0DCF27A5169256412621A8CB4228F95D56.9C4F9575AFE97E3D51AABAE8BF6DE9293843B611&key=yt8&kind=asr&lang=en HTTP/1.1" 200 None
2026-02-17 04:50:58 [INFO] journal_utilities.downloader: Downloaded transcript via API for xwybWzLFXGY
2026-02-17 04:50:58 [INFO] journal_utilities.downloader: Transcript for xwybWzLFXGY: success
2026-02-17 04:50:58 [INFO] journal_utilities.downloader: Audio already exists for xwybWzLFXGY, skipping
2026-02-17 04:50:58 [INFO] journal_utilities.downloader: Audio for xwybWzLFXGY: skipped
2026-02-17 04:50:59 [INFO] download_channel: [474/694] Processing xlrZ00NQNHo — Active Inference BookStream #002.1 ~ Thomas Parr ~ Active Inference and Free Energy Principle...
2026-02-17 04:50:59 [DEBUG] journal_utilities.downloader: yt-dlp transcript cmd: yt-dlp --no-warnings --cookies data/output/cookies.txt --write-sub --write-auto-sub --sub-lang en --sub-format vtt --skip-download -o data/output/transcripts/%(id)s.%(ext)s https://www.youtube.com/watch?v=xlrZ00NQNHo
2026-02-17 04:51:03 [INFO] journal_utilities.downloader: yt-dlp subtitles unavailable for xlrZ00NQNHo, trying youtube_transcript_api
2026-02-17 04:51:03 [DEBUG] journal_utilities.downloader: Loaded cookies for transcript API from data/output/cookies.txt
2026-02-17 04:51:03 [DEBUG] urllib3.connectionpool: Starting new HTTPS connection (1): www.youtube.com:443
2026-02-17 04:51:03 [DEBUG] urllib3.connectionpool: https://www.youtube.com:443 "GET /watch?v=xlrZ00NQNHo HTTP/1.1" 200 None
2026-02-17 04:51:04 [DEBUG] urllib3.connectionpool: https://www.youtube.com:443 "POST /youtubei/v1/player?key=AIzaSyAO_FJ2SlqU8Q4STEHLGCilw_Y9_11qcW8 HTTP/1.1" 200 None
2026-02-17 04:51:04 [DEBUG] urllib3.connectionpool: https://www.youtube.com:443 "GET /api/timedtext?v=xlrZ00NQNHo&ei=OGSUaaCdLumYsfIP8dbBsQQ&caps=asr&opi=112496729&xoaf=5&xowf=1&hl=en&ip=0.0.0.0&ipbits=0&expire=1771357864&sparams=ip,ipbits,expire,v,ei,caps,opi,xoaf&signature=A0DA265AA4DC87EAA5DFE551EBBDF006ED384C11.3CC77C7D25854034EAB8EECCB201E01243032884&key=yt8&kind=asr&lang=en HTTP/1.1" 200 None
2026-02-17 04:51:04 [INFO] journal_utilities.downloader: Downloaded transcript via API for xlrZ00NQNHo
2026-02-17 04:51:04 [INFO] journal_utilities.downloader: Transcript for xlrZ00NQNHo: success
2026-02-17 04:51:04 [INFO] journal_utilities.downloader: Audio already exists for xlrZ00NQNHo, skipping
2026-02-17 04:51:04 [INFO] journal_utilities.downloader: Audio for xlrZ00NQNHo: skipped
2026-02-17 04:51:05 [INFO] download_channel: [475/694] Processing DQhPABvJBFk — Active Inference BookStream #001.2 ~ "Governing Continuous Transformation"
2026-02-17 04:51:05 [INFO] journal_utilities.downloader: Transcript already exists for DQhPABvJBFk, skipping
2026-02-17 04:51:05 [INFO] journal_utilities.downloader: Transcript for DQhPABvJBFk: skipped
2026-02-17 04:51:05 [INFO] journal_utilities.downloader: Audio already exists for DQhPABvJBFk, skipping
2026-02-17 04:51:05 [INFO] journal_utilities.downloader: Audio for DQhPABvJBFk: skipped
2026-02-17 04:51:06 [INFO] download_channel: [476/694] Processing j5FVxPubslo — ActInf GuestStream #036.1 ~ Ben Falandays, "A Potential Mechanism for Gibsonian Resonance"
2026-02-17 04:51:06 [INFO] journal_utilities.downloader: Transcript already exists for j5FVxPubslo, skipping
2026-02-17 04:51:06 [INFO] journal_utilities.downloader: Transcript for j5FVxPubslo: skipped
2026-02-17 04:51:06 [INFO] journal_utilities.downloader: Audio already exists for j5FVxPubslo, skipping
2026-02-17 04:51:06 [INFO] journal_utilities.downloader: Audio for j5FVxPubslo: skipped
2026-02-17 04:51:07 [INFO] download_channel: [477/694] Processing 3oFfxaKBBXY — Active Inference BookStream #001.09 ~ "Governing Continuous Transformation"
2026-02-17 04:51:07 [INFO] journal_utilities.downloader: Transcript already exists for 3oFfxaKBBXY, skipping
2026-02-17 04:51:07 [INFO] journal_utilities.downloader: Transcript for 3oFfxaKBBXY: skipped
2026-02-17 04:51:07 [INFO] journal_utilities.downloader: Audio already exists for 3oFfxaKBBXY, skipping
2026-02-17 04:51:07 [INFO] journal_utilities.downloader: Audio for 3oFfxaKBBXY: skipped
2026-02-17 04:51:08 [INFO] download_channel: [478/694] Processing yNZg5b63hb8 — Active Inference BookStream #001.08 ~ "Governing Continuous Transformation"
2026-02-17 04:51:08 [DEBUG] journal_utilities.downloader: yt-dlp transcript cmd: yt-dlp --no-warnings --cookies data/output/cookies.txt --write-sub --write-auto-sub --sub-lang en --sub-format vtt --skip-download -o data/output/transcripts/%(id)s.%(ext)s https://www.youtube.com/watch?v=yNZg5b63hb8
2026-02-17 04:51:12 [INFO] journal_utilities.downloader: yt-dlp subtitles unavailable for yNZg5b63hb8, trying youtube_transcript_api
2026-02-17 04:51:12 [DEBUG] journal_utilities.downloader: Loaded cookies for transcript API from data/output/cookies.txt
2026-02-17 04:51:12 [DEBUG] urllib3.connectionpool: Starting new HTTPS connection (1): www.youtube.com:443
2026-02-17 04:51:12 [DEBUG] urllib3.connectionpool: https://www.youtube.com:443 "GET /watch?v=yNZg5b63hb8 HTTP/1.1" 200 None
2026-02-17 04:51:13 [DEBUG] urllib3.connectionpool: https://www.youtube.com:443 "POST /youtubei/v1/player?key=AIzaSyAO_FJ2SlqU8Q4STEHLGCilw_Y9_11qcW8 HTTP/1.1" 200 None
2026-02-17 04:51:14 [DEBUG] urllib3.connectionpool: https://www.youtube.com:443 "GET /api/timedtext?v=yNZg5b63hb8&ei=QWSUacSGMYy8sfIP49GvwQc&caps=asr&opi=112496729&xoaf=5&xowf=1&hl=en&ip=0.0.0.0&ipbits=0&expire=1771357873&sparams=ip,ipbits,expire,v,ei,caps,opi,xoaf&signature=55407283F3D0E471C75AC1D87A056510A661409C.99B9FF09DA879B2682A88FC1AE089C3E5F56B967&key=yt8&kind=asr&lang=en HTTP/1.1" 200 None
2026-02-17 04:51:14 [INFO] journal_utilities.downloader: Downloaded transcript via API for yNZg5b63hb8
2026-02-17 04:51:14 [INFO] journal_utilities.downloader: Transcript for yNZg5b63hb8: success
2026-02-17 04:51:14 [INFO] journal_utilities.downloader: Audio already exists for yNZg5b63hb8, skipping
2026-02-17 04:51:14 [INFO] journal_utilities.downloader: Audio for yNZg5b63hb8: skipped
2026-02-17 04:51:15 [INFO] download_channel: [479/694] Processing Fh1e4sKh3Vs — ActInf ModelStream #008.1 ~ Tom Ringstrom ~ Reward is Not Necessary
2026-02-17 04:51:15 [INFO] journal_utilities.downloader: Transcript already exists for Fh1e4sKh3Vs, skipping
2026-02-17 04:51:15 [INFO] journal_utilities.downloader: Transcript for Fh1e4sKh3Vs: skipped
2026-02-17 04:51:15 [INFO] journal_utilities.downloader: Audio already exists for Fh1e4sKh3Vs, skipping
2026-02-17 04:51:15 [INFO] journal_utilities.downloader: Audio for Fh1e4sKh3Vs: skipped
2026-02-17 04:51:16 [INFO] download_channel: [480/694] Processing 0_yvUA0lsdI — Active Inference BookStream #001.07 ~ "Governing Continuous Transformation"
2026-02-17 04:51:16 [INFO] journal_utilities.downloader: Transcript already exists for 0_yvUA0lsdI, skipping
2026-02-17 04:51:16 [INFO] journal_utilities.downloader: Transcript for 0_yvUA0lsdI: skipped
2026-02-17 04:51:16 [INFO] journal_utilities.downloader: Audio already exists for 0_yvUA0lsdI, skipping
2026-02-17 04:51:16 [INFO] journal_utilities.downloader: Audio for 0_yvUA0lsdI: skipped
2026-02-17 04:51:17 [INFO] download_channel: [481/694] Processing tbHZC6D39C4 — ActInf GuestStream #035.1 ~ Jordan Hall & Matthew Pirkowski
2026-02-17 04:51:17 [DEBUG] journal_utilities.downloader: yt-dlp transcript cmd: yt-dlp --no-warnings --cookies data/output/cookies.txt --write-sub --write-auto-sub --sub-lang en --sub-format vtt --skip-download -o data/output/transcripts/%(id)s.%(ext)s https://www.youtube.com/watch?v=tbHZC6D39C4
2026-02-17 04:51:20 [INFO] journal_utilities.downloader: yt-dlp subtitles unavailable for tbHZC6D39C4, trying youtube_transcript_api
2026-02-17 04:51:20 [DEBUG] journal_utilities.downloader: Loaded cookies for transcript API from data/output/cookies.txt
2026-02-17 04:51:20 [DEBUG] urllib3.connectionpool: Starting new HTTPS connection (1): www.youtube.com:443
2026-02-17 04:51:21 [DEBUG] urllib3.connectionpool: https://www.youtube.com:443 "GET /watch?v=tbHZC6D39C4 HTTP/1.1" 200 None
2026-02-17 04:51:22 [DEBUG] urllib3.connectionpool: https://www.youtube.com:443 "POST /youtubei/v1/player?key=AIzaSyAO_FJ2SlqU8Q4STEHLGCilw_Y9_11qcW8 HTTP/1.1" 200 None
2026-02-17 04:51:22 [DEBUG] urllib3.connectionpool: https://www.youtube.com:443 "GET /api/timedtext?v=tbHZC6D39C4&ei=SmSUaeGTGZG3sfIP1Lfz0A0&caps=asr&opi=112496729&xoaf=4&xowf=1&hl=en&ip=0.0.0.0&ipbits=0&expire=1771357882&sparams=ip,ipbits,expire,v,ei,caps,opi,xoaf&signature=0F3B374DF5C6770BAFEC33AEF3BA2116A7FE833F.A6F1F9D210E8EF280623705D9E6D62736301D8CC&key=yt8&kind=asr&lang=en HTTP/1.1" 200 None
2026-02-17 04:51:22 [INFO] journal_utilities.downloader: Downloaded transcript via API for tbHZC6D39C4
2026-02-17 04:51:22 [INFO] journal_utilities.downloader: Transcript for tbHZC6D39C4: success
2026-02-17 04:51:22 [INFO] journal_utilities.downloader: Audio already exists for tbHZC6D39C4, skipping
2026-02-17 04:51:22 [INFO] journal_utilities.downloader: Audio for tbHZC6D39C4: skipped
2026-02-17 04:51:23 [INFO] download_channel: [482/694] Processing 9IPx38SHGqw — ActInf GuestStream #034.1 ~ Avel Guénin-Carlut ~ "Physics of Creation"
2026-02-17 04:51:23 [INFO] journal_utilities.downloader: Transcript already exists for 9IPx38SHGqw, skipping
2026-02-17 04:51:23 [INFO] journal_utilities.downloader: Transcript for 9IPx38SHGqw: skipped
2026-02-17 04:51:23 [INFO] journal_utilities.downloader: Audio already exists for 9IPx38SHGqw, skipping
2026-02-17 04:51:23 [INFO] journal_utilities.downloader: Audio for 9IPx38SHGqw: skipped
2026-02-17 04:51:24 [INFO] download_channel: [483/694] Processing uX8iSoDR83g — Active Inference ModelStream 007.2 ~ pymdp
2026-02-17 04:51:24 [DEBUG] journal_utilities.downloader: yt-dlp transcript cmd: yt-dlp --no-warnings --cookies data/output/cookies.txt --write-sub --write-auto-sub --sub-lang en --sub-format vtt --skip-download -o data/output/transcripts/%(id)s.%(ext)s https://www.youtube.com/watch?v=uX8iSoDR83g
2026-02-17 04:51:28 [INFO] journal_utilities.downloader: yt-dlp subtitles unavailable for uX8iSoDR83g, trying youtube_transcript_api
2026-02-17 04:51:28 [DEBUG] journal_utilities.downloader: Loaded cookies for transcript API from data/output/cookies.txt
2026-02-17 04:51:28 [DEBUG] urllib3.connectionpool: Starting new HTTPS connection (1): www.youtube.com:443
2026-02-17 04:51:28 [DEBUG] urllib3.connectionpool: https://www.youtube.com:443 "GET /watch?v=uX8iSoDR83g HTTP/1.1" 200 None
2026-02-17 04:51:29 [DEBUG] urllib3.connectionpool: https://www.youtube.com:443 "POST /youtubei/v1/player?key=AIzaSyAO_FJ2SlqU8Q4STEHLGCilw_Y9_11qcW8 HTTP/1.1" 200 None
2026-02-17 04:51:30 [DEBUG] urllib3.connectionpool: https://www.youtube.com:443 "GET /api/timedtext?v=uX8iSoDR83g&ei=UWSUac2HMveUsfIPyJH28QQ&caps=asr&opi=112496729&xoaf=5&xowf=1&hl=en&ip=0.0.0.0&ipbits=0&expire=1771357889&sparams=ip,ipbits,expire,v,ei,caps,opi,xoaf&signature=AB1168D0B854291645D6FB967CB3A50D480B4E25.4FD8098CC4ED8773D1B1D07BE25DE6DE9001A8F2&key=yt8&kind=asr&lang=en HTTP/1.1" 200 None
2026-02-17 04:51:30 [INFO] journal_utilities.downloader: Downloaded transcript via API for uX8iSoDR83g
2026-02-17 04:51:30 [INFO] journal_utilities.downloader: Transcript for uX8iSoDR83g: success
2026-02-17 04:51:30 [INFO] journal_utilities.downloader: Audio already exists for uX8iSoDR83g, skipping
2026-02-17 04:51:30 [INFO] journal_utilities.downloader: Audio for uX8iSoDR83g: skipped
2026-02-17 04:51:31 [INFO] download_channel: [484/694] Processing 0P_6ME2LpCw — Active Inference BookStream #001.06 ~ "Governing Continuous Transformation"
2026-02-17 04:51:31 [INFO] journal_utilities.downloader: Transcript already exists for 0P_6ME2LpCw, skipping
2026-02-17 04:51:31 [INFO] journal_utilities.downloader: Transcript for 0P_6ME2LpCw: skipped
2026-02-17 04:51:31 [INFO] journal_utilities.downloader: Audio already exists for 0P_6ME2LpCw, skipping
2026-02-17 04:51:31 [INFO] journal_utilities.downloader: Audio for 0P_6ME2LpCw: skipped
2026-02-17 04:51:32 [INFO] download_channel: [485/694] Processing zICcGukKbAA — ActInf GuestStream #033.1 ~ "A taxonomy of surprise definitions", Alireza Modirshanechi
2026-02-17 04:51:32 [DEBUG] journal_utilities.downloader: yt-dlp transcript cmd: yt-dlp --no-warnings --cookies data/output/cookies.txt --write-sub --write-auto-sub --sub-lang en --sub-format vtt --skip-download -o data/output/transcripts/%(id)s.%(ext)s https://www.youtube.com/watch?v=zICcGukKbAA
2026-02-17 04:51:35 [INFO] journal_utilities.downloader: yt-dlp subtitles unavailable for zICcGukKbAA, trying youtube_transcript_api
2026-02-17 04:51:35 [DEBUG] journal_utilities.downloader: Loaded cookies for transcript API from data/output/cookies.txt
2026-02-17 04:51:35 [DEBUG] urllib3.connectionpool: Starting new HTTPS connection (1): www.youtube.com:443
2026-02-17 04:51:36 [DEBUG] urllib3.connectionpool: https://www.youtube.com:443 "GET /watch?v=zICcGukKbAA HTTP/1.1" 200 None
2026-02-17 04:51:36 [DEBUG] urllib3.connectionpool: https://www.youtube.com:443 "POST /youtubei/v1/player?key=AIzaSyAO_FJ2SlqU8Q4STEHLGCilw_Y9_11qcW8 HTTP/1.1" 200 None
2026-02-17 04:51:37 [DEBUG] urllib3.connectionpool: https://www.youtube.com:443 "GET /api/timedtext?v=zICcGukKbAA&ei=WGSUafyGMpKYsfIP9cOWeA&caps=asr&opi=112496729&xoaf=5&xowf=1&hl=en&ip=0.0.0.0&ipbits=0&expire=1771357896&sparams=ip,ipbits,expire,v,ei,caps,opi,xoaf&signature=746A4BBC056FE1DC5927C70DF0B3F621402576F9.E8554BC54FE71F63C9B279E18EBABABC5539923D&key=yt8&kind=asr&lang=en HTTP/1.1" 200 None
2026-02-17 04:51:37 [INFO] journal_utilities.downloader: Downloaded transcript via API for zICcGukKbAA
2026-02-17 04:51:37 [INFO] journal_utilities.downloader: Transcript for zICcGukKbAA: success
2026-02-17 04:51:37 [INFO] journal_utilities.downloader: Audio already exists for zICcGukKbAA, skipping
2026-02-17 04:51:37 [INFO] journal_utilities.downloader: Audio for zICcGukKbAA: skipped
2026-02-17 04:51:38 [INFO] download_channel: [486/694] Processing FB_93-zDqNo — Active Inference BookStream #001.1 ~ "Governing Continuous Transformation"
2026-02-17 04:51:38 [INFO] journal_utilities.downloader: Transcript already exists for FB_93-zDqNo, skipping
2026-02-17 04:51:38 [INFO] journal_utilities.downloader: Transcript for FB_93-zDqNo: skipped
2026-02-17 04:51:38 [INFO] journal_utilities.downloader: Audio already exists for FB_93-zDqNo, skipping
2026-02-17 04:51:38 [INFO] journal_utilities.downloader: Audio for FB_93-zDqNo: skipped
2026-02-17 04:51:39 [INFO] download_channel: [487/694] Processing 0pMxBM3ahwQ — ActInf GuestStream #032.1 ~ Adam Pease "A Neuro-Symbolic Approach to Language Understanding"
2026-02-17 04:51:39 [INFO] journal_utilities.downloader: Transcript already exists for 0pMxBM3ahwQ, skipping
2026-02-17 04:51:39 [INFO] journal_utilities.downloader: Transcript for 0pMxBM3ahwQ: skipped
2026-02-17 04:51:39 [INFO] journal_utilities.downloader: Audio already exists for 0pMxBM3ahwQ, skipping
2026-02-17 04:51:39 [INFO] journal_utilities.downloader: Audio for 0pMxBM3ahwQ: skipped
2026-02-17 04:51:40 [INFO] download_channel: [488/694] Processing BPzwSTalH5E — Active Inference BookStream #001.04 ~ "Governing Continuous Transformation"
2026-02-17 04:51:40 [INFO] journal_utilities.downloader: Transcript already exists for BPzwSTalH5E, skipping
2026-02-17 04:51:40 [INFO] journal_utilities.downloader: Transcript for BPzwSTalH5E: skipped
2026-02-17 04:51:40 [INFO] journal_utilities.downloader: Audio already exists for BPzwSTalH5E, skipping
2026-02-17 04:51:40 [INFO] journal_utilities.downloader: Audio for BPzwSTalH5E: skipped
2026-02-17 04:51:41 [INFO] download_channel: [489/694] Processing 4IL6KtlCn_o — 2022 Active Inference Livestream Review
2026-02-17 04:51:41 [INFO] journal_utilities.downloader: Transcript already exists for 4IL6KtlCn_o, skipping
2026-02-17 04:51:41 [INFO] journal_utilities.downloader: Transcript for 4IL6KtlCn_o: skipped
2026-02-17 04:51:41 [INFO] journal_utilities.downloader: Audio already exists for 4IL6KtlCn_o, skipping
2026-02-17 04:51:41 [INFO] journal_utilities.downloader: Audio for 4IL6KtlCn_o: skipped
2026-02-17 04:51:42 [INFO] download_channel: [490/694] Processing rCmq0TVGpW0 — Active Inference BookStream #001.03 ~ "Governing Continuous Transformation"
2026-02-17 04:51:42 [INFO] journal_utilities.downloader: Transcript already exists for rCmq0TVGpW0, skipping
2026-02-17 04:51:42 [INFO] journal_utilities.downloader: Transcript for rCmq0TVGpW0: skipped
2026-02-17 04:51:42 [INFO] journal_utilities.downloader: Audio already exists for rCmq0TVGpW0, skipping
2026-02-17 04:51:42 [INFO] journal_utilities.downloader: Audio for rCmq0TVGpW0: skipped
2026-02-17 04:51:43 [INFO] download_channel: [491/694] Processing d8c0iFU8vms — Active Inference BookStream #001.02 ~ "Governing Continuous Transformation"
2026-02-17 04:51:43 [INFO] journal_utilities.downloader: Transcript already exists for d8c0iFU8vms, skipping
2026-02-17 04:51:43 [INFO] journal_utilities.downloader: Transcript for d8c0iFU8vms: skipped
2026-02-17 04:51:43 [INFO] journal_utilities.downloader: Audio already exists for d8c0iFU8vms, skipping
2026-02-17 04:51:43 [INFO] journal_utilities.downloader: Audio for d8c0iFU8vms: skipped
2026-02-17 04:51:44 [INFO] download_channel: [492/694] Processing 57-aRIjUrC4 — ActInf GuestStream #031.1 ~ Brett Kagan & Adeel Razi
2026-02-17 04:51:44 [INFO] journal_utilities.downloader: Transcript already exists for 57-aRIjUrC4, skipping
2026-02-17 04:51:44 [INFO] journal_utilities.downloader: Transcript for 57-aRIjUrC4: skipped
2026-02-17 04:51:44 [INFO] journal_utilities.downloader: Audio already exists for 57-aRIjUrC4, skipping
2026-02-17 04:51:44 [INFO] journal_utilities.downloader: Audio for 57-aRIjUrC4: skipped
2026-02-17 04:51:45 [INFO] download_channel: [493/694] Processing thO3nsvgego — Active Inference BookStream #001.01 ~ "Governing Continuous Transformation"
2026-02-17 04:51:45 [DEBUG] journal_utilities.downloader: yt-dlp transcript cmd: yt-dlp --no-warnings --cookies data/output/cookies.txt --write-sub --write-auto-sub --sub-lang en --sub-format vtt --skip-download -o data/output/transcripts/%(id)s.%(ext)s https://www.youtube.com/watch?v=thO3nsvgego
2026-02-17 04:51:49 [INFO] journal_utilities.downloader: yt-dlp subtitles unavailable for thO3nsvgego, trying youtube_transcript_api
2026-02-17 04:51:49 [DEBUG] journal_utilities.downloader: Loaded cookies for transcript API from data/output/cookies.txt
2026-02-17 04:51:49 [DEBUG] urllib3.connectionpool: Starting new HTTPS connection (1): www.youtube.com:443
2026-02-17 04:51:49 [DEBUG] urllib3.connectionpool: https://www.youtube.com:443 "GET /watch?v=thO3nsvgego HTTP/1.1" 200 None
2026-02-17 04:51:50 [DEBUG] urllib3.connectionpool: https://www.youtube.com:443 "POST /youtubei/v1/player?key=AIzaSyAO_FJ2SlqU8Q4STEHLGCilw_Y9_11qcW8 HTTP/1.1" 200 None
2026-02-17 04:51:50 [DEBUG] urllib3.connectionpool: https://www.youtube.com:443 "GET /api/timedtext?v=thO3nsvgego&ei=ZmSUaeHUMOCQsfIPlabPwQ4&caps=asr&opi=112496729&xoaf=5&xowf=1&hl=en&ip=0.0.0.0&ipbits=0&expire=1771357910&sparams=ip,ipbits,expire,v,ei,caps,opi,xoaf&signature=C921F9A40EB2A22451DF817F1B82DCF2A321D20C.02D042C2C56A39AC8E0A96A23D8B8161FA81C37B&key=yt8&kind=asr&lang=en HTTP/1.1" 200 None
2026-02-17 04:51:51 [INFO] journal_utilities.downloader: Downloaded transcript via API for thO3nsvgego
2026-02-17 04:51:51 [INFO] journal_utilities.downloader: Transcript for thO3nsvgego: success
2026-02-17 04:51:51 [INFO] journal_utilities.downloader: Audio already exists for thO3nsvgego, skipping
2026-02-17 04:51:51 [INFO] journal_utilities.downloader: Audio for thO3nsvgego: skipped
2026-02-17 04:51:52 [INFO] download_channel: [494/694] Processing skf3sOM-7WI — Active Inference ModelStream 007.1 ~ Conor Heins & Daphne Demekas ~ pymdp
2026-02-17 04:51:52 [INFO] journal_utilities.downloader: Transcript already exists for skf3sOM-7WI, skipping
2026-02-17 04:51:52 [INFO] journal_utilities.downloader: Transcript for skf3sOM-7WI: skipped
2026-02-17 04:51:52 [INFO] journal_utilities.downloader: Audio already exists for skf3sOM-7WI, skipping
2026-02-17 04:51:52 [INFO] journal_utilities.downloader: Audio for skf3sOM-7WI: skipped
2026-02-17 04:51:53 [INFO] download_channel: [495/694] Processing hY_CajLpt9Q — ActInf Livestream #051.2 ~ “Canonical neural networks perform active inference"
2026-02-17 04:51:53 [INFO] journal_utilities.downloader: Transcript already exists for hY_CajLpt9Q, skipping
2026-02-17 04:51:53 [INFO] journal_utilities.downloader: Transcript for hY_CajLpt9Q: skipped
2026-02-17 04:51:53 [INFO] journal_utilities.downloader: Audio already exists for hY_CajLpt9Q, skipping
2026-02-17 04:51:53 [INFO] journal_utilities.downloader: Audio for hY_CajLpt9Q: skipped
2026-02-17 04:51:54 [INFO] download_channel: [496/694] Processing OwGNVmQIO9E — ActInf OrgStream #003.1 ~ Bijan Khezri
2026-02-17 04:51:54 [INFO] journal_utilities.downloader: Transcript already exists for OwGNVmQIO9E, skipping
2026-02-17 04:51:54 [INFO] journal_utilities.downloader: Transcript for OwGNVmQIO9E: skipped
2026-02-17 04:51:54 [INFO] journal_utilities.downloader: Audio already exists for OwGNVmQIO9E, skipping
2026-02-17 04:51:54 [INFO] journal_utilities.downloader: Audio for OwGNVmQIO9E: skipped
2026-02-17 04:51:55 [INFO] download_channel: [497/694] Processing 4o-LmkycAC0 — ActInf Livestream #050.2 ~ "Interoception as modeling, allostasis as control"
2026-02-17 04:51:55 [INFO] journal_utilities.downloader: Transcript already exists for 4o-LmkycAC0, skipping
2026-02-17 04:51:55 [INFO] journal_utilities.downloader: Transcript for 4o-LmkycAC0: skipped
2026-02-17 04:51:55 [INFO] journal_utilities.downloader: Audio already exists for 4o-LmkycAC0, skipping
2026-02-17 04:51:55 [INFO] journal_utilities.downloader: Audio for 4o-LmkycAC0: skipped
2026-02-17 04:51:56 [INFO] download_channel: [498/694] Processing IM_NlUzyq8M — ActInf Livestream #051.1 ~ “Canonical neural networks perform active inference"
2026-02-17 04:51:56 [INFO] journal_utilities.downloader: Transcript already exists for IM_NlUzyq8M, skipping
2026-02-17 04:51:56 [INFO] journal_utilities.downloader: Transcript for IM_NlUzyq8M: skipped
2026-02-17 04:51:56 [INFO] journal_utilities.downloader: Audio already exists for IM_NlUzyq8M, skipping
2026-02-17 04:51:56 [INFO] journal_utilities.downloader: Audio for IM_NlUzyq8M: skipped
2026-02-17 04:51:57 [INFO] download_channel: [499/694] Processing ZASG-rtkXDk — ActInf Livestream #051.0 ~ “Canonical neural networks perform active inference"
2026-02-17 04:51:57 [INFO] journal_utilities.downloader: Transcript already exists for ZASG-rtkXDk, skipping
2026-02-17 04:51:57 [INFO] journal_utilities.downloader: Transcript for ZASG-rtkXDk: skipped
2026-02-17 04:51:57 [INFO] journal_utilities.downloader: Audio already exists for ZASG-rtkXDk, skipping
2026-02-17 04:51:57 [INFO] journal_utilities.downloader: Audio for ZASG-rtkXDk: skipped
2026-02-17 04:51:58 [INFO] download_channel: [500/694] Processing tGd-mgSdbio — ActInf Livestream #050.1~ "Interoception as modeling, allostasis as control"
2026-02-17 04:51:58 [INFO] journal_utilities.downloader: Transcript already exists for tGd-mgSdbio, skipping
2026-02-17 04:51:58 [INFO] journal_utilities.downloader: Transcript for tGd-mgSdbio: skipped
2026-02-17 04:51:58 [INFO] journal_utilities.downloader: Audio already exists for tGd-mgSdbio, skipping
2026-02-17 04:51:58 [INFO] journal_utilities.downloader: Audio for tGd-mgSdbio: skipped
2026-02-17 04:51:59 [INFO] download_channel: [501/694] Processing l7r0ISlr-Hc — ActInf Livestream #050.0~ "Interoception as modeling, allostasis as control"
2026-02-17 04:51:59 [INFO] journal_utilities.downloader: Transcript already exists for l7r0ISlr-Hc, skipping
2026-02-17 04:51:59 [INFO] journal_utilities.downloader: Transcript for l7r0ISlr-Hc: skipped
2026-02-17 04:51:59 [INFO] journal_utilities.downloader: Audio already exists for l7r0ISlr-Hc, skipping
2026-02-17 04:51:59 [INFO] journal_utilities.downloader: Audio for l7r0ISlr-Hc: skipped
2026-02-17 04:52:00 [INFO] download_channel: [502/694] Processing QUBmgn7K_4E — Active Inference GuestStream #030.1 ~ Kyrtin Atreides ~ "The Human Governance Problem"
2026-02-17 04:52:00 [INFO] journal_utilities.downloader: Transcript already exists for QUBmgn7K_4E, skipping
2026-02-17 04:52:00 [INFO] journal_utilities.downloader: Transcript for QUBmgn7K_4E: skipped
2026-02-17 04:52:00 [INFO] journal_utilities.downloader: Audio already exists for QUBmgn7K_4E, skipping
2026-02-17 04:52:00 [INFO] journal_utilities.downloader: Audio for QUBmgn7K_4E: skipped
2026-02-17 04:52:01 [INFO] download_channel: [503/694] Processing KqiLO9Dfj-4 — ActInf GuestStream #028.1 ~ Reconceiving rationality: situating rationality into enactive cognition
2026-02-17 04:52:01 [INFO] journal_utilities.downloader: Transcript already exists for KqiLO9Dfj-4, skipping
2026-02-17 04:52:01 [INFO] journal_utilities.downloader: Transcript for KqiLO9Dfj-4: skipped
2026-02-17 04:52:01 [INFO] journal_utilities.downloader: Audio already exists for KqiLO9Dfj-4, skipping
2026-02-17 04:52:01 [INFO] journal_utilities.downloader: Audio for KqiLO9Dfj-4: skipped
2026-02-17 04:52:02 [INFO] download_channel: [504/694] Processing 2SuBJBEg9LI — ActInf Livestream #049.2 ~ "A Worked Example of the Bayesian Mechanics of Classical Objects"
2026-02-17 04:52:02 [INFO] journal_utilities.downloader: Transcript already exists for 2SuBJBEg9LI, skipping
2026-02-17 04:52:02 [INFO] journal_utilities.downloader: Transcript for 2SuBJBEg9LI: skipped
2026-02-17 04:52:02 [INFO] journal_utilities.downloader: Audio already exists for 2SuBJBEg9LI, skipping
2026-02-17 04:52:02 [INFO] journal_utilities.downloader: Audio for 2SuBJBEg9LI: skipped
2026-02-17 04:52:03 [INFO] download_channel: [505/694] Processing dAtC-Enmc8M — ActInf Livestream #049.1 ~ "A Worked Example of the Bayesian Mechanics of Classical Objects"
2026-02-17 04:52:03 [INFO] journal_utilities.downloader: Transcript already exists for dAtC-Enmc8M, skipping
2026-02-17 04:52:03 [INFO] journal_utilities.downloader: Transcript for dAtC-Enmc8M: skipped
2026-02-17 04:52:03 [INFO] journal_utilities.downloader: Audio already exists for dAtC-Enmc8M, skipping
2026-02-17 04:52:03 [INFO] journal_utilities.downloader: Audio for dAtC-Enmc8M: skipped
2026-02-17 04:52:04 [INFO] download_channel: [506/694] Processing OtX2Fpzn7KA — ActInf Livestream #049.0 ~ "A Worked Example of the Bayesian Mechanics of Classical Objects"
2026-02-17 04:52:04 [INFO] journal_utilities.downloader: Transcript already exists for OtX2Fpzn7KA, skipping
2026-02-17 04:52:04 [INFO] journal_utilities.downloader: Transcript for OtX2Fpzn7KA: skipped
2026-02-17 04:52:04 [INFO] journal_utilities.downloader: Audio already exists for OtX2Fpzn7KA, skipping
2026-02-17 04:52:04 [INFO] journal_utilities.downloader: Audio for OtX2Fpzn7KA: skipped
2026-02-17 04:52:05 [INFO] download_channel: [507/694] Processing DJ9n6a8mMzM — Active Inference Institute ~ 2022 Quarterly Roundtable #3
2026-02-17 04:52:05 [INFO] journal_utilities.downloader: Transcript already exists for DJ9n6a8mMzM, skipping
2026-02-17 04:52:05 [INFO] journal_utilities.downloader: Transcript for DJ9n6a8mMzM: skipped
2026-02-17 04:52:05 [INFO] journal_utilities.downloader: Audio already exists for DJ9n6a8mMzM, skipping
2026-02-17 04:52:05 [INFO] journal_utilities.downloader: Audio for DJ9n6a8mMzM: skipped
2026-02-17 04:52:06 [INFO] download_channel: [508/694] Processing Sb8A0jNzWPE — Active Inference ~ Twitter Spaces #002 ~ Web3 survive without cognitive modeling? 👀
2026-02-17 04:52:06 [INFO] journal_utilities.downloader: Transcript already exists for Sb8A0jNzWPE, skipping
2026-02-17 04:52:06 [INFO] journal_utilities.downloader: Transcript for Sb8A0jNzWPE: skipped
2026-02-17 04:52:06 [INFO] journal_utilities.downloader: Audio already exists for Sb8A0jNzWPE, skipping
2026-02-17 04:52:06 [INFO] journal_utilities.downloader: Audio for Sb8A0jNzWPE: skipped
2026-02-17 04:52:07 [INFO] download_channel: [509/694] Processing hIIyYu2C-SI — ActInf Livestream #048.2 ~ "Communication as Socially Extended Active Inference"
2026-02-17 04:52:07 [INFO] journal_utilities.downloader: Transcript already exists for hIIyYu2C-SI, skipping
2026-02-17 04:52:07 [INFO] journal_utilities.downloader: Transcript for hIIyYu2C-SI: skipped
2026-02-17 04:52:07 [INFO] journal_utilities.downloader: Audio already exists for hIIyYu2C-SI, skipping
2026-02-17 04:52:07 [INFO] journal_utilities.downloader: Audio for hIIyYu2C-SI: skipped
2026-02-17 04:52:08 [INFO] download_channel: [510/694] Processing aN1GXOZp6xY — ActInf MathStream #004.1 ~ David Spivak
2026-02-17 04:52:08 [INFO] journal_utilities.downloader: Transcript already exists for aN1GXOZp6xY, skipping
2026-02-17 04:52:08 [INFO] journal_utilities.downloader: Transcript for aN1GXOZp6xY: skipped
2026-02-17 04:52:08 [INFO] journal_utilities.downloader: Audio already exists for aN1GXOZp6xY, skipping
2026-02-17 04:52:08 [INFO] journal_utilities.downloader: Audio for aN1GXOZp6xY: skipped
2026-02-17 04:52:09 [INFO] download_channel: [511/694] Processing Pw2vxMRxF5o — Active Inference GuestStream #027.1 ~ John Vervaeke
2026-02-17 04:52:09 [INFO] journal_utilities.downloader: Transcript already exists for Pw2vxMRxF5o, skipping
2026-02-17 04:52:09 [INFO] journal_utilities.downloader: Transcript for Pw2vxMRxF5o: skipped
2026-02-17 04:52:09 [INFO] journal_utilities.downloader: Audio already exists for Pw2vxMRxF5o, skipping
2026-02-17 04:52:09 [INFO] journal_utilities.downloader: Audio for Pw2vxMRxF5o: skipped
2026-02-17 04:52:10 [INFO] download_channel: [512/694] Processing nWFM5zrdmG8 — ActInf Livestream #048.1 ~ "Communication as Socially Extended Active Inference"
2026-02-17 04:52:10 [INFO] journal_utilities.downloader: Transcript already exists for nWFM5zrdmG8, skipping
2026-02-17 04:52:10 [INFO] journal_utilities.downloader: Transcript for nWFM5zrdmG8: skipped
2026-02-17 04:52:10 [INFO] journal_utilities.downloader: Audio already exists for nWFM5zrdmG8, skipping
2026-02-17 04:52:10 [INFO] journal_utilities.downloader: Audio for nWFM5zrdmG8: skipped
2026-02-17 04:52:11 [INFO] download_channel: [513/694] Processing zqiZjjY9H7M — ActInf Livestream #048.0 ~ "Communication as Socially Extended Active Inference"
2026-02-17 04:52:11 [DEBUG] journal_utilities.downloader: yt-dlp transcript cmd: yt-dlp --no-warnings --cookies data/output/cookies.txt --write-sub --write-auto-sub --sub-lang en --sub-format vtt --skip-download -o data/output/transcripts/%(id)s.%(ext)s https://www.youtube.com/watch?v=zqiZjjY9H7M
2026-02-17 04:52:16 [INFO] journal_utilities.downloader: yt-dlp subtitles unavailable for zqiZjjY9H7M, trying youtube_transcript_api
2026-02-17 04:52:16 [DEBUG] journal_utilities.downloader: Loaded cookies for transcript API from data/output/cookies.txt
2026-02-17 04:52:16 [DEBUG] urllib3.connectionpool: Starting new HTTPS connection (1): www.youtube.com:443
2026-02-17 04:52:16 [DEBUG] urllib3.connectionpool: https://www.youtube.com:443 "GET /watch?v=zqiZjjY9H7M HTTP/1.1" 200 None
2026-02-17 04:52:17 [DEBUG] urllib3.connectionpool: https://www.youtube.com:443 "POST /youtubei/v1/player?key=AIzaSyAO_FJ2SlqU8Q4STEHLGCilw_Y9_11qcW8 HTTP/1.1" 200 None
2026-02-17 04:52:17 [DEBUG] urllib3.connectionpool: https://www.youtube.com:443 "GET /api/timedtext?v=zqiZjjY9H7M&ei=gWSUaZTTGpTBsfIPrL_e8Qs&caps=asr&opi=112496729&xoaf=5&xowf=1&hl=en&ip=0.0.0.0&ipbits=0&expire=1771357937&sparams=ip,ipbits,expire,v,ei,caps,opi,xoaf&signature=B53A791608838B8DC3D17168712707EFB4CCC246.2F700C27861DB043B6D9F3EED8824E9740BBA857&key=yt8&lang=en HTTP/1.1" 200 None
2026-02-17 04:52:18 [INFO] journal_utilities.downloader: Downloaded transcript via API for zqiZjjY9H7M
2026-02-17 04:52:18 [INFO] journal_utilities.downloader: Transcript for zqiZjjY9H7M: success
2026-02-17 04:52:18 [INFO] journal_utilities.downloader: Audio already exists for zqiZjjY9H7M, skipping
2026-02-17 04:52:18 [INFO] journal_utilities.downloader: Audio for zqiZjjY9H7M: skipped
2026-02-17 04:52:19 [INFO] download_channel: [514/694] Processing xBKRLG97cz4 — ActInf ModelStream #006.1 ~ "Branching Time Active Inference: the theory and its generality"
2026-02-17 04:52:19 [DEBUG] journal_utilities.downloader: yt-dlp transcript cmd: yt-dlp --no-warnings --cookies data/output/cookies.txt --write-sub --write-auto-sub --sub-lang en --sub-format vtt --skip-download -o data/output/transcripts/%(id)s.%(ext)s https://www.youtube.com/watch?v=xBKRLG97cz4
2026-02-17 04:52:24 [INFO] journal_utilities.downloader: yt-dlp subtitles unavailable for xBKRLG97cz4, trying youtube_transcript_api
2026-02-17 04:52:24 [DEBUG] journal_utilities.downloader: Loaded cookies for transcript API from data/output/cookies.txt
2026-02-17 04:52:24 [DEBUG] urllib3.connectionpool: Starting new HTTPS connection (1): www.youtube.com:443
2026-02-17 04:52:24 [DEBUG] urllib3.connectionpool: https://www.youtube.com:443 "GET /watch?v=xBKRLG97cz4 HTTP/1.1" 200 None
2026-02-17 04:52:25 [DEBUG] urllib3.connectionpool: https://www.youtube.com:443 "POST /youtubei/v1/player?key=AIzaSyAO_FJ2SlqU8Q4STEHLGCilw_Y9_11qcW8 HTTP/1.1" 200 None
2026-02-17 04:52:25 [DEBUG] urllib3.connectionpool: https://www.youtube.com:443 "GET /api/timedtext?v=xBKRLG97cz4&ei=iWSUadT6J4OVt7EP25OeuQo&caps=asr&opi=112496729&xoaf=5&xowf=1&hl=en&ip=0.0.0.0&ipbits=0&expire=1771357945&sparams=ip,ipbits,expire,v,ei,caps,opi,xoaf&signature=0196B1BDD6E2E051BC8DBDFD20A3C9968C1C2330.D669AEA838AC400BD52A850F9CA8874F71C55333&key=yt8&kind=asr&lang=en HTTP/1.1" 200 None
2026-02-17 04:52:25 [INFO] journal_utilities.downloader: Downloaded transcript via API for xBKRLG97cz4
2026-02-17 04:52:25 [INFO] journal_utilities.downloader: Transcript for xBKRLG97cz4: success
2026-02-17 04:52:25 [INFO] journal_utilities.downloader: Audio already exists for xBKRLG97cz4, skipping
2026-02-17 04:52:25 [INFO] journal_utilities.downloader: Audio for xBKRLG97cz4: skipped
2026-02-17 04:52:26 [INFO] download_channel: [515/694] Processing riJYh87FPx4 — ActInf Livestream #047.2 ~ “Enactive-Dynamic Social Cognition" & “Active Inference and Abduction”
2026-02-17 04:52:26 [INFO] journal_utilities.downloader: Transcript already exists for riJYh87FPx4, skipping
2026-02-17 04:52:26 [INFO] journal_utilities.downloader: Transcript for riJYh87FPx4: skipped
2026-02-17 04:52:26 [INFO] journal_utilities.downloader: Audio already exists for riJYh87FPx4, skipping
2026-02-17 04:52:26 [INFO] journal_utilities.downloader: Audio for riJYh87FPx4: skipped
2026-02-17 04:52:27 [INFO] download_channel: [516/694] Processing J7cu4slfIBA — ActInf GuestStream #026.1 ~ "From Users to (Sense)Makers" and Stigmergic Annotation
2026-02-17 04:52:27 [INFO] journal_utilities.downloader: Transcript already exists for J7cu4slfIBA, skipping
2026-02-17 04:52:27 [INFO] journal_utilities.downloader: Transcript for J7cu4slfIBA: skipped
2026-02-17 04:52:27 [INFO] journal_utilities.downloader: Audio already exists for J7cu4slfIBA, skipping
2026-02-17 04:52:27 [INFO] journal_utilities.downloader: Audio for J7cu4slfIBA: skipped
2026-02-17 04:52:28 [INFO] download_channel: [517/694] Processing 1yYFJnf_mHY — ActInf Livestream #047.1 ~ “Enactive-Dynamic Social Cognition" & “Active Inference and Abduction”
2026-02-17 04:52:28 [INFO] journal_utilities.downloader: Transcript already exists for 1yYFJnf_mHY, skipping
2026-02-17 04:52:28 [INFO] journal_utilities.downloader: Transcript for 1yYFJnf_mHY: skipped
2026-02-17 04:52:28 [INFO] journal_utilities.downloader: Audio already exists for 1yYFJnf_mHY, skipping
2026-02-17 04:52:28 [INFO] journal_utilities.downloader: Audio for 1yYFJnf_mHY: skipped
2026-02-17 04:52:29 [INFO] download_channel: [518/694] Processing ZYhrtsyzS_w — ActInf GuestStream #025.1 ~ "Autistic-Like Traits, Positive Schizotypy, Predictive Mind”
2026-02-17 04:52:29 [INFO] journal_utilities.downloader: Transcript already exists for ZYhrtsyzS_w, skipping
2026-02-17 04:52:29 [INFO] journal_utilities.downloader: Transcript for ZYhrtsyzS_w: skipped
2026-02-17 04:52:29 [INFO] journal_utilities.downloader: Audio already exists for ZYhrtsyzS_w, skipping
2026-02-17 04:52:29 [INFO] journal_utilities.downloader: Audio for ZYhrtsyzS_w: skipped
2026-02-17 04:52:30 [INFO] download_channel: [519/694] Processing WKjqw3My_xM — ActInf Livestream #047.0 ~ “Enactive-Dynamic Social Cognition" & “Active Inference and Abduction”
2026-02-17 04:52:30 [INFO] journal_utilities.downloader: Transcript already exists for WKjqw3My_xM, skipping
2026-02-17 04:52:30 [INFO] journal_utilities.downloader: Transcript for WKjqw3My_xM: skipped
2026-02-17 04:52:30 [INFO] journal_utilities.downloader: Audio already exists for WKjqw3My_xM, skipping
2026-02-17 04:52:30 [INFO] journal_utilities.downloader: Audio for WKjqw3My_xM: skipped
2026-02-17 04:52:31 [INFO] download_channel: [520/694] Processing dTVHHenms_Y — 2nd Applied Active Inference Symposium on "Robotics" ~ 2nd session
2026-02-17 04:52:31 [INFO] journal_utilities.downloader: Transcript already exists for dTVHHenms_Y, skipping
2026-02-17 04:52:31 [INFO] journal_utilities.downloader: Transcript for dTVHHenms_Y: skipped
2026-02-17 04:52:31 [INFO] journal_utilities.downloader: Audio already exists for dTVHHenms_Y, skipping
2026-02-17 04:52:31 [INFO] journal_utilities.downloader: Audio for dTVHHenms_Y: skipped
2026-02-17 04:52:32 [INFO] download_channel: [521/694] Processing zm2d9o5n0PU — 2nd Applied Active Inference Symposium on "Robotics" ~ 1st session
2026-02-17 04:52:32 [DEBUG] journal_utilities.downloader: yt-dlp transcript cmd: yt-dlp --no-warnings --cookies data/output/cookies.txt --write-sub --write-auto-sub --sub-lang en --sub-format vtt --skip-download -o data/output/transcripts/%(id)s.%(ext)s https://www.youtube.com/watch?v=zm2d9o5n0PU
2026-02-17 04:52:38 [INFO] journal_utilities.downloader: yt-dlp subtitles unavailable for zm2d9o5n0PU, trying youtube_transcript_api
2026-02-17 04:52:38 [DEBUG] journal_utilities.downloader: Loaded cookies for transcript API from data/output/cookies.txt
2026-02-17 04:52:38 [DEBUG] urllib3.connectionpool: Starting new HTTPS connection (1): www.youtube.com:443
2026-02-17 04:52:38 [DEBUG] urllib3.connectionpool: https://www.youtube.com:443 "GET /watch?v=zm2d9o5n0PU HTTP/1.1" 200 None
2026-02-17 04:52:39 [DEBUG] urllib3.connectionpool: https://www.youtube.com:443 "POST /youtubei/v1/player?key=AIzaSyAO_FJ2SlqU8Q4STEHLGCilw_Y9_11qcW8 HTTP/1.1" 200 None
2026-02-17 04:52:39 [DEBUG] urllib3.connectionpool: https://www.youtube.com:443 "GET /api/timedtext?v=zm2d9o5n0PU&ei=l2SUaY7xC8aUsfIPw6zj0AQ&caps=asr&opi=112496729&xoaf=5&xowf=1&hl=en&ip=0.0.0.0&ipbits=0&expire=1771357959&sparams=ip,ipbits,expire,v,ei,caps,opi,xoaf&signature=5E7696829EDCF29442B69FC77C533D282D73399C.5CE71AA284A2A2D37FB93C7BD37165B5ABDFB8B4&key=yt8&kind=asr&lang=en HTTP/1.1" 200 None
2026-02-17 04:52:39 [INFO] journal_utilities.downloader: Downloaded transcript via API for zm2d9o5n0PU
2026-02-17 04:52:39 [INFO] journal_utilities.downloader: Transcript for zm2d9o5n0PU: success
2026-02-17 04:52:39 [INFO] journal_utilities.downloader: Audio already exists for zm2d9o5n0PU, skipping
2026-02-17 04:52:39 [INFO] journal_utilities.downloader: Audio for zm2d9o5n0PU: skipped
2026-02-17 04:52:40 [INFO] download_channel: [522/694] Processing WEfc9X437yY — ActInf GuestStream #015.2 ~ Bobby Azarian "The Integrated Evolutionary Synthesis"
2026-02-17 04:52:40 [INFO] journal_utilities.downloader: Transcript already exists for WEfc9X437yY, skipping
2026-02-17 04:52:40 [INFO] journal_utilities.downloader: Transcript for WEfc9X437yY: skipped
2026-02-17 04:52:40 [INFO] journal_utilities.downloader: Audio already exists for WEfc9X437yY, skipping
2026-02-17 04:52:40 [INFO] journal_utilities.downloader: Audio for WEfc9X437yY: skipped
2026-02-17 04:52:41 [INFO] download_channel: [523/694] Processing 2s27lSZDqGM — ActInfLab ~ 2022 Quarterly Roundtable #2
2026-02-17 04:52:41 [INFO] journal_utilities.downloader: Transcript already exists for 2s27lSZDqGM, skipping
2026-02-17 04:52:41 [INFO] journal_utilities.downloader: Transcript for 2s27lSZDqGM: skipped
2026-02-17 04:52:41 [INFO] journal_utilities.downloader: Audio already exists for 2s27lSZDqGM, skipping
2026-02-17 04:52:41 [INFO] journal_utilities.downloader: Audio for 2s27lSZDqGM: skipped
2026-02-17 04:52:42 [INFO] download_channel: [524/694] Processing 7_YNInrALU8 — ActInf Livestream #046.2 ~ "Active inference models do not contradict folk psychology"
2026-02-17 04:52:42 [INFO] journal_utilities.downloader: Transcript already exists for 7_YNInrALU8, skipping
2026-02-17 04:52:42 [INFO] journal_utilities.downloader: Transcript for 7_YNInrALU8: skipped
2026-02-17 04:52:42 [INFO] journal_utilities.downloader: Audio already exists for 7_YNInrALU8, skipping
2026-02-17 04:52:42 [INFO] journal_utilities.downloader: Audio for 7_YNInrALU8: skipped
2026-02-17 04:52:43 [INFO] download_channel: [525/694] Processing JPsdk7pVa1I — ActInf Livestream #046.1 ~ "Active inference models do not contradict folk psychology"
2026-02-17 04:52:43 [INFO] journal_utilities.downloader: Transcript already exists for JPsdk7pVa1I, skipping
2026-02-17 04:52:43 [INFO] journal_utilities.downloader: Transcript for JPsdk7pVa1I: skipped
2026-02-17 04:52:43 [INFO] journal_utilities.downloader: Audio already exists for JPsdk7pVa1I, skipping
2026-02-17 04:52:43 [INFO] journal_utilities.downloader: Audio for JPsdk7pVa1I: skipped
2026-02-17 04:52:44 [INFO] download_channel: [526/694] Processing igY9iyowesc — ActInf GuestStream #023.1 ~ Maxwell Ramstead, Dalton Sakthivadivel, et al.
2026-02-17 04:52:44 [INFO] journal_utilities.downloader: Transcript already exists for igY9iyowesc, skipping
2026-02-17 04:52:44 [INFO] journal_utilities.downloader: Transcript for igY9iyowesc: skipped
2026-02-17 04:52:44 [INFO] journal_utilities.downloader: Audio already exists for igY9iyowesc, skipping
2026-02-17 04:52:44 [INFO] journal_utilities.downloader: Audio for igY9iyowesc: skipped
2026-02-17 04:52:45 [INFO] download_channel: [527/694] Processing c0_Vf5_qiWk — ActInf GuestStream #016.2 ~ Mark Solms "Consciousness as Precision Optimization"
2026-02-17 04:52:45 [INFO] journal_utilities.downloader: Transcript already exists for c0_Vf5_qiWk, skipping
2026-02-17 04:52:45 [INFO] journal_utilities.downloader: Transcript for c0_Vf5_qiWk: skipped
2026-02-17 04:52:45 [INFO] journal_utilities.downloader: Audio already exists for c0_Vf5_qiWk, skipping
2026-02-17 04:52:45 [INFO] journal_utilities.downloader: Audio for c0_Vf5_qiWk: skipped
2026-02-17 04:52:46 [INFO] download_channel: [528/694] Processing skcKoCcAQJI — ActInf Livestream #046.0 ~ "Active inference models do not contradict folk psychology"
2026-02-17 04:52:46 [INFO] journal_utilities.downloader: Transcript already exists for skcKoCcAQJI, skipping
2026-02-17 04:52:46 [INFO] journal_utilities.downloader: Transcript for skcKoCcAQJI: skipped
2026-02-17 04:52:46 [INFO] journal_utilities.downloader: Audio already exists for skcKoCcAQJI, skipping
2026-02-17 04:52:46 [INFO] journal_utilities.downloader: Audio for skcKoCcAQJI: skipped
2026-02-17 04:52:47 [INFO] download_channel: [529/694] Processing S5-jXzhiG18 — ActInf Livestream #045.2 ~ "The free energy principle made simpler but not too simple"
2026-02-17 04:52:47 [INFO] journal_utilities.downloader: Transcript already exists for S5-jXzhiG18, skipping
2026-02-17 04:52:47 [INFO] journal_utilities.downloader: Transcript for S5-jXzhiG18: skipped
2026-02-17 04:52:47 [INFO] journal_utilities.downloader: Audio already exists for S5-jXzhiG18, skipping
2026-02-17 04:52:47 [INFO] journal_utilities.downloader: Audio for S5-jXzhiG18: skipped
2026-02-17 04:52:48 [INFO] download_channel: [530/694] Processing V0l9fOJgbtc — ActInf Livestream #045.1 ~ "The free energy principle made simpler but not too simple"
2026-02-17 04:52:48 [INFO] journal_utilities.downloader: Transcript already exists for V0l9fOJgbtc, skipping
2026-02-17 04:52:48 [INFO] journal_utilities.downloader: Transcript for V0l9fOJgbtc: skipped
2026-02-17 04:52:48 [INFO] journal_utilities.downloader: Audio already exists for V0l9fOJgbtc, skipping
2026-02-17 04:52:48 [INFO] journal_utilities.downloader: Audio for V0l9fOJgbtc: skipped
2026-02-17 04:52:49 [INFO] download_channel: [531/694] Processing 9MQQKaKEXs0 — ActInf Livestream #045.0 ~ "The free energy principle made simpler but not too simple"
2026-02-17 04:52:49 [INFO] journal_utilities.downloader: Transcript already exists for 9MQQKaKEXs0, skipping
2026-02-17 04:52:49 [INFO] journal_utilities.downloader: Transcript for 9MQQKaKEXs0: skipped
2026-02-17 04:52:49 [INFO] journal_utilities.downloader: Audio already exists for 9MQQKaKEXs0, skipping
2026-02-17 04:52:49 [INFO] journal_utilities.downloader: Audio for 9MQQKaKEXs0: skipped
2026-02-17 04:52:50 [INFO] download_channel: [532/694] Processing epoHxFdzFkw — ActInf Livestream #044.2 ~ Therapeutic Alliance as Active Inference: The Role of Therapeutic Touch..
2026-02-17 04:52:50 [INFO] journal_utilities.downloader: Transcript already exists for epoHxFdzFkw, skipping
2026-02-17 04:52:50 [INFO] journal_utilities.downloader: Transcript for epoHxFdzFkw: skipped
2026-02-17 04:52:50 [INFO] journal_utilities.downloader: Audio already exists for epoHxFdzFkw, skipping
2026-02-17 04:52:50 [INFO] journal_utilities.downloader: Audio for epoHxFdzFkw: skipped
2026-02-17 04:52:51 [INFO] download_channel: [533/694] Processing y1vtKYzVUaY — ActInf Livestream #044.1 ~ Therapeutic Alliance as Active Inference: The Role of Therapeutic Touch..
2026-02-17 04:52:51 [DEBUG] journal_utilities.downloader: yt-dlp transcript cmd: yt-dlp --no-warnings --cookies data/output/cookies.txt --write-sub --write-auto-sub --sub-lang en --sub-format vtt --skip-download -o data/output/transcripts/%(id)s.%(ext)s https://www.youtube.com/watch?v=y1vtKYzVUaY
2026-02-17 04:52:55 [INFO] journal_utilities.downloader: yt-dlp subtitles unavailable for y1vtKYzVUaY, trying youtube_transcript_api
2026-02-17 04:52:55 [DEBUG] journal_utilities.downloader: Loaded cookies for transcript API from data/output/cookies.txt
2026-02-17 04:52:55 [DEBUG] urllib3.connectionpool: Starting new HTTPS connection (1): www.youtube.com:443
2026-02-17 04:52:55 [DEBUG] urllib3.connectionpool: https://www.youtube.com:443 "GET /watch?v=y1vtKYzVUaY HTTP/1.1" 200 None
2026-02-17 04:52:56 [DEBUG] urllib3.connectionpool: https://www.youtube.com:443 "POST /youtubei/v1/player?key=AIzaSyAO_FJ2SlqU8Q4STEHLGCilw_Y9_11qcW8 HTTP/1.1" 200 None
2026-02-17 04:52:56 [DEBUG] urllib3.connectionpool: https://www.youtube.com:443 "GET /api/timedtext?v=y1vtKYzVUaY&ei=qGSUaazoF5XbsfIPpbWguAs&caps=asr&opi=112496729&xoaf=5&xowf=1&hl=en&ip=0.0.0.0&ipbits=0&expire=1771357976&sparams=ip,ipbits,expire,v,ei,caps,opi,xoaf&signature=4803F2260060D769464C5A2C5D02121005B8B924.BD1B5BC43E36E064C9C7A85F92819A207EA581B3&key=yt8&kind=asr&lang=en HTTP/1.1" 200 None
2026-02-17 04:52:56 [INFO] journal_utilities.downloader: Downloaded transcript via API for y1vtKYzVUaY
2026-02-17 04:52:56 [INFO] journal_utilities.downloader: Transcript for y1vtKYzVUaY: success
2026-02-17 04:52:56 [INFO] journal_utilities.downloader: Audio already exists for y1vtKYzVUaY, skipping
2026-02-17 04:52:56 [INFO] journal_utilities.downloader: Audio for y1vtKYzVUaY: skipped
2026-02-17 04:52:57 [INFO] download_channel: [534/694] Processing yNubOHOJeIQ — ActInf Livestream #044.0 ~ Therapeutic Alliance as Active Inference: The Role of Therapeutic Touch
2026-02-17 04:52:57 [DEBUG] journal_utilities.downloader: yt-dlp transcript cmd: yt-dlp --no-warnings --cookies data/output/cookies.txt --write-sub --write-auto-sub --sub-lang en --sub-format vtt --skip-download -o data/output/transcripts/%(id)s.%(ext)s https://www.youtube.com/watch?v=yNubOHOJeIQ
2026-02-17 04:53:01 [INFO] journal_utilities.downloader: yt-dlp subtitles unavailable for yNubOHOJeIQ, trying youtube_transcript_api
2026-02-17 04:53:01 [DEBUG] journal_utilities.downloader: Loaded cookies for transcript API from data/output/cookies.txt
2026-02-17 04:53:01 [DEBUG] urllib3.connectionpool: Starting new HTTPS connection (1): www.youtube.com:443
2026-02-17 04:53:02 [DEBUG] urllib3.connectionpool: https://www.youtube.com:443 "GET /watch?v=yNubOHOJeIQ HTTP/1.1" 200 None
2026-02-17 04:53:03 [DEBUG] urllib3.connectionpool: https://www.youtube.com:443 "POST /youtubei/v1/player?key=AIzaSyAO_FJ2SlqU8Q4STEHLGCilw_Y9_11qcW8 HTTP/1.1" 200 None
2026-02-17 04:53:03 [DEBUG] urllib3.connectionpool: https://www.youtube.com:443 "GET /api/timedtext?v=yNubOHOJeIQ&ei=r2SUaZHDBIyRsfIP78begQs&caps=asr&opi=112496729&xoaf=5&xowf=1&hl=en&ip=0.0.0.0&ipbits=0&expire=1771357983&sparams=ip,ipbits,expire,v,ei,caps,opi,xoaf&signature=281AE1B2198233507B0C1951707E5CD5221EED83.C828FA0D007EAB6B9C000646A756B7484BE5C295&key=yt8&kind=asr&lang=en HTTP/1.1" 200 None
2026-02-17 04:53:03 [INFO] journal_utilities.downloader: Downloaded transcript via API for yNubOHOJeIQ
2026-02-17 04:53:03 [INFO] journal_utilities.downloader: Transcript for yNubOHOJeIQ: success
2026-02-17 04:53:03 [INFO] journal_utilities.downloader: Audio already exists for yNubOHOJeIQ, skipping
2026-02-17 04:53:03 [INFO] journal_utilities.downloader: Audio for yNubOHOJeIQ: skipped
2026-02-17 04:53:04 [INFO] download_channel: [535/694] Processing X0Q6JLDYWJo — ActInf Livestream #043.2 ~ "Predictive Coding: a Theoretical and Experimental Review"
2026-02-17 04:53:04 [INFO] journal_utilities.downloader: Transcript already exists for X0Q6JLDYWJo, skipping
2026-02-17 04:53:04 [INFO] journal_utilities.downloader: Transcript for X0Q6JLDYWJo: skipped
2026-02-17 04:53:04 [INFO] journal_utilities.downloader: Audio already exists for X0Q6JLDYWJo, skipping
2026-02-17 04:53:04 [INFO] journal_utilities.downloader: Audio for X0Q6JLDYWJo: skipped
2026-02-17 04:53:05 [INFO] download_channel: [536/694] Processing O4u8PRzk1vY — ActInf Livestream #043.1 ~ "Predictive Coding: a Theoretical and Experimental Review"
2026-02-17 04:53:05 [INFO] journal_utilities.downloader: Transcript already exists for O4u8PRzk1vY, skipping
2026-02-17 04:53:05 [INFO] journal_utilities.downloader: Transcript for O4u8PRzk1vY: skipped
2026-02-17 04:53:05 [INFO] journal_utilities.downloader: Audio already exists for O4u8PRzk1vY, skipping
2026-02-17 04:53:05 [INFO] journal_utilities.downloader: Audio for O4u8PRzk1vY: skipped
2026-02-17 04:53:06 [INFO] download_channel: [537/694] Processing 4VApGjFESlE — ActInf GuestStream #022.1 ~ Anna Lembke, "Dopamine Nation"
2026-02-17 04:53:06 [INFO] journal_utilities.downloader: Transcript already exists for 4VApGjFESlE, skipping
2026-02-17 04:53:06 [INFO] journal_utilities.downloader: Transcript for 4VApGjFESlE: skipped
2026-02-17 04:53:06 [INFO] journal_utilities.downloader: Audio already exists for 4VApGjFESlE, skipping
2026-02-17 04:53:06 [INFO] journal_utilities.downloader: Audio for 4VApGjFESlE: skipped
2026-02-17 04:53:07 [INFO] download_channel: [538/694] Processing cLe-rBtRXiQ — ActInf Livestream #043.0 ~ "Predictive Coding: a Theoretical and Experimental Review"
2026-02-17 04:53:07 [INFO] journal_utilities.downloader: Transcript already exists for cLe-rBtRXiQ, skipping
2026-02-17 04:53:07 [INFO] journal_utilities.downloader: Transcript for cLe-rBtRXiQ: skipped
2026-02-17 04:53:07 [INFO] journal_utilities.downloader: Audio already exists for cLe-rBtRXiQ, skipping
2026-02-17 04:53:07 [INFO] journal_utilities.downloader: Audio for cLe-rBtRXiQ: skipped
2026-02-17 04:53:08 [INFO] download_channel: [539/694] Processing IXJn-BMsKVw — ActInf Livestream #042.2 ~ "Robot navigation as hierarchical active inference"
2026-02-17 04:53:08 [INFO] journal_utilities.downloader: Transcript already exists for IXJn-BMsKVw, skipping
2026-02-17 04:53:08 [INFO] journal_utilities.downloader: Transcript for IXJn-BMsKVw: skipped
2026-02-17 04:53:08 [INFO] journal_utilities.downloader: Audio already exists for IXJn-BMsKVw, skipping
2026-02-17 04:53:08 [INFO] journal_utilities.downloader: Audio for IXJn-BMsKVw: skipped
2026-02-17 04:53:09 [INFO] download_channel: [540/694] Processing _MH7E58zKxY — ActInf GuestStream #021.1 ~ Adam Safron
2026-02-17 04:53:09 [INFO] journal_utilities.downloader: Transcript already exists for _MH7E58zKxY, skipping
2026-02-17 04:53:09 [INFO] journal_utilities.downloader: Transcript for _MH7E58zKxY: skipped
2026-02-17 04:53:09 [INFO] journal_utilities.downloader: Audio already exists for _MH7E58zKxY, skipping
2026-02-17 04:53:09 [INFO] journal_utilities.downloader: Audio for _MH7E58zKxY: skipped
2026-02-17 04:53:10 [INFO] download_channel: [541/694] Processing SwUzTlGNI2A — ActInf GuestStream #021.1 ~  Shannon Proksch "Coordination Dynamics of Multi-agent Interaction"
2026-02-17 04:53:10 [INFO] journal_utilities.downloader: Transcript already exists for SwUzTlGNI2A, skipping
2026-02-17 04:53:10 [INFO] journal_utilities.downloader: Transcript for SwUzTlGNI2A: skipped
2026-02-17 04:53:10 [INFO] journal_utilities.downloader: Audio already exists for SwUzTlGNI2A, skipping
2026-02-17 04:53:10 [INFO] journal_utilities.downloader: Audio for SwUzTlGNI2A: skipped
2026-02-17 04:53:11 [INFO] download_channel: [542/694] Processing UUQIVqcI-yw — ActInf Livestream #042.1 ~ "Robot navigation as hierarchical active inference"
2026-02-17 04:53:11 [INFO] journal_utilities.downloader: Transcript already exists for UUQIVqcI-yw, skipping
2026-02-17 04:53:11 [INFO] journal_utilities.downloader: Transcript for UUQIVqcI-yw: skipped
2026-02-17 04:53:11 [INFO] journal_utilities.downloader: Audio already exists for UUQIVqcI-yw, skipping
2026-02-17 04:53:11 [INFO] journal_utilities.downloader: Audio for UUQIVqcI-yw: skipped
2026-02-17 04:53:12 [INFO] download_channel: [543/694] Processing Dl6v-3COgCo — ActInf Livestream #042.0 ~ "Robot navigation as hierarchical active inference"
2026-02-17 04:53:12 [INFO] journal_utilities.downloader: Transcript already exists for Dl6v-3COgCo, skipping
2026-02-17 04:53:12 [INFO] journal_utilities.downloader: Transcript for Dl6v-3COgCo: skipped
2026-02-17 04:53:12 [INFO] journal_utilities.downloader: Audio already exists for Dl6v-3COgCo, skipping
2026-02-17 04:53:12 [INFO] journal_utilities.downloader: Audio for Dl6v-3COgCo: skipped
2026-02-17 04:53:13 [INFO] download_channel: [544/694] Processing RB2axUYnE8I — ActInf Livestream #041.2, Extended active inference: Constructing predictive cognition beyond skulls
2026-02-17 04:53:13 [INFO] journal_utilities.downloader: Transcript already exists for RB2axUYnE8I, skipping
2026-02-17 04:53:13 [INFO] journal_utilities.downloader: Transcript for RB2axUYnE8I: skipped
2026-02-17 04:53:13 [INFO] journal_utilities.downloader: Audio already exists for RB2axUYnE8I, skipping
2026-02-17 04:53:13 [INFO] journal_utilities.downloader: Audio for RB2axUYnE8I: skipped
2026-02-17 04:53:14 [INFO] download_channel: [545/694] Processing H6rjjPZE5hs — ActInf Livestream #041.1, Extended active inference: Constructing predictive cognition beyond skulls
2026-02-17 04:53:14 [INFO] journal_utilities.downloader: Transcript already exists for H6rjjPZE5hs, skipping
2026-02-17 04:53:14 [INFO] journal_utilities.downloader: Transcript for H6rjjPZE5hs: skipped
2026-02-17 04:53:14 [INFO] journal_utilities.downloader: Audio already exists for H6rjjPZE5hs, skipping
2026-02-17 04:53:14 [INFO] journal_utilities.downloader: Audio for H6rjjPZE5hs: skipped
2026-02-17 04:53:15 [INFO] download_channel: [546/694] Processing VsOqIxNYpPQ — ActInf Livestream #041.0, Extended active inference: Constructing predictive cognition beyond skulls
2026-02-17 04:53:15 [INFO] journal_utilities.downloader: Transcript already exists for VsOqIxNYpPQ, skipping
2026-02-17 04:53:15 [INFO] journal_utilities.downloader: Transcript for VsOqIxNYpPQ: skipped
2026-02-17 04:53:15 [INFO] journal_utilities.downloader: Audio already exists for VsOqIxNYpPQ, skipping
2026-02-17 04:53:15 [INFO] journal_utilities.downloader: Audio for VsOqIxNYpPQ: skipped
2026-02-17 04:53:16 [INFO] download_channel: [547/694] Processing ozuzf6Pvlyg — ActInfLab 2022 Quarterly Roundtable #1
2026-02-17 04:53:16 [INFO] journal_utilities.downloader: Transcript already exists for ozuzf6Pvlyg, skipping
2026-02-17 04:53:16 [INFO] journal_utilities.downloader: Transcript for ozuzf6Pvlyg: skipped
2026-02-17 04:53:16 [INFO] journal_utilities.downloader: Audio already exists for ozuzf6Pvlyg, skipping
2026-02-17 04:53:16 [INFO] journal_utilities.downloader: Audio for ozuzf6Pvlyg: skipped
2026-02-17 04:53:17 [INFO] download_channel: [548/694] Processing e_JGrt4jbhE — ActInf GuestStream #019.1 ~ Marco Facchin: Extended Predictive Minds: do Markov Blankets Matter?
2026-02-17 04:53:17 [INFO] journal_utilities.downloader: Transcript already exists for e_JGrt4jbhE, skipping
2026-02-17 04:53:17 [INFO] journal_utilities.downloader: Transcript for e_JGrt4jbhE: skipped
2026-02-17 04:53:17 [INFO] journal_utilities.downloader: Audio already exists for e_JGrt4jbhE, skipping
2026-02-17 04:53:17 [INFO] journal_utilities.downloader: Audio for e_JGrt4jbhE: skipped
2026-02-17 04:53:18 [INFO] download_channel: [549/694] Processing Cgo-0UU848M — ActInf Livestream #040.2 ~ "A free energy principle for generic quantum systems"
2026-02-17 04:53:18 [INFO] journal_utilities.downloader: Transcript already exists for Cgo-0UU848M, skipping
2026-02-17 04:53:18 [INFO] journal_utilities.downloader: Transcript for Cgo-0UU848M: skipped
2026-02-17 04:53:18 [INFO] journal_utilities.downloader: Audio already exists for Cgo-0UU848M, skipping
2026-02-17 04:53:18 [INFO] journal_utilities.downloader: Audio for Cgo-0UU848M: skipped
2026-02-17 04:53:19 [INFO] download_channel: [550/694] Processing NkJKl_yF274 — ActInf Livestream #040.1 ~ "A free energy principle for generic quantum systems"
2026-02-17 04:53:19 [INFO] journal_utilities.downloader: Transcript already exists for NkJKl_yF274, skipping
2026-02-17 04:53:19 [INFO] journal_utilities.downloader: Transcript for NkJKl_yF274: skipped
2026-02-17 04:53:19 [INFO] journal_utilities.downloader: Audio already exists for NkJKl_yF274, skipping
2026-02-17 04:53:19 [INFO] journal_utilities.downloader: Audio for NkJKl_yF274: skipped
2026-02-17 04:53:20 [INFO] download_channel: [551/694] Processing 9zq1JUnN_eg — ActInf GuestStream #018.1 ~ Michael Kirchhoff & Julian Kiverstein
2026-02-17 04:53:20 [INFO] journal_utilities.downloader: Transcript already exists for 9zq1JUnN_eg, skipping
2026-02-17 04:53:20 [INFO] journal_utilities.downloader: Transcript for 9zq1JUnN_eg: skipped
2026-02-17 04:53:20 [INFO] journal_utilities.downloader: Audio already exists for 9zq1JUnN_eg, skipping
2026-02-17 04:53:20 [INFO] journal_utilities.downloader: Audio for 9zq1JUnN_eg: skipped
2026-02-17 04:53:21 [INFO] download_channel: [552/694] Processing -qZYxSbJ38E — ActInf Livestream #040.0 ~ "A free energy principle for generic quantum systems"
2026-02-17 04:53:21 [INFO] journal_utilities.downloader: Transcript already exists for -qZYxSbJ38E, skipping
2026-02-17 04:53:21 [INFO] journal_utilities.downloader: Transcript for -qZYxSbJ38E: skipped
2026-02-17 04:53:21 [INFO] journal_utilities.downloader: Audio already exists for -qZYxSbJ38E, skipping
2026-02-17 04:53:21 [INFO] journal_utilities.downloader: Audio for -qZYxSbJ38E: skipped
2026-02-17 04:53:22 [INFO] download_channel: [553/694] Processing aEYQCmFl1Bw — ActInf GuestStream #017.1 ~ Mahault Albarracin "Epistemic Communities under Active Inference"
2026-02-17 04:53:22 [INFO] journal_utilities.downloader: Transcript already exists for aEYQCmFl1Bw, skipping
2026-02-17 04:53:22 [INFO] journal_utilities.downloader: Transcript for aEYQCmFl1Bw: skipped
2026-02-17 04:53:22 [INFO] journal_utilities.downloader: Audio already exists for aEYQCmFl1Bw, skipping
2026-02-17 04:53:22 [INFO] journal_utilities.downloader: Audio for aEYQCmFl1Bw: skipped
2026-02-17 04:53:23 [INFO] download_channel: [554/694] Processing KbyPFR7xUDo — ActInf Livestream #039.2 ~ "Morphogenesis as Bayesian inference...."
2026-02-17 04:53:23 [INFO] journal_utilities.downloader: Transcript already exists for KbyPFR7xUDo, skipping
2026-02-17 04:53:23 [INFO] journal_utilities.downloader: Transcript for KbyPFR7xUDo: skipped
2026-02-17 04:53:23 [INFO] journal_utilities.downloader: Audio already exists for KbyPFR7xUDo, skipping
2026-02-17 04:53:23 [INFO] journal_utilities.downloader: Audio for KbyPFR7xUDo: skipped
2026-02-17 04:53:24 [INFO] download_channel: [555/694] Processing R4C_DgP_khY — ActInf Livestream #039.1 ~ "Morphogenesis as Bayesian inference...."
2026-02-17 04:53:24 [INFO] journal_utilities.downloader: Transcript already exists for R4C_DgP_khY, skipping
2026-02-17 04:53:24 [INFO] journal_utilities.downloader: Transcript for R4C_DgP_khY: skipped
2026-02-17 04:53:24 [INFO] journal_utilities.downloader: Audio already exists for R4C_DgP_khY, skipping
2026-02-17 04:53:24 [INFO] journal_utilities.downloader: Audio for R4C_DgP_khY: skipped
2026-02-17 04:53:25 [INFO] download_channel: [556/694] Processing yC-hgjv3ANk — ActInf Livestream #039.0 ~ "Morphogenesis as Bayesian inference"
2026-02-17 04:53:25 [DEBUG] journal_utilities.downloader: yt-dlp transcript cmd: yt-dlp --no-warnings --cookies data/output/cookies.txt --write-sub --write-auto-sub --sub-lang en --sub-format vtt --skip-download -o data/output/transcripts/%(id)s.%(ext)s https://www.youtube.com/watch?v=yC-hgjv3ANk
2026-02-17 04:53:29 [INFO] journal_utilities.downloader: yt-dlp subtitles unavailable for yC-hgjv3ANk, trying youtube_transcript_api
2026-02-17 04:53:29 [DEBUG] journal_utilities.downloader: Loaded cookies for transcript API from data/output/cookies.txt
2026-02-17 04:53:29 [DEBUG] urllib3.connectionpool: Starting new HTTPS connection (1): www.youtube.com:443
2026-02-17 04:53:29 [DEBUG] urllib3.connectionpool: https://www.youtube.com:443 "GET /watch?v=yC-hgjv3ANk HTTP/1.1" 200 None
2026-02-17 04:53:30 [DEBUG] urllib3.connectionpool: https://www.youtube.com:443 "POST /youtubei/v1/player?key=AIzaSyAO_FJ2SlqU8Q4STEHLGCilw_Y9_11qcW8 HTTP/1.1" 200 None
2026-02-17 04:53:30 [DEBUG] urllib3.connectionpool: https://www.youtube.com:443 "GET /api/timedtext?v=yC-hgjv3ANk&ei=ymSUaemwK4STsfIP1P23yQE&caps=asr&opi=112496729&xoaf=5&xowf=1&hl=en&ip=0.0.0.0&ipbits=0&expire=1771358010&sparams=ip,ipbits,expire,v,ei,caps,opi,xoaf&signature=0EE9D2CF8C783A20D029DCA45EED8DD631A3E090.28C25B9CEF796007E667C32A94550D06DFE6437E&key=yt8&kind=asr&lang=en HTTP/1.1" 200 None
2026-02-17 04:53:30 [INFO] journal_utilities.downloader: Downloaded transcript via API for yC-hgjv3ANk
2026-02-17 04:53:30 [INFO] journal_utilities.downloader: Transcript for yC-hgjv3ANk: success
2026-02-17 04:53:30 [INFO] journal_utilities.downloader: Audio already exists for yC-hgjv3ANk, skipping
2026-02-17 04:53:30 [INFO] journal_utilities.downloader: Audio for yC-hgjv3ANk: skipped
2026-02-17 04:53:31 [INFO] download_channel: [557/694] Processing 0OQx04x8-zA — ActInf Livestream #038.2 ~ "The evolution of brain architectures for predictive coding and ActInf"
2026-02-17 04:53:31 [INFO] journal_utilities.downloader: Transcript already exists for 0OQx04x8-zA, skipping
2026-02-17 04:53:31 [INFO] journal_utilities.downloader: Transcript for 0OQx04x8-zA: skipped
2026-02-17 04:53:31 [INFO] journal_utilities.downloader: Audio already exists for 0OQx04x8-zA, skipping
2026-02-17 04:53:31 [INFO] journal_utilities.downloader: Audio for 0OQx04x8-zA: skipped
2026-02-17 04:53:32 [INFO] download_channel: [558/694] Processing azwqMjgfY8Y — ActInf Livestream #038.1 ~ "The evolution of brain architectures for predictive coding and ActInf"
2026-02-17 04:53:32 [INFO] journal_utilities.downloader: Transcript already exists for azwqMjgfY8Y, skipping
2026-02-17 04:53:32 [INFO] journal_utilities.downloader: Transcript for azwqMjgfY8Y: skipped
2026-02-17 04:53:32 [INFO] journal_utilities.downloader: Audio already exists for azwqMjgfY8Y, skipping
2026-02-17 04:53:32 [INFO] journal_utilities.downloader: Audio for azwqMjgfY8Y: skipped
2026-02-17 04:53:33 [INFO] download_channel: [559/694] Processing cOo4juE_zcI — ActInf Livestream #038.0 ~ Brain architectures for predictive coding and active inference
2026-02-17 04:53:33 [INFO] journal_utilities.downloader: Transcript already exists for cOo4juE_zcI, skipping
2026-02-17 04:53:33 [INFO] journal_utilities.downloader: Transcript for cOo4juE_zcI: skipped
2026-02-17 04:53:33 [INFO] journal_utilities.downloader: Audio already exists for cOo4juE_zcI, skipping
2026-02-17 04:53:33 [INFO] journal_utilities.downloader: Audio for cOo4juE_zcI: skipped
2026-02-17 04:53:34 [INFO] download_channel: [560/694] Processing 6WP7mY13lzc — ActInf Livestream #037.2 ~ "Free Energy: A User's Guide"
2026-02-17 04:53:34 [INFO] journal_utilities.downloader: Transcript already exists for 6WP7mY13lzc, skipping
2026-02-17 04:53:34 [INFO] journal_utilities.downloader: Transcript for 6WP7mY13lzc: skipped
2026-02-17 04:53:34 [INFO] journal_utilities.downloader: Audio already exists for 6WP7mY13lzc, skipping
2026-02-17 04:53:34 [INFO] journal_utilities.downloader: Audio for 6WP7mY13lzc: skipped
2026-02-17 04:53:35 [INFO] download_channel: [561/694] Processing GHcpJ_bMuu4 — ActInf Livestream #037.1 ~ "Free Energy: A User's Guide"
2026-02-17 04:53:35 [INFO] journal_utilities.downloader: Transcript already exists for GHcpJ_bMuu4, skipping
2026-02-17 04:53:35 [INFO] journal_utilities.downloader: Transcript for GHcpJ_bMuu4: skipped
2026-02-17 04:53:35 [INFO] journal_utilities.downloader: Audio already exists for GHcpJ_bMuu4, skipping
2026-02-17 04:53:35 [INFO] journal_utilities.downloader: Audio for GHcpJ_bMuu4: skipped
2026-02-17 04:53:36 [INFO] download_channel: [562/694] Processing chpbMBgDR84 — ActInf Livestream #037.0 ~ "Free Energy: A User's Guide"
2026-02-17 04:53:36 [INFO] journal_utilities.downloader: Transcript already exists for chpbMBgDR84, skipping
2026-02-17 04:53:36 [INFO] journal_utilities.downloader: Transcript for chpbMBgDR84: skipped
2026-02-17 04:53:36 [INFO] journal_utilities.downloader: Audio already exists for chpbMBgDR84, skipping
2026-02-17 04:53:36 [INFO] journal_utilities.downloader: Audio for chpbMBgDR84: skipped
2026-02-17 04:53:37 [INFO] download_channel: [563/694] Processing GR07coJNPUE — ActInf ModelStream #005.1~ "Contrastive Active Inference"
2026-02-17 04:53:37 [INFO] journal_utilities.downloader: Transcript already exists for GR07coJNPUE, skipping
2026-02-17 04:53:37 [INFO] journal_utilities.downloader: Transcript for GR07coJNPUE: skipped
2026-02-17 04:53:37 [INFO] journal_utilities.downloader: Audio already exists for GR07coJNPUE, skipping
2026-02-17 04:53:37 [INFO] journal_utilities.downloader: Audio for GR07coJNPUE: skipped
2026-02-17 04:53:38 [INFO] download_channel: [564/694] Processing Lo95GakwV5w — ActInf Livestream #036.2 ~ "Modelling ourselves: what the free energy principle reveals......"
2026-02-17 04:53:38 [INFO] journal_utilities.downloader: Transcript already exists for Lo95GakwV5w, skipping
2026-02-17 04:53:38 [INFO] journal_utilities.downloader: Transcript for Lo95GakwV5w: skipped
2026-02-17 04:53:38 [INFO] journal_utilities.downloader: Audio already exists for Lo95GakwV5w, skipping
2026-02-17 04:53:38 [INFO] journal_utilities.downloader: Audio for Lo95GakwV5w: skipped
2026-02-17 04:53:39 [INFO] download_channel: [565/694] Processing NHfGuwoCXI8 — ActInf GuestStream #016.1 ~ Mark Solms "Consciousness as Precision Optimization"
2026-02-17 04:53:39 [INFO] journal_utilities.downloader: Transcript already exists for NHfGuwoCXI8, skipping
2026-02-17 04:53:39 [INFO] journal_utilities.downloader: Transcript for NHfGuwoCXI8: skipped
2026-02-17 04:53:39 [INFO] journal_utilities.downloader: Audio already exists for NHfGuwoCXI8, skipping
2026-02-17 04:53:39 [INFO] journal_utilities.downloader: Audio for NHfGuwoCXI8: skipped
2026-02-17 04:53:41 [INFO] download_channel: [566/694] Processing eUBT37LMlLo — ActInf OrgStream #002.1 ~ Eugene Leventhal
2026-02-17 04:53:41 [INFO] journal_utilities.downloader: Transcript already exists for eUBT37LMlLo, skipping
2026-02-17 04:53:41 [INFO] journal_utilities.downloader: Transcript for eUBT37LMlLo: skipped
2026-02-17 04:53:41 [INFO] journal_utilities.downloader: Audio already exists for eUBT37LMlLo, skipping
2026-02-17 04:53:41 [INFO] journal_utilities.downloader: Audio for eUBT37LMlLo: skipped
2026-02-17 04:53:42 [INFO] download_channel: [567/694] Processing YKn2njZ_ICg — ActInf Livestream #036.1 ~ "Modelling ourselves: what the free energy principle reveals......"
2026-02-17 04:53:42 [INFO] journal_utilities.downloader: Transcript already exists for YKn2njZ_ICg, skipping
2026-02-17 04:53:42 [INFO] journal_utilities.downloader: Transcript for YKn2njZ_ICg: skipped
2026-02-17 04:53:42 [INFO] journal_utilities.downloader: Audio already exists for YKn2njZ_ICg, skipping
2026-02-17 04:53:42 [INFO] journal_utilities.downloader: Audio for YKn2njZ_ICg: skipped
2026-02-17 04:53:43 [INFO] download_channel: [568/694] Processing _JCaic5Cxms — ActInf GuestStream #015.1: Bobby Azarian, Universal Bayesianism: A New Kind of Theory of Everything
2026-02-17 04:53:43 [INFO] journal_utilities.downloader: Transcript already exists for _JCaic5Cxms, skipping
2026-02-17 04:53:43 [INFO] journal_utilities.downloader: Transcript for _JCaic5Cxms: skipped
2026-02-17 04:53:43 [INFO] journal_utilities.downloader: Audio already exists for _JCaic5Cxms, skipping
2026-02-17 04:53:43 [INFO] journal_utilities.downloader: Audio for _JCaic5Cxms: skipped
2026-02-17 04:53:44 [INFO] download_channel: [569/694] Processing 99xQbWozPjc — ActInf Livestream #036.0 ~ "Modelling ourselves: what the free energy principle reveals......"
2026-02-17 04:53:44 [INFO] journal_utilities.downloader: Transcript already exists for 99xQbWozPjc, skipping
2026-02-17 04:53:44 [INFO] journal_utilities.downloader: Transcript for 99xQbWozPjc: skipped
2026-02-17 04:53:44 [INFO] journal_utilities.downloader: Audio already exists for 99xQbWozPjc, skipping
2026-02-17 04:53:44 [INFO] journal_utilities.downloader: Audio for 99xQbWozPjc: skipped
2026-02-17 04:53:45 [INFO] download_channel: [570/694] Processing sQWSkDQvnqk — ActInf Livestream #035.2 ~ "A tale of two architectures free energy, its models, and modularity"
2026-02-17 04:53:45 [INFO] journal_utilities.downloader: Transcript already exists for sQWSkDQvnqk, skipping
2026-02-17 04:53:45 [INFO] journal_utilities.downloader: Transcript for sQWSkDQvnqk: skipped
2026-02-17 04:53:45 [INFO] journal_utilities.downloader: Audio already exists for sQWSkDQvnqk, skipping
2026-02-17 04:53:45 [INFO] journal_utilities.downloader: Audio for sQWSkDQvnqk: skipped
2026-02-17 04:53:46 [INFO] download_channel: [571/694] Processing mjL3cGYEMNg — ActInf GuestStream #014.1 ~ Osteopathy and Mental Health (Bohlen, Esteves, Cerritelli, Shaw)
2026-02-17 04:53:46 [INFO] journal_utilities.downloader: Transcript already exists for mjL3cGYEMNg, skipping
2026-02-17 04:53:46 [INFO] journal_utilities.downloader: Transcript for mjL3cGYEMNg: skipped
2026-02-17 04:53:46 [INFO] journal_utilities.downloader: Audio already exists for mjL3cGYEMNg, skipping
2026-02-17 04:53:46 [INFO] journal_utilities.downloader: Audio for mjL3cGYEMNg: skipped
2026-02-17 04:53:47 [INFO] download_channel: [572/694] Processing RoMCBXy-7E0 — ActInf Livestream #035.1 ~ "A tale of two architectures free energy, its models, and modularity"
2026-02-17 04:53:47 [INFO] journal_utilities.downloader: Transcript already exists for RoMCBXy-7E0, skipping
2026-02-17 04:53:47 [INFO] journal_utilities.downloader: Transcript for RoMCBXy-7E0: skipped
2026-02-17 04:53:47 [INFO] journal_utilities.downloader: Audio already exists for RoMCBXy-7E0, skipping
2026-02-17 04:53:47 [INFO] journal_utilities.downloader: Audio for RoMCBXy-7E0: skipped
2026-02-17 04:53:48 [INFO] download_channel: [573/694] Processing e-Ck8sxCME0 — ActInf Livestream #035.0 ~ "A tale of two architectures free energy, its models, and modularity"
2026-02-17 04:53:48 [INFO] journal_utilities.downloader: Transcript already exists for e-Ck8sxCME0, skipping
2026-02-17 04:53:48 [INFO] journal_utilities.downloader: Transcript for e-Ck8sxCME0: skipped
2026-02-17 04:53:48 [INFO] journal_utilities.downloader: Audio already exists for e-Ck8sxCME0, skipping
2026-02-17 04:53:48 [INFO] journal_utilities.downloader: Audio for e-Ck8sxCME0: skipped
2026-02-17 04:53:49 [INFO] download_channel: [574/694] Processing 4hTT6fUTMM8 — ActInf ReviewStream 2021 ~ End of 2021 paper review stream
2026-02-17 04:53:49 [INFO] journal_utilities.downloader: Transcript already exists for 4hTT6fUTMM8, skipping
2026-02-17 04:53:49 [INFO] journal_utilities.downloader: Transcript for 4hTT6fUTMM8: skipped
2026-02-17 04:53:49 [INFO] journal_utilities.downloader: Audio already exists for 4hTT6fUTMM8, skipping
2026-02-17 04:53:49 [INFO] journal_utilities.downloader: Audio for 4hTT6fUTMM8: skipped
2026-02-17 04:53:50 [INFO] download_channel: [575/694] Processing -Y4OVfbxlMM — ActInf Livestream #032.3 ~ "Stochastic Chaos and Markov Blankets"
2026-02-17 04:53:50 [INFO] journal_utilities.downloader: Transcript already exists for -Y4OVfbxlMM, skipping
2026-02-17 04:53:50 [INFO] journal_utilities.downloader: Transcript for -Y4OVfbxlMM: skipped
2026-02-17 04:53:50 [INFO] journal_utilities.downloader: Audio already exists for -Y4OVfbxlMM, skipping
2026-02-17 04:53:50 [INFO] journal_utilities.downloader: Audio for -Y4OVfbxlMM: skipped
2026-02-17 04:53:51 [INFO] download_channel: [576/694] Processing vkZ_vnN0--Y — ActInf Livestream #034.2 ~ "The free energy principle: it’s not about what it takes..."
2026-02-17 04:53:51 [DEBUG] journal_utilities.downloader: yt-dlp transcript cmd: yt-dlp --no-warnings --cookies data/output/cookies.txt --write-sub --write-auto-sub --sub-lang en --sub-format vtt --skip-download -o data/output/transcripts/%(id)s.%(ext)s https://www.youtube.com/watch?v=vkZ_vnN0--Y
2026-02-17 04:53:55 [INFO] journal_utilities.downloader: yt-dlp subtitles unavailable for vkZ_vnN0--Y, trying youtube_transcript_api
2026-02-17 04:53:55 [DEBUG] journal_utilities.downloader: Loaded cookies for transcript API from data/output/cookies.txt
2026-02-17 04:53:55 [DEBUG] urllib3.connectionpool: Starting new HTTPS connection (1): www.youtube.com:443
2026-02-17 04:53:55 [DEBUG] urllib3.connectionpool: https://www.youtube.com:443 "GET /watch?v=vkZ_vnN0--Y HTTP/1.1" 200 None
2026-02-17 04:53:55 [DEBUG] urllib3.connectionpool: https://www.youtube.com:443 "POST /youtubei/v1/player?key=AIzaSyAO_FJ2SlqU8Q4STEHLGCilw_Y9_11qcW8 HTTP/1.1" 200 None
2026-02-17 04:53:55 [DEBUG] urllib3.connectionpool: https://www.youtube.com:443 "GET /api/timedtext?v=vkZ_vnN0--Y&ei=42SUabuFL7CZsfIPit1F&caps=asr&opi=112496729&xoaf=5&xowf=1&hl=en&ip=0.0.0.0&ipbits=0&expire=1771358035&sparams=ip,ipbits,expire,v,ei,caps,opi,xoaf&signature=1AB7C82785E4480D1458B444052A922AAF623C4F.37312663FE2599C0891FF4FE9D48B49478EC9F6E&key=yt8&kind=asr&lang=en HTTP/1.1" 200 None
2026-02-17 04:53:56 [INFO] journal_utilities.downloader: Downloaded transcript via API for vkZ_vnN0--Y
2026-02-17 04:53:56 [INFO] journal_utilities.downloader: Transcript for vkZ_vnN0--Y: success
2026-02-17 04:53:56 [INFO] journal_utilities.downloader: Audio already exists for vkZ_vnN0--Y, skipping
2026-02-17 04:53:56 [INFO] journal_utilities.downloader: Audio for vkZ_vnN0--Y: skipped
2026-02-17 04:53:57 [INFO] download_channel: [577/694] Processing 3SjbReGPZME — Active Inference ~ Twitter spaces #001 ~ December 9th 2021
2026-02-17 04:53:57 [INFO] journal_utilities.downloader: Transcript already exists for 3SjbReGPZME, skipping
2026-02-17 04:53:57 [INFO] journal_utilities.downloader: Transcript for 3SjbReGPZME: skipped
2026-02-17 04:53:57 [INFO] journal_utilities.downloader: Audio already exists for 3SjbReGPZME, skipping
2026-02-17 04:53:57 [INFO] journal_utilities.downloader: Audio for 3SjbReGPZME: skipped
2026-02-17 04:53:58 [INFO] download_channel: [578/694] Processing JtXvkawQ1rY — ActInf Livestream #034.1 ~ "The free energy principle: it’s not about what it takes..."
2026-02-17 04:53:58 [DEBUG] journal_utilities.downloader: yt-dlp transcript cmd: yt-dlp --no-warnings --cookies data/output/cookies.txt --write-sub --write-auto-sub --sub-lang en --sub-format vtt --skip-download -o data/output/transcripts/%(id)s.%(ext)s https://www.youtube.com/watch?v=JtXvkawQ1rY
2026-02-17 04:54:01 [INFO] journal_utilities.downloader: yt-dlp subtitles unavailable for JtXvkawQ1rY, trying youtube_transcript_api
2026-02-17 04:54:01 [DEBUG] journal_utilities.downloader: Loaded cookies for transcript API from data/output/cookies.txt
2026-02-17 04:54:01 [DEBUG] urllib3.connectionpool: Starting new HTTPS connection (1): www.youtube.com:443
2026-02-17 04:54:02 [DEBUG] urllib3.connectionpool: https://www.youtube.com:443 "GET /watch?v=JtXvkawQ1rY HTTP/1.1" 200 None
2026-02-17 04:54:03 [DEBUG] urllib3.connectionpool: https://www.youtube.com:443 "POST /youtubei/v1/player?key=AIzaSyAO_FJ2SlqU8Q4STEHLGCilw_Y9_11qcW8 HTTP/1.1" 200 None
2026-02-17 04:54:03 [DEBUG] urllib3.connectionpool: https://www.youtube.com:443 "GET /api/timedtext?v=JtXvkawQ1rY&ei=6mSUaf7-Oui6sfIP8J_64Ac&caps=asr&opi=112496729&xoaf=5&xowf=1&hl=en&ip=0.0.0.0&ipbits=0&expire=1771358042&sparams=ip,ipbits,expire,v,ei,caps,opi,xoaf&signature=02F259FFDF6C84FFC7475F513F3491F6905865C8.A43AA6E67E4BE825A8A515C86F8488FB4DC286A9&key=yt8&kind=asr&lang=en HTTP/1.1" 200 None
2026-02-17 04:54:03 [INFO] journal_utilities.downloader: Downloaded transcript via API for JtXvkawQ1rY
2026-02-17 04:54:03 [INFO] journal_utilities.downloader: Transcript for JtXvkawQ1rY: success
2026-02-17 04:54:03 [DEBUG] journal_utilities.downloader: yt-dlp audio cmd: yt-dlp --no-warnings --cookies data/output/cookies.txt -x --audio-format mp3 --audio-quality 0 -o data/output/audio/%(id)s.%(ext)s https://www.youtube.com/watch?v=JtXvkawQ1rY
