warning: The `tool.uv.dev-dependencies` field (used in `pyproject.toml`) is deprecated and will be removed in a future release; use `dependency-groups.dev` instead
2026-02-16 13:41:06 [INFO] transcribe_missing: ============================================================
2026-02-16 13:41:06 [INFO] transcribe_missing: Local Whisper Transcription (mlx-whisper)
2026-02-16 13:41:06 [INFO] transcribe_missing: ============================================================
2026-02-16 13:41:06 [INFO] transcribe_missing: Audio dir:      data/output/audio
2026-02-16 13:41:06 [INFO] transcribe_missing: Transcript dir: data/output/transcripts
2026-02-16 13:41:06 [INFO] transcribe_missing: Model:          mlx-community/whisper-large-v3-turbo
2026-02-16 13:41:06 [INFO] transcribe_missing: Language:       en
2026-02-16 13:41:06 [INFO] journal_utilities.transcriber: Found 336 audio files missing transcripts (out of 575 total audio files)
2026-02-16 13:41:06 [INFO] journal_utilities.transcriber: Starting batch transcription of 336 files
2026-02-16 13:41:06 [INFO] journal_utilities.transcriber: [1/336] Transcribing -Y4OVfbxlMM.mp3
2026-02-16 13:41:06 [INFO] journal_utilities.transcriber: Transcribing -Y4OVfbxlMM with model mlx-community/whisper-large-v3-turbo
2026-02-16 13:41:10 [DEBUG] urllib3.connectionpool: Starting new HTTPS connection (1): huggingface.co:443
2026-02-16 13:41:10 [DEBUG] urllib3.connectionpool: https://huggingface.co:443 "GET /api/models/mlx-community/whisper-large-v3-turbo/revision/main HTTP/1.1" 200 911
Fetching 4 files:   0%|          | 0/4 [00:00<?, ?it/s]Fetching 4 files: 100%|██████████| 4/4 [00:00<00:00, 72944.42it/s]
2026-02-16 13:47:41 [INFO] journal_utilities.transcriber: Transcribed -Y4OVfbxlMM in 394.3s (106693 chars)
2026-02-16 13:47:41 [INFO] journal_utilities.transcriber: [2/336] Transcribing -nF0EXr3Rpk.mp3
2026-02-16 13:47:41 [INFO] journal_utilities.transcriber: Transcribing -nF0EXr3Rpk with model mlx-community/whisper-large-v3-turbo
python3(58551) MallocStackLogging: can't turn off malloc stack logging because it was not enabled.
2026-02-16 13:58:24 [INFO] journal_utilities.transcriber: Transcribed -nF0EXr3Rpk in 643.2s (53831 chars)
2026-02-16 13:58:24 [INFO] journal_utilities.transcriber: [3/336] Transcribing -qZYxSbJ38E.mp3
2026-02-16 13:58:24 [INFO] journal_utilities.transcriber: Transcribing -qZYxSbJ38E with model mlx-community/whisper-large-v3-turbo
python3(73039) MallocStackLogging: can't turn off malloc stack logging because it was not enabled.
2026-02-16 14:20:53 [INFO] journal_utilities.transcriber: Transcribed -qZYxSbJ38E in 1348.6s (86308 chars)
2026-02-16 14:20:53 [INFO] journal_utilities.transcriber: [4/336] Transcribing 00O1QK9FWh8.mp3
2026-02-16 14:20:53 [INFO] journal_utilities.transcriber: Transcribing 00O1QK9FWh8 with model mlx-community/whisper-large-v3-turbo
python3(90083) MallocStackLogging: can't turn off malloc stack logging because it was not enabled.
2026-02-16 14:25:31 [INFO] journal_utilities.transcriber: Transcribed 00O1QK9FWh8 in 277.7s (91027 chars)
2026-02-16 14:25:31 [INFO] journal_utilities.transcriber: [5/336] Transcribing 0CY0fTqtdHo.mp3
2026-02-16 14:25:31 [INFO] journal_utilities.transcriber: Transcribing 0CY0fTqtdHo with model mlx-community/whisper-large-v3-turbo
python3(96802) MallocStackLogging: can't turn off malloc stack logging because it was not enabled.
2026-02-16 14:29:28 [INFO] journal_utilities.transcriber: Transcribed 0CY0fTqtdHo in 236.7s (117270 chars)
2026-02-16 14:29:28 [INFO] journal_utilities.transcriber: [6/336] Transcribing 0Cx5MTNxs-0.mp3
2026-02-16 14:29:28 [INFO] journal_utilities.transcriber: Transcribing 0Cx5MTNxs-0 with model mlx-community/whisper-large-v3-turbo
python3(97601) MallocStackLogging: can't turn off malloc stack logging because it was not enabled.
2026-02-16 14:32:31 [INFO] journal_utilities.transcriber: Transcribed 0Cx5MTNxs-0 in 183.2s (85035 chars)
2026-02-16 14:32:31 [INFO] journal_utilities.transcriber: [7/336] Transcribing 0OQx04x8-zA.mp3
2026-02-16 14:32:31 [INFO] journal_utilities.transcriber: Transcribing 0OQx04x8-zA with model mlx-community/whisper-large-v3-turbo
python3(98270) MallocStackLogging: can't turn off malloc stack logging because it was not enabled.
2026-02-16 14:36:52 [INFO] journal_utilities.transcriber: Transcribed 0OQx04x8-zA in 261.3s (91912 chars)
2026-02-16 14:36:52 [INFO] journal_utilities.transcriber: [8/336] Transcribing 0P_6ME2LpCw.mp3
2026-02-16 14:36:52 [INFO] journal_utilities.transcriber: Transcribing 0P_6ME2LpCw with model mlx-community/whisper-large-v3-turbo
python3(98759) MallocStackLogging: can't turn off malloc stack logging because it was not enabled.
2026-02-16 14:39:39 [INFO] journal_utilities.transcriber: Transcribed 0P_6ME2LpCw in 167.0s (46950 chars)
2026-02-16 14:39:39 [INFO] journal_utilities.transcriber: [9/336] Transcribing 0_yvUA0lsdI.mp3
2026-02-16 14:39:39 [INFO] journal_utilities.transcriber: Transcribing 0_yvUA0lsdI with model mlx-community/whisper-large-v3-turbo
python3(99057) MallocStackLogging: can't turn off malloc stack logging because it was not enabled.
2026-02-16 14:42:26 [INFO] journal_utilities.transcriber: Transcribed 0_yvUA0lsdI in 166.5s (48585 chars)
2026-02-16 14:42:26 [INFO] journal_utilities.transcriber: [10/336] Transcribing 0pMxBM3ahwQ.mp3
2026-02-16 14:42:26 [INFO] journal_utilities.transcriber: Transcribing 0pMxBM3ahwQ with model mlx-community/whisper-large-v3-turbo
python3(99801) MallocStackLogging: can't turn off malloc stack logging because it was not enabled.
2026-02-16 14:46:19 [INFO] journal_utilities.transcriber: Transcribed 0pMxBM3ahwQ in 233.0s (85988 chars)
2026-02-16 14:46:19 [INFO] journal_utilities.transcriber: [11/336] Transcribing 15n6WN9jGrY.mp3
2026-02-16 14:46:19 [INFO] journal_utilities.transcriber: Transcribing 15n6WN9jGrY with model mlx-community/whisper-large-v3-turbo
python3(373) MallocStackLogging: can't turn off malloc stack logging because it was not enabled.
2026-02-16 14:49:04 [INFO] journal_utilities.transcriber: Transcribed 15n6WN9jGrY in 165.1s (73936 chars)
2026-02-16 14:49:04 [INFO] journal_utilities.transcriber: [12/336] Transcribing 1Qr7um2W-Rc.mp3
2026-02-16 14:49:04 [INFO] journal_utilities.transcriber: Transcribing 1Qr7um2W-Rc with model mlx-community/whisper-large-v3-turbo
python3(1097) MallocStackLogging: can't turn off malloc stack logging because it was not enabled.
2026-02-16 14:52:21 [INFO] journal_utilities.transcriber: Transcribed 1Qr7um2W-Rc in 197.4s (64933 chars)
2026-02-16 14:52:21 [INFO] journal_utilities.transcriber: [13/336] Transcribing 1Xu8jYKWsGM.mp3
2026-02-16 14:52:21 [INFO] journal_utilities.transcriber: Transcribing 1Xu8jYKWsGM with model mlx-community/whisper-large-v3-turbo
python3(1772) MallocStackLogging: can't turn off malloc stack logging because it was not enabled.
2026-02-16 14:53:55 [INFO] journal_utilities.transcriber: Transcribed 1Xu8jYKWsGM in 93.7s (49605 chars)
2026-02-16 14:53:55 [INFO] journal_utilities.transcriber: [14/336] Transcribing 1uIRljnLtc4.mp3
2026-02-16 14:53:55 [INFO] journal_utilities.transcriber: Transcribing 1uIRljnLtc4 with model mlx-community/whisper-large-v3-turbo
python3(2068) MallocStackLogging: can't turn off malloc stack logging because it was not enabled.
2026-02-16 14:56:23 [INFO] journal_utilities.transcriber: Transcribed 1uIRljnLtc4 in 148.3s (73868 chars)
2026-02-16 14:56:23 [INFO] journal_utilities.transcriber: [15/336] Transcribing 1yYFJnf_mHY.mp3
2026-02-16 14:56:23 [INFO] journal_utilities.transcriber: Transcribing 1yYFJnf_mHY with model mlx-community/whisper-large-v3-turbo
python3(2662) MallocStackLogging: can't turn off malloc stack logging because it was not enabled.
2026-02-16 15:00:17 [INFO] journal_utilities.transcriber: Transcribed 1yYFJnf_mHY in 234.2s (81885 chars)
2026-02-16 15:00:17 [INFO] journal_utilities.transcriber: [16/336] Transcribing 2IxxzY2ZDHA.mp3
2026-02-16 15:00:17 [INFO] journal_utilities.transcriber: Transcribing 2IxxzY2ZDHA with model mlx-community/whisper-large-v3-turbo
python3(3058) MallocStackLogging: can't turn off malloc stack logging because it was not enabled.
2026-02-16 15:14:05 [INFO] journal_utilities.transcriber: Transcribed 2IxxzY2ZDHA in 827.9s (50076 chars)
2026-02-16 15:14:05 [INFO] journal_utilities.transcriber: [17/336] Transcribing 2SuBJBEg9LI.mp3
2026-02-16 15:14:06 [INFO] journal_utilities.transcriber: Transcribing 2SuBJBEg9LI with model mlx-community/whisper-large-v3-turbo
python3(6467) MallocStackLogging: can't turn off malloc stack logging because it was not enabled.
2026-02-16 15:18:27 [INFO] journal_utilities.transcriber: Transcribed 2SuBJBEg9LI in 261.4s (93609 chars)
2026-02-16 15:18:27 [INFO] journal_utilities.transcriber: [18/336] Transcribing 2s27lSZDqGM.mp3
2026-02-16 15:18:27 [INFO] journal_utilities.transcriber: Transcribing 2s27lSZDqGM with model mlx-community/whisper-large-v3-turbo
python3(6855) MallocStackLogging: can't turn off malloc stack logging because it was not enabled.
2026-02-16 15:23:50 [INFO] journal_utilities.transcriber: Transcribed 2s27lSZDqGM in 323.2s (61951 chars)
2026-02-16 15:23:50 [INFO] journal_utilities.transcriber: [19/336] Transcribing 3QpD4fXqQ7w.mp3
2026-02-16 15:23:50 [INFO] journal_utilities.transcriber: Transcribing 3QpD4fXqQ7w with model mlx-community/whisper-large-v3-turbo
python3(8062) MallocStackLogging: can't turn off malloc stack logging because it was not enabled.
2026-02-16 15:32:17 [INFO] journal_utilities.transcriber: Transcribed 3QpD4fXqQ7w in 506.9s (77014 chars)
2026-02-16 15:32:17 [INFO] journal_utilities.transcriber: [20/336] Transcribing 3SjbReGPZME.mp3
2026-02-16 15:32:17 [INFO] journal_utilities.transcriber: Transcribing 3SjbReGPZME with model mlx-community/whisper-large-v3-turbo
python3(8849) MallocStackLogging: can't turn off malloc stack logging because it was not enabled.
2026-02-16 15:34:19 [INFO] journal_utilities.transcriber: Transcribed 3SjbReGPZME in 121.3s (27749 chars)
2026-02-16 15:34:19 [INFO] journal_utilities.transcriber: [21/336] Transcribing 3_5pTCguAv4.mp3
2026-02-16 15:34:19 [INFO] journal_utilities.transcriber: Transcribing 3_5pTCguAv4 with model mlx-community/whisper-large-v3-turbo
python3(9113) MallocStackLogging: can't turn off malloc stack logging because it was not enabled.
2026-02-16 15:38:30 [INFO] journal_utilities.transcriber: Transcribed 3_5pTCguAv4 in 251.7s (54879 chars)
2026-02-16 15:38:30 [INFO] journal_utilities.transcriber: [22/336] Transcribing 3a01ltP-p9I.mp3
2026-02-16 15:38:30 [INFO] journal_utilities.transcriber: Transcribing 3a01ltP-p9I with model mlx-community/whisper-large-v3-turbo
python3(9454) MallocStackLogging: can't turn off malloc stack logging because it was not enabled.
2026-02-16 15:40:12 [INFO] journal_utilities.transcriber: Transcribed 3a01ltP-p9I in 101.7s (50263 chars)
2026-02-16 15:40:12 [INFO] journal_utilities.transcriber: [23/336] Transcribing 3iY8ICcmd2E.mp3
2026-02-16 15:40:12 [INFO] journal_utilities.transcriber: Transcribing 3iY8ICcmd2E with model mlx-community/whisper-large-v3-turbo
python3(9650) MallocStackLogging: can't turn off malloc stack logging because it was not enabled.
2026-02-16 15:43:04 [INFO] journal_utilities.transcriber: Transcribed 3iY8ICcmd2E in 171.9s (74796 chars)
2026-02-16 15:43:04 [INFO] journal_utilities.transcriber: [24/336] Transcribing 3oFfxaKBBXY.mp3
2026-02-16 15:43:04 [INFO] journal_utilities.transcriber: Transcribing 3oFfxaKBBXY with model mlx-community/whisper-large-v3-turbo
python3(9830) MallocStackLogging: can't turn off malloc stack logging because it was not enabled.
2026-02-16 15:44:48 [INFO] journal_utilities.transcriber: Transcribed 3oFfxaKBBXY in 104.4s (41266 chars)
2026-02-16 15:44:48 [INFO] journal_utilities.transcriber: [25/336] Transcribing 3tYOBVIOLyU.mp3
2026-02-16 15:44:48 [INFO] journal_utilities.transcriber: Transcribing 3tYOBVIOLyU with model mlx-community/whisper-large-v3-turbo
python3(9953) MallocStackLogging: can't turn off malloc stack logging because it was not enabled.
2026-02-16 15:49:03 [INFO] journal_utilities.transcriber: Transcribed 3tYOBVIOLyU in 254.3s (65288 chars)
2026-02-16 15:49:03 [INFO] journal_utilities.transcriber: [26/336] Transcribing 4IL6KtlCn_o.mp3
2026-02-16 15:49:03 [INFO] journal_utilities.transcriber: Transcribing 4IL6KtlCn_o with model mlx-community/whisper-large-v3-turbo
python3(12274) MallocStackLogging: can't turn off malloc stack logging because it was not enabled.
2026-02-16 15:55:24 [INFO] journal_utilities.transcriber: Transcribed 4IL6KtlCn_o in 381.2s (85963 chars)
2026-02-16 15:55:24 [INFO] journal_utilities.transcriber: [27/336] Transcribing 4VApGjFESlE.mp3
2026-02-16 15:55:24 [INFO] journal_utilities.transcriber: Transcribing 4VApGjFESlE with model mlx-community/whisper-large-v3-turbo
python3(12796) MallocStackLogging: can't turn off malloc stack logging because it was not enabled.
2026-02-16 15:57:59 [INFO] journal_utilities.transcriber: Transcribed 4VApGjFESlE in 154.6s (43363 chars)
2026-02-16 15:57:59 [INFO] journal_utilities.transcriber: [28/336] Transcribing 4hTT6fUTMM8.mp3
2026-02-16 15:57:59 [INFO] journal_utilities.transcriber: Transcribing 4hTT6fUTMM8 with model mlx-community/whisper-large-v3-turbo
python3(13023) MallocStackLogging: can't turn off malloc stack logging because it was not enabled.
2026-02-16 16:01:20 [INFO] journal_utilities.transcriber: Transcribed 4hTT6fUTMM8 in 201.0s (79610 chars)
2026-02-16 16:01:20 [INFO] journal_utilities.transcriber: [29/336] Transcribing 4ijYLWm4P2I.mp3
2026-02-16 16:01:20 [INFO] journal_utilities.transcriber: Transcribing 4ijYLWm4P2I with model mlx-community/whisper-large-v3-turbo
python3(14400) MallocStackLogging: can't turn off malloc stack logging because it was not enabled.
2026-02-16 16:03:58 [INFO] journal_utilities.transcriber: Transcribed 4ijYLWm4P2I in 158.0s (60503 chars)
2026-02-16 16:03:58 [INFO] journal_utilities.transcriber: [30/336] Transcribing 4o-LmkycAC0.mp3
2026-02-16 16:03:58 [INFO] journal_utilities.transcriber: Transcribing 4o-LmkycAC0 with model mlx-community/whisper-large-v3-turbo
python3(14828) MallocStackLogging: can't turn off malloc stack logging because it was not enabled.
2026-02-16 16:07:49 [INFO] journal_utilities.transcriber: Transcribed 4o-LmkycAC0 in 231.5s (93981 chars)
2026-02-16 16:07:49 [INFO] journal_utilities.transcriber: [31/336] Transcribing 52eHP5ReG34.mp3
2026-02-16 16:07:49 [INFO] journal_utilities.transcriber: Transcribing 52eHP5ReG34 with model mlx-community/whisper-large-v3-turbo
python3(15416) MallocStackLogging: can't turn off malloc stack logging because it was not enabled.
2026-02-16 16:11:20 [INFO] journal_utilities.transcriber: Transcribed 52eHP5ReG34 in 211.2s (86966 chars)
2026-02-16 16:11:20 [INFO] journal_utilities.transcriber: [32/336] Transcribing 57-aRIjUrC4.mp3
2026-02-16 16:11:20 [INFO] journal_utilities.transcriber: Transcribing 57-aRIjUrC4 with model mlx-community/whisper-large-v3-turbo
python3(16415) MallocStackLogging: can't turn off malloc stack logging because it was not enabled.
2026-02-16 16:14:18 [INFO] journal_utilities.transcriber: Transcribed 57-aRIjUrC4 in 177.8s (86929 chars)
2026-02-16 16:14:18 [INFO] journal_utilities.transcriber: [33/336] Transcribing 5IGzzm28qec.mp3
2026-02-16 16:14:18 [INFO] journal_utilities.transcriber: Transcribing 5IGzzm28qec with model mlx-community/whisper-large-v3-turbo
python3(20220) MallocStackLogging: can't turn off malloc stack logging because it was not enabled.
2026-02-16 16:16:11 [INFO] journal_utilities.transcriber: Transcribed 5IGzzm28qec in 112.8s (40056 chars)
2026-02-16 16:16:11 [INFO] journal_utilities.transcriber: [34/336] Transcribing 6E4CpJvzddg.mp3
2026-02-16 16:16:11 [INFO] journal_utilities.transcriber: Transcribing 6E4CpJvzddg with model mlx-community/whisper-large-v3-turbo
python3(23668) MallocStackLogging: can't turn off malloc stack logging because it was not enabled.
2026-02-16 16:20:01 [INFO] journal_utilities.transcriber: Transcribed 6E4CpJvzddg in 229.9s (71346 chars)
2026-02-16 16:20:01 [INFO] journal_utilities.transcriber: [35/336] Transcribing 6WP7mY13lzc.mp3
2026-02-16 16:20:01 [INFO] journal_utilities.transcriber: Transcribing 6WP7mY13lzc with model mlx-community/whisper-large-v3-turbo
python3(24563) MallocStackLogging: can't turn off malloc stack logging because it was not enabled.
2026-02-16 16:24:51 [INFO] journal_utilities.transcriber: Transcribed 6WP7mY13lzc in 290.3s (88794 chars)
2026-02-16 16:24:51 [INFO] journal_utilities.transcriber: [36/336] Transcribing 6Yr_g9j4kso.mp3
2026-02-16 16:24:51 [INFO] journal_utilities.transcriber: Transcribing 6Yr_g9j4kso with model mlx-community/whisper-large-v3-turbo
python3(26068) MallocStackLogging: can't turn off malloc stack logging because it was not enabled.
2026-02-16 16:29:06 [INFO] journal_utilities.transcriber: Transcribed 6Yr_g9j4kso in 254.6s (65990 chars)
2026-02-16 16:29:06 [INFO] journal_utilities.transcriber: [37/336] Transcribing 6bZYptbETAw.mp3
2026-02-16 16:29:06 [INFO] journal_utilities.transcriber: Transcribing 6bZYptbETAw with model mlx-community/whisper-large-v3-turbo
python3(26654) MallocStackLogging: can't turn off malloc stack logging because it was not enabled.
2026-02-16 16:31:55 [INFO] journal_utilities.transcriber: Transcribed 6bZYptbETAw in 169.3s (82205 chars)
2026-02-16 16:31:55 [INFO] journal_utilities.transcriber: [38/336] Transcribing 6gw6KEX10vo.mp3
2026-02-16 16:31:55 [INFO] journal_utilities.transcriber: Transcribing 6gw6KEX10vo with model mlx-community/whisper-large-v3-turbo
python3(26926) MallocStackLogging: can't turn off malloc stack logging because it was not enabled.
2026-02-16 16:33:27 [INFO] journal_utilities.transcriber: Transcribed 6gw6KEX10vo in 91.7s (47034 chars)
2026-02-16 16:33:27 [INFO] journal_utilities.transcriber: [39/336] Transcribing 7AtInJ-q7Hk.mp3
2026-02-16 16:33:27 [INFO] journal_utilities.transcriber: Transcribing 7AtInJ-q7Hk with model mlx-community/whisper-large-v3-turbo
python3(27121) MallocStackLogging: can't turn off malloc stack logging because it was not enabled.
2026-02-16 16:35:21 [INFO] journal_utilities.transcriber: Transcribed 7AtInJ-q7Hk in 113.7s (46911 chars)
2026-02-16 16:35:21 [INFO] journal_utilities.transcriber: [40/336] Transcribing 7_YNInrALU8.mp3
2026-02-16 16:35:21 [INFO] journal_utilities.transcriber: Transcribing 7_YNInrALU8 with model mlx-community/whisper-large-v3-turbo
python3(27199) MallocStackLogging: can't turn off malloc stack logging because it was not enabled.
2026-02-16 16:38:23 [INFO] journal_utilities.transcriber: Transcribed 7_YNInrALU8 in 182.5s (76793 chars)
2026-02-16 16:38:23 [INFO] journal_utilities.transcriber: [41/336] Transcribing 7vbtSdkDgc8.mp3
2026-02-16 16:38:23 [INFO] journal_utilities.transcriber: Transcribing 7vbtSdkDgc8 with model mlx-community/whisper-large-v3-turbo
python3(27408) MallocStackLogging: can't turn off malloc stack logging because it was not enabled.
2026-02-16 16:40:49 [INFO] journal_utilities.transcriber: Transcribed 7vbtSdkDgc8 in 146.3s (68264 chars)
2026-02-16 16:40:49 [INFO] journal_utilities.transcriber: [42/336] Transcribing 8Ohlb8iTW0k.mp3
2026-02-16 16:40:49 [INFO] journal_utilities.transcriber: Transcribing 8Ohlb8iTW0k with model mlx-community/whisper-large-v3-turbo
python3(27516) MallocStackLogging: can't turn off malloc stack logging because it was not enabled.
2026-02-16 16:45:42 [INFO] journal_utilities.transcriber: Transcribed 8Ohlb8iTW0k in 292.3s (80423 chars)
2026-02-16 16:45:42 [INFO] journal_utilities.transcriber: [43/336] Transcribing 8mGBPhgYGCo.mp3
2026-02-16 16:45:42 [INFO] journal_utilities.transcriber: Transcribing 8mGBPhgYGCo with model mlx-community/whisper-large-v3-turbo
python3(27794) MallocStackLogging: can't turn off malloc stack logging because it was not enabled.
2026-02-16 16:48:32 [INFO] journal_utilities.transcriber: Transcribed 8mGBPhgYGCo in 170.2s (69461 chars)
2026-02-16 16:48:32 [INFO] journal_utilities.transcriber: [44/336] Transcribing 93-rNtJR-9I.mp3
2026-02-16 16:48:32 [INFO] journal_utilities.transcriber: Transcribing 93-rNtJR-9I with model mlx-community/whisper-large-v3-turbo
python3(27987) MallocStackLogging: can't turn off malloc stack logging because it was not enabled.
2026-02-16 16:49:33 [INFO] journal_utilities.transcriber: Transcribed 93-rNtJR-9I in 61.2s (29290 chars)
2026-02-16 16:49:33 [INFO] journal_utilities.transcriber: [45/336] Transcribing 99xQbWozPjc.mp3
2026-02-16 16:49:33 [INFO] journal_utilities.transcriber: Transcribing 99xQbWozPjc with model mlx-community/whisper-large-v3-turbo
python3(28135) MallocStackLogging: can't turn off malloc stack logging because it was not enabled.
2026-02-16 16:51:44 [INFO] journal_utilities.transcriber: Transcribed 99xQbWozPjc in 130.7s (62776 chars)
2026-02-16 16:51:44 [INFO] journal_utilities.transcriber: [46/336] Transcribing 9IPx38SHGqw.mp3
2026-02-16 16:51:44 [INFO] journal_utilities.transcriber: Transcribing 9IPx38SHGqw with model mlx-community/whisper-large-v3-turbo
python3(28256) MallocStackLogging: can't turn off malloc stack logging because it was not enabled.
2026-02-16 16:55:26 [INFO] journal_utilities.transcriber: Transcribed 9IPx38SHGqw in 221.7s (89631 chars)
2026-02-16 16:55:26 [INFO] journal_utilities.transcriber: [47/336] Transcribing 9LKWp5nydnA.mp3
2026-02-16 16:55:26 [INFO] journal_utilities.transcriber: Transcribing 9LKWp5nydnA with model mlx-community/whisper-large-v3-turbo
python3(28390) MallocStackLogging: can't turn off malloc stack logging because it was not enabled.
2026-02-16 16:59:02 [INFO] journal_utilities.transcriber: Transcribed 9LKWp5nydnA in 216.8s (47329 chars)
2026-02-16 16:59:02 [INFO] journal_utilities.transcriber: [48/336] Transcribing 9MQQKaKEXs0.mp3
2026-02-16 16:59:02 [INFO] journal_utilities.transcriber: Transcribing 9MQQKaKEXs0 with model mlx-community/whisper-large-v3-turbo
python3(28613) MallocStackLogging: can't turn off malloc stack logging because it was not enabled.
2026-02-16 17:02:13 [INFO] journal_utilities.transcriber: Transcribed 9MQQKaKEXs0 in 190.6s (84219 chars)
2026-02-16 17:02:13 [INFO] journal_utilities.transcriber: [49/336] Transcribing 9zq1JUnN_eg.mp3
2026-02-16 17:02:13 [INFO] journal_utilities.transcriber: Transcribing 9zq1JUnN_eg with model mlx-community/whisper-large-v3-turbo
python3(28799) MallocStackLogging: can't turn off malloc stack logging because it was not enabled.
2026-02-16 17:04:54 [INFO] journal_utilities.transcriber: Transcribed 9zq1JUnN_eg in 161.2s (78824 chars)
2026-02-16 17:04:54 [INFO] journal_utilities.transcriber: [50/336] Transcribing BMrgdUnF2iI.mp3
2026-02-16 17:04:54 [INFO] journal_utilities.transcriber: Transcribing BMrgdUnF2iI with model mlx-community/whisper-large-v3-turbo
python3(29023) MallocStackLogging: can't turn off malloc stack logging because it was not enabled.
2026-02-16 17:08:28 [INFO] journal_utilities.transcriber: Transcribed BMrgdUnF2iI in 213.5s (123768 chars)
2026-02-16 17:08:28 [INFO] journal_utilities.transcriber: [51/336] Transcribing BN2akPkfNxA.mp3
2026-02-16 17:08:28 [INFO] journal_utilities.transcriber: Transcribing BN2akPkfNxA with model mlx-community/whisper-large-v3-turbo
python3(29282) MallocStackLogging: can't turn off malloc stack logging because it was not enabled.
2026-02-16 17:11:26 [INFO] journal_utilities.transcriber: Transcribed BN2akPkfNxA in 178.7s (72507 chars)
2026-02-16 17:11:26 [INFO] journal_utilities.transcriber: [52/336] Transcribing BNLnbOFdgc0.mp3
2026-02-16 17:11:26 [INFO] journal_utilities.transcriber: Transcribing BNLnbOFdgc0 with model mlx-community/whisper-large-v3-turbo
python3(29491) MallocStackLogging: can't turn off malloc stack logging because it was not enabled.
2026-02-16 17:14:05 [INFO] journal_utilities.transcriber: Transcribed BNLnbOFdgc0 in 159.0s (81257 chars)
2026-02-16 17:14:05 [INFO] journal_utilities.transcriber: [53/336] Transcribing BPzwSTalH5E.mp3
2026-02-16 17:14:05 [INFO] journal_utilities.transcriber: Transcribing BPzwSTalH5E with model mlx-community/whisper-large-v3-turbo
python3(29690) MallocStackLogging: can't turn off malloc stack logging because it was not enabled.
2026-02-16 17:15:24 [INFO] journal_utilities.transcriber: Transcribed BPzwSTalH5E in 78.7s (43094 chars)
2026-02-16 17:15:24 [INFO] journal_utilities.transcriber: [54/336] Transcribing BcepTxAv_xI.mp3
2026-02-16 17:15:24 [INFO] journal_utilities.transcriber: Transcribing BcepTxAv_xI with model mlx-community/whisper-large-v3-turbo
python3(29841) MallocStackLogging: can't turn off malloc stack logging because it was not enabled.
2026-02-16 17:17:54 [INFO] journal_utilities.transcriber: Transcribed BcepTxAv_xI in 149.9s (70508 chars)
2026-02-16 17:17:54 [INFO] journal_utilities.transcriber: [55/336] Transcribing CEKWhxnH3-E.mp3
2026-02-16 17:17:54 [INFO] journal_utilities.transcriber: Transcribing CEKWhxnH3-E with model mlx-community/whisper-large-v3-turbo
python3(29951) MallocStackLogging: can't turn off malloc stack logging because it was not enabled.
2026-02-16 17:19:40 [INFO] journal_utilities.transcriber: Transcribed CEKWhxnH3-E in 106.5s (48883 chars)
2026-02-16 17:19:40 [INFO] journal_utilities.transcriber: [56/336] Transcribing Cgo-0UU848M.mp3
2026-02-16 17:19:40 [INFO] journal_utilities.transcriber: Transcribing Cgo-0UU848M with model mlx-community/whisper-large-v3-turbo
python3(30120) MallocStackLogging: can't turn off malloc stack logging because it was not enabled.
2026-02-16 17:22:50 [INFO] journal_utilities.transcriber: Transcribed Cgo-0UU848M in 190.0s (81581 chars)
2026-02-16 17:22:50 [INFO] journal_utilities.transcriber: [57/336] Transcribing ChO1u1mJRGE.mp3
2026-02-16 17:22:50 [INFO] journal_utilities.transcriber: Transcribing ChO1u1mJRGE with model mlx-community/whisper-large-v3-turbo
python3(30238) MallocStackLogging: can't turn off malloc stack logging because it was not enabled.
2026-02-16 17:25:40 [INFO] journal_utilities.transcriber: Transcribed ChO1u1mJRGE in 169.7s (91901 chars)
2026-02-16 17:25:40 [INFO] journal_utilities.transcriber: [58/336] Transcribing DAZNlhxOhSg.mp3
2026-02-16 17:25:40 [INFO] journal_utilities.transcriber: Transcribing DAZNlhxOhSg with model mlx-community/whisper-large-v3-turbo
python3(30442) MallocStackLogging: can't turn off malloc stack logging because it was not enabled.
2026-02-16 17:28:02 [INFO] journal_utilities.transcriber: Transcribed DAZNlhxOhSg in 141.4s (79655 chars)
2026-02-16 17:28:02 [INFO] journal_utilities.transcriber: [59/336] Transcribing DJ9n6a8mMzM.mp3
2026-02-16 17:28:02 [INFO] journal_utilities.transcriber: Transcribing DJ9n6a8mMzM with model mlx-community/whisper-large-v3-turbo
python3(30646) MallocStackLogging: can't turn off malloc stack logging because it was not enabled.
2026-02-16 17:29:47 [INFO] journal_utilities.transcriber: Transcribed DJ9n6a8mMzM in 105.2s (36053 chars)
2026-02-16 17:29:47 [INFO] journal_utilities.transcriber: [60/336] Transcribing DQhPABvJBFk.mp3
2026-02-16 17:29:47 [INFO] journal_utilities.transcriber: Transcribing DQhPABvJBFk with model mlx-community/whisper-large-v3-turbo
python3(30786) MallocStackLogging: can't turn off malloc stack logging because it was not enabled.
2026-02-16 17:31:38 [INFO] journal_utilities.transcriber: Transcribed DQhPABvJBFk in 111.3s (45233 chars)
2026-02-16 17:31:38 [INFO] journal_utilities.transcriber: [61/336] Transcribing Dl6v-3COgCo.mp3
2026-02-16 17:31:38 [INFO] journal_utilities.transcriber: Transcribing Dl6v-3COgCo with model mlx-community/whisper-large-v3-turbo
python3(30882) MallocStackLogging: can't turn off malloc stack logging because it was not enabled.
2026-02-16 17:35:10 [INFO] journal_utilities.transcriber: Transcribed Dl6v-3COgCo in 212.0s (110361 chars)
2026-02-16 17:35:10 [INFO] journal_utilities.transcriber: [62/336] Transcribing E3vyVxMZanA.mp3
2026-02-16 17:35:10 [INFO] journal_utilities.transcriber: Transcribing E3vyVxMZanA with model mlx-community/whisper-large-v3-turbo
python3(31133) MallocStackLogging: can't turn off malloc stack logging because it was not enabled.
2026-02-16 17:37:54 [INFO] journal_utilities.transcriber: Transcribed E3vyVxMZanA in 164.3s (80313 chars)
2026-02-16 17:37:54 [INFO] journal_utilities.transcriber: [63/336] Transcribing EEyVd9d3D5U.mp3
2026-02-16 17:37:54 [INFO] journal_utilities.transcriber: Transcribing EEyVd9d3D5U with model mlx-community/whisper-large-v3-turbo
python3(31299) MallocStackLogging: can't turn off malloc stack logging because it was not enabled.
2026-02-16 17:40:22 [INFO] journal_utilities.transcriber: Transcribed EEyVd9d3D5U in 147.2s (91842 chars)
2026-02-16 17:40:22 [INFO] journal_utilities.transcriber: [64/336] Transcribing EIOIMEo8vOY.mp3
2026-02-16 17:40:22 [INFO] journal_utilities.transcriber: Transcribing EIOIMEo8vOY with model mlx-community/whisper-large-v3-turbo
python3(31555) MallocStackLogging: can't turn off malloc stack logging because it was not enabled.
2026-02-16 17:45:02 [INFO] journal_utilities.transcriber: Transcribed EIOIMEo8vOY in 280.2s (70329 chars)
2026-02-16 17:45:02 [INFO] journal_utilities.transcriber: [65/336] Transcribing FB_93-zDqNo.mp3
2026-02-16 17:45:02 [INFO] journal_utilities.transcriber: Transcribing FB_93-zDqNo with model mlx-community/whisper-large-v3-turbo
python3(31775) MallocStackLogging: can't turn off malloc stack logging because it was not enabled.
2026-02-16 17:46:40 [INFO] journal_utilities.transcriber: Transcribed FB_93-zDqNo in 98.2s (49410 chars)
2026-02-16 17:46:40 [INFO] journal_utilities.transcriber: [66/336] Transcribing FNgAL97_uwE.mp3
2026-02-16 17:46:40 [INFO] journal_utilities.transcriber: Transcribing FNgAL97_uwE with model mlx-community/whisper-large-v3-turbo
python3(31996) MallocStackLogging: can't turn off malloc stack logging because it was not enabled.
2026-02-16 17:49:25 [INFO] journal_utilities.transcriber: Transcribed FNgAL97_uwE in 165.4s (81089 chars)
2026-02-16 17:49:25 [INFO] journal_utilities.transcriber: [67/336] Transcribing FV7pW4p60VI.mp3
2026-02-16 17:49:25 [INFO] journal_utilities.transcriber: Transcribing FV7pW4p60VI with model mlx-community/whisper-large-v3-turbo
python3(32086) MallocStackLogging: can't turn off malloc stack logging because it was not enabled.
2026-02-16 17:51:49 [INFO] journal_utilities.transcriber: Transcribed FV7pW4p60VI in 143.7s (58806 chars)
2026-02-16 17:51:49 [INFO] journal_utilities.transcriber: [68/336] Transcribing Fc7bUNNdTfY.mp3
2026-02-16 17:51:49 [INFO] journal_utilities.transcriber: Transcribing Fc7bUNNdTfY with model mlx-community/whisper-large-v3-turbo
python3(32259) MallocStackLogging: can't turn off malloc stack logging because it was not enabled.
2026-02-16 17:57:48 [INFO] journal_utilities.transcriber: Transcribed Fc7bUNNdTfY in 358.7s (124837 chars)
2026-02-16 17:57:48 [INFO] journal_utilities.transcriber: [69/336] Transcribing Fh1e4sKh3Vs.mp3
2026-02-16 17:57:48 [INFO] journal_utilities.transcriber: Transcribing Fh1e4sKh3Vs with model mlx-community/whisper-large-v3-turbo
python3(32531) MallocStackLogging: can't turn off malloc stack logging because it was not enabled.
2026-02-16 18:00:45 [INFO] journal_utilities.transcriber: Transcribed Fh1e4sKh3Vs in 176.9s (81319 chars)
2026-02-16 18:00:45 [INFO] journal_utilities.transcriber: [70/336] Transcribing FymR0rKdLZo.mp3
2026-02-16 18:00:45 [INFO] journal_utilities.transcriber: Transcribing FymR0rKdLZo with model mlx-community/whisper-large-v3-turbo
python3(32640) MallocStackLogging: can't turn off malloc stack logging because it was not enabled.
2026-02-16 18:03:41 [INFO] journal_utilities.transcriber: Transcribed FymR0rKdLZo in 175.8s (68884 chars)
2026-02-16 18:03:41 [INFO] journal_utilities.transcriber: [71/336] Transcribing GHcpJ_bMuu4.mp3
2026-02-16 18:03:41 [INFO] journal_utilities.transcriber: Transcribing GHcpJ_bMuu4 with model mlx-community/whisper-large-v3-turbo
python3(32833) MallocStackLogging: can't turn off malloc stack logging because it was not enabled.
2026-02-16 18:07:11 [INFO] journal_utilities.transcriber: Transcribed GHcpJ_bMuu4 in 210.1s (97014 chars)
2026-02-16 18:07:11 [INFO] journal_utilities.transcriber: [72/336] Transcribing GR07coJNPUE.mp3
2026-02-16 18:07:11 [INFO] journal_utilities.transcriber: Transcribing GR07coJNPUE with model mlx-community/whisper-large-v3-turbo
python3(32969) MallocStackLogging: can't turn off malloc stack logging because it was not enabled.
2026-02-16 18:10:25 [INFO] journal_utilities.transcriber: Transcribed GR07coJNPUE in 194.7s (87162 chars)
2026-02-16 18:10:25 [INFO] journal_utilities.transcriber: [73/336] Transcribing GVsBiTn_E6o.mp3
2026-02-16 18:10:25 [INFO] journal_utilities.transcriber: Transcribing GVsBiTn_E6o with model mlx-community/whisper-large-v3-turbo
python3(33250) MallocStackLogging: can't turn off malloc stack logging because it was not enabled.
2026-02-16 18:11:52 [INFO] journal_utilities.transcriber: Transcribed GVsBiTn_E6o in 87.0s (36402 chars)
2026-02-16 18:11:52 [INFO] journal_utilities.transcriber: [74/336] Transcribing GfImcptiLsY.mp3
2026-02-16 18:11:52 [INFO] journal_utilities.transcriber: Transcribing GfImcptiLsY with model mlx-community/whisper-large-v3-turbo
python3(33341) MallocStackLogging: can't turn off malloc stack logging because it was not enabled.
2026-02-16 18:14:57 [INFO] journal_utilities.transcriber: Transcribed GfImcptiLsY in 184.5s (73744 chars)
2026-02-16 18:14:57 [INFO] journal_utilities.transcriber: [75/336] Transcribing Gl7yd2MRjmk.mp3
2026-02-16 18:14:57 [INFO] journal_utilities.transcriber: Transcribing Gl7yd2MRjmk with model mlx-community/whisper-large-v3-turbo
python3(33617) MallocStackLogging: can't turn off malloc stack logging because it was not enabled.
2026-02-16 18:18:16 [INFO] journal_utilities.transcriber: Transcribed Gl7yd2MRjmk in 199.4s (66482 chars)
2026-02-16 18:18:16 [INFO] journal_utilities.transcriber: [76/336] Transcribing GoXtkxLGkjQ.mp3
2026-02-16 18:18:16 [INFO] journal_utilities.transcriber: Transcribing GoXtkxLGkjQ with model mlx-community/whisper-large-v3-turbo
python3(35482) MallocStackLogging: can't turn off malloc stack logging because it was not enabled.
2026-02-16 18:21:05 [INFO] journal_utilities.transcriber: Transcribed GoXtkxLGkjQ in 168.6s (67696 chars)
2026-02-16 18:21:05 [INFO] journal_utilities.transcriber: [77/336] Transcribing H6rjjPZE5hs.mp3
2026-02-16 18:21:05 [INFO] journal_utilities.transcriber: Transcribing H6rjjPZE5hs with model mlx-community/whisper-large-v3-turbo
python3(35761) MallocStackLogging: can't turn off malloc stack logging because it was not enabled.
2026-02-16 18:24:51 [INFO] journal_utilities.transcriber: Transcribed H6rjjPZE5hs in 226.5s (90790 chars)
2026-02-16 18:24:51 [INFO] journal_utilities.transcriber: [78/336] Transcribing HK9ZkbxieLY.mp3
2026-02-16 18:24:51 [INFO] journal_utilities.transcriber: Transcribing HK9ZkbxieLY with model mlx-community/whisper-large-v3-turbo
python3(39459) MallocStackLogging: can't turn off malloc stack logging because it was not enabled.
2026-02-16 18:28:23 [INFO] journal_utilities.transcriber: Transcribed HK9ZkbxieLY in 212.0s (73125 chars)
2026-02-16 18:28:23 [INFO] journal_utilities.transcriber: [79/336] Transcribing HThdpvQzA4o.mp3
2026-02-16 18:28:23 [INFO] journal_utilities.transcriber: Transcribing HThdpvQzA4o with model mlx-community/whisper-large-v3-turbo
python3(41308) MallocStackLogging: can't turn off malloc stack logging because it was not enabled.
2026-02-16 18:31:38 [INFO] journal_utilities.transcriber: Transcribed HThdpvQzA4o in 194.7s (91677 chars)
2026-02-16 18:31:38 [INFO] journal_utilities.transcriber: [80/336] Transcribing I3rhsT-8isk.mp3
2026-02-16 18:31:38 [INFO] journal_utilities.transcriber: Transcribing I3rhsT-8isk with model mlx-community/whisper-large-v3-turbo
python3(41775) MallocStackLogging: can't turn off malloc stack logging because it was not enabled.
2026-02-16 18:34:07 [INFO] journal_utilities.transcriber: Transcribed I3rhsT-8isk in 149.2s (90997 chars)
2026-02-16 18:34:07 [INFO] journal_utilities.transcriber: [81/336] Transcribing IM_NlUzyq8M.mp3
2026-02-16 18:34:07 [INFO] journal_utilities.transcriber: Transcribing IM_NlUzyq8M with model mlx-community/whisper-large-v3-turbo
python3(45183) MallocStackLogging: can't turn off malloc stack logging because it was not enabled.
2026-02-16 18:37:55 [INFO] journal_utilities.transcriber: Transcribed IM_NlUzyq8M in 227.5s (64056 chars)
2026-02-16 18:37:55 [INFO] journal_utilities.transcriber: [82/336] Transcribing IPiazKlNZ4g.mp3
2026-02-16 18:37:55 [INFO] journal_utilities.transcriber: Transcribing IPiazKlNZ4g with model mlx-community/whisper-large-v3-turbo
python3(45848) MallocStackLogging: can't turn off malloc stack logging because it was not enabled.
2026-02-16 18:40:40 [INFO] journal_utilities.transcriber: Transcribed IPiazKlNZ4g in 165.6s (75142 chars)
2026-02-16 18:40:40 [INFO] journal_utilities.transcriber: [83/336] Transcribing IXJn-BMsKVw.mp3
2026-02-16 18:40:40 [INFO] journal_utilities.transcriber: Transcribing IXJn-BMsKVw with model mlx-community/whisper-large-v3-turbo
python3(46188) MallocStackLogging: can't turn off malloc stack logging because it was not enabled.
2026-02-16 18:43:44 [INFO] journal_utilities.transcriber: Transcribed IXJn-BMsKVw in 183.3s (80335 chars)
2026-02-16 18:43:44 [INFO] journal_utilities.transcriber: [84/336] Transcribing Il9sBNAia7g.mp3
2026-02-16 18:43:44 [INFO] journal_utilities.transcriber: Transcribing Il9sBNAia7g with model mlx-community/whisper-large-v3-turbo
python3(47300) MallocStackLogging: can't turn off malloc stack logging because it was not enabled.
2026-02-16 18:45:42 [INFO] journal_utilities.transcriber: Transcribed Il9sBNAia7g in 118.4s (44423 chars)
2026-02-16 18:45:42 [INFO] journal_utilities.transcriber: [85/336] Transcribing IvY4acL8YeA.mp3
2026-02-16 18:45:42 [INFO] journal_utilities.transcriber: Transcribing IvY4acL8YeA with model mlx-community/whisper-large-v3-turbo
python3(47461) MallocStackLogging: can't turn off malloc stack logging because it was not enabled.
2026-02-16 18:48:17 [INFO] journal_utilities.transcriber: Transcribed IvY4acL8YeA in 155.2s (65714 chars)
2026-02-16 18:48:17 [INFO] journal_utilities.transcriber: [86/336] Transcribing J7cu4slfIBA.mp3
2026-02-16 18:48:17 [INFO] journal_utilities.transcriber: Transcribing J7cu4slfIBA with model mlx-community/whisper-large-v3-turbo
python3(47536) MallocStackLogging: can't turn off malloc stack logging because it was not enabled.
2026-02-16 18:51:04 [INFO] journal_utilities.transcriber: Transcribed J7cu4slfIBA in 166.9s (83254 chars)
2026-02-16 18:51:04 [INFO] journal_utilities.transcriber: [87/336] Transcribing JPsdk7pVa1I.mp3
2026-02-16 18:51:04 [INFO] journal_utilities.transcriber: Transcribing JPsdk7pVa1I with model mlx-community/whisper-large-v3-turbo
python3(47767) MallocStackLogging: can't turn off malloc stack logging because it was not enabled.
2026-02-16 18:54:16 [INFO] journal_utilities.transcriber: Transcribed JPsdk7pVa1I in 191.7s (91281 chars)
2026-02-16 18:54:16 [INFO] journal_utilities.transcriber: [88/336] Transcribing JkORFoyk8o8.mp3
2026-02-16 18:54:16 [INFO] journal_utilities.transcriber: Transcribing JkORFoyk8o8 with model mlx-community/whisper-large-v3-turbo
python3(47978) MallocStackLogging: can't turn off malloc stack logging because it was not enabled.
2026-02-16 18:57:00 [INFO] journal_utilities.transcriber: Transcribed JkORFoyk8o8 in 163.8s (74656 chars)
2026-02-16 18:57:00 [INFO] journal_utilities.transcriber: [89/336] Transcribing KPeOC9eNDnA.mp3
2026-02-16 18:57:00 [INFO] journal_utilities.transcriber: Transcribing KPeOC9eNDnA with model mlx-community/whisper-large-v3-turbo
python3(48198) MallocStackLogging: can't turn off malloc stack logging because it was not enabled.
2026-02-16 19:00:37 [INFO] journal_utilities.transcriber: Transcribed KPeOC9eNDnA in 217.5s (98088 chars)
2026-02-16 19:00:37 [INFO] journal_utilities.transcriber: [90/336] Transcribing KX62d4gvFAY.mp3
2026-02-16 19:00:37 [INFO] journal_utilities.transcriber: Transcribing KX62d4gvFAY with model mlx-community/whisper-large-v3-turbo
python3(48470) MallocStackLogging: can't turn off malloc stack logging because it was not enabled.
2026-02-16 19:03:05 [INFO] journal_utilities.transcriber: Transcribed KX62d4gvFAY in 148.0s (69165 chars)
2026-02-16 19:03:05 [INFO] journal_utilities.transcriber: [91/336] Transcribing KbyPFR7xUDo.mp3
2026-02-16 19:03:05 [INFO] journal_utilities.transcriber: Transcribing KbyPFR7xUDo with model mlx-community/whisper-large-v3-turbo
python3(48562) MallocStackLogging: can't turn off malloc stack logging because it was not enabled.
2026-02-16 19:06:00 [INFO] journal_utilities.transcriber: Transcribed KbyPFR7xUDo in 174.2s (81347 chars)
2026-02-16 19:06:00 [INFO] journal_utilities.transcriber: [92/336] Transcribing KqiLO9Dfj-4.mp3
2026-02-16 19:06:00 [INFO] journal_utilities.transcriber: Transcribing KqiLO9Dfj-4 with model mlx-community/whisper-large-v3-turbo
python3(48760) MallocStackLogging: can't turn off malloc stack logging because it was not enabled.
2026-02-16 19:08:22 [INFO] journal_utilities.transcriber: Transcribed KqiLO9Dfj-4 in 142.6s (57660 chars)
2026-02-16 19:08:22 [INFO] journal_utilities.transcriber: [93/336] Transcribing KwFpamHzmUc.mp3
2026-02-16 19:08:22 [INFO] journal_utilities.transcriber: Transcribing KwFpamHzmUc with model mlx-community/whisper-large-v3-turbo
python3(48961) MallocStackLogging: can't turn off malloc stack logging because it was not enabled.
2026-02-16 19:09:49 [INFO] journal_utilities.transcriber: Transcribed KwFpamHzmUc in 87.2s (42797 chars)
2026-02-16 19:09:49 [INFO] journal_utilities.transcriber: [94/336] Transcribing L0kFneuINsg.mp3
2026-02-16 19:09:49 [INFO] journal_utilities.transcriber: Transcribing L0kFneuINsg with model mlx-community/whisper-large-v3-turbo
python3(49096) MallocStackLogging: can't turn off malloc stack logging because it was not enabled.
2026-02-16 19:16:09 [INFO] journal_utilities.transcriber: Transcribed L0kFneuINsg in 379.8s (83479 chars)
2026-02-16 19:16:09 [INFO] journal_utilities.transcriber: [95/336] Transcribing L6dhr5hUu8o.mp3
2026-02-16 19:16:09 [INFO] journal_utilities.transcriber: Transcribing L6dhr5hUu8o with model mlx-community/whisper-large-v3-turbo
python3(49417) MallocStackLogging: can't turn off malloc stack logging because it was not enabled.
2026-02-16 19:19:24 [INFO] journal_utilities.transcriber: Transcribed L6dhr5hUu8o in 194.5s (85414 chars)
2026-02-16 19:19:24 [INFO] journal_utilities.transcriber: [96/336] Transcribing LPj_ok8Pxxw.mp3
2026-02-16 19:19:24 [INFO] journal_utilities.transcriber: Transcribing LPj_ok8Pxxw with model mlx-community/whisper-large-v3-turbo
python3(49593) MallocStackLogging: can't turn off malloc stack logging because it was not enabled.
2026-02-16 19:22:57 [INFO] journal_utilities.transcriber: Transcribed LPj_ok8Pxxw in 213.2s (90531 chars)
2026-02-16 19:22:57 [INFO] journal_utilities.transcriber: [97/336] Transcribing Ln_g3qynnbA.mp3
2026-02-16 19:22:57 [INFO] journal_utilities.transcriber: Transcribing Ln_g3qynnbA with model mlx-community/whisper-large-v3-turbo
python3(49718) MallocStackLogging: can't turn off malloc stack logging because it was not enabled.
2026-02-16 19:24:06 [INFO] journal_utilities.transcriber: Transcribed Ln_g3qynnbA in 68.9s (32438 chars)
2026-02-16 19:24:06 [INFO] journal_utilities.transcriber: [98/336] Transcribing Lo95GakwV5w.mp3
2026-02-16 19:24:06 [INFO] journal_utilities.transcriber: Transcribing Lo95GakwV5w with model mlx-community/whisper-large-v3-turbo
python3(49797) MallocStackLogging: can't turn off malloc stack logging because it was not enabled.
2026-02-16 19:27:27 [INFO] journal_utilities.transcriber: Transcribed Lo95GakwV5w in 201.2s (80631 chars)
2026-02-16 19:27:27 [INFO] journal_utilities.transcriber: [99/336] Transcribing MUaKYWKs0kk.mp3
2026-02-16 19:27:27 [INFO] journal_utilities.transcriber: Transcribing MUaKYWKs0kk with model mlx-community/whisper-large-v3-turbo
python3(50002) MallocStackLogging: can't turn off malloc stack logging because it was not enabled.
2026-02-16 19:30:10 [INFO] journal_utilities.transcriber: Transcribed MUaKYWKs0kk in 163.4s (72037 chars)
2026-02-16 19:30:10 [INFO] journal_utilities.transcriber: [100/336] Transcribing Me3BitlU6Vs.mp3
2026-02-16 19:30:10 [INFO] journal_utilities.transcriber: Transcribing Me3BitlU6Vs with model mlx-community/whisper-large-v3-turbo
python3(50204) MallocStackLogging: can't turn off malloc stack logging because it was not enabled.
2026-02-16 19:32:34 [INFO] journal_utilities.transcriber: Transcribed Me3BitlU6Vs in 143.2s (56556 chars)
2026-02-16 19:32:34 [INFO] journal_utilities.transcriber: [101/336] Transcribing MrAiB9X7Ock.mp3
2026-02-16 19:32:34 [INFO] journal_utilities.transcriber: Transcribing MrAiB9X7Ock with model mlx-community/whisper-large-v3-turbo
python3(50390) MallocStackLogging: can't turn off malloc stack logging because it was not enabled.
2026-02-16 19:36:35 [INFO] journal_utilities.transcriber: Transcribed MrAiB9X7Ock in 241.9s (70722 chars)
2026-02-16 19:36:35 [INFO] journal_utilities.transcriber: [102/336] Transcribing MzYmdBaJIYc.mp3
2026-02-16 19:36:35 [INFO] journal_utilities.transcriber: Transcribing MzYmdBaJIYc with model mlx-community/whisper-large-v3-turbo
python3(50795) MallocStackLogging: can't turn off malloc stack logging because it was not enabled.
2026-02-16 19:38:31 [INFO] journal_utilities.transcriber: Transcribed MzYmdBaJIYc in 115.6s (62599 chars)
2026-02-16 19:38:31 [INFO] journal_utilities.transcriber: [103/336] Transcribing N0ozoxTgWD0.mp3
2026-02-16 19:38:31 [INFO] journal_utilities.transcriber: Transcribing N0ozoxTgWD0 with model mlx-community/whisper-large-v3-turbo
python3(50855) MallocStackLogging: can't turn off malloc stack logging because it was not enabled.
2026-02-16 19:42:30 [INFO] journal_utilities.transcriber: Transcribed N0ozoxTgWD0 in 238.7s (86856 chars)
2026-02-16 19:42:30 [INFO] journal_utilities.transcriber: [104/336] Transcribing N7QSuazEEhE.mp3
2026-02-16 19:42:30 [INFO] journal_utilities.transcriber: Transcribing N7QSuazEEhE with model mlx-community/whisper-large-v3-turbo
python3(51085) MallocStackLogging: can't turn off malloc stack logging because it was not enabled.
2026-02-16 19:45:46 [INFO] journal_utilities.transcriber: Transcribed N7QSuazEEhE in 196.2s (93194 chars)
2026-02-16 19:45:46 [INFO] journal_utilities.transcriber: [105/336] Transcribing NHfGuwoCXI8.mp3
2026-02-16 19:45:46 [INFO] journal_utilities.transcriber: Transcribing NHfGuwoCXI8 with model mlx-community/whisper-large-v3-turbo
python3(51263) MallocStackLogging: can't turn off malloc stack logging because it was not enabled.
2026-02-16 19:48:58 [INFO] journal_utilities.transcriber: Transcribed NHfGuwoCXI8 in 192.2s (92120 chars)
2026-02-16 19:48:58 [INFO] journal_utilities.transcriber: [106/336] Transcribing NOj0mB8I6BI.mp3
2026-02-16 19:48:58 [INFO] journal_utilities.transcriber: Transcribing NOj0mB8I6BI with model mlx-community/whisper-large-v3-turbo
python3(51407) MallocStackLogging: can't turn off malloc stack logging because it was not enabled.
2026-02-16 19:51:25 [INFO] journal_utilities.transcriber: Transcribed NOj0mB8I6BI in 146.8s (73241 chars)
2026-02-16 19:51:25 [INFO] journal_utilities.transcriber: [107/336] Transcribing NZnlrI-6mS8.mp3
2026-02-16 19:51:25 [INFO] journal_utilities.transcriber: Transcribing NZnlrI-6mS8 with model mlx-community/whisper-large-v3-turbo
python3(51556) MallocStackLogging: can't turn off malloc stack logging because it was not enabled.
2026-02-16 19:53:47 [INFO] journal_utilities.transcriber: Transcribed NZnlrI-6mS8 in 142.1s (61328 chars)
2026-02-16 19:53:47 [INFO] journal_utilities.transcriber: [108/336] Transcribing NkJKl_yF274.mp3
2026-02-16 19:53:47 [INFO] journal_utilities.transcriber: Transcribing NkJKl_yF274 with model mlx-community/whisper-large-v3-turbo
python3(51704) MallocStackLogging: can't turn off malloc stack logging because it was not enabled.
2026-02-16 19:57:01 [INFO] journal_utilities.transcriber: Transcribed NkJKl_yF274 in 193.9s (70090 chars)
2026-02-16 19:57:01 [INFO] journal_utilities.transcriber: [109/336] Transcribing O4u8PRzk1vY.mp3
2026-02-16 19:57:01 [INFO] journal_utilities.transcriber: Transcribing O4u8PRzk1vY with model mlx-community/whisper-large-v3-turbo
python3(51898) MallocStackLogging: can't turn off malloc stack logging because it was not enabled.
2026-02-16 20:00:02 [INFO] journal_utilities.transcriber: Transcribed O4u8PRzk1vY in 180.7s (87812 chars)
2026-02-16 20:00:02 [INFO] journal_utilities.transcriber: [110/336] Transcribing O6adLcDhOYU.mp3
2026-02-16 20:00:02 [INFO] journal_utilities.transcriber: Transcribing O6adLcDhOYU with model mlx-community/whisper-large-v3-turbo
python3(52073) MallocStackLogging: can't turn off malloc stack logging because it was not enabled.
2026-02-16 20:03:10 [INFO] journal_utilities.transcriber: Transcribed O6adLcDhOYU in 187.8s (73651 chars)
2026-02-16 20:03:10 [INFO] journal_utilities.transcriber: [111/336] Transcribing OPapscuD05s.mp3
2026-02-16 20:03:10 [INFO] journal_utilities.transcriber: Transcribing OPapscuD05s with model mlx-community/whisper-large-v3-turbo
python3(52379) MallocStackLogging: can't turn off malloc stack logging because it was not enabled.
2026-02-16 20:06:17 [INFO] journal_utilities.transcriber: Transcribed OPapscuD05s in 187.5s (91180 chars)
2026-02-16 20:06:17 [INFO] journal_utilities.transcriber: [112/336] Transcribing OtX2Fpzn7KA.mp3
2026-02-16 20:06:17 [INFO] journal_utilities.transcriber: Transcribing OtX2Fpzn7KA with model mlx-community/whisper-large-v3-turbo
python3(52557) MallocStackLogging: can't turn off malloc stack logging because it was not enabled.
2026-02-16 20:09:38 [INFO] journal_utilities.transcriber: Transcribed OtX2Fpzn7KA in 201.3s (72627 chars)
2026-02-16 20:09:38 [INFO] journal_utilities.transcriber: [113/336] Transcribing OwGNVmQIO9E.mp3
2026-02-16 20:09:38 [INFO] journal_utilities.transcriber: Transcribing OwGNVmQIO9E with model mlx-community/whisper-large-v3-turbo
python3(52782) MallocStackLogging: can't turn off malloc stack logging because it was not enabled.
2026-02-16 20:11:19 [INFO] journal_utilities.transcriber: Transcribed OwGNVmQIO9E in 100.5s (34334 chars)
2026-02-16 20:11:19 [INFO] journal_utilities.transcriber: [114/336] Transcribing PQGoQYpyqUY.mp3
2026-02-16 20:11:19 [INFO] journal_utilities.transcriber: Transcribing PQGoQYpyqUY with model mlx-community/whisper-large-v3-turbo
python3(52895) MallocStackLogging: can't turn off malloc stack logging because it was not enabled.
2026-02-16 20:15:59 [INFO] journal_utilities.transcriber: Transcribed PQGoQYpyqUY in 280.2s (168157 chars)
2026-02-16 20:15:59 [INFO] journal_utilities.transcriber: [115/336] Transcribing PVeyvHSAwmk.mp3
2026-02-16 20:15:59 [INFO] journal_utilities.transcriber: Transcribing PVeyvHSAwmk with model mlx-community/whisper-large-v3-turbo
python3(53084) MallocStackLogging: can't turn off malloc stack logging because it was not enabled.
2026-02-16 20:28:06 [INFO] journal_utilities.transcriber: Transcribed PVeyvHSAwmk in 727.0s (311469 chars)
2026-02-16 20:28:06 [INFO] journal_utilities.transcriber: [116/336] Transcribing Pw2vxMRxF5o.mp3
2026-02-16 20:28:06 [INFO] journal_utilities.transcriber: Transcribing Pw2vxMRxF5o with model mlx-community/whisper-large-v3-turbo
python3(53517) MallocStackLogging: can't turn off malloc stack logging because it was not enabled.
2026-02-16 20:31:34 [INFO] journal_utilities.transcriber: Transcribed Pw2vxMRxF5o in 208.3s (100920 chars)
2026-02-16 20:31:34 [INFO] journal_utilities.transcriber: [117/336] Transcribing Q-_YCWfO0b0.mp3
2026-02-16 20:31:34 [INFO] journal_utilities.transcriber: Transcribing Q-_YCWfO0b0 with model mlx-community/whisper-large-v3-turbo
python3(53734) MallocStackLogging: can't turn off malloc stack logging because it was not enabled.
2026-02-16 20:33:43 [INFO] journal_utilities.transcriber: Transcribed Q-_YCWfO0b0 in 128.9s (43037 chars)
2026-02-16 20:33:43 [INFO] journal_utilities.transcriber: [118/336] Transcribing Q0ySDpKFrPA.mp3
2026-02-16 20:33:43 [INFO] journal_utilities.transcriber: Transcribing Q0ySDpKFrPA with model mlx-community/whisper-large-v3-turbo
python3(53928) MallocStackLogging: can't turn off malloc stack logging because it was not enabled.
2026-02-16 20:35:56 [INFO] journal_utilities.transcriber: Transcribed Q0ySDpKFrPA in 132.3s (58058 chars)
2026-02-16 20:35:56 [INFO] journal_utilities.transcriber: [119/336] Transcribing QUBmgn7K_4E.mp3
2026-02-16 20:35:56 [INFO] journal_utilities.transcriber: Transcribing QUBmgn7K_4E with model mlx-community/whisper-large-v3-turbo
python3(54020) MallocStackLogging: can't turn off malloc stack logging because it was not enabled.
2026-02-16 20:38:57 [INFO] journal_utilities.transcriber: Transcribed QUBmgn7K_4E in 181.4s (62034 chars)
2026-02-16 20:38:57 [INFO] journal_utilities.transcriber: [120/336] Transcribing Qbmuu61dnWY.mp3
2026-02-16 20:38:57 [INFO] journal_utilities.transcriber: Transcribing Qbmuu61dnWY with model mlx-community/whisper-large-v3-turbo
python3(54200) MallocStackLogging: can't turn off malloc stack logging because it was not enabled.
2026-02-16 20:41:52 [INFO] journal_utilities.transcriber: Transcribed Qbmuu61dnWY in 174.6s (66914 chars)
2026-02-16 20:41:52 [INFO] journal_utilities.transcriber: [121/336] Transcribing QqEp4jtaQ2E.mp3
2026-02-16 20:41:52 [INFO] journal_utilities.transcriber: Transcribing QqEp4jtaQ2E with model mlx-community/whisper-large-v3-turbo
python3(54358) MallocStackLogging: can't turn off malloc stack logging because it was not enabled.
2026-02-16 20:43:48 [INFO] journal_utilities.transcriber: Transcribed QqEp4jtaQ2E in 116.0s (59721 chars)
2026-02-16 20:43:48 [INFO] journal_utilities.transcriber: [122/336] Transcribing QyOslBrs2qA.mp3
2026-02-16 20:43:48 [INFO] journal_utilities.transcriber: Transcribing QyOslBrs2qA with model mlx-community/whisper-large-v3-turbo
python3(54516) MallocStackLogging: can't turn off malloc stack logging because it was not enabled.
2026-02-16 20:47:20 [INFO] journal_utilities.transcriber: Transcribed QyOslBrs2qA in 212.3s (76624 chars)
2026-02-16 20:47:20 [INFO] journal_utilities.transcriber: [123/336] Transcribing R4C_DgP_khY.mp3
2026-02-16 20:47:20 [INFO] journal_utilities.transcriber: Transcribing R4C_DgP_khY with model mlx-community/whisper-large-v3-turbo
python3(54747) MallocStackLogging: can't turn off malloc stack logging because it was not enabled.
2026-02-16 20:50:16 [INFO] journal_utilities.transcriber: Transcribed R4C_DgP_khY in 175.7s (93045 chars)
2026-02-16 20:50:16 [INFO] journal_utilities.transcriber: [124/336] Transcribing RB2axUYnE8I.mp3
2026-02-16 20:50:16 [INFO] journal_utilities.transcriber: Transcribing RB2axUYnE8I with model mlx-community/whisper-large-v3-turbo
python3(54855) MallocStackLogging: can't turn off malloc stack logging because it was not enabled.
2026-02-16 20:53:36 [INFO] journal_utilities.transcriber: Transcribed RB2axUYnE8I in 200.3s (85356 chars)
2026-02-16 20:53:36 [INFO] journal_utilities.transcriber: [125/336] Transcribing RO3XVXqvAII.mp3
2026-02-16 20:53:36 [INFO] journal_utilities.transcriber: Transcribing RO3XVXqvAII with model mlx-community/whisper-large-v3-turbo
python3(55020) MallocStackLogging: can't turn off malloc stack logging because it was not enabled.
2026-02-16 20:56:42 [INFO] journal_utilities.transcriber: Transcribed RO3XVXqvAII in 186.0s (93154 chars)
2026-02-16 20:56:42 [INFO] journal_utilities.transcriber: [126/336] Transcribing RoMCBXy-7E0.mp3
2026-02-16 20:56:42 [INFO] journal_utilities.transcriber: Transcribing RoMCBXy-7E0 with model mlx-community/whisper-large-v3-turbo
python3(55185) MallocStackLogging: can't turn off malloc stack logging because it was not enabled.
2026-02-16 21:00:10 [INFO] journal_utilities.transcriber: Transcribed RoMCBXy-7E0 in 208.3s (90742 chars)
2026-02-16 21:00:10 [INFO] journal_utilities.transcriber: [127/336] Transcribing RpOrRw4EhTo.mp3
2026-02-16 21:00:10 [INFO] journal_utilities.transcriber: Transcribing RpOrRw4EhTo with model mlx-community/whisper-large-v3-turbo
python3(55344) MallocStackLogging: can't turn off malloc stack logging because it was not enabled.
2026-02-16 21:01:53 [INFO] journal_utilities.transcriber: Transcribed RpOrRw4EhTo in 102.8s (38824 chars)
2026-02-16 21:01:53 [INFO] journal_utilities.transcriber: [128/336] Transcribing S-6qpCNq4uA.mp3
2026-02-16 21:01:53 [INFO] journal_utilities.transcriber: Transcribing S-6qpCNq4uA with model mlx-community/whisper-large-v3-turbo
python3(55611) MallocStackLogging: can't turn off malloc stack logging because it was not enabled.
2026-02-16 21:04:17 [INFO] journal_utilities.transcriber: Transcribed S-6qpCNq4uA in 143.6s (58045 chars)
2026-02-16 21:04:17 [INFO] journal_utilities.transcriber: [129/336] Transcribing S-tFHIqtbSI.mp3
2026-02-16 21:04:17 [INFO] journal_utilities.transcriber: Transcribing S-tFHIqtbSI with model mlx-community/whisper-large-v3-turbo
python3(55704) MallocStackLogging: can't turn off malloc stack logging because it was not enabled.
2026-02-16 21:07:35 [INFO] journal_utilities.transcriber: Transcribed S-tFHIqtbSI in 198.5s (119821 chars)
2026-02-16 21:07:35 [INFO] journal_utilities.transcriber: [130/336] Transcribing S5-jXzhiG18.mp3
2026-02-16 21:07:35 [INFO] journal_utilities.transcriber: Transcribing S5-jXzhiG18 with model mlx-community/whisper-large-v3-turbo
python3(55954) MallocStackLogging: can't turn off malloc stack logging because it was not enabled.
2026-02-16 21:11:00 [INFO] journal_utilities.transcriber: Transcribed S5-jXzhiG18 in 204.8s (90892 chars)
2026-02-16 21:11:00 [INFO] journal_utilities.transcriber: [131/336] Transcribing S8z_Y95WBeE.mp3
2026-02-16 21:11:00 [INFO] journal_utilities.transcriber: Transcribing S8z_Y95WBeE with model mlx-community/whisper-large-v3-turbo
python3(56158) MallocStackLogging: can't turn off malloc stack logging because it was not enabled.
2026-02-16 21:13:25 [INFO] journal_utilities.transcriber: Transcribed S8z_Y95WBeE in 144.8s (59161 chars)
2026-02-16 21:13:25 [INFO] journal_utilities.transcriber: [132/336] Transcribing Sb8A0jNzWPE.mp3
2026-02-16 21:13:25 [INFO] journal_utilities.transcriber: Transcribing Sb8A0jNzWPE with model mlx-community/whisper-large-v3-turbo
python3(56354) MallocStackLogging: can't turn off malloc stack logging because it was not enabled.
2026-02-16 21:15:02 [INFO] journal_utilities.transcriber: Transcribed Sb8A0jNzWPE in 97.0s (40309 chars)
2026-02-16 21:15:02 [INFO] journal_utilities.transcriber: [133/336] Transcribing SerC9wYOMHs.mp3
2026-02-16 21:15:02 [INFO] journal_utilities.transcriber: Transcribing SerC9wYOMHs with model mlx-community/whisper-large-v3-turbo
python3(56386) MallocStackLogging: can't turn off malloc stack logging because it was not enabled.
2026-02-16 21:17:47 [INFO] journal_utilities.transcriber: Transcribed SerC9wYOMHs in 165.6s (64485 chars)
2026-02-16 21:17:47 [INFO] journal_utilities.transcriber: [134/336] Transcribing StyeVhPobXg.mp3
2026-02-16 21:17:47 [INFO] journal_utilities.transcriber: Transcribing StyeVhPobXg with model mlx-community/whisper-large-v3-turbo
python3(56542) MallocStackLogging: can't turn off malloc stack logging because it was not enabled.
2026-02-16 21:21:11 [INFO] journal_utilities.transcriber: Transcribed StyeVhPobXg in 204.0s (78278 chars)
2026-02-16 21:21:11 [INFO] journal_utilities.transcriber: [135/336] Transcribing SwUzTlGNI2A.mp3
2026-02-16 21:21:11 [INFO] journal_utilities.transcriber: Transcribing SwUzTlGNI2A with model mlx-community/whisper-large-v3-turbo
python3(56705) MallocStackLogging: can't turn off malloc stack logging because it was not enabled.
2026-02-16 21:23:37 [INFO] journal_utilities.transcriber: Transcribed SwUzTlGNI2A in 145.9s (68160 chars)
2026-02-16 21:23:37 [INFO] journal_utilities.transcriber: [136/336] Transcribing Sz7ZP2N6DuE.mp3
2026-02-16 21:23:37 [INFO] journal_utilities.transcriber: Transcribing Sz7ZP2N6DuE with model mlx-community/whisper-large-v3-turbo
python3(56934) MallocStackLogging: can't turn off malloc stack logging because it was not enabled.
2026-02-16 21:25:50 [INFO] journal_utilities.transcriber: Transcribed Sz7ZP2N6DuE in 132.5s (55318 chars)
2026-02-16 21:25:50 [INFO] journal_utilities.transcriber: [137/336] Transcribing TKksAVCOUCU.mp3
2026-02-16 21:25:50 [INFO] journal_utilities.transcriber: Transcribing TKksAVCOUCU with model mlx-community/whisper-large-v3-turbo
python3(57009) MallocStackLogging: can't turn off malloc stack logging because it was not enabled.
2026-02-16 21:29:11 [INFO] journal_utilities.transcriber: Transcribed TKksAVCOUCU in 201.2s (75628 chars)
2026-02-16 21:29:11 [INFO] journal_utilities.transcriber: [138/336] Transcribing TOZp_XNYijQ.mp3
2026-02-16 21:29:11 [INFO] journal_utilities.transcriber: Transcribing TOZp_XNYijQ with model mlx-community/whisper-large-v3-turbo
python3(57290) MallocStackLogging: can't turn off malloc stack logging because it was not enabled.
2026-02-16 21:30:54 [INFO] journal_utilities.transcriber: Transcribed TOZp_XNYijQ in 103.4s (40838 chars)
2026-02-16 21:30:54 [INFO] journal_utilities.transcriber: [139/336] Transcribing TZNXs5jP9hE.mp3
2026-02-16 21:30:54 [INFO] journal_utilities.transcriber: Transcribing TZNXs5jP9hE with model mlx-community/whisper-large-v3-turbo
python3(57418) MallocStackLogging: can't turn off malloc stack logging because it was not enabled.
2026-02-16 21:32:46 [INFO] journal_utilities.transcriber: Transcribed TZNXs5jP9hE in 111.1s (52361 chars)
2026-02-16 21:32:46 [INFO] journal_utilities.transcriber: [140/336] Transcribing TubYmyvsynA.mp3
2026-02-16 21:32:46 [INFO] journal_utilities.transcriber: Transcribing TubYmyvsynA with model mlx-community/whisper-large-v3-turbo
python3(57476) MallocStackLogging: can't turn off malloc stack logging because it was not enabled.
2026-02-16 21:36:28 [INFO] journal_utilities.transcriber: Transcribed TubYmyvsynA in 222.1s (92204 chars)
2026-02-16 21:36:28 [INFO] journal_utilities.transcriber: [141/336] Transcribing UAtfOc3Q4_0.mp3
2026-02-16 21:36:28 [INFO] journal_utilities.transcriber: Transcribing UAtfOc3Q4_0 with model mlx-community/whisper-large-v3-turbo
python3(57705) MallocStackLogging: can't turn off malloc stack logging because it was not enabled.
2026-02-16 21:38:30 [INFO] journal_utilities.transcriber: Transcribed UAtfOc3Q4_0 in 121.9s (42067 chars)
2026-02-16 21:38:30 [INFO] journal_utilities.transcriber: [142/336] Transcribing UB-TIIlmwlU.mp3
2026-02-16 21:38:30 [INFO] journal_utilities.transcriber: Transcribing UB-TIIlmwlU with model mlx-community/whisper-large-v3-turbo
python3(57886) MallocStackLogging: can't turn off malloc stack logging because it was not enabled.
2026-02-16 21:41:06 [INFO] journal_utilities.transcriber: Transcribed UB-TIIlmwlU in 156.1s (68615 chars)
2026-02-16 21:41:06 [INFO] journal_utilities.transcriber: [143/336] Transcribing UD-VfVJ41WA.mp3
2026-02-16 21:41:06 [INFO] journal_utilities.transcriber: Transcribing UD-VfVJ41WA with model mlx-community/whisper-large-v3-turbo
python3(58038) MallocStackLogging: can't turn off malloc stack logging because it was not enabled.
2026-02-16 21:43:08 [INFO] journal_utilities.transcriber: Transcribed UD-VfVJ41WA in 122.5s (50069 chars)
2026-02-16 21:43:08 [INFO] journal_utilities.transcriber: [144/336] Transcribing UUQIVqcI-yw.mp3
2026-02-16 21:43:08 [INFO] journal_utilities.transcriber: Transcribing UUQIVqcI-yw with model mlx-community/whisper-large-v3-turbo
python3(58200) MallocStackLogging: can't turn off malloc stack logging because it was not enabled.
2026-02-16 21:46:25 [INFO] journal_utilities.transcriber: Transcribed UUQIVqcI-yw in 196.8s (97188 chars)
2026-02-16 21:46:25 [INFO] journal_utilities.transcriber: [145/336] Transcribing V0l9fOJgbtc.mp3
2026-02-16 21:46:25 [INFO] journal_utilities.transcriber: Transcribing V0l9fOJgbtc with model mlx-community/whisper-large-v3-turbo
python3(58346) MallocStackLogging: can't turn off malloc stack logging because it was not enabled.
2026-02-16 21:49:31 [INFO] journal_utilities.transcriber: Transcribed V0l9fOJgbtc in 185.6s (85664 chars)
2026-02-16 21:49:31 [INFO] journal_utilities.transcriber: [146/336] Transcribing VLP_jV_KRhc.mp3
2026-02-16 21:49:31 [INFO] journal_utilities.transcriber: Transcribing VLP_jV_KRhc with model mlx-community/whisper-large-v3-turbo
python3(58547) MallocStackLogging: can't turn off malloc stack logging because it was not enabled.
2026-02-16 21:51:21 [INFO] journal_utilities.transcriber: Transcribed VLP_jV_KRhc in 110.6s (35604 chars)
2026-02-16 21:51:21 [INFO] journal_utilities.transcriber: [147/336] Transcribing VLTXPOsrg_s.mp3
2026-02-16 21:51:21 [INFO] journal_utilities.transcriber: Transcribing VLTXPOsrg_s with model mlx-community/whisper-large-v3-turbo
python3(58701) MallocStackLogging: can't turn off malloc stack logging because it was not enabled.
2026-02-16 21:53:57 [INFO] journal_utilities.transcriber: Transcribed VLTXPOsrg_s in 155.3s (72912 chars)
2026-02-16 21:53:57 [INFO] journal_utilities.transcriber: [148/336] Transcribing VsOqIxNYpPQ.mp3
2026-02-16 21:53:57 [INFO] journal_utilities.transcriber: Transcribing VsOqIxNYpPQ with model mlx-community/whisper-large-v3-turbo
python3(58825) MallocStackLogging: can't turn off malloc stack logging because it was not enabled.
2026-02-16 21:57:19 [INFO] journal_utilities.transcriber: Transcribed VsOqIxNYpPQ in 202.4s (88722 chars)
2026-02-16 21:57:19 [INFO] journal_utilities.transcriber: [149/336] Transcribing WEfc9X437yY.mp3
2026-02-16 21:57:19 [INFO] journal_utilities.transcriber: Transcribing WEfc9X437yY with model mlx-community/whisper-large-v3-turbo
python3(58960) MallocStackLogging: can't turn off malloc stack logging because it was not enabled.
2026-02-16 22:01:36 [INFO] journal_utilities.transcriber: Transcribed WEfc9X437yY in 257.3s (107262 chars)
2026-02-16 22:01:36 [INFO] journal_utilities.transcriber: [150/336] Transcribing WKjqw3My_xM.mp3
2026-02-16 22:01:36 [INFO] journal_utilities.transcriber: Transcribing WKjqw3My_xM with model mlx-community/whisper-large-v3-turbo
python3(59234) MallocStackLogging: can't turn off malloc stack logging because it was not enabled.
2026-02-16 22:05:00 [INFO] journal_utilities.transcriber: Transcribed WKjqw3My_xM in 203.3s (92583 chars)
2026-02-16 22:05:00 [INFO] journal_utilities.transcriber: [151/336] Transcribing WkWIqpxWRM4.mp3
2026-02-16 22:05:00 [INFO] journal_utilities.transcriber: Transcribing WkWIqpxWRM4 with model mlx-community/whisper-large-v3-turbo
python3(59381) MallocStackLogging: can't turn off malloc stack logging because it was not enabled.
2026-02-16 22:06:40 [INFO] journal_utilities.transcriber: Transcribed WkWIqpxWRM4 in 100.4s (37143 chars)
2026-02-16 22:06:40 [INFO] journal_utilities.transcriber: [152/336] Transcribing Wn65WcYGQSA.mp3
2026-02-16 22:06:40 [INFO] journal_utilities.transcriber: Transcribing Wn65WcYGQSA with model mlx-community/whisper-large-v3-turbo
python3(59482) MallocStackLogging: can't turn off malloc stack logging because it was not enabled.
2026-02-16 22:08:57 [INFO] journal_utilities.transcriber: Transcribed Wn65WcYGQSA in 137.1s (65155 chars)
2026-02-16 22:08:57 [INFO] journal_utilities.transcriber: [153/336] Transcribing X0Q6JLDYWJo.mp3
2026-02-16 22:08:57 [INFO] journal_utilities.transcriber: Transcribing X0Q6JLDYWJo with model mlx-community/whisper-large-v3-turbo
python3(59578) MallocStackLogging: can't turn off malloc stack logging because it was not enabled.
2026-02-16 22:12:05 [INFO] journal_utilities.transcriber: Transcribed X0Q6JLDYWJo in 187.5s (87885 chars)
2026-02-16 22:12:05 [INFO] journal_utilities.transcriber: [154/336] Transcribing XX61J32RT9g.mp3
2026-02-16 22:12:05 [INFO] journal_utilities.transcriber: Transcribing XX61J32RT9g with model mlx-community/whisper-large-v3-turbo
python3(59828) MallocStackLogging: can't turn off malloc stack logging because it was not enabled.
2026-02-16 22:15:08 [INFO] journal_utilities.transcriber: Transcribed XX61J32RT9g in 183.3s (77397 chars)
2026-02-16 22:15:08 [INFO] journal_utilities.transcriber: [155/336] Transcribing XYMPAAynUu8.mp3
2026-02-16 22:15:08 [INFO] journal_utilities.transcriber: Transcribing XYMPAAynUu8 with model mlx-community/whisper-large-v3-turbo
python3(59978) MallocStackLogging: can't turn off malloc stack logging because it was not enabled.
2026-02-16 22:16:22 [INFO] journal_utilities.transcriber: Transcribed XYMPAAynUu8 in 74.0s (31293 chars)
2026-02-16 22:16:22 [INFO] journal_utilities.transcriber: [156/336] Transcribing Y3-FMoaEZYE.mp3
2026-02-16 22:16:22 [INFO] journal_utilities.transcriber: Transcribing Y3-FMoaEZYE with model mlx-community/whisper-large-v3-turbo
python3(60091) MallocStackLogging: can't turn off malloc stack logging because it was not enabled.
2026-02-16 22:20:12 [INFO] journal_utilities.transcriber: Transcribed Y3-FMoaEZYE in 229.8s (65723 chars)
2026-02-16 22:20:12 [INFO] journal_utilities.transcriber: [157/336] Transcribing Y76dco2nAkQ.mp3
2026-02-16 22:20:12 [INFO] journal_utilities.transcriber: Transcribing Y76dco2nAkQ with model mlx-community/whisper-large-v3-turbo
python3(60327) MallocStackLogging: can't turn off malloc stack logging because it was not enabled.
2026-02-16 22:21:50 [INFO] journal_utilities.transcriber: Transcribed Y76dco2nAkQ in 98.7s (51609 chars)
2026-02-16 22:21:50 [INFO] journal_utilities.transcriber: [158/336] Transcribing Y9hP79tBXHo.mp3
2026-02-16 22:21:50 [INFO] journal_utilities.transcriber: Transcribing Y9hP79tBXHo with model mlx-community/whisper-large-v3-turbo
python3(60451) MallocStackLogging: can't turn off malloc stack logging because it was not enabled.
2026-02-16 22:23:29 [INFO] journal_utilities.transcriber: Transcribed Y9hP79tBXHo in 98.4s (55523 chars)
2026-02-16 22:23:29 [INFO] journal_utilities.transcriber: [159/336] Transcribing YKn2njZ_ICg.mp3
2026-02-16 22:23:29 [INFO] journal_utilities.transcriber: Transcribing YKn2njZ_ICg with model mlx-community/whisper-large-v3-turbo
python3(60580) MallocStackLogging: can't turn off malloc stack logging because it was not enabled.
2026-02-16 22:26:43 [INFO] journal_utilities.transcriber: Transcribed YKn2njZ_ICg in 193.8s (86227 chars)
2026-02-16 22:26:43 [INFO] journal_utilities.transcriber: [160/336] Transcribing YNsUMgOQYpk.mp3
2026-02-16 22:26:43 [INFO] journal_utilities.transcriber: Transcribing YNsUMgOQYpk with model mlx-community/whisper-large-v3-turbo
python3(60846) MallocStackLogging: can't turn off malloc stack logging because it was not enabled.
2026-02-16 22:29:43 [INFO] journal_utilities.transcriber: Transcribed YNsUMgOQYpk in 180.1s (82293 chars)
2026-02-16 22:29:43 [INFO] journal_utilities.transcriber: [161/336] Transcribing ZASG-rtkXDk.mp3
2026-02-16 22:29:43 [INFO] journal_utilities.transcriber: Transcribing ZASG-rtkXDk with model mlx-community/whisper-large-v3-turbo
python3(61038) MallocStackLogging: can't turn off malloc stack logging because it was not enabled.
2026-02-16 22:32:19 [INFO] journal_utilities.transcriber: Transcribed ZASG-rtkXDk in 156.7s (60524 chars)
2026-02-16 22:32:19 [INFO] journal_utilities.transcriber: [162/336] Transcribing ZRNQ8ZzMc_c.mp3
2026-02-16 22:32:19 [INFO] journal_utilities.transcriber: Transcribing ZRNQ8ZzMc_c with model mlx-community/whisper-large-v3-turbo
python3(61176) MallocStackLogging: can't turn off malloc stack logging because it was not enabled.
2026-02-16 22:35:02 [INFO] journal_utilities.transcriber: Transcribed ZRNQ8ZzMc_c in 162.4s (57278 chars)
2026-02-16 22:35:02 [INFO] journal_utilities.transcriber: [163/336] Transcribing ZYhrtsyzS_w.mp3
2026-02-16 22:35:02 [INFO] journal_utilities.transcriber: Transcribing ZYhrtsyzS_w with model mlx-community/whisper-large-v3-turbo
python3(61363) MallocStackLogging: can't turn off malloc stack logging because it was not enabled.
2026-02-16 22:36:44 [INFO] journal_utilities.transcriber: Transcribed ZYhrtsyzS_w in 101.9s (65939 chars)
2026-02-16 22:36:44 [INFO] journal_utilities.transcriber: [164/336] Transcribing ZfGRa_n4gB4.mp3
2026-02-16 22:36:44 [INFO] journal_utilities.transcriber: Transcribing ZfGRa_n4gB4 with model mlx-community/whisper-large-v3-turbo
python3(61499) MallocStackLogging: can't turn off malloc stack logging because it was not enabled.
2026-02-16 22:38:52 [INFO] journal_utilities.transcriber: Transcribed ZfGRa_n4gB4 in 128.5s (63595 chars)
2026-02-16 22:38:52 [INFO] journal_utilities.transcriber: [165/336] Transcribing _8xNPQEqnKE.mp3
2026-02-16 22:38:52 [INFO] journal_utilities.transcriber: Transcribing _8xNPQEqnKE with model mlx-community/whisper-large-v3-turbo
python3(61731) MallocStackLogging: can't turn off malloc stack logging because it was not enabled.
2026-02-16 22:40:45 [INFO] journal_utilities.transcriber: Transcribed _8xNPQEqnKE in 112.2s (53146 chars)
2026-02-16 22:40:45 [INFO] journal_utilities.transcriber: [166/336] Transcribing _GHJO_bnyrY.mp3
2026-02-16 22:40:45 [INFO] journal_utilities.transcriber: Transcribing _GHJO_bnyrY with model mlx-community/whisper-large-v3-turbo
python3(61819) MallocStackLogging: can't turn off malloc stack logging because it was not enabled.
2026-02-16 22:43:12 [INFO] journal_utilities.transcriber: Transcribed _GHJO_bnyrY in 147.9s (78301 chars)
2026-02-16 22:43:12 [INFO] journal_utilities.transcriber: [167/336] Transcribing _JCaic5Cxms.mp3
2026-02-16 22:43:12 [INFO] journal_utilities.transcriber: Transcribing _JCaic5Cxms with model mlx-community/whisper-large-v3-turbo
python3(62057) MallocStackLogging: can't turn off malloc stack logging because it was not enabled.
2026-02-16 22:47:57 [INFO] journal_utilities.transcriber: Transcribed _JCaic5Cxms in 284.3s (132731 chars)
2026-02-16 22:47:57 [INFO] journal_utilities.transcriber: [168/336] Transcribing _MH7E58zKxY.mp3
2026-02-16 22:47:57 [INFO] journal_utilities.transcriber: Transcribing _MH7E58zKxY with model mlx-community/whisper-large-v3-turbo
python3(62229) MallocStackLogging: can't turn off malloc stack logging because it was not enabled.
2026-02-16 22:50:48 [INFO] journal_utilities.transcriber: Transcribed _MH7E58zKxY in 170.8s (81175 chars)
2026-02-16 22:50:48 [INFO] journal_utilities.transcriber: [169/336] Transcribing _NfqCpsZPeM.mp3
2026-02-16 22:50:48 [INFO] journal_utilities.transcriber: Transcribing _NfqCpsZPeM with model mlx-community/whisper-large-v3-turbo
python3(62348) MallocStackLogging: can't turn off malloc stack logging because it was not enabled.
2026-02-16 22:53:14 [INFO] journal_utilities.transcriber: Transcribed _NfqCpsZPeM in 146.5s (50973 chars)
2026-02-16 22:53:14 [INFO] journal_utilities.transcriber: [170/336] Transcribing _OYKnrktAOU.mp3
2026-02-16 22:53:14 [INFO] journal_utilities.transcriber: Transcribing _OYKnrktAOU with model mlx-community/whisper-large-v3-turbo
python3(62514) MallocStackLogging: can't turn off malloc stack logging because it was not enabled.
2026-02-16 22:56:30 [INFO] journal_utilities.transcriber: Transcribed _OYKnrktAOU in 196.4s (72654 chars)
2026-02-16 22:56:30 [INFO] journal_utilities.transcriber: [171/336] Transcribing _YRRB5basok.mp3
2026-02-16 22:56:30 [INFO] journal_utilities.transcriber: Transcribing _YRRB5basok with model mlx-community/whisper-large-v3-turbo
python3(62771) MallocStackLogging: can't turn off malloc stack logging because it was not enabled.
2026-02-16 22:58:44 [INFO] journal_utilities.transcriber: Transcribed _YRRB5basok in 133.8s (56352 chars)
2026-02-16 22:58:44 [INFO] journal_utilities.transcriber: [172/336] Transcribing _zW1BrLwACY.mp3
2026-02-16 22:58:44 [INFO] journal_utilities.transcriber: Transcribing _zW1BrLwACY with model mlx-community/whisper-large-v3-turbo
python3(62954) MallocStackLogging: can't turn off malloc stack logging because it was not enabled.
2026-02-16 23:01:49 [INFO] journal_utilities.transcriber: Transcribed _zW1BrLwACY in 184.7s (89507 chars)
2026-02-16 23:01:49 [INFO] journal_utilities.transcriber: [173/336] Transcribing a4DC1YCVpsU.mp3
2026-02-16 23:01:49 [INFO] journal_utilities.transcriber: Transcribing a4DC1YCVpsU with model mlx-community/whisper-large-v3-turbo
python3(63115) MallocStackLogging: can't turn off malloc stack logging because it was not enabled.
2026-02-16 23:04:19 [INFO] journal_utilities.transcriber: Transcribed a4DC1YCVpsU in 150.4s (71200 chars)
2026-02-16 23:04:19 [INFO] journal_utilities.transcriber: [174/336] Transcribing aEYQCmFl1Bw.mp3
2026-02-16 23:04:19 [INFO] journal_utilities.transcriber: Transcribing aEYQCmFl1Bw with model mlx-community/whisper-large-v3-turbo
python3(63264) MallocStackLogging: can't turn off malloc stack logging because it was not enabled.
2026-02-16 23:07:24 [INFO] journal_utilities.transcriber: Transcribed aEYQCmFl1Bw in 184.9s (86671 chars)
2026-02-16 23:07:24 [INFO] journal_utilities.transcriber: [175/336] Transcribing aEe8y9Ebs10.mp3
2026-02-16 23:07:24 [INFO] journal_utilities.transcriber: Transcribing aEe8y9Ebs10 with model mlx-community/whisper-large-v3-turbo
python3(63537) MallocStackLogging: can't turn off malloc stack logging because it was not enabled.
2026-02-16 23:09:34 [INFO] journal_utilities.transcriber: Transcribed aEe8y9Ebs10 in 130.2s (48588 chars)
2026-02-16 23:09:34 [INFO] journal_utilities.transcriber: [176/336] Transcribing aFwuucck7a8.mp3
2026-02-16 23:09:34 [INFO] journal_utilities.transcriber: Transcribing aFwuucck7a8 with model mlx-community/whisper-large-v3-turbo
python3(63643) MallocStackLogging: can't turn off malloc stack logging because it was not enabled.
2026-02-16 23:12:33 [INFO] journal_utilities.transcriber: Transcribed aFwuucck7a8 in 178.3s (92627 chars)
2026-02-16 23:12:33 [INFO] journal_utilities.transcriber: [177/336] Transcribing aJ9Py86ZFjU.mp3
2026-02-16 23:12:33 [INFO] journal_utilities.transcriber: Transcribing aJ9Py86ZFjU with model mlx-community/whisper-large-v3-turbo
python3(63806) MallocStackLogging: can't turn off malloc stack logging because it was not enabled.
2026-02-16 23:14:05 [INFO] journal_utilities.transcriber: Transcribed aJ9Py86ZFjU in 92.4s (42506 chars)
2026-02-16 23:14:05 [INFO] journal_utilities.transcriber: [178/336] Transcribing aN1GXOZp6xY.mp3
2026-02-16 23:14:05 [INFO] journal_utilities.transcriber: Transcribing aN1GXOZp6xY with model mlx-community/whisper-large-v3-turbo
python3(63930) MallocStackLogging: can't turn off malloc stack logging because it was not enabled.
2026-02-16 23:17:37 [INFO] journal_utilities.transcriber: Transcribed aN1GXOZp6xY in 211.8s (108826 chars)
2026-02-16 23:17:37 [INFO] journal_utilities.transcriber: [179/336] Transcribing aRT9n16N4J8.mp3
2026-02-16 23:17:37 [INFO] journal_utilities.transcriber: Transcribing aRT9n16N4J8 with model mlx-community/whisper-large-v3-turbo
python3(64099) MallocStackLogging: can't turn off malloc stack logging because it was not enabled.
2026-02-16 23:19:57 [INFO] journal_utilities.transcriber: Transcribed aRT9n16N4J8 in 140.2s (67762 chars)
2026-02-16 23:19:57 [INFO] journal_utilities.transcriber: [180/336] Transcribing azwqMjgfY8Y.mp3
2026-02-16 23:19:57 [INFO] journal_utilities.transcriber: Transcribing azwqMjgfY8Y with model mlx-community/whisper-large-v3-turbo
python3(64269) MallocStackLogging: can't turn off malloc stack logging because it was not enabled.
2026-02-16 23:23:19 [INFO] journal_utilities.transcriber: Transcribed azwqMjgfY8Y in 202.0s (84885 chars)
2026-02-16 23:23:19 [INFO] journal_utilities.transcriber: [181/336] Transcribing b8meLjc8XHE.mp3
2026-02-16 23:23:19 [INFO] journal_utilities.transcriber: Transcribing b8meLjc8XHE with model mlx-community/whisper-large-v3-turbo
python3(64426) MallocStackLogging: can't turn off malloc stack logging because it was not enabled.
2026-02-16 23:26:34 [INFO] journal_utilities.transcriber: Transcribed b8meLjc8XHE in 195.2s (85431 chars)
2026-02-16 23:26:34 [INFO] journal_utilities.transcriber: [182/336] Transcribing bK3lIWs23RE.mp3
2026-02-16 23:26:34 [INFO] journal_utilities.transcriber: Transcribing bK3lIWs23RE with model mlx-community/whisper-large-v3-turbo
python3(64660) MallocStackLogging: can't turn off malloc stack logging because it was not enabled.
2026-02-16 23:28:45 [INFO] journal_utilities.transcriber: Transcribed bK3lIWs23RE in 130.7s (45983 chars)
2026-02-16 23:28:45 [INFO] journal_utilities.transcriber: [183/336] Transcribing bSPQ3BkqTh4.mp3
2026-02-16 23:28:45 [INFO] journal_utilities.transcriber: Transcribing bSPQ3BkqTh4 with model mlx-community/whisper-large-v3-turbo
python3(64898) MallocStackLogging: can't turn off malloc stack logging because it was not enabled.
2026-02-16 23:30:32 [INFO] journal_utilities.transcriber: Transcribed bSPQ3BkqTh4 in 107.1s (43472 chars)
2026-02-16 23:30:32 [INFO] journal_utilities.transcriber: [184/336] Transcribing bXOAOqJxujs.mp3
2026-02-16 23:30:32 [INFO] journal_utilities.transcriber: Transcribing bXOAOqJxujs with model mlx-community/whisper-large-v3-turbo
python3(64943) MallocStackLogging: can't turn off malloc stack logging because it was not enabled.
2026-02-16 23:32:57 [INFO] journal_utilities.transcriber: Transcribed bXOAOqJxujs in 145.2s (56437 chars)
2026-02-16 23:32:57 [INFO] journal_utilities.transcriber: [185/336] Transcribing bhLPZaLmi2k.mp3
2026-02-16 23:32:57 [INFO] journal_utilities.transcriber: Transcribing bhLPZaLmi2k with model mlx-community/whisper-large-v3-turbo
python3(65139) MallocStackLogging: can't turn off malloc stack logging because it was not enabled.
2026-02-16 23:35:25 [INFO] journal_utilities.transcriber: Transcribed bhLPZaLmi2k in 147.6s (72572 chars)
2026-02-16 23:35:25 [INFO] journal_utilities.transcriber: [186/336] Transcribing c0_Vf5_qiWk.mp3
2026-02-16 23:35:25 [INFO] journal_utilities.transcriber: Transcribing c0_Vf5_qiWk with model mlx-community/whisper-large-v3-turbo
python3(65264) MallocStackLogging: can't turn off malloc stack logging because it was not enabled.
2026-02-16 23:38:51 [INFO] journal_utilities.transcriber: Transcribed c0_Vf5_qiWk in 206.0s (94819 chars)
2026-02-16 23:38:51 [INFO] journal_utilities.transcriber: [187/336] Transcribing c7ybFyP9KrI.mp3
2026-02-16 23:38:51 [INFO] journal_utilities.transcriber: Transcribing c7ybFyP9KrI with model mlx-community/whisper-large-v3-turbo
python3(65507) MallocStackLogging: can't turn off malloc stack logging because it was not enabled.
2026-02-16 23:41:56 [INFO] journal_utilities.transcriber: Transcribed c7ybFyP9KrI in 184.6s (77032 chars)
2026-02-16 23:41:56 [INFO] journal_utilities.transcriber: [188/336] Transcribing cGW-ZAvybz8.mp3
2026-02-16 23:41:56 [INFO] journal_utilities.transcriber: Transcribing cGW-ZAvybz8 with model mlx-community/whisper-large-v3-turbo
python3(65738) MallocStackLogging: can't turn off malloc stack logging because it was not enabled.
2026-02-16 23:44:48 [INFO] journal_utilities.transcriber: Transcribed cGW-ZAvybz8 in 172.0s (64144 chars)
2026-02-16 23:44:48 [INFO] journal_utilities.transcriber: [189/336] Transcribing cLe-rBtRXiQ.mp3
2026-02-16 23:44:48 [INFO] journal_utilities.transcriber: Transcribing cLe-rBtRXiQ with model mlx-community/whisper-large-v3-turbo
python3(65932) MallocStackLogging: can't turn off malloc stack logging because it was not enabled.
2026-02-16 23:47:39 [INFO] journal_utilities.transcriber: Transcribed cLe-rBtRXiQ in 171.5s (81797 chars)
2026-02-16 23:47:39 [INFO] journal_utilities.transcriber: [190/336] Transcribing cOo4juE_zcI.mp3
2026-02-16 23:47:39 [INFO] journal_utilities.transcriber: Transcribing cOo4juE_zcI with model mlx-community/whisper-large-v3-turbo
python3(66157) MallocStackLogging: can't turn off malloc stack logging because it was not enabled.
2026-02-16 23:49:43 [INFO] journal_utilities.transcriber: Transcribed cOo4juE_zcI in 123.5s (64114 chars)
2026-02-16 23:49:43 [INFO] journal_utilities.transcriber: [191/336] Transcribing cPv4TVBFANc.mp3
2026-02-16 23:49:43 [INFO] journal_utilities.transcriber: Transcribing cPv4TVBFANc with model mlx-community/whisper-large-v3-turbo
python3(66367) MallocStackLogging: can't turn off malloc stack logging because it was not enabled.
2026-02-16 23:51:43 [INFO] journal_utilities.transcriber: Transcribed cPv4TVBFANc in 120.3s (76432 chars)
2026-02-16 23:51:43 [INFO] journal_utilities.transcriber: [192/336] Transcribing chpbMBgDR84.mp3
2026-02-16 23:51:43 [INFO] journal_utilities.transcriber: Transcribing chpbMBgDR84 with model mlx-community/whisper-large-v3-turbo
python3(66483) MallocStackLogging: can't turn off malloc stack logging because it was not enabled.
2026-02-16 23:54:30 [INFO] journal_utilities.transcriber: Transcribed chpbMBgDR84 in 167.3s (78034 chars)
2026-02-16 23:54:30 [INFO] journal_utilities.transcriber: [193/336] Transcribing ciFMH8svne4.mp3
2026-02-16 23:54:30 [INFO] journal_utilities.transcriber: Transcribing ciFMH8svne4 with model mlx-community/whisper-large-v3-turbo
python3(66624) MallocStackLogging: can't turn off malloc stack logging because it was not enabled.
2026-02-16 23:57:01 [INFO] journal_utilities.transcriber: Transcribed ciFMH8svne4 in 150.8s (66629 chars)
2026-02-16 23:57:01 [INFO] journal_utilities.transcriber: [194/336] Transcribing cmPPvfElkCE.mp3
2026-02-16 23:57:01 [INFO] journal_utilities.transcriber: Transcribing cmPPvfElkCE with model mlx-community/whisper-large-v3-turbo
python3(66819) MallocStackLogging: can't turn off malloc stack logging because it was not enabled.
2026-02-16 23:59:39 [INFO] journal_utilities.transcriber: Transcribed cmPPvfElkCE in 158.0s (49830 chars)
2026-02-16 23:59:39 [INFO] journal_utilities.transcriber: [195/336] Transcribing d8c0iFU8vms.mp3
2026-02-16 23:59:39 [INFO] journal_utilities.transcriber: Transcribing d8c0iFU8vms with model mlx-community/whisper-large-v3-turbo
python3(67012) MallocStackLogging: can't turn off malloc stack logging because it was not enabled.
2026-02-17 00:01:47 [INFO] journal_utilities.transcriber: Transcribed d8c0iFU8vms in 128.5s (75391 chars)
2026-02-17 00:01:47 [INFO] journal_utilities.transcriber: [196/336] Transcribing dAolShffDWo.mp3
2026-02-17 00:01:47 [INFO] journal_utilities.transcriber: Transcribing dAolShffDWo with model mlx-community/whisper-large-v3-turbo
python3(67231) MallocStackLogging: can't turn off malloc stack logging because it was not enabled.
2026-02-17 00:03:46 [INFO] journal_utilities.transcriber: Transcribed dAolShffDWo in 119.0s (43046 chars)
2026-02-17 00:03:46 [INFO] journal_utilities.transcriber: [197/336] Transcribing dAtC-Enmc8M.mp3
2026-02-17 00:03:46 [INFO] journal_utilities.transcriber: Transcribing dAtC-Enmc8M with model mlx-community/whisper-large-v3-turbo
python3(67295) MallocStackLogging: can't turn off malloc stack logging because it was not enabled.
2026-02-17 00:07:03 [INFO] journal_utilities.transcriber: Transcribed dAtC-Enmc8M in 196.5s (88079 chars)
2026-02-17 00:07:03 [INFO] journal_utilities.transcriber: [198/336] Transcribing dP5MwxvYSno.mp3
2026-02-17 00:07:03 [INFO] journal_utilities.transcriber: Transcribing dP5MwxvYSno with model mlx-community/whisper-large-v3-turbo
python3(67422) MallocStackLogging: can't turn off malloc stack logging because it was not enabled.
2026-02-17 00:09:33 [INFO] journal_utilities.transcriber: Transcribed dP5MwxvYSno in 150.0s (51469 chars)
2026-02-17 00:09:33 [INFO] journal_utilities.transcriber: [199/336] Transcribing dTVHHenms_Y.mp3
2026-02-17 00:09:33 [INFO] journal_utilities.transcriber: Transcribing dTVHHenms_Y with model mlx-community/whisper-large-v3-turbo
python3(67599) MallocStackLogging: can't turn off malloc stack logging because it was not enabled.
2026-02-17 00:16:53 [INFO] journal_utilities.transcriber: Transcribed dTVHHenms_Y in 440.0s (183419 chars)
2026-02-17 00:16:53 [INFO] journal_utilities.transcriber: [200/336] Transcribing dUW8cD8XUec.mp3
2026-02-17 00:16:53 [INFO] journal_utilities.transcriber: Transcribing dUW8cD8XUec with model mlx-community/whisper-large-v3-turbo
python3(68010) MallocStackLogging: can't turn off malloc stack logging because it was not enabled.
2026-02-17 00:19:13 [INFO] journal_utilities.transcriber: Transcribed dUW8cD8XUec in 139.9s (60131 chars)
2026-02-17 00:19:13 [INFO] journal_utilities.transcriber: [201/336] Transcribing dUXfgzKHV1c.mp3
2026-02-17 00:19:13 [INFO] journal_utilities.transcriber: Transcribing dUXfgzKHV1c with model mlx-community/whisper-large-v3-turbo
python3(68155) MallocStackLogging: can't turn off malloc stack logging because it was not enabled.
2026-02-17 00:21:02 [INFO] journal_utilities.transcriber: Transcribed dUXfgzKHV1c in 109.0s (54029 chars)
2026-02-17 00:21:02 [INFO] journal_utilities.transcriber: [202/336] Transcribing e-Ck8sxCME0.mp3
2026-02-17 00:21:02 [INFO] journal_utilities.transcriber: Transcribing e-Ck8sxCME0 with model mlx-community/whisper-large-v3-turbo
python3(68243) MallocStackLogging: can't turn off malloc stack logging because it was not enabled.
2026-02-17 00:23:32 [INFO] journal_utilities.transcriber: Transcribed e-Ck8sxCME0 in 149.9s (69866 chars)
2026-02-17 00:23:32 [INFO] journal_utilities.transcriber: [203/336] Transcribing eIZjx0miM9o.mp3
2026-02-17 00:23:32 [INFO] journal_utilities.transcriber: Transcribing eIZjx0miM9o with model mlx-community/whisper-large-v3-turbo
python3(68378) MallocStackLogging: can't turn off malloc stack logging because it was not enabled.
2026-02-17 00:25:01 [INFO] journal_utilities.transcriber: Transcribed eIZjx0miM9o in 89.3s (42487 chars)
2026-02-17 00:25:01 [INFO] journal_utilities.transcriber: [204/336] Transcribing eMtgUJl68jg.mp3
2026-02-17 00:25:01 [INFO] journal_utilities.transcriber: Transcribing eMtgUJl68jg with model mlx-community/whisper-large-v3-turbo
python3(68488) MallocStackLogging: can't turn off malloc stack logging because it was not enabled.
2026-02-17 00:27:03 [INFO] journal_utilities.transcriber: Transcribed eMtgUJl68jg in 121.5s (48701 chars)
2026-02-17 00:27:03 [INFO] journal_utilities.transcriber: [205/336] Transcribing eUBT37LMlLo.mp3
2026-02-17 00:27:03 [INFO] journal_utilities.transcriber: Transcribing eUBT37LMlLo with model mlx-community/whisper-large-v3-turbo
python3(68630) MallocStackLogging: can't turn off malloc stack logging because it was not enabled.
2026-02-17 00:29:37 [INFO] journal_utilities.transcriber: Transcribed eUBT37LMlLo in 154.4s (99970 chars)
2026-02-17 00:29:37 [INFO] journal_utilities.transcriber: [206/336] Transcribing eZDSNPFS0Fs.mp3
2026-02-17 00:29:37 [INFO] journal_utilities.transcriber: Transcribing eZDSNPFS0Fs with model mlx-community/whisper-large-v3-turbo
python3(68801) MallocStackLogging: can't turn off malloc stack logging because it was not enabled.
2026-02-17 00:32:37 [INFO] journal_utilities.transcriber: Transcribed eZDSNPFS0Fs in 180.2s (62957 chars)
2026-02-17 00:32:37 [INFO] journal_utilities.transcriber: [207/336] Transcribing eZPshFv24_g.mp3
2026-02-17 00:32:37 [INFO] journal_utilities.transcriber: Transcribing eZPshFv24_g with model mlx-community/whisper-large-v3-turbo
python3(68953) MallocStackLogging: can't turn off malloc stack logging because it was not enabled.
2026-02-17 00:34:31 [INFO] journal_utilities.transcriber: Transcribed eZPshFv24_g in 113.8s (43978 chars)
2026-02-17 00:34:31 [INFO] journal_utilities.transcriber: [208/336] Transcribing e_JGrt4jbhE.mp3
2026-02-17 00:34:31 [INFO] journal_utilities.transcriber: Transcribing e_JGrt4jbhE with model mlx-community/whisper-large-v3-turbo
python3(69133) MallocStackLogging: can't turn off malloc stack logging because it was not enabled.
2026-02-17 00:37:36 [INFO] journal_utilities.transcriber: Transcribed e_JGrt4jbhE in 184.7s (61808 chars)
2026-02-17 00:37:36 [INFO] journal_utilities.transcriber: [209/336] Transcribing ed9iSi4cD3o.mp3
2026-02-17 00:37:36 [INFO] journal_utilities.transcriber: Transcribing ed9iSi4cD3o with model mlx-community/whisper-large-v3-turbo
python3(69322) MallocStackLogging: can't turn off malloc stack logging because it was not enabled.
2026-02-17 00:41:53 [INFO] journal_utilities.transcriber: Transcribed ed9iSi4cD3o in 256.7s (73921 chars)
2026-02-17 00:41:53 [INFO] journal_utilities.transcriber: [210/336] Transcribing epoHxFdzFkw.mp3
2026-02-17 00:41:53 [INFO] journal_utilities.transcriber: Transcribing epoHxFdzFkw with model mlx-community/whisper-large-v3-turbo
python3(69708) MallocStackLogging: can't turn off malloc stack logging because it was not enabled.
2026-02-17 00:45:19 [INFO] journal_utilities.transcriber: Transcribed epoHxFdzFkw in 206.7s (89491 chars)
2026-02-17 00:45:19 [INFO] journal_utilities.transcriber: [211/336] Transcribing esn5C4i9Jlc.mp3
2026-02-17 00:45:19 [INFO] journal_utilities.transcriber: Transcribing esn5C4i9Jlc with model mlx-community/whisper-large-v3-turbo
python3(69951) MallocStackLogging: can't turn off malloc stack logging because it was not enabled.
2026-02-17 00:47:40 [INFO] journal_utilities.transcriber: Transcribed esn5C4i9Jlc in 140.4s (69481 chars)
2026-02-17 00:47:40 [INFO] journal_utilities.transcriber: [212/336] Transcribing fzFDvJhrn0U.mp3
2026-02-17 00:47:40 [INFO] journal_utilities.transcriber: Transcribing fzFDvJhrn0U with model mlx-community/whisper-large-v3-turbo
python3(70100) MallocStackLogging: can't turn off malloc stack logging because it was not enabled.
2026-02-17 00:50:40 [INFO] journal_utilities.transcriber: Transcribed fzFDvJhrn0U in 180.6s (89520 chars)
2026-02-17 00:50:40 [INFO] journal_utilities.transcriber: [213/336] Transcribing gMPa_xoOctU.mp3
2026-02-17 00:50:40 [INFO] journal_utilities.transcriber: Transcribing gMPa_xoOctU with model mlx-community/whisper-large-v3-turbo
python3(70267) MallocStackLogging: can't turn off malloc stack logging because it was not enabled.
2026-02-17 00:53:12 [INFO] journal_utilities.transcriber: Transcribed gMPa_xoOctU in 151.9s (60703 chars)
2026-02-17 00:53:12 [INFO] journal_utilities.transcriber: [214/336] Transcribing gSL8PWN4soc.mp3
2026-02-17 00:53:12 [INFO] journal_utilities.transcriber: Transcribing gSL8PWN4soc with model mlx-community/whisper-large-v3-turbo
python3(70466) MallocStackLogging: can't turn off malloc stack logging because it was not enabled.
2026-02-17 00:55:59 [INFO] journal_utilities.transcriber: Transcribed gSL8PWN4soc in 166.5s (56101 chars)
2026-02-17 00:55:59 [INFO] journal_utilities.transcriber: [215/336] Transcribing gS_WocoCJvI.mp3
2026-02-17 00:55:59 [INFO] journal_utilities.transcriber: Transcribing gS_WocoCJvI with model mlx-community/whisper-large-v3-turbo
python3(70647) MallocStackLogging: can't turn off malloc stack logging because it was not enabled.
2026-02-17 00:58:04 [INFO] journal_utilities.transcriber: Transcribed gS_WocoCJvI in 124.8s (47998 chars)
2026-02-17 00:58:04 [INFO] journal_utilities.transcriber: [216/336] Transcribing gWJ-rG8UuFg.mp3
2026-02-17 00:58:04 [INFO] journal_utilities.transcriber: Transcribing gWJ-rG8UuFg with model mlx-community/whisper-large-v3-turbo
python3(70773) MallocStackLogging: can't turn off malloc stack logging because it was not enabled.
2026-02-17 01:00:20 [INFO] journal_utilities.transcriber: Transcribed gWJ-rG8UuFg in 136.1s (35764 chars)
2026-02-17 01:00:20 [INFO] journal_utilities.transcriber: [217/336] Transcribing h0Tfm2lw6PQ.mp3
2026-02-17 01:00:20 [INFO] journal_utilities.transcriber: Transcribing h0Tfm2lw6PQ with model mlx-community/whisper-large-v3-turbo
python3(70910) MallocStackLogging: can't turn off malloc stack logging because it was not enabled.
2026-02-17 01:02:21 [INFO] journal_utilities.transcriber: Transcribed h0Tfm2lw6PQ in 121.0s (69984 chars)
2026-02-17 01:02:21 [INFO] journal_utilities.transcriber: [218/336] Transcribing h6426dEKaMg.mp3
2026-02-17 01:02:21 [INFO] journal_utilities.transcriber: Transcribing h6426dEKaMg with model mlx-community/whisper-large-v3-turbo
python3(71116) MallocStackLogging: can't turn off malloc stack logging because it was not enabled.
2026-02-17 01:03:59 [INFO] journal_utilities.transcriber: Transcribed h6426dEKaMg in 98.3s (44827 chars)
2026-02-17 01:03:59 [INFO] journal_utilities.transcriber: [219/336] Transcribing hIIyYu2C-SI.mp3
2026-02-17 01:03:59 [INFO] journal_utilities.transcriber: Transcribing hIIyYu2C-SI with model mlx-community/whisper-large-v3-turbo
python3(71151) MallocStackLogging: can't turn off malloc stack logging because it was not enabled.
2026-02-17 01:07:32 [INFO] journal_utilities.transcriber: Transcribed hIIyYu2C-SI in 212.9s (79913 chars)
2026-02-17 01:07:32 [INFO] journal_utilities.transcriber: [220/336] Transcribing hOto96Q8sYQ.mp3
2026-02-17 01:07:32 [INFO] journal_utilities.transcriber: Transcribing hOto96Q8sYQ with model mlx-community/whisper-large-v3-turbo
python3(71440) MallocStackLogging: can't turn off malloc stack logging because it was not enabled.
2026-02-17 01:09:36 [INFO] journal_utilities.transcriber: Transcribed hOto96Q8sYQ in 124.4s (51181 chars)
2026-02-17 01:09:36 [INFO] journal_utilities.transcriber: [221/336] Transcribing hSj7eOYuZe4.mp3
2026-02-17 01:09:36 [INFO] journal_utilities.transcriber: Transcribing hSj7eOYuZe4 with model mlx-community/whisper-large-v3-turbo
python3(71595) MallocStackLogging: can't turn off malloc stack logging because it was not enabled.
2026-02-17 01:11:38 [INFO] journal_utilities.transcriber: Transcribed hSj7eOYuZe4 in 121.6s (54164 chars)
2026-02-17 01:11:38 [INFO] journal_utilities.transcriber: [222/336] Transcribing hY_CajLpt9Q.mp3
2026-02-17 01:11:38 [INFO] journal_utilities.transcriber: Transcribing hY_CajLpt9Q with model mlx-community/whisper-large-v3-turbo
python3(71753) MallocStackLogging: can't turn off malloc stack logging because it was not enabled.
2026-02-17 01:15:12 [INFO] journal_utilities.transcriber: Transcribed hY_CajLpt9Q in 214.3s (59415 chars)
2026-02-17 01:15:12 [INFO] journal_utilities.transcriber: [223/336] Transcribing h_tO7gZH2Ks.mp3
2026-02-17 01:15:12 [INFO] journal_utilities.transcriber: Transcribing h_tO7gZH2Ks with model mlx-community/whisper-large-v3-turbo
python3(71983) MallocStackLogging: can't turn off malloc stack logging because it was not enabled.
2026-02-17 01:18:32 [INFO] journal_utilities.transcriber: Transcribed h_tO7gZH2Ks in 200.1s (36654 chars)
2026-02-17 01:18:32 [INFO] journal_utilities.transcriber: [224/336] Transcribing iHgxmn0ockg.mp3
2026-02-17 01:18:32 [INFO] journal_utilities.transcriber: Transcribing iHgxmn0ockg with model mlx-community/whisper-large-v3-turbo
python3(72185) MallocStackLogging: can't turn off malloc stack logging because it was not enabled.
2026-02-17 01:22:21 [INFO] journal_utilities.transcriber: Transcribed iHgxmn0ockg in 228.3s (91609 chars)
2026-02-17 01:22:21 [INFO] journal_utilities.transcriber: [225/336] Transcribing igY9iyowesc.mp3
2026-02-17 01:22:21 [INFO] journal_utilities.transcriber: Transcribing igY9iyowesc with model mlx-community/whisper-large-v3-turbo
python3(72408) MallocStackLogging: can't turn off malloc stack logging because it was not enabled.
2026-02-17 01:25:26 [INFO] journal_utilities.transcriber: Transcribed igY9iyowesc in 185.4s (80559 chars)
2026-02-17 01:25:26 [INFO] journal_utilities.transcriber: [226/336] Transcribing ijuxHfPDd3U.mp3
2026-02-17 01:25:26 [INFO] journal_utilities.transcriber: Transcribing ijuxHfPDd3U with model mlx-community/whisper-large-v3-turbo
python3(72561) MallocStackLogging: can't turn off malloc stack logging because it was not enabled.
2026-02-17 01:27:55 [INFO] journal_utilities.transcriber: Transcribed ijuxHfPDd3U in 148.5s (70535 chars)
2026-02-17 01:27:55 [INFO] journal_utilities.transcriber: [227/336] Transcribing j5FVxPubslo.mp3
2026-02-17 01:27:55 [INFO] journal_utilities.transcriber: Transcribing j5FVxPubslo with model mlx-community/whisper-large-v3-turbo
python3(72775) MallocStackLogging: can't turn off malloc stack logging because it was not enabled.
2026-02-17 01:31:03 [INFO] journal_utilities.transcriber: Transcribed j5FVxPubslo in 188.2s (96307 chars)
2026-02-17 01:31:03 [INFO] journal_utilities.transcriber: [228/336] Transcribing jI3wnTbpkNo.mp3
2026-02-17 01:31:03 [INFO] journal_utilities.transcriber: Transcribing jI3wnTbpkNo with model mlx-community/whisper-large-v3-turbo
python3(72898) MallocStackLogging: can't turn off malloc stack logging because it was not enabled.
2026-02-17 01:33:05 [INFO] journal_utilities.transcriber: Transcribed jI3wnTbpkNo in 122.3s (63532 chars)
2026-02-17 01:33:05 [INFO] journal_utilities.transcriber: [229/336] Transcribing jWEcQVcgleM.mp3
2026-02-17 01:33:05 [INFO] journal_utilities.transcriber: Transcribing jWEcQVcgleM with model mlx-community/whisper-large-v3-turbo
python3(73157) MallocStackLogging: can't turn off malloc stack logging because it was not enabled.
2026-02-17 01:35:11 [INFO] journal_utilities.transcriber: Transcribed jWEcQVcgleM in 125.9s (43209 chars)
2026-02-17 01:35:11 [INFO] journal_utilities.transcriber: [230/336] Transcribing jXEJO_5g0ho.mp3
2026-02-17 01:35:11 [INFO] journal_utilities.transcriber: Transcribing jXEJO_5g0ho with model mlx-community/whisper-large-v3-turbo
python3(73269) MallocStackLogging: can't turn off malloc stack logging because it was not enabled.
2026-02-17 01:38:20 [INFO] journal_utilities.transcriber: Transcribed jXEJO_5g0ho in 189.3s (92259 chars)
2026-02-17 01:38:20 [INFO] journal_utilities.transcriber: [231/336] Transcribing jm70DuWHUI0.mp3
2026-02-17 01:38:20 [INFO] journal_utilities.transcriber: Transcribing jm70DuWHUI0 with model mlx-community/whisper-large-v3-turbo
python3(73472) MallocStackLogging: can't turn off malloc stack logging because it was not enabled.
2026-02-17 01:40:11 [INFO] journal_utilities.transcriber: Transcribed jm70DuWHUI0 in 110.7s (34489 chars)
2026-02-17 01:40:11 [INFO] journal_utilities.transcriber: [232/336] Transcribing k55mAFCIQ60.mp3
2026-02-17 01:40:11 [INFO] journal_utilities.transcriber: Transcribing k55mAFCIQ60 with model mlx-community/whisper-large-v3-turbo
python3(73497) MallocStackLogging: can't turn off malloc stack logging because it was not enabled.
2026-02-17 01:42:01 [INFO] journal_utilities.transcriber: Transcribed k55mAFCIQ60 in 110.3s (45991 chars)
2026-02-17 01:42:01 [INFO] journal_utilities.transcriber: [233/336] Transcribing kCmC4i-drEY.mp3
2026-02-17 01:42:01 [INFO] journal_utilities.transcriber: Transcribing kCmC4i-drEY with model mlx-community/whisper-large-v3-turbo
python3(73638) MallocStackLogging: can't turn off malloc stack logging because it was not enabled.
2026-02-17 01:43:52 [INFO] journal_utilities.transcriber: Transcribed kCmC4i-drEY in 110.4s (46504 chars)
2026-02-17 01:43:52 [INFO] journal_utilities.transcriber: [234/336] Transcribing kDLBmwMikfk.mp3
2026-02-17 01:43:52 [INFO] journal_utilities.transcriber: Transcribing kDLBmwMikfk with model mlx-community/whisper-large-v3-turbo
python3(73754) MallocStackLogging: can't turn off malloc stack logging because it was not enabled.
2026-02-17 01:46:56 [INFO] journal_utilities.transcriber: Transcribed kDLBmwMikfk in 184.3s (56864 chars)
2026-02-17 01:46:56 [INFO] journal_utilities.transcriber: [235/336] Transcribing kGRczFpO8zQ.mp3
2026-02-17 01:46:56 [INFO] journal_utilities.transcriber: Transcribing kGRczFpO8zQ with model mlx-community/whisper-large-v3-turbo
python3(73962) MallocStackLogging: can't turn off malloc stack logging because it was not enabled.
2026-02-17 01:51:38 [INFO] journal_utilities.transcriber: Transcribed kGRczFpO8zQ in 281.8s (101472 chars)
2026-02-17 01:51:38 [INFO] journal_utilities.transcriber: [236/336] Transcribing kJUVdt-fN7U.mp3
2026-02-17 01:51:38 [INFO] journal_utilities.transcriber: Transcribing kJUVdt-fN7U with model mlx-community/whisper-large-v3-turbo
python3(74187) MallocStackLogging: can't turn off malloc stack logging because it was not enabled.
2026-02-17 01:54:45 [INFO] journal_utilities.transcriber: Transcribed kJUVdt-fN7U in 187.7s (78230 chars)
2026-02-17 01:54:45 [INFO] journal_utilities.transcriber: [237/336] Transcribing kP9sKFnWBA8.mp3
2026-02-17 01:54:45 [INFO] journal_utilities.transcriber: Transcribing kP9sKFnWBA8 with model mlx-community/whisper-large-v3-turbo
python3(74433) MallocStackLogging: can't turn off malloc stack logging because it was not enabled.
2026-02-17 01:55:25 [INFO] journal_utilities.transcriber: Transcribed kP9sKFnWBA8 in 39.8s (15136 chars)
2026-02-17 01:55:25 [INFO] journal_utilities.transcriber: [238/336] Transcribing kVH6fvz784g.mp3
2026-02-17 01:55:25 [INFO] journal_utilities.transcriber: Transcribing kVH6fvz784g with model mlx-community/whisper-large-v3-turbo
python3(74440) MallocStackLogging: can't turn off malloc stack logging because it was not enabled.
2026-02-17 01:56:13 [INFO] journal_utilities.transcriber: Transcribed kVH6fvz784g in 47.6s (11653 chars)
2026-02-17 01:56:13 [INFO] journal_utilities.transcriber: [239/336] Transcribing knhfxLxyeyQ.mp3
2026-02-17 01:56:13 [INFO] journal_utilities.transcriber: Transcribing knhfxLxyeyQ with model mlx-community/whisper-large-v3-turbo
python3(74517) MallocStackLogging: can't turn off malloc stack logging because it was not enabled.
2026-02-17 01:58:22 [INFO] journal_utilities.transcriber: Transcribed knhfxLxyeyQ in 129.1s (59659 chars)
2026-02-17 01:58:22 [INFO] journal_utilities.transcriber: [240/336] Transcribing l6aGBYmFGCc.mp3
2026-02-17 01:58:22 [INFO] journal_utilities.transcriber: Transcribing l6aGBYmFGCc with model mlx-community/whisper-large-v3-turbo
python3(74646) MallocStackLogging: can't turn off malloc stack logging because it was not enabled.
2026-02-17 01:59:50 [INFO] journal_utilities.transcriber: Transcribed l6aGBYmFGCc in 88.0s (35655 chars)
2026-02-17 01:59:50 [INFO] journal_utilities.transcriber: [241/336] Transcribing l7r0ISlr-Hc.mp3
2026-02-17 01:59:50 [INFO] journal_utilities.transcriber: Transcribing l7r0ISlr-Hc with model mlx-community/whisper-large-v3-turbo
python3(74740) MallocStackLogging: can't turn off malloc stack logging because it was not enabled.
2026-02-17 02:02:29 [INFO] journal_utilities.transcriber: Transcribed l7r0ISlr-Hc in 159.2s (59278 chars)
2026-02-17 02:02:29 [INFO] journal_utilities.transcriber: [242/336] Transcribing mEP-E9Q92Es.mp3
2026-02-17 02:02:29 [INFO] journal_utilities.transcriber: Transcribing mEP-E9Q92Es with model mlx-community/whisper-large-v3-turbo
python3(74916) MallocStackLogging: can't turn off malloc stack logging because it was not enabled.
2026-02-17 02:02:46 [INFO] journal_utilities.transcriber: Transcribed mEP-E9Q92Es in 16.5s (4707 chars)
2026-02-17 02:02:46 [INFO] journal_utilities.transcriber: [243/336] Transcribing mGlgngiIH40.mp3
2026-02-17 02:02:46 [INFO] journal_utilities.transcriber: Transcribing mGlgngiIH40 with model mlx-community/whisper-large-v3-turbo
python3(74922) MallocStackLogging: can't turn off malloc stack logging because it was not enabled.
2026-02-17 02:04:35 [INFO] journal_utilities.transcriber: Transcribed mGlgngiIH40 in 109.0s (36214 chars)
2026-02-17 02:04:35 [INFO] journal_utilities.transcriber: [244/336] Transcribing mNw1JOM71Os.mp3
2026-02-17 02:04:35 [INFO] journal_utilities.transcriber: Transcribing mNw1JOM71Os with model mlx-community/whisper-large-v3-turbo
python3(75028) MallocStackLogging: can't turn off malloc stack logging because it was not enabled.
2026-02-17 02:06:00 [INFO] journal_utilities.transcriber: Transcribed mNw1JOM71Os in 85.7s (33908 chars)
2026-02-17 02:06:00 [INFO] journal_utilities.transcriber: [245/336] Transcribing m__QjVPk98Y.mp3
2026-02-17 02:06:00 [INFO] journal_utilities.transcriber: Transcribing m__QjVPk98Y with model mlx-community/whisper-large-v3-turbo
python3(75172) MallocStackLogging: can't turn off malloc stack logging because it was not enabled.
2026-02-17 02:09:06 [INFO] journal_utilities.transcriber: Transcribed m__QjVPk98Y in 186.3s (89913 chars)
2026-02-17 02:09:06 [INFO] journal_utilities.transcriber: [246/336] Transcribing mcMYdZxmVo0.mp3
2026-02-17 02:09:06 [INFO] journal_utilities.transcriber: Transcribing mcMYdZxmVo0 with model mlx-community/whisper-large-v3-turbo
python3(75296) MallocStackLogging: can't turn off malloc stack logging because it was not enabled.
2026-02-17 02:09:46 [INFO] journal_utilities.transcriber: Transcribed mcMYdZxmVo0 in 39.3s (12597 chars)
2026-02-17 02:09:46 [INFO] journal_utilities.transcriber: [247/336] Transcribing mjL3cGYEMNg.mp3
2026-02-17 02:09:46 [INFO] journal_utilities.transcriber: Transcribing mjL3cGYEMNg with model mlx-community/whisper-large-v3-turbo
python3(75328) MallocStackLogging: can't turn off malloc stack logging because it was not enabled.
2026-02-17 02:12:38 [INFO] journal_utilities.transcriber: Transcribed mjL3cGYEMNg in 172.2s (79378 chars)
2026-02-17 02:12:38 [INFO] journal_utilities.transcriber: [248/336] Transcribing mrFZwfYuthk.mp3
2026-02-17 02:12:38 [INFO] journal_utilities.transcriber: Transcribing mrFZwfYuthk with model mlx-community/whisper-large-v3-turbo
python3(75483) MallocStackLogging: can't turn off malloc stack logging because it was not enabled.
2026-02-17 02:15:18 [INFO] journal_utilities.transcriber: Transcribed mrFZwfYuthk in 160.2s (79385 chars)
2026-02-17 02:15:18 [INFO] journal_utilities.transcriber: [249/336] Transcribing nFnZSIqoFv4.mp3
2026-02-17 02:15:18 [INFO] journal_utilities.transcriber: Transcribing nFnZSIqoFv4 with model mlx-community/whisper-large-v3-turbo
python3(75601) MallocStackLogging: can't turn off malloc stack logging because it was not enabled.
2026-02-17 02:17:38 [INFO] journal_utilities.transcriber: Transcribed nFnZSIqoFv4 in 139.9s (60691 chars)
2026-02-17 02:17:38 [INFO] journal_utilities.transcriber: [250/336] Transcribing nT11dSbr6QE.mp3
2026-02-17 02:17:38 [INFO] journal_utilities.transcriber: Transcribing nT11dSbr6QE with model mlx-community/whisper-large-v3-turbo
python3(75832) MallocStackLogging: can't turn off malloc stack logging because it was not enabled.
2026-02-17 02:22:50 [INFO] journal_utilities.transcriber: Transcribed nT11dSbr6QE in 311.6s (57806 chars)
2026-02-17 02:22:50 [INFO] journal_utilities.transcriber: [251/336] Transcribing nWFM5zrdmG8.mp3
2026-02-17 02:22:50 [INFO] journal_utilities.transcriber: Transcribing nWFM5zrdmG8 with model mlx-community/whisper-large-v3-turbo
python3(76168) MallocStackLogging: can't turn off malloc stack logging because it was not enabled.
2026-02-17 02:27:04 [INFO] journal_utilities.transcriber: Transcribed nWFM5zrdmG8 in 254.2s (88755 chars)
2026-02-17 02:27:04 [INFO] journal_utilities.transcriber: [252/336] Transcribing njbpi3YTMPY.mp3
2026-02-17 02:27:04 [INFO] journal_utilities.transcriber: Transcribing njbpi3YTMPY with model mlx-community/whisper-large-v3-turbo
python3(76405) MallocStackLogging: can't turn off malloc stack logging because it was not enabled.
2026-02-17 02:30:08 [INFO] journal_utilities.transcriber: Transcribed njbpi3YTMPY in 184.2s (87148 chars)
2026-02-17 02:30:08 [INFO] journal_utilities.transcriber: [253/336] Transcribing nss0y1P3nso.mp3
2026-02-17 02:30:08 [INFO] journal_utilities.transcriber: Transcribing nss0y1P3nso with model mlx-community/whisper-large-v3-turbo
python3(76622) MallocStackLogging: can't turn off malloc stack logging because it was not enabled.
2026-02-17 02:32:31 [INFO] journal_utilities.transcriber: Transcribed nss0y1P3nso in 143.4s (73241 chars)
2026-02-17 02:32:31 [INFO] journal_utilities.transcriber: [254/336] Transcribing nuUWmwrz6cI.mp3
2026-02-17 02:32:31 [INFO] journal_utilities.transcriber: Transcribing nuUWmwrz6cI with model mlx-community/whisper-large-v3-turbo
python3(76844) MallocStackLogging: can't turn off malloc stack logging because it was not enabled.
2026-02-17 02:35:22 [INFO] journal_utilities.transcriber: Transcribed nuUWmwrz6cI in 170.9s (68451 chars)
2026-02-17 02:35:22 [INFO] journal_utilities.transcriber: [255/336] Transcribing o8Ykugqn730.mp3
2026-02-17 02:35:22 [INFO] journal_utilities.transcriber: Transcribing o8Ykugqn730 with model mlx-community/whisper-large-v3-turbo
python3(76987) MallocStackLogging: can't turn off malloc stack logging because it was not enabled.
2026-02-17 02:36:02 [INFO] journal_utilities.transcriber: Transcribed o8Ykugqn730 in 40.0s (14730 chars)
2026-02-17 02:36:02 [INFO] journal_utilities.transcriber: [256/336] Transcribing ozuzf6Pvlyg.mp3
2026-02-17 02:36:02 [INFO] journal_utilities.transcriber: Transcribing ozuzf6Pvlyg with model mlx-community/whisper-large-v3-turbo
python3(77006) MallocStackLogging: can't turn off malloc stack logging because it was not enabled.
2026-02-17 02:38:17 [INFO] journal_utilities.transcriber: Transcribed ozuzf6Pvlyg in 134.7s (63674 chars)
2026-02-17 02:38:17 [INFO] journal_utilities.transcriber: [257/336] Transcribing p1GMPGBJGfw.mp3
2026-02-17 02:38:17 [INFO] journal_utilities.transcriber: Transcribing p1GMPGBJGfw with model mlx-community/whisper-large-v3-turbo
python3(77195) MallocStackLogging: can't turn off malloc stack logging because it was not enabled.
2026-02-17 02:40:41 [INFO] journal_utilities.transcriber: Transcribed p1GMPGBJGfw in 143.5s (86809 chars)
2026-02-17 02:40:41 [INFO] journal_utilities.transcriber: [258/336] Transcribing p7iq4AAIwjc.mp3
2026-02-17 02:40:41 [INFO] journal_utilities.transcriber: Transcribing p7iq4AAIwjc with model mlx-community/whisper-large-v3-turbo
python3(77263) MallocStackLogging: can't turn off malloc stack logging because it was not enabled.
2026-02-17 02:43:53 [INFO] journal_utilities.transcriber: Transcribed p7iq4AAIwjc in 192.7s (85960 chars)
2026-02-17 02:43:53 [INFO] journal_utilities.transcriber: [259/336] Transcribing pJit1ONOYcM.mp3
2026-02-17 02:43:53 [INFO] journal_utilities.transcriber: Transcribing pJit1ONOYcM with model mlx-community/whisper-large-v3-turbo
python3(77421) MallocStackLogging: can't turn off malloc stack logging because it was not enabled.
2026-02-17 02:45:40 [INFO] journal_utilities.transcriber: Transcribed pJit1ONOYcM in 106.4s (34117 chars)
2026-02-17 02:45:40 [INFO] journal_utilities.transcriber: [260/336] Transcribing pNfQqKXUdic.mp3
2026-02-17 02:45:40 [INFO] journal_utilities.transcriber: Transcribing pNfQqKXUdic with model mlx-community/whisper-large-v3-turbo
python3(77549) MallocStackLogging: can't turn off malloc stack logging because it was not enabled.
2026-02-17 02:47:45 [INFO] journal_utilities.transcriber: Transcribed pNfQqKXUdic in 125.4s (52488 chars)
2026-02-17 02:47:45 [INFO] journal_utilities.transcriber: [261/336] Transcribing pYJUgEqS42U.mp3
2026-02-17 02:47:45 [INFO] journal_utilities.transcriber: Transcribing pYJUgEqS42U with model mlx-community/whisper-large-v3-turbo
python3(77713) MallocStackLogging: can't turn off malloc stack logging because it was not enabled.
2026-02-17 02:49:59 [INFO] journal_utilities.transcriber: Transcribed pYJUgEqS42U in 133.5s (48966 chars)
2026-02-17 02:49:59 [INFO] journal_utilities.transcriber: [262/336] Transcribing pqMph8eEUs4.mp3
2026-02-17 02:49:59 [INFO] journal_utilities.transcriber: Transcribing pqMph8eEUs4 with model mlx-community/whisper-large-v3-turbo
python3(77802) MallocStackLogging: can't turn off malloc stack logging because it was not enabled.
2026-02-17 02:52:12 [INFO] journal_utilities.transcriber: Transcribed pqMph8eEUs4 in 133.0s (53028 chars)
2026-02-17 02:52:12 [INFO] journal_utilities.transcriber: [263/336] Transcribing ps3B2dfmK5Y.mp3
2026-02-17 02:52:12 [INFO] journal_utilities.transcriber: Transcribing ps3B2dfmK5Y with model mlx-community/whisper-large-v3-turbo
python3(77972) MallocStackLogging: can't turn off malloc stack logging because it was not enabled.
2026-02-17 02:55:09 [INFO] journal_utilities.transcriber: Transcribed ps3B2dfmK5Y in 177.0s (78312 chars)
2026-02-17 02:55:09 [INFO] journal_utilities.transcriber: [264/336] Transcribing pwfJQRN6iIc.mp3
2026-02-17 02:55:09 [INFO] journal_utilities.transcriber: Transcribing pwfJQRN6iIc with model mlx-community/whisper-large-v3-turbo
python3(78079) MallocStackLogging: can't turn off malloc stack logging because it was not enabled.
2026-02-17 02:57:16 [INFO] journal_utilities.transcriber: Transcribed pwfJQRN6iIc in 127.2s (49110 chars)
2026-02-17 02:57:16 [INFO] journal_utilities.transcriber: [265/336] Transcribing q3kUt1xR_fo.mp3
2026-02-17 02:57:16 [INFO] journal_utilities.transcriber: Transcribing q3kUt1xR_fo with model mlx-community/whisper-large-v3-turbo
python3(78218) MallocStackLogging: can't turn off malloc stack logging because it was not enabled.
2026-02-17 02:59:40 [INFO] journal_utilities.transcriber: Transcribed q3kUt1xR_fo in 144.4s (56948 chars)
2026-02-17 02:59:40 [INFO] journal_utilities.transcriber: [266/336] Transcribing q6Z-4aXO36U.mp3
2026-02-17 02:59:40 [INFO] journal_utilities.transcriber: Transcribing q6Z-4aXO36U with model mlx-community/whisper-large-v3-turbo
python3(78335) MallocStackLogging: can't turn off malloc stack logging because it was not enabled.
2026-02-17 03:03:11 [INFO] journal_utilities.transcriber: Transcribed q6Z-4aXO36U in 210.9s (76108 chars)
2026-02-17 03:03:11 [INFO] journal_utilities.transcriber: [267/336] Transcribing q8OIuyFXqQ0.mp3
2026-02-17 03:03:11 [INFO] journal_utilities.transcriber: Transcribing q8OIuyFXqQ0 with model mlx-community/whisper-large-v3-turbo
python3(78612) MallocStackLogging: can't turn off malloc stack logging because it was not enabled.
2026-02-17 03:05:52 [INFO] journal_utilities.transcriber: Transcribed q8OIuyFXqQ0 in 161.0s (70944 chars)
2026-02-17 03:05:52 [INFO] journal_utilities.transcriber: [268/336] Transcribing q_fAglCMvPw.mp3
2026-02-17 03:05:52 [INFO] journal_utilities.transcriber: Transcribing q_fAglCMvPw with model mlx-community/whisper-large-v3-turbo
python3(78790) MallocStackLogging: can't turn off malloc stack logging because it was not enabled.
2026-02-17 03:08:45 [INFO] journal_utilities.transcriber: Transcribed q_fAglCMvPw in 173.2s (75248 chars)
2026-02-17 03:08:45 [INFO] journal_utilities.transcriber: [269/336] Transcribing qztkjHf2g3g.mp3
2026-02-17 03:08:45 [INFO] journal_utilities.transcriber: Transcribing qztkjHf2g3g with model mlx-community/whisper-large-v3-turbo
python3(79058) MallocStackLogging: can't turn off malloc stack logging because it was not enabled.
2026-02-17 03:11:46 [INFO] journal_utilities.transcriber: Transcribed qztkjHf2g3g in 180.1s (90335 chars)
2026-02-17 03:11:46 [INFO] journal_utilities.transcriber: [270/336] Transcribing r9Oa35eVI8c.mp3
2026-02-17 03:11:46 [INFO] journal_utilities.transcriber: Transcribing r9Oa35eVI8c with model mlx-community/whisper-large-v3-turbo
python3(79248) MallocStackLogging: can't turn off malloc stack logging because it was not enabled.
2026-02-17 03:13:47 [INFO] journal_utilities.transcriber: Transcribed r9Oa35eVI8c in 121.6s (34994 chars)
2026-02-17 03:13:47 [INFO] journal_utilities.transcriber: [271/336] Transcribing rCmq0TVGpW0.mp3
2026-02-17 03:13:47 [INFO] journal_utilities.transcriber: Transcribing rCmq0TVGpW0 with model mlx-community/whisper-large-v3-turbo
python3(79380) MallocStackLogging: can't turn off malloc stack logging because it was not enabled.
2026-02-17 03:15:15 [INFO] journal_utilities.transcriber: Transcribed rCmq0TVGpW0 in 87.3s (49267 chars)
2026-02-17 03:15:15 [INFO] journal_utilities.transcriber: [272/336] Transcribing rF3zyjv2Drw.mp3
2026-02-17 03:15:15 [INFO] journal_utilities.transcriber: Transcribing rF3zyjv2Drw with model mlx-community/whisper-large-v3-turbo
python3(79482) MallocStackLogging: can't turn off malloc stack logging because it was not enabled.
2026-02-17 03:18:06 [INFO] journal_utilities.transcriber: Transcribed rF3zyjv2Drw in 171.7s (60165 chars)
2026-02-17 03:18:06 [INFO] journal_utilities.transcriber: [273/336] Transcribing rIemcswLfGg.mp3
2026-02-17 03:18:06 [INFO] journal_utilities.transcriber: Transcribing rIemcswLfGg with model mlx-community/whisper-large-v3-turbo
python3(79683) MallocStackLogging: can't turn off malloc stack logging because it was not enabled.
2026-02-17 03:27:51 [INFO] journal_utilities.transcriber: Transcribed rIemcswLfGg in 584.4s (254941 chars)
2026-02-17 03:27:51 [INFO] journal_utilities.transcriber: [274/336] Transcribing rJXyQzwUFJE.mp3
2026-02-17 03:27:51 [INFO] journal_utilities.transcriber: Transcribing rJXyQzwUFJE with model mlx-community/whisper-large-v3-turbo
python3(80207) MallocStackLogging: can't turn off malloc stack logging because it was not enabled.
2026-02-17 03:28:21 [INFO] journal_utilities.transcriber: Transcribed rJXyQzwUFJE in 30.0s (11286 chars)
2026-02-17 03:28:21 [INFO] journal_utilities.transcriber: [275/336] Transcribing rKrrpoVbwWQ.mp3
2026-02-17 03:28:21 [INFO] journal_utilities.transcriber: Transcribing rKrrpoVbwWQ with model mlx-community/whisper-large-v3-turbo
python3(80224) MallocStackLogging: can't turn off malloc stack logging because it was not enabled.
2026-02-17 03:29:42 [INFO] journal_utilities.transcriber: Transcribed rKrrpoVbwWQ in 81.3s (34124 chars)
2026-02-17 03:29:42 [INFO] journal_utilities.transcriber: [276/336] Transcribing rOoTkgLI1Z8.mp3
2026-02-17 03:29:42 [INFO] journal_utilities.transcriber: Transcribing rOoTkgLI1Z8 with model mlx-community/whisper-large-v3-turbo
python3(80312) MallocStackLogging: can't turn off malloc stack logging because it was not enabled.
2026-02-17 03:31:22 [INFO] journal_utilities.transcriber: Transcribed rOoTkgLI1Z8 in 100.2s (49889 chars)
2026-02-17 03:31:22 [INFO] journal_utilities.transcriber: [277/336] Transcribing ran1M2UmD80.mp3
2026-02-17 03:31:22 [INFO] journal_utilities.transcriber: Transcribing ran1M2UmD80 with model mlx-community/whisper-large-v3-turbo
python3(80451) MallocStackLogging: can't turn off malloc stack logging because it was not enabled.
2026-02-17 03:33:35 [INFO] journal_utilities.transcriber: Transcribed ran1M2UmD80 in 132.9s (67139 chars)
2026-02-17 03:33:35 [INFO] journal_utilities.transcriber: [278/336] Transcribing riJYh87FPx4.mp3
2026-02-17 03:33:35 [INFO] journal_utilities.transcriber: Transcribing riJYh87FPx4 with model mlx-community/whisper-large-v3-turbo
python3(80635) MallocStackLogging: can't turn off malloc stack logging because it was not enabled.
2026-02-17 03:37:16 [INFO] journal_utilities.transcriber: Transcribed riJYh87FPx4 in 221.1s (85793 chars)
2026-02-17 03:37:16 [INFO] journal_utilities.transcriber: [279/336] Transcribing rj3iBEnZvGU.mp3
2026-02-17 03:37:16 [INFO] journal_utilities.transcriber: Transcribing rj3iBEnZvGU with model mlx-community/whisper-large-v3-turbo
python3(80850) MallocStackLogging: can't turn off malloc stack logging because it was not enabled.
2026-02-17 03:39:44 [INFO] journal_utilities.transcriber: Transcribed rj3iBEnZvGU in 148.3s (60785 chars)
2026-02-17 03:39:44 [INFO] journal_utilities.transcriber: [280/336] Transcribing rs6EjQM6EdI.mp3
2026-02-17 03:39:44 [INFO] journal_utilities.transcriber: Transcribing rs6EjQM6EdI with model mlx-community/whisper-large-v3-turbo
python3(81079) MallocStackLogging: can't turn off malloc stack logging because it was not enabled.
2026-02-17 03:40:05 [INFO] journal_utilities.transcriber: Transcribed rs6EjQM6EdI in 20.5s (11273 chars)
2026-02-17 03:40:05 [INFO] journal_utilities.transcriber: [281/336] Transcribing s8gjDh7sin4.mp3
2026-02-17 03:40:05 [INFO] journal_utilities.transcriber: Transcribing s8gjDh7sin4 with model mlx-community/whisper-large-v3-turbo
python3(81085) MallocStackLogging: can't turn off malloc stack logging because it was not enabled.
2026-02-17 03:41:33 [INFO] journal_utilities.transcriber: Transcribed s8gjDh7sin4 in 87.8s (30926 chars)
2026-02-17 03:41:33 [INFO] journal_utilities.transcriber: [282/336] Transcribing sOo0Ti6-U54.mp3
2026-02-17 03:41:33 [INFO] journal_utilities.transcriber: Transcribing sOo0Ti6-U54 with model mlx-community/whisper-large-v3-turbo
python3(81233) MallocStackLogging: can't turn off malloc stack logging because it was not enabled.
2026-02-17 03:43:07 [INFO] journal_utilities.transcriber: Transcribed sOo0Ti6-U54 in 94.6s (31120 chars)
2026-02-17 03:43:07 [INFO] journal_utilities.transcriber: [283/336] Transcribing sQWSkDQvnqk.mp3
2026-02-17 03:43:07 [INFO] journal_utilities.transcriber: Transcribing sQWSkDQvnqk with model mlx-community/whisper-large-v3-turbo
python3(81274) MallocStackLogging: can't turn off malloc stack logging because it was not enabled.
2026-02-17 03:46:42 [INFO] journal_utilities.transcriber: Transcribed sQWSkDQvnqk in 214.3s (80186 chars)
2026-02-17 03:46:42 [INFO] journal_utilities.transcriber: [284/336] Transcribing sSStRTOxuWk.mp3
2026-02-17 03:46:42 [INFO] journal_utilities.transcriber: Transcribing sSStRTOxuWk with model mlx-community/whisper-large-v3-turbo
python3(81623) MallocStackLogging: can't turn off malloc stack logging because it was not enabled.
2026-02-17 03:49:58 [INFO] journal_utilities.transcriber: Transcribed sSStRTOxuWk in 196.5s (80535 chars)
2026-02-17 03:49:58 [INFO] journal_utilities.transcriber: [285/336] Transcribing skcKoCcAQJI.mp3
2026-02-17 03:49:58 [INFO] journal_utilities.transcriber: Transcribing skcKoCcAQJI with model mlx-community/whisper-large-v3-turbo
python3(81786) MallocStackLogging: can't turn off malloc stack logging because it was not enabled.
2026-02-17 03:52:48 [INFO] journal_utilities.transcriber: Transcribed skcKoCcAQJI in 170.0s (85393 chars)
2026-02-17 03:52:48 [INFO] journal_utilities.transcriber: [286/336] Transcribing skf3sOM-7WI.mp3
2026-02-17 03:52:48 [INFO] journal_utilities.transcriber: Transcribing skf3sOM-7WI with model mlx-community/whisper-large-v3-turbo
python3(81885) MallocStackLogging: can't turn off malloc stack logging because it was not enabled.
2026-02-17 03:56:30 [INFO] journal_utilities.transcriber: Transcribed skf3sOM-7WI in 221.9s (97648 chars)
2026-02-17 03:56:30 [INFO] journal_utilities.transcriber: [287/336] Transcribing spYhr_SdqOw.mp3
2026-02-17 03:56:30 [INFO] journal_utilities.transcriber: Transcribing spYhr_SdqOw with model mlx-community/whisper-large-v3-turbo
python3(84342) MallocStackLogging: can't turn off malloc stack logging because it was not enabled.
2026-02-17 03:57:16 [INFO] journal_utilities.transcriber: Transcribed spYhr_SdqOw in 45.8s (15579 chars)
2026-02-17 03:57:16 [INFO] journal_utilities.transcriber: [288/336] Transcribing szCSh8pVEa4.mp3
2026-02-17 03:57:16 [INFO] journal_utilities.transcriber: Transcribing szCSh8pVEa4 with model mlx-community/whisper-large-v3-turbo
python3(85350) MallocStackLogging: can't turn off malloc stack logging because it was not enabled.
2026-02-17 04:01:06 [INFO] journal_utilities.transcriber: Transcribed szCSh8pVEa4 in 230.1s (91420 chars)
2026-02-17 04:01:06 [INFO] journal_utilities.transcriber: [289/336] Transcribing tGd-mgSdbio.mp3
2026-02-17 04:01:06 [INFO] journal_utilities.transcriber: Transcribing tGd-mgSdbio with model mlx-community/whisper-large-v3-turbo
python3(90793) MallocStackLogging: can't turn off malloc stack logging because it was not enabled.
2026-02-17 04:12:47 [INFO] journal_utilities.transcriber: Transcribed tGd-mgSdbio in 700.5s (84962 chars)
2026-02-17 04:12:47 [INFO] journal_utilities.transcriber: [290/336] Transcribing tIjKJ8RAPfA.mp3
2026-02-17 04:12:47 [INFO] journal_utilities.transcriber: Transcribing tIjKJ8RAPfA with model mlx-community/whisper-large-v3-turbo
python3(94640) MallocStackLogging: can't turn off malloc stack logging because it was not enabled.
2026-02-17 04:18:34 [INFO] journal_utilities.transcriber: Transcribed tIjKJ8RAPfA in 347.4s (37287 chars)
2026-02-17 04:18:34 [INFO] journal_utilities.transcriber: [291/336] Transcribing tOFA7FODn8w.mp3
2026-02-17 04:18:34 [INFO] journal_utilities.transcriber: Transcribing tOFA7FODn8w with model mlx-community/whisper-large-v3-turbo
python3(96135) MallocStackLogging: can't turn off malloc stack logging because it was not enabled.
2026-02-17 04:23:17 [INFO] journal_utilities.transcriber: Transcribed tOFA7FODn8w in 282.5s (74123 chars)
2026-02-17 04:23:17 [INFO] journal_utilities.transcriber: [292/336] Transcribing tU2PfMNp-OI.mp3
2026-02-17 04:23:17 [INFO] journal_utilities.transcriber: Transcribing tU2PfMNp-OI with model mlx-community/whisper-large-v3-turbo
python3(99560) MallocStackLogging: can't turn off malloc stack logging because it was not enabled.
2026-02-17 04:27:26 [INFO] journal_utilities.transcriber: Transcribed tU2PfMNp-OI in 249.7s (83197 chars)
2026-02-17 04:27:26 [INFO] journal_utilities.transcriber: [293/336] Transcribing tbHZC6D39C4.mp3
2026-02-17 04:27:26 [INFO] journal_utilities.transcriber: Transcribing tbHZC6D39C4 with model mlx-community/whisper-large-v3-turbo
python3(1937) MallocStackLogging: can't turn off malloc stack logging because it was not enabled.
/Users/4d/miniforge3/lib/python3.12/multiprocessing/resource_tracker.py:279: UserWarning: resource_tracker: There appear to be 1 leaked semaphore objects to clean up at shutdown
  warnings.warn('resource_tracker: There appear to be %d '
